Area,ED,Energy,SS,ResidueLength,PairNumber
5550.2,2218.99,-204.44,29,75,165
4320.77,2329.09,-981.12,3,61,184
10067.0,27913.4,203756000.0,60,194,1521
15419.0,85397.6,107082.0,95,301,3369
5300.46,2063.97,-1676.2,8,77,165
8359.68,15561.4,-2396.5,30,141,932
4919.01,1661.69,-872.15,5,70,131
4429.92,2367.67,-1228.7,4,63,184
4442.73,2622.25,-882.0,22,65,202
7997.31,26589.9,-2399.53,138,156,1521
4286.17,975.284,-1178.9,2,55,88
3844.22,1963.67,-393.765,9,43,161
9366.34,25547.0,-407.297,36,156,1364
3844.98,473.477,-920.56,3,36,35
8256.78,8785.25,2152.3,41,144,553
11522.9,40076.0,-3695.0,42,228,1878
10950.9,38996.6,-1174.51,200,193,2118
7890.51,6621.54,-263.311,222,109,400
10279.3,28817.3,-274.025,51,194,1521
7315.1,20919.0,-2358.0,71,121,1203
7334.49,12538.0,1162.54,151,123,726
8708.85,21603.5,-1008.27,184,145,1156
11019.5,65071.0,-8355.0,54,247,3453
3596.14,704.278,218.82,2,31,53
6942.83,5307.66,160177.0,199,107,346
9911.69,27489.1,-3897.41,59,194,1521
6102.98,10115.0,-2406.0,16,110,649
9597.41,30281.7,19829.4,38,171,1747
12129.4,51956.7,355537.0,151,218,2391
13642.4,135749.0,-2126.9,203,279,5626
13166.0,59792.6,-2568.27,113,224,2192
10669.5,15164.0,-4385.0,15,175,769
5422.87,5122.95,-2003.02,6,99,321
7831.32,13389.1,-551.835,280,170,771
5075.35,5590.0,-90.0,9,80,399
3624.99,564.308,-660.68,5,43,52
8271.82,13759.4,-3251.12,280,170,771
19881.5,345935.0,-11235.0,74,456,11275
6415.14,8107.78,-1831.4,12,108,549
3704.81,517.514,-763.64,7,43,52
11172.1,48737.0,-5984.0,176,233,2325
23747.7,563364.0,-14384.0,127,582,17702
8051.03,4738.13,-1974.88,36,131,271
11458.7,42317.6,-4992.03,155,227,2059
13886.9,141961.0,-1011.99,260,308,6057
19920.7,274550.0,2826.45,291,420,9137
10561.0,42692.0,-4742.0,16,200,2064
3696.4,552.479,-752.86,5,43,52
8814.29,16805.3,-1349.7,27,142,844
13092.3,62995.2,-1466.04,196,214,2600
9655.27,33050.9,-724.506,124,176,1922
6091.9,8049.21,-3380.3,5,106,549
6293.66,8113.14,-4294.0,10,106,549
13493.6,54449.0,-5902.0,35,248,2398
9681.7,35203.0,-5716.0,31,192,1871
5741.26,5235.64,-1832.5,21,99,372
3734.47,468.396,-845.42,3,36,35
3669.08,573.502,-51.098,15,43,52
5039.04,3139.86,-768.173,160,71,249
5289.18,3414.33,-1841.6,22,70,205
5413.82,2503.63,59.717,3,81,169
3785.45,403.513,1338.3,11,54,28
8292.36,19094.0,-3691.0,58,162,1206
4667.01,2265.47,-1662.7,11,71,188
4991.06,3018.2,-2086.7,4,65,202
7366.67,13966.5,-388.1,13,127,802
7188.81,9219.02,-1395.23,12,95,543
8365.09,33327.7,6437.12,101,148,1919
4597.1,2881.07,-487.52,35,65,202
4281.88,1332.33,-829.92,1,57,129
8765.28,12374.0,6693.96,110,128,693
3986.73,653.717,-784.51,17,58,43
12310.4,41739.0,-5500.0,146,264,1939
4275.53,1677.93,-338.07,8,61,134
23961.3,354096.0,-15114.0,116,561,11745
7222.11,7176.13,-931.233,11,95,427
8959.16,35224.7,-2551.45,25,148,1919
13806.9,96933.1,-3628.03,40,281,3974
6341.13,4304.58,-1688.13,50,86,205
3759.66,460.473,-924.98,1,36,35
11876.3,28896.3,-2.8681,48,178,1410
6188.48,5255.15,-612.18,7,105,371
17677.6,214089.0,-10454.0,104,397,7827
5969.02,2528.08,378.82,9,81,169
17030.5,158991.0,1907.3,81,359,6068
4018.95,2430.74,-292.62,28,63,184
8835.16,12120.4,-2472.18,64,128,693
4050.29,2172.9,1451780.0,189,54,165
11591.5,46807.7,-4494.34,121,215,2188
7858.72,13232.0,-3521.0,18,127,771
4992.12,2915.7,-915.193,105,67,224
8434.02,4783.16,96030600.0,27,131,271
4076.41,392.484,1079.5,11,54,28
8718.44,18428.8,-4944.2,15,146,891
4035.62,2393.19,-1070.5,24,63,184
4564.27,2106.25,337.15,9,75,165
7282.35,4095.81,-1254.31,87,101,249
4932.49,2953.64,-744.91,36,65,202
6118.85,3324.2,-1448.16,47,79,226
7928.27,9455.82,-1940.29,200,130,490
13897.0,96243.6,-2248.08,195,273,4429
9194.93,11572.0,-3629.0,42,162,589
8547.34,34198.6,-241.055,19,148,1919
6886.22,6727.0,-2902.0,6,99,316
3552.7,542.938,-284.17,14,43,52
8630.42,20379.7,-3458.88,172,163,1162
5812.36,7285.99,-532.855,80,93,545
8498.3,15941.0,-3609.0,28,142,765
9974.0,49758.0,-5555.0,19,179,2246
11192.7,51998.5,-840.645,132,209,2534
16359.7,191743.0,-9391.0,74,376,5854
4371.92,2434.65,-768.09,25,63,184
4199.1,505.741,168.69,28,65,35
26189.4,282293.0,-4360.42,299,540,8870
17892.2,156781.0,-7701.0,90,402,5751
11882.8,44128.9,-4758.65,163,223,2059
7873.68,9504.08,-2456.96,200,130,490
10368.0,67843.8,-3838.6,195,247,3373
5787.03,4251.28,-460.831,85,88,318
9271.23,23917.4,-259.127,175,154,1252
8884.1,29110.0,730.608,125,179,1626
6995.39,7957.14,-2626.7,11,117,427
4381.22,497.13,685.46,26,65,35
3524.99,604.235,-86.39,15,43,52
7088.21,8836.02,207694.0,123,95,543
19734.7,181419.0,-7781.91,221,403,6746
12535.2,53342.8,-3500.5,52,220,2461
8004.04,16673.7,1139700.0,30,142,844
10236.1,17257.0,593534.0,31,172,973
6387.06,5559.56,657.729,9,99,321
9784.66,10565.4,737.257,32,154,557
3698.72,558.824,-582.98,6,43,52
10930.9,38480.2,-667.216,34,205,1751
4763.01,5350.0,-842.0,8,80,424
15980.0,135773.0,-7849.0,102,326,5322
4622.22,6502.14,-598.61,32,68,481
10141.0,55706.0,-5761.0,67,222,2897
3619.67,564.877,-53.308,15,43,52
5167.49,3330.49,-888.282,19,76,269
4575.48,1636.5,-1445.0,8,70,131
8476.08,19384.9,900313.0,51,119,973
19508.9,227385.0,-11073.0,86,459,8343
5434.3,3059.38,-612.27,16,77,244
11172.6,34729.0,-4034.0,58,187,1692
8050.72,16767.9,-791.91,20,142,844
5536.8,3125.02,-1667.5,19,70,205
14353.8,121382.0,-8811.0,213,317,4723
8659.24,20801.9,-3534.18,171,163,1162
5530.04,3600.01,32098.6,58,85,269
12941.6,60079.5,-1602.61,27,247,2754
12484.0,53275.0,-5933.0,59,229,2391
13003.1,60834.4,-396.034,43,246,2754
11115.9,27620.0,-4883.0,73,188,1165
18415.2,183056.0,-13417.0,97,487,6868
10328.2,51194.4,14483.5,152,218,2391
4253.06,6006.58,-500.09,13,68,481
5436.99,5279.97,-2737.5,22,88,370
12224.0,62391.0,-6441.0,26,238,2679
24516.6,356914.0,-12123.0,66,523,11426
13846.5,81961.0,-8368.0,47,283,3380
3720.48,490.712,-712.14,3,36,35
3552.87,687.58,-177.91,4,31,53
12144.0,70565.8,-1414.07,160,262,3211
9201.75,23910.0,-2424.0,54,173,1255
15442.8,283424.0,-10546.0,87,426,10536
5657.47,9581.74,21088.5,141,98,651
4501.47,3150.0,-1831.0,13,64,246
11978.2,34170.9,10074.0,119,234,1581
10802.7,57365.0,-7111.0,180,259,2828
5567.99,7611.2,-727.042,102,104,457
4418.56,2740.49,-1047.0,20,65,202
3836.43,2081.36,-1620.3,4,63,184
9375.96,21832.1,1348620.0,219,145,1156
5081.19,3041.22,-2025.9,4,65,202
5577.54,1069.48,-1709.6,6,57,76
6259.12,5151.93,-963.614,17,99,321
4800.91,3850.73,-1674.93,17,79,317
7102.8,5351.34,366171.0,198,107,346
13067.7,60272.9,-1872.88,35,247,2754
5772.69,4598.0,-1821.0,109,85,342
13061.1,60135.8,-2107.84,28,247,2754
12154.1,36883.0,-2065.11,20,225,1755
12000.7,73773.0,-973.855,35,249,3630
9907.11,39135.9,-2143.63,45,180,2054
8886.71,20799.0,-1172.76,101,143,1017
9179.91,9876.45,13709.6,24,154,557
10498.3,41198.8,-4381.67,129,207,1995
4108.68,353.881,884.67,11,54,28
7755.86,9283.43,286.5,14,130,515
3368.52,694.034,301.5,4,31,53
15505.7,156957.0,2700.3,113,310,6737
4464.56,978.334,-1114.5,14,66,101
4740.97,3076.41,-529.551,160,71,249
13470.7,63269.2,3969.8,47,279,2979
7604.89,9270.66,592450.0,196,138,554
5749.12,2519.3,720.45,13,81,169
4863.89,1667.59,-1169.5,6,70,131
5012.89,4224.82,-1084.5,18,79,317
5189.89,1928.0,-1113.0,14,68,149
6212.58,1891.23,2115490.0,28,84,136
4698.68,4170.53,157.291,20,79,317
8806.99,12194.8,-1669.35,57,128,693
3509.19,599.114,-254.79,14,43,52
5179.15,3683.27,-688.86,21,82,289
5508.22,2385.27,1146.1,3,81,169
7362.82,6653.64,-1122.67,6,95,372
4234.58,1097.34,-677.2,8,59,101
3677.42,1967.22,-638.706,3,43,161
3766.44,493.818,-849.97,3,36,35
4346.96,2625.13,-1101.2,18,65,202
14304.5,110666.0,-7979.0,216,325,5111
8486.29,14138.0,26273.8,98,140,845
15793.8,193095.0,-6398.0,17,353,6647
3661.25,463.776,-642.41,3,36,35
14141.0,106176.0,-7372.0,237,303,4434
8359.84,9528.85,-1054.12,91,138,554
6804.97,10373.7,-922.079,23,109,689
8864.38,30045.3,-1386.37,27,132,1513
4877.49,2245.82,-1342.7,14,71,188
15959.8,89331.6,4949.0,79,289,3710
12038.0,32889.0,-6870.0,134,235,1421
11572.9,68841.0,-2713.95,196,247,3373
15244.9,60940.2,-681.325,140,215,2188
8842.69,20599.0,-1816.74,105,163,1162
8577.89,4897.72,-1115.36,24,131,271
7168.88,5530.51,-1340.59,42,79,292
8695.58,13832.0,-5930.0,12,158,733
3255.46,641.06,177.66,6,31,53
14163.4,51790.8,18164.6,142,298,2196
9958.45,33265.9,-389.019,112,176,1922
4761.88,2835.4,-840.03,16,65,202
13258.5,60732.9,19915.7,32,247,2754
6707.35,10399.1,37762.9,27,109,689
4116.34,1191.45,-450.73,8,55,88
4604.09,2414.36,-645.565,175,54,165
5510.91,2945.0,-2456.0,18,80,226
10794.0,98318.0,-6448.0,112,261,4611
9986.29,20659.6,-1132.43,37,157,1113
4345.96,964.577,-1114.5,4,55,88
4091.51,2257.88,-942.013,184,54,165
5175.44,4163.0,-768.983,17,79,317
3616.42,417.33,1221.9,11,54,28
14416.4,130714.0,-7885.0,66,328,5736
13245.6,61793.7,-4837.62,33,247,2754
6969.16,4068.43,-1098.64,86,101,249
9790.11,26450.0,-5278.0,42,210,1363
3661.05,484.057,-1029.3,1,36,35
4271.87,1667.2,-564.41,8,61,134
12173.2,37491.1,470095.0,145,235,1818
3871.3,2300.5,-1037.5,8,63,184
21889.1,181176.0,-8240.0,36,355,5126
8548.72,20246.8,-1153.22,123,163,1162
3884.53,2226.35,-992.26,4,63,184
13471.4,51744.5,-3243.82,112,234,1581
5497.0,3541.24,-725.291,2,51,132
12020.8,54602.8,-1319.2,48,220,2461
10211.8,50774.2,-4733.4,125,224,2192
3958.85,1192.73,-710.92,9,55,88
11964.4,38315.0,250959.0,36,235,1818
16822.4,62860.0,-5265.0,50,193,1418
5572.4,1086.49,-1710.6,10,57,76
4883.11,4250.86,-1768.95,17,88,292
3793.49,2425.4,-932.61,10,63,184
22481.2,411078.0,-483.517,55,473,14125
13386.9,66155.4,4410.8,33,279,2979
11671.8,56303.9,-2123.69,180,209,2967
4047.27,6593.71,983.28,39,68,481
4663.32,2189.03,598.54,28,75,165
3666.17,523.662,-906.7,2,36,35
4620.24,533.378,10.288,18,65,35
4131.89,2071.81,-1991.9,5,63,184
15212.7,250527.0,-7510.26,120,346,7851
4390.73,1716.55,-548.08,8,61,134
13953.2,90394.2,-2010.07,213,254,3973
6029.2,4578.0,-1380.0,52,95,319
24606.1,258737.0,140000.0,283,540,8870
4129.66,1449.16,-664.519,41,52,133
6127.01,15099.0,-2424.0,16,125,1014
8446.67,23531.0,-5411.0,14,167,1262
4975.16,1134.2,-987.948,248,64,90
15546.3,156294.0,3992.3,111,310,6737
18129.7,222326.0,-12236.8,306,498,7962
3723.67,558.35,-704.8,6,43,52
8175.12,22959.0,-1909.0,14,157,1358
5230.41,4274.87,-973.556,19,79,317
9655.11,38049.9,-2541.18,45,180,2054
9338.86,21353.2,-1653.45,26,143,1017
6837.68,7451.66,-730.696,65,90,405
12843.1,60525.0,67971.9,28,247,2754
5397.9,4538.34,-1741.12,13,88,292
13800.6,140599.0,1759.71,280,308,6057
12733.0,79056.2,57974.9,50,272,3539
7111.8,28264.0,-2174.3,13,131,1686
12285.7,73178.0,-4880.0,159,244,3213
17237.2,263354.0,-8617.0,41,412,8732
4700.62,1570.65,-1357.27,11,67,134
3600.06,576.908,-69.939,14,43,52
23114.5,279654.0,-1404.54,314,468,9276
3741.38,453.476,-640.34,2,36,35
5757.19,4981.28,16045000.0,11,79,342
13214.8,38484.0,-5019.0,42,232,1474
10131.7,35216.0,58585.1,194,208,1691
6711.5,6717.95,3466410.0,85,118,426
8014.85,8766.32,1615.6,36,144,553
3843.77,555.981,-426.03,5,43,52
3835.74,552.57,-1102.5,5,43,52
5818.73,10356.0,-2116.0,9,96,648
9915.14,17166.7,-2582.3,153,172,973
4805.43,2025.33,-837.81,3,75,165
5879.16,4330.2,-1705.4,17,90,317
5210.04,4687.09,-1560.07,13,85,343
3364.37,675.472,72.333,6,31,53
17879.4,159581.0,-7847.0,96,389,5536
4504.14,2119.93,-1649.2,12,71,188
20245.4,274253.0,6769.45,43,420,9137
6486.89,4234.12,-867.725,140,101,270
5313.91,3728.09,-964.12,7,89,249
4507.52,1982.74,-146.6,9,75,165
11671.3,78130.2,-442.375,170,252,3882
6839.73,12088.5,-201.475,9,105,765
5437.82,2472.29,98.091,4,81,169
9866.45,25190.3,10397.1,122,166,1111
15436.3,105045.0,-6346.0,46,332,3805
5135.35,3129.39,-2524.1,4,65,202
7890.41,12910.8,-2527.34,80,132,806
12953.7,79776.0,35394.3,56,272,3539
14708.7,143928.0,309.064,303,308,6057
3810.99,511.776,-864.87,3,36,35
3797.65,639.749,-432.38,24,50,42
21640.6,346890.0,-263.31,265,440,10967
8086.12,9363.47,-962.614,87,138,554
6640.5,7418.72,515.6,38,109,432
6935.84,13560.0,-3811.0,19,118,762
6003.25,4084.39,-476.47,12,100,294
3366.2,662.656,266.83,6,31,53
9866.44,16951.7,-2745.52,156,172,973
15518.6,79924.4,4314630.0,257,336,3302
5502.45,2556.61,968.74,7,81,169
4042.89,2120.26,-2026.3,4,63,184
4269.34,1938.59,447.972,197,63,166
7305.2,7255.36,10461400.0,68,109,486
15716.9,265131.0,-349.136,97,346,7851
11721.8,33295.1,3043.8,62,210,1213
3782.72,455.07,-914.22,3,36,35
4832.54,2065.16,-709.94,7,75,165
7554.86,12523.8,-716.651,136,123,726
3976.66,1588.92,-1225.6,11,61,134
14380.8,93957.0,679.904,235,294,4249
11521.5,31963.4,322694.0,37,203,1580
3668.18,2156.32,-475.708,7,43,161
7048.35,8524.0,-2436.0,52,110,483
14132.4,80260.5,1191.14,59,272,3539
10297.2,33327.4,994.702,121,176,1922
7949.83,16951.8,1925.72,185,133,890
13877.3,89630.8,-1152.51,224,254,3973
5985.33,11123.6,-122.311,256,102,764
7763.22,11699.9,625.331,94,114,689
15628.8,88282.2,-800.795,89,301,3369
19663.3,312346.0,-8441.0,174,431,9271
9452.9,11374.4,-1435.53,38,156,654
12569.0,71046.9,1410670.0,137,262,3211
6288.43,8307.89,-2148.3,12,100,551
4196.17,6246.35,-114.29,15,68,481
4960.71,6762.66,-3.8797,16,67,481
4402.27,6128.02,-537.47,8,68,481
15697.6,261372.0,-7499.73,113,346,7851
5338.8,4553.08,401250.0,11,79,342
7169.78,8875.1,-1186.64,136,95,543
13203.9,90468.9,-4710.24,213,254,3885
5090.28,3447.0,-1348.0,9,81,247
6073.24,5264.39,-331.902,104,96,347
12688.5,62093.2,1013.66,160,233,2897
6338.94,8135.47,-3208.2,4,106,549
5097.09,2998.25,-1860.7,3,65,202
5997.43,1062.44,-1545.0,7,57,76
5419.76,4041.86,-1288.8,12,85,267
6881.46,13956.0,-2198.0,73,118,845
3351.64,678.63,-398.73,6,31,53
3683.0,669.45,200.61,24,58,43
9146.14,27716.4,-722.628,172,158,1403
24401.5,271238.0,-376.643,282,537,8350
3829.77,2124.48,-349.96,12,43,161
6095.02,8126.75,-3480.1,5,106,549
3623.9,351.269,1556.5,11,54,28
20943.8,148080.0,-599.336,339,449,5537
9996.25,27558.0,-4172.0,101,199,1523
7268.39,9639.25,-1181.72,194,138,554
4575.56,1044.65,-497.38,28,62,102
9940.84,26231.3,-1495.11,150,174,1415
7167.17,5395.72,-827.446,42,79,292
12813.0,145727.0,-7123.0,27,279,5938
7905.75,19495.0,-3632.0,55,151,1162
21687.9,271401.0,-10382.0,108,449,7353
6539.9,5652.81,-969.768,6,95,372
7675.84,9410.29,-2537.54,199,130,490
10604.2,32823.1,803.983,104,176,1922
17963.1,163471.0,2005.59,219,352,6744
16231.7,166413.0,-9430.0,86,331,5959
4075.22,2237.16,-1030.48,180,54,165
14097.2,74090.0,-10355.0,140,325,3223
16971.6,116527.0,-12984.0,248,382,4538
6694.78,6791.19,-951.975,86,95,427
4000.55,2186.75,-1283.4,17,63,184
9782.5,27772.1,-1465.38,157,158,1403
4262.49,804.503,-1577.8,13,54,64
4453.21,966.673,-733.2,4,55,88
5825.92,2578.5,-3366.5,13,87,166
6315.99,5139.54,-1025.6,6,99,321
13287.9,79938.5,-4704.66,45,272,3539
6981.89,12890.7,-2213.46,137,123,726
7936.28,4704.28,23231.8,103,131,271
11264.6,55620.0,-1041.41,173,209,2967
5155.67,3779.0,-1592.0,4,77,245
4970.37,3201.09,-1819.4,17,70,205
3447.72,682.744,-307.37,4,31,53
11001.4,51849.0,-6097.0,77,229,2605
7636.27,15908.3,-2794.77,76,134,970
4447.67,2036.02,-435.72,8,75,165
10418.7,27959.9,3445710.0,56,194,1521
6272.35,5774.0,-1963.0,62,89,399
9415.17,39685.0,139774.0,139,207,1995
6129.36,5420.88,-1251.7,9,105,371
6409.05,11285.8,-1433.52,152,111,651
4258.97,1041.01,-1674.7,22,66,101
8671.26,12033.8,-1499.17,8,128,693
5541.02,1797.18,-815.568,185,76,147
7293.31,1720.0,-2661.0,28,104,90
3984.11,555.76,78.331,23,65,35
4058.94,6523.99,28.086,40,68,481
8764.5,20324.0,-1163.06,174,163,1162
4990.86,1741.87,-1215.4,2,70,131
6784.5,11632.9,-1010.27,156,111,651
7441.26,9264.32,-1489.27,90,138,554
11701.3,48548.6,-4054.25,223,262,2394
13292.2,63437.9,3074.3,49,279,2979
6986.29,13407.5,-1050.71,189,96,804
6280.18,4785.07,-1922.3,15,107,319
6000.57,1921.79,-1126.59,16,84,136
12503.8,58412.0,-5915.0,47,261,2465
13703.1,52110.4,545.884,186,288,2334
7648.32,9010.17,-221.94,21,130,515
6225.59,8133.84,-3632.2,10,106,549
3692.63,554.131,-332.95,5,43,52
10123.5,21296.0,-4017.0,76,139,889
6070.1,13053.4,-1212.4,10,103,883
5460.02,4233.06,-931.853,15,88,292
4846.41,1865.46,-81.748,10,61,116
14333.8,81063.0,-6370.0,226,257,3371
36715.4,1350800.0,-24252.0,134,971,31560
4304.04,1665.74,-1109.4,6,61,134
26320.9,249910.0,-11285.0,37,396,5966
11140.9,34809.2,-3222.18,148,199,1696
13651.7,62921.0,-5474.0,46,258,2679
10662.8,59738.0,-5170.0,139,186,2460
17309.6,136997.0,460252.0,318,449,5537
8657.43,14563.7,-1534.15,14,140,845
12039.4,54377.3,-1901.4,44,220,2461
5279.55,3347.14,-2035.6,21,70,205
10163.6,50761.9,-4623.93,124,224,2192
11021.4,49101.7,-1218.41,20,190,2118
4224.83,1695.84,-821.44,7,61,134
8462.2,8832.87,2685.0,43,144,553
9556.97,36604.2,-3976.65,44,196,1997
4869.96,1912.39,-889.14,2,66,164
3936.0,6007.39,-658.09,18,68,481
13805.2,96929.0,-3590.66,39,281,3974
12215.3,84966.0,-10054.0,105,263,3463
27488.0,918289.0,-12882.0,129,675,24441
10647.7,45799.4,-1349.56,114,197,2257
19843.5,270821.0,5207.33,338,420,9137
9390.94,20315.5,219434.0,34,157,1113
13849.1,96236.7,-327.346,43,294,4249
10338.3,45143.7,-467.794,126,197,2257
9043.57,12146.0,-990.852,10,117,519
6199.41,4331.37,-1354.5,12,106,318
8364.95,13873.6,-3006.16,119,170,771
11233.0,39187.6,-1231.91,158,205,1751
14507.9,101624.0,-4198.0,61,267,3545
9676.31,39751.1,308455.0,227,159,2181
13642.5,141175.0,229.029,315,308,6057
12020.0,71417.9,2370.4,45,201,3289
9287.12,12471.7,866.35,34,152,693
6367.56,13588.6,-1260.2,14,103,883
18649.3,163419.0,340.855,220,352,6744
11264.9,32741.8,2883.0,65,210,1213
10007.3,54519.0,-4101.0,20,206,2742
11601.8,27860.0,-1349.67,63,194,1521
15876.8,271370.0,-9703.0,72,371,10238
6632.57,7267.93,1207.0,24,109,432
6891.89,7322.38,729.22,29,109,432
5950.58,7553.67,11192.4,56,90,405
21439.0,349516.0,80.9144,289,440,10967
7498.31,20808.0,-5834.0,13,147,1263
6113.5,5193.23,-879.36,7,105,371
8377.89,14592.1,-1380.0,102,140,845
22126.5,313801.0,-14355.0,90,604,11135
4504.16,2606.6,-742.87,23,65,202
6934.71,13581.5,132361.0,178,96,804
3981.79,6186.96,-114.03,33,68,481
5476.78,3986.26,-1573.39,39,79,292
3792.96,456.651,-628.19,1,36,35
19550.8,200761.0,-598.873,171,390,7459
4354.43,1984.08,-717.205,114,66,166
7914.69,13172.7,-2789.97,94,133,726
4478.0,2219.97,192.9,13,75,165
5055.66,2870.0,-1438.0,3,57,165
27786.2,622142.0,-12100.0,112,607,16234
4013.15,667.935,-320.23,16,58,43
11222.9,37643.0,-5392.0,41,214,1695
22727.3,517269.0,-12134.4,321,540,18067
4062.24,757.051,-2046.0,13,54,64
7514.61,9529.78,-957.61,19,123,621
8036.25,9613.02,-2937.89,203,130,490
12696.8,41529.7,-3042.61,38,278,1938
14931.4,96727.0,-6876.0,30,258,3293
6801.13,8633.05,22986.3,31,98,582
12611.3,57679.8,8314.1,72,220,2461
8162.92,33024.6,384.878,23,148,1919
6833.26,17187.0,-2446.3,7,128,1065
11931.8,30767.8,-4642.99,166,235,1525
3495.1,707.926,372.8,6,31,53
4588.61,1052.63,-302.51,28,62,102
9711.76,29589.7,-1206.91,27,156,1364
4260.62,2489.91,-815.14,20,65,202
3756.51,1196.09,-828.55,9,55,88
6725.68,9601.71,1654.4,24,115,547
3842.33,632.972,-297.53,17,58,43
3610.01,512.551,-674.83,3,36,35
3843.55,480.072,-728.29,1,36,35
14553.9,93364.8,-770.23,44,294,4249
12673.7,42465.8,-3303.1,244,278,1938
8970.22,11087.7,-2539.98,105,156,654
4069.3,1592.84,-761.14,8,61,134
12082.6,68444.7,2374.6,58,201,3289
5229.82,3452.59,106.242,2,51,132
5850.02,1783.92,-934.932,11,76,147
7061.7,4496.9,-2076.9,5,110,294
12255.7,36638.1,-1800.6,128,234,1581
4616.58,1655.82,-1204.4,5,70,131
8285.67,15460.6,-2612.6,38,141,932
9390.38,34859.3,311265.0,40,148,1919
6968.38,6686.63,-1186.24,98,122,429
12560.4,60014.8,-290.373,190,223,2822
11235.9,70042.9,-5206.08,183,247,3373
5922.76,7590.86,-631.12,19,99,583
4406.56,2089.09,136.33,22,75,165
6849.1,7947.6,-2962.0,11,117,427
4402.33,2371.26,-771.15,6,61,184
9575.7,27887.0,-2299.0,35,186,1416
8287.42,15234.9,-649.81,32,127,802
12188.2,37054.0,-3707.0,27,200,1575
3836.8,1444.76,-753.319,159,52,133
16185.2,162381.0,-4088.8,205,352,6744
5438.2,977.831,-967.839,32,64,76
4434.0,2886.58,-351.34,36,65,202
8512.96,9120.19,1806.9,41,144,553
4641.88,2946.48,-130.74,36,65,202
14245.4,52595.3,1350.5,57,288,2334
5385.37,2771.55,522.73,5,81,169
4183.22,1323.82,-1243.8,1,57,129
3509.45,2318.49,1242.5,11,55,167
7882.36,22368.0,-3237.0,57,148,1165
5605.99,2019.64,-1033.5,10,77,165
13154.9,50654.5,-4307.9,134,215,2188
8675.44,30221.0,-1765.0,19,168,1571
4465.78,2128.56,79.556,26,75,165
12442.2,54180.6,-4090.32,146,218,2391
4209.82,6607.91,-44.457,25,68,481
10366.6,20028.7,-675.722,22,157,1113
3479.52,562.464,-432.02,14,51,45
19262.6,260781.0,-11947.0,262,424,9408
4600.17,2622.0,-1442.0,5,71,184
4580.95,2037.12,658.96,13,75,165
5706.27,4469.09,-967.003,23,88,292
6022.92,3890.14,-646.16,16,100,294
9361.53,39401.3,10316.3,113,207,1995
3821.97,471.061,-985.4,2,36,35
4745.11,4118.66,-1460.43,98,72,340
10615.0,38120.2,-2507.47,26,205,1751
10699.6,48371.7,28396.4,94,190,2118
11180.6,41501.8,331193.0,150,227,2059
7350.56,8845.0,-3512.0,21,120,552
5804.29,1150.65,-1110.9,3,57,76
9595.13,11433.0,349.544,229,139,587
5771.81,3686.33,-757.129,7,51,132
6181.17,4992.01,-544.069,108,96,347
13975.7,103627.0,-7165.28,46,307,3979
18916.8,240183.0,-9215.0,67,441,8998
6804.11,7352.42,834.08,25,109,432
3718.92,579.341,-312.27,14,43,52
7953.72,16752.0,-3486.0,138,127,973
4639.57,2576.44,-432.26,29,63,184
15582.2,141909.0,23114000.0,246,362,5847
8635.05,37635.2,-2776.07,47,180,2054
3654.08,514.139,-574.82,3,36,35
3973.52,1446.07,-724.475,159,52,133
6978.49,2673.07,292940.0,13,99,167
9942.84,58710.0,-6646.0,15,193,2673
24070.4,265748.0,-3307.96,292,540,8870
12332.1,85742.0,-7471.0,52,326,3891
5624.43,9282.35,62.8376,138,98,651
3631.6,1328.17,28702.8,2,40,100
3953.49,1642.63,-775.09,8,61,134
8984.65,13856.5,-1599.18,123,148,729
18154.0,163974.0,-8021.0,73,398,6186
17238.8,194308.0,-12024.0,294,375,6628
16590.3,170168.0,-1369.78,56,320,6391
22371.5,351754.0,-1480.21,101,440,10967
7718.53,9742.16,-2011.71,19,123,621
7990.27,9585.32,-1940.84,96,123,621
4420.61,2696.37,-345.48,24,65,202
3451.23,679.748,319.27,8,31,53
6657.09,5924.34,-1562.78,8,95,372
7090.92,4070.7,-936.677,8,101,249
8791.81,30151.6,-937.063,26,132,1513
15275.2,86403.3,-1212.76,96,301,3369
3700.42,565.514,-696.06,5,43,52
5941.13,7647.12,80040.7,14,104,457
15704.5,88656.9,3931.5,79,289,3710
9663.99,36639.0,-4025.42,27,196,1997
10174.4,38137.2,959.287,25,193,2118
5448.4,4480.57,-879.25,81,72,340
4227.87,1884.97,-979.073,33,55,147
6128.74,5164.13,-1044.8,7,105,371
5156.37,2818.84,-969.797,29,77,205
7839.69,9287.59,11271.4,91,138,554
6857.45,4171.0,-2890.0,15,100,269
10359.9,50973.0,-2882.0,60,196,2462
4055.96,586.523,-754.0,5,43,52
3635.93,499.786,-786.47,3,36,35
3766.85,565.097,-322.19,15,43,52
8550.48,34661.0,-4331.0,102,171,1988
4516.3,2363.05,-565.95,3,61,184
9494.12,12484.7,-423.522,111,136,619
5225.52,3205.32,139614.0,155,71,249
4378.01,2150.87,-620.26,4,61,184
6805.4,6523.96,-898.205,86,95,372
7520.37,15792.7,-873.715,94,134,970
4500.72,393.597,491.26,11,54,28
12972.9,92504.3,12357.5,203,273,4429
11860.5,32081.5,-1788.83,162,203,1580
21343.1,410954.0,165042.0,58,473,14125
4691.13,2673.78,-139.52,19,72,205
3784.16,524.194,-648.14,4,43,52
4808.96,4806.0,-1494.0,15,75,367
15355.6,89010.4,5766.0,89,289,3710
3639.06,482.275,-686.23,3,36,35
5693.98,3131.75,-1937.08,52,86,205
7102.15,15200.0,-2248.0,21,122,849
10034.2,26358.8,-1131.43,24,158,1403
8672.79,34826.0,-3465.0,26,185,1993
4331.01,1013.17,-493.46,27,62,102
6469.61,5337.89,109681.0,19,96,347
6244.84,3402.9,586.82,19,101,206
10176.7,10605.4,-2510.97,104,154,587
24268.8,265246.0,1311.9,285,540,8870
14444.4,80698.9,5067.16,82,320,3466
11520.9,36065.1,-4679.59,178,206,1521
14710.6,79358.0,642802.0,155,320,3466
21754.9,408908.0,-1616.73,63,473,14125
5374.43,4231.72,-850.025,17,79,317
7374.82,13859.7,29999.7,89,120,809
5023.67,3098.98,-519.67,35,76,222
4273.8,1997.12,526.19,24,75,165
12113.4,52590.4,-247.441,148,218,2391
5343.99,2263.41,583.55,19,75,165
12034.9,46821.0,-4907.0,42,204,1694
18403.8,160469.0,60368.4,94,359,6068
24208.6,276714.0,-4608.65,288,537,8350
21775.1,350486.0,14233.5,253,440,10967
10273.3,19376.9,-1450.05,29,157,1113
3920.03,2164.91,-983.664,183,54,165
9524.08,11327.4,-421.485,222,139,587
3748.8,569.863,-554.71,5,43,52
13304.8,75350.4,-5243.16,180,264,3217
15211.1,251756.0,24033.2,101,346,7851
15374.7,157525.0,2543.6,119,310,6737
14777.4,79924.0,945.951,137,320,3466
12388.4,60775.0,725392.0,245,237,2672
8596.81,38006.0,-4038.0,16,166,2118
4583.45,2779.43,-871.11,19,65,202
26149.1,619413.0,-14503.0,164,599,19042
3239.9,584.664,53.013,11,51,45
11066.7,31369.6,-691.474,143,203,1580
33076.4,1034590.0,-18277.0,159,820,29095
9938.93,28353.5,-2133.48,176,158,1403
8192.31,20441.9,-3605.32,108,163,1162
7740.3,9488.26,-2534.06,101,130,490
11369.0,49334.2,-4257.25,140,215,2188
20136.0,347916.0,-2647.01,285,440,10967
7782.89,8979.0,284.74,15,130,515
12070.1,71478.0,-93.7121,180,262,3211
7345.41,5778.38,-1344.21,44,79,292
10457.4,27119.3,696.722,146,172,1412
3933.35,685.45,-274.54,23,58,43
5111.72,2859.97,-930.777,119,77,244
3705.77,545.84,-637.29,5,43,52
8320.54,15572.4,-370.61,28,127,802
10684.4,27346.4,-4174.01,115,214,1469
9663.38,26335.4,-3258.98,26,174,1415
11650.2,36852.9,-5137.11,131,234,1581
7980.65,10801.7,-1325.06,22,123,621
3506.69,687.44,-217.4,3,31,53
8897.38,12418.0,4720.58,124,136,619
24236.1,275831.0,-1396.3,305,540,8870
8633.34,4766.93,-924.103,23,131,271
16274.2,167358.0,-1996.77,49,320,6391
11537.9,33038.6,3248.4,66,210,1213
8350.27,9466.27,-3005.63,200,138,554
4386.75,2738.26,-664.45,28,65,202
7074.68,13281.1,-902.868,18,96,804
9380.48,25748.4,-975.037,29,174,1415
6609.76,9099.34,-757.416,128,95,543
7656.11,14020.3,-1358.2,95,120,809
10380.3,27247.5,167599000.0,67,194,1521
7003.65,7415.16,852.09,23,109,432
4606.81,6061.25,296.5,19,67,481
12215.5,45237.0,-6606.0,53,217,1813
3942.66,1224.13,-978.61,9,55,88
8377.4,20879.2,433.46,47,143,1203
19304.3,248423.0,-10264.0,85,434,8609
6750.63,17127.8,-1962.1,8,128,1065
6291.13,3403.16,-1016.7,46,86,205
3948.09,1444.27,-740.289,156,52,133
3577.66,709.425,-188.0,6,31,53
8459.79,14424.0,-1290.28,16,140,845
13686.3,87838.0,2059.46,51,291,3799
8053.15,14389.3,49.158,33,127,802
6319.21,5140.94,-3076.9,17,109,317
6775.53,11417.3,-191.748,151,111,651
7773.95,14605.0,-2648.0,29,118,845
8311.81,0.0,1050930.0,28,140,590
5265.36,3249.8,-717.586,157,71,249
6254.88,7103.92,-569.379,61,90,405
9432.53,37642.2,-2220.03,42,180,2054
10588.5,35374.8,-712.992,203,208,1691
18988.1,180356.0,-16440.0,240,478,6410
13196.8,55759.0,-7015.0,180,258,2466
5179.94,2913.35,971.942,100,67,224
4882.62,2868.82,-1136.48,21,77,244
10272.9,28233.5,-1129.28,143,158,1403
8978.68,26642.0,-1383.53,33,155,1364
10866.6,35986.7,3367220.0,106,166,1111
6770.32,11996.9,-1656.83,5,105,765
7995.51,10905.9,-2329.04,78,156,654
7549.37,8996.0,-2841.0,6,118,455
4091.81,2306.24,-1101.9,33,63,184
13225.8,72614.0,-7054.0,39,252,2259
9048.57,12012.7,-1827.47,119,128,693
12210.8,45629.1,3328.21,156,273,2061
9251.13,36102.0,-2644.0,35,167,1989
7562.51,15725.5,-1050.94,101,134,970
3994.11,387.707,1015.1,11,54,28
9783.58,29200.3,-2352.51,90,166,1414
4413.28,984.597,-960.88,4,55,88
4884.99,765.175,-420.79,17,58,43
13338.2,75467.9,-5242.06,182,264,3217
13494.7,47020.0,-7209.0,42,247,2062
8800.59,11469.4,-658.145,40,156,654
7664.72,9331.56,-1514.08,92,138,554
5032.02,4312.81,-1211.48,22,79,317
6894.21,7846.39,-3408.9,12,117,427
3554.34,597.066,-574.21,15,43,52
9567.48,12545.5,-1427.57,73,128,693
10489.7,26406.0,-4909.0,46,216,1315
4305.92,2602.93,-462.34,29,63,184
7301.18,12612.1,-1697.6,15,123,726
3998.56,2098.09,-1010.7,5,63,184
8631.11,31896.0,-5036.0,43,153,1570
7933.32,12850.3,-2521.24,77,132,806
7947.7,14496.7,-9.7279,23,127,802
16982.6,131354.0,-9338.0,91,356,5122
7818.45,10731.0,-3210.0,16,126,653
11770.4,32682.7,-1697.5,87,166,1414
6396.72,6971.12,-1253.63,78,118,426
3496.57,687.509,157.82,4,31,53
4721.99,6883.19,-259.28,19,68,481
4769.59,2128.38,261.04,14,75,165
3683.2,384.918,855.53,15,54,28
18150.1,270127.0,-4551.94,98,346,7851
7177.4,4107.57,-1279.23,85,101,249
13444.0,135332.0,-2524.49,50,279,5626
6797.58,5196.35,-258.37,20,100,346
3885.7,1464.75,-766.891,158,52,133
7187.99,12697.9,-2117.24,148,123,726
8461.65,11329.2,534.76,10,152,693
4801.75,2551.0,-2942.0,8,74,203
16757.0,152255.0,-5393.0,38,332,5857
5719.16,1056.13,-1468.0,7,57,76
17148.6,152394.0,-7286.0,40,345,5525
11906.3,28881.0,-2228200.0,96,219,1469
4903.31,1934.88,-681.18,2,66,164
11500.7,60077.2,-2535.31,230,214,2600
6187.21,5362.55,3428.42,14,99,321
4818.62,2141.7,12.839,12,75,165
10457.7,23641.2,-1451.71,36,176,1313
4499.89,6283.03,-512.75,11,68,481
10534.7,24749.5,-1065.24,36,189,1361
12498.3,73480.2,-4624.13,29,249,3630
8478.33,25087.7,-1924.05,23,157,1519
4787.2,1991.26,-219.3,9,75,165
7489.96,4171.09,-1322.55,87,101,249
3879.51,480.902,-701.53,2,36,35
13073.3,91000.1,-3074.01,240,254,3885
4712.9,2253.03,-1287.6,11,71,188
7110.23,7362.97,-129.873,49,90,405
9712.26,13467.0,-4275.0,30,179,768
14354.1,54648.1,-1589.62,137,215,2188
3627.58,554.893,-566.85,6,43,52
4428.91,2335.23,-1282.8,33,63,184
6287.61,4953.44,142.963,46,79,292
9579.77,39916.1,-3561.26,74,196,1885
4413.84,6174.11,31.622,21,67,481
11797.9,37157.8,-5418.55,161,225,1755
12981.8,60943.9,-1259.74,24,247,2754
11813.9,33520.1,2191.8,57,210,1213
15356.8,60277.0,-5591.0,42,280,2678
8320.75,12318.2,30324.6,35,130,694
7687.91,9770.68,-2886.66,176,135,587
14570.3,96839.0,-5546.0,32,280,4148
14005.2,92275.0,-6675.0,43,378,3980
9303.16,38178.5,-3038.1,40,180,2054
12474.9,56761.9,-1575.1,46,220,2461
9155.81,26925.4,-2848.71,180,158,1403
12614.0,77944.5,-1069.69,63,272,3539
13585.1,66640.8,-3411.68,202,243,2902
11622.3,56288.0,-5022.0,48,227,2461
10985.9,43205.0,-4646.0,70,188,1927
21641.2,515106.0,-12234.0,334,540,18067
17370.4,242591.0,-10264.0,135,441,8869
15606.1,88729.6,60075.0,92,301,3369
3630.7,537.088,-467.33,5,43,52
13773.5,135837.0,-2981.48,217,279,5626
13045.9,72085.8,-1641.68,183,262,3211
10560.2,56255.0,-5704.0,18,218,2823
13015.3,78493.8,-1825.3,130,320,3466
3968.57,366.424,690.48,11,54,28
7861.67,13743.5,-3198.17,117,170,771
8379.99,25311.7,-219.931,33,157,1519
13306.8,63367.0,-6542.0,54,286,2830
12996.6,57194.1,-4531.76,121,224,2192
11290.5,55691.5,-570.35,173,209,2967
9233.6,37927.0,-2570.3,42,180,2054
4571.49,6345.22,-588.22,23,68,481
8334.59,15961.5,-995.371,115,160,976
10492.8,59120.7,-4283.51,305,217,2904
26686.9,284011.0,-11678.5,291,540,8870
5373.51,4253.85,-1572.03,14,88,292
6552.75,8171.92,-3327.8,2,106,549
7338.78,6903.17,-1139.03,164,108,428
12906.3,138711.0,-7160.0,38,280,5737
14022.7,82005.4,948.771,65,272,3539
7465.54,12551.9,2758.35,144,123,726
7618.9,9020.02,-696.168,208,107,517
3682.29,547.592,-388.6,6,43,52
11907.3,30235.9,-2825.27,72,194,1521
4294.85,2074.88,244.64,36,75,165
11320.7,38216.8,-3886.21,38,196,1997
3569.11,665.531,-8.9904,3,31,53
9112.39,9163.02,-2517.01,110,149,549
9665.4,39261.1,-1218.49,74,196,1885
10071.0,26129.7,27319.3,140,172,1412
15822.3,166009.0,-1234.09,40,320,6391
4510.7,3618.0,-1605.0,8,65,268
8087.41,9438.05,-2884.7,16,135,587
6979.22,7341.99,535.6,35,109,432
7239.81,6542.4,-796.113,4,95,372
14468.3,53075.0,28.3338,47,288,2334
8670.45,10519.2,-1549.52,233,139,587
16262.5,139291.0,-4466.0,64,303,3384
7778.17,9354.79,1433.51,179,135,587
13467.6,75642.5,-5238.75,182,264,3217
5445.92,4376.88,-698.883,17,88,292
12096.2,38449.8,-327.846,150,235,1818
12710.3,60991.9,1789100.0,211,214,2600
19071.0,292520.0,-9360.0,53,400,9270
6156.98,8120.55,-3098.2,9,106,549
6540.76,13592.7,-1054.0,12,103,883
10648.7,53396.0,-5518.0,43,210,2383
15595.9,52498.0,-5864.0,96,299,1945
4459.11,1747.14,-118.38,8,61,116
5023.09,2180.56,-802.08,7,75,165
4456.16,1074.75,-443.6,28,62,102
6820.89,6438.15,-1036.0,33,99,372
9348.76,17570.2,-4148.75,96,183,931
6855.39,5529.85,-813.249,19,99,321
9062.49,9582.82,14483600.0,185,135,587
16681.8,157455.0,26264.0,93,359,6068
9168.91,39267.8,-1826.49,74,196,1885
4790.36,4441.0,-1890.0,2,53,168
4784.16,2065.24,-432.39,9,75,165
5663.57,10681.1,-651.126,67,102,764
9442.0,28657.4,-2838.81,42,156,1364
13713.4,96340.2,2543.61,262,294,4249
23074.8,281327.0,5275.52,61,468,9276
5571.3,7661.47,-1149.8,9,99,583
8872.01,20199.0,-2388.0,31,157,1158
6012.29,11174.5,392952.0,18,102,764
3677.91,1189.74,-992.16,17,56,87
4577.97,2717.0,-1531.0,6,67,221
11951.1,79388.1,-5468.99,44,252,3882
7622.79,6273.0,-2288.0,23,111,346
10130.2,38443.7,1265.03,15,193,2118
5417.24,5279.0,-2695.0,23,88,370
9468.72,36674.3,-3767.94,31,196,1997
9394.06,27202.0,-4895.0,113,174,1467
9158.24,20290.0,-2791.91,171,163,1162
11455.2,68638.0,-5616.0,177,247,3371
5862.08,12988.2,-987.92,9,103,883
11217.2,32910.6,-2389.0,45,210,1213
12066.1,70389.6,-6313.31,138,272,3295
8258.69,12969.9,21373.9,22,132,806
9296.95,16967.1,-2378.38,32,142,844
13837.0,95635.0,8877.6,221,294,4249
4378.99,2731.5,-861.91,19,65,202
19388.2,252520.0,-8433.0,53,353,7830
10823.1,32730.0,-3880.0,69,196,1636
6824.61,7790.82,-2587.8,11,117,427
14974.5,75903.7,426.09,253,336,3302
4441.99,1066.41,-632.81,28,62,102
18884.2,304987.0,-10969.0,107,426,11419
5534.15,2974.59,-646.62,7,65,202
11086.0,45950.0,-4715.0,28,206,2194
24654.0,484711.0,-18688.0,354,671,15350
10367.6,20696.8,-4598.71,111,211,1026
3520.79,680.364,-345.82,6,31,53
13130.7,82075.0,-6133.0,60,284,3888
10227.1,44009.2,1224.98,217,159,2181
3990.84,577.612,-438.22,10,43,52
16078.7,163781.0,-7472.18,215,352,6744
4615.43,6420.94,-85.02,13,67,481
3654.75,517.378,-836.1,1,36,35
6243.71,4099.98,-232.17,16,100,294
12804.0,46398.3,-706.87,177,273,2061
4539.11,1036.1,-951.54,28,62,102
6028.46,3836.0,-1663.0,13,89,246
8774.61,21929.8,794.71,38,143,1203
4910.41,4302.43,-1532.73,21,79,317
4625.93,1009.68,-925.68,20,66,101
22605.1,410715.0,-2343.95,63,473,14125
4513.99,1029.05,-985.73,28,62,102
6502.83,14126.3,-1287.0,19,103,883
8844.53,9902.37,2990.6,54,144,553
19743.3,232568.0,-9653.0,52,441,7710
3965.05,768.808,-2268.3,9,54,64
10627.6,42267.0,-4607.0,23,225,2060
3651.83,542.295,-713.93,5,43,52
10230.2,26292.9,-470.176,24,174,1415
6905.02,11357.3,166.013,166,111,651
8043.19,21730.0,-3253.0,28,154,1305
4197.5,662.507,-592.69,17,58,43
22172.7,410403.0,-14424.0,382,546,13966
9060.63,24894.0,-4596.0,4,147,1160
6346.61,4786.83,-1734.2,15,107,319
6237.82,4176.67,-1425.79,82,88,318
13434.5,171069.0,-5772.0,43,357,7577
8108.4,8856.72,1487.3,43,144,553
14174.8,63458.7,-5151.81,20,247,2754
3708.11,582.788,-670.62,5,43,52
6410.43,5179.39,-1506.77,37,79,292
5033.93,3217.2,-928.73,14,71,249
5542.57,3426.5,-716.915,132,51,132
3456.83,700.036,96.385,1,31,53
4598.85,2215.72,-1409.3,11,71,188
7159.33,12530.3,13911.2,21,123,726
8001.53,11666.8,-1112.88,216,114,689
13963.8,68462.0,-8036.0,56,290,2907
7828.83,9441.89,-2233.06,205,130,490
8071.22,11625.9,-669.608,114,128,693
11064.6,62438.1,-5590.75,262,245,3058
13156.5,40266.8,-3266.56,114,234,1581
4752.85,1840.52,1383450.0,112,66,166
5531.4,4348.81,5289.95,16,88,292
13973.0,91140.7,-2478.9,222,254,3973
6163.36,5025.33,-406.862,17,96,347
8961.12,12257.9,1205.0,25,152,693
9800.75,26527.0,117506000.0,97,172,1412
15112.5,162351.0,17703.4,49,287,6171
7010.99,13025.7,564479.0,22,96,804
6521.64,5728.6,-1303.7,28,99,372
7693.96,13757.7,-3482.26,117,170,771
6122.17,4947.31,316.897,63,86,367
22668.1,516317.0,-268.723,347,540,18067
27622.6,437696.0,-12120.0,34,376,6518
9041.4,12250.8,3804.95,92,136,619
3819.41,640.907,-392.18,24,50,42
4286.09,2125.81,-1440.2,10,71,188
5678.51,7082.35,-850.235,78,93,545
14640.4,52628.8,-3409.96,127,223,2059
10990.4,41785.9,-5401.15,136,227,2059
4871.5,5961.15,-29.977,23,68,481
8544.18,18290.0,-4826.0,16,146,891
7888.98,12477.1,166395.0,42,130,694
4117.52,428.972,575.37,11,54,28
15299.2,161947.0,-1482.95,54,320,6391
14622.3,57916.8,-2304.4,133,215,2188
15463.7,151524.0,-5042.0,43,311,6067
18964.7,181433.0,1558900.0,215,403,6746
7342.23,9580.74,-2021.64,26,123,621
11875.2,28025.6,366.09,32,178,1410
9497.03,12502.1,-2346.2,31,136,619
3802.99,647.156,-600.96,24,50,42
9614.67,11360.2,-1249.84,27,139,587
5196.61,4220.37,-1139.44,17,88,292
14641.9,249107.0,-1295.91,75,345,7727
17511.5,156749.0,-8049.0,38,364,5018
5295.37,3724.87,-1255.19,65,85,269
9645.95,26437.0,-3810.0,55,152,1409
4225.02,2716.62,-671.38,23,65,202
3377.65,705.375,145.32,3,31,53
8647.94,9396.27,2149.1,47,144,553
10560.7,41701.0,-3996.0,47,202,1994
14621.6,101775.0,277058.0,45,283,3965
7259.32,10893.8,-1034.64,84,114,689
5523.25,2836.48,-910.4,15,72,205
15135.7,99827.1,-3123.57,42,281,3974
3902.41,558.122,-593.85,6,43,52
4246.64,369.219,817.86,11,54,28
4024.23,640.51,-203.86,16,58,43
6115.95,8008.77,-3460.7,9,106,549
4401.21,1013.66,-1444.4,21,66,101
8487.6,25996.6,-1626.15,29,156,1364
3919.45,1568.47,-996.32,9,61,134
12786.9,55984.5,131206.0,123,224,2192
9861.91,31226.6,433422.0,140,179,1626
5623.14,3414.74,-1424.32,59,86,205
15439.7,88747.2,-159.242,95,301,3369
7953.83,20934.4,301.92,42,143,1203
3440.03,570.454,-285.21,15,51,45
3799.23,1533.46,-1228.4,6,56,114
6223.08,6842.85,-945.39,18,107,431
5946.13,12939.4,-1798.0,11,103,883
6128.7,8175.03,-3692.1,11,106,549
20911.9,411870.0,2976230.0,65,473,14125
16159.0,88811.1,262300.0,83,289,3710
6547.48,3436.24,1358.2,30,101,206
12532.8,38248.7,-1062.98,35,235,1818
13794.7,70134.1,4997.67,174,325,3143
8332.87,4694.78,64036.9,26,131,271
4295.4,2436.84,-963.97,19,63,184
7081.88,10310.4,522.757,213,101,584
6231.94,6332.35,-1892.6,17,108,424
10353.2,44043.6,-523.838,33,197,2257
7049.98,4518.13,-2221.1,15,110,294
11372.5,117082.0,-8827.0,156,274,5417
12167.4,72069.0,-5646.0,57,290,3544
4022.08,2741.03,-326.44,11,65,202
4554.02,2619.14,-788.99,28,63,184
14835.5,101726.0,-3381.71,38,283,3965
7296.13,4082.13,-1273.92,9,101,249
13199.5,47551.1,742515.0,138,223,2059
12380.2,57555.2,4912390.0,186,223,2822
6463.77,3017.0,-1753.0,18,99,207
4652.28,1013.94,-950.22,24,66,101
3492.35,696.593,219.84,7,31,53
12953.7,61086.9,-2065.01,34,247,2754
6619.74,1902.47,-1081.31,68,84,136
5368.15,3472.95,-720.849,135,51,132
3539.78,523.158,-695.4,5,43,52
8228.19,5482.6,-1413.84,34,86,205
6867.95,7768.0,-2968.2,11,117,427
5928.1,11002.0,-2326.0,48,104,764
5701.51,3662.8,17.541,36,78,226
4985.43,6579.23,-624.76,18,68,481
5525.96,2424.36,1072.5,4,81,169
9529.27,39975.0,-5565.0,14,184,2057
10484.0,37995.3,-1515.53,29,205,1751
6358.4,5395.3,-520.39,78,86,367
5094.65,2348.61,868.93,27,76,165
4435.13,2710.32,-483.24,38,65,202
3737.82,464.951,-958.34,2,36,35
3890.79,2064.28,-1967.3,4,63,184
19836.2,291612.0,-8448.0,32,390,8600
18130.7,328024.0,-10699.0,69,420,12489
13146.2,79603.1,970.165,53,272,3539
3832.37,544.496,-595.21,5,43,52
4113.41,1452.12,4970.27,160,52,133
9141.93,38004.7,-2569.16,45,180,2054
8736.97,25552.0,-1600.01,126,157,1519
16474.5,178680.0,-8595.0,73,347,6976
6355.6,11329.9,-2170.97,140,111,651
3980.76,2091.86,-1672.6,4,63,184
9404.15,37924.9,-2450.07,40,180,2054
4463.7,2196.65,-1390.2,12,71,188
10586.8,63554.0,-4248.0,134,201,2673
12571.2,54030.7,-4107.84,156,218,2391
23101.5,236818.0,2389.81,289,537,8350
10759.2,35946.5,698753.0,117,166,1111
6959.42,4539.46,-2177.7,5,110,294
22218.1,352367.0,-5032.53,269,440,10967
6888.26,17640.9,-2537.8,11,128,1065
5866.82,1085.85,-1445.0,6,57,76
4177.11,2435.66,-969.29,20,63,184
3336.12,664.261,16.741,3,31,53
8061.47,9403.77,-1658.25,183,135,587
9966.61,23856.0,-3753.0,23,165,1305
7112.06,5668.89,-1955.75,12,99,321
9623.74,17043.4,42586.7,35,183,931
19376.5,216522.0,-11270.0,196,379,6982
4588.65,2203.35,-1151.6,4,61,184
7793.05,9639.06,-1995.09,85,138,554
3513.33,524.847,-320.4,13,43,52
4081.01,2340.28,-101.37,24,63,184
4477.39,974.253,-1419.0,14,66,101
18072.8,203062.0,-4613.55,164,390,7459
5231.0,3408.29,-1922.3,22,70,205
4388.83,1681.03,-666.465,85,64,133
16418.6,161173.0,-3424.73,208,352,6744
10854.5,37905.5,-936.465,37,205,1751
4861.2,1595.79,-1140.0,6,70,131
19868.2,275920.0,11817.6,51,420,9137
4020.12,2085.2,-2081.2,5,63,184
6945.07,4371.06,385746.0,7,88,318
10107.1,26756.9,-936.525,22,174,1415
4418.02,981.523,-470.05,4,55,88
6437.76,1887.13,-1089.43,34,71,103
4711.3,2621.41,-715.94,17,65,202
6278.72,1800.79,-1334.28,35,71,103
26932.8,517389.0,-14281.0,111,561,15002
13731.1,97387.4,4038.95,232,281,4061
5121.06,3118.55,-2476.3,4,65,202
5097.37,3126.4,-2425.0,4,65,202
9407.26,12154.1,172.5,23,152,693
14437.6,104597.0,-8120.0,39,300,4155
8272.37,12409.2,-1600.36,208,117,519
32510.9,827634.0,-23198.0,171,886,22314
6115.95,7238.09,-974.088,80,93,545
3445.69,670.351,430.54,5,31,53
8376.93,9162.0,-3145.0,18,126,485
12266.5,88168.0,-6351.0,37,268,3974
4361.44,2615.83,-1213.5,18,65,202
13692.9,149213.0,-11081.0,68,367,6073
4224.01,781.147,-1681.7,12,54,64
4429.26,2558.7,-1238.7,9,72,205
13187.7,64184.5,4810.9,44,279,2979
3679.06,563.825,-271.05,15,43,52
4242.92,2841.72,-1006.6,40,65,202
10373.2,26055.5,4219880.0,75,172,1412
6730.77,13323.9,-979.333,181,96,804
13663.6,133475.0,-7723.0,71,300,5834
4741.81,3042.42,-241.018,155,71,249
3425.01,1284.53,-539.512,5,40,100
9770.64,28340.7,52.5343,66,194,1521
9777.45,17745.0,-4291.0,60,166,980
4068.29,1424.63,-767.692,164,52,133
3529.35,666.599,146.81,6,31,53
6085.79,5265.17,-2081.9,23,88,370
3797.97,453.966,-871.92,4,36,35
4318.24,725.517,-566.61,19,58,43
9827.51,21097.0,202.5,55,143,1203
9958.3,10525.3,-3417.43,91,154,587
14250.9,88497.3,-1107.07,210,254,3973
12847.8,61794.6,1095.85,165,223,2822
5238.63,1786.88,-1504.5,3,70,131
4498.63,6544.04,608.47,21,68,481
10117.5,34311.9,-1915.14,192,208,1691
13441.7,82129.9,951400.0,57,272,3539
9676.93,19306.0,-2681.0,28,137,890
10589.2,46863.0,-6468.0,36,184,1810
4086.97,5894.92,1661.2,18,68,481
9780.21,39825.5,746401.0,206,159,2181
17718.8,147003.0,-6030.28,103,362,5847
5142.6,6211.88,-396.47,25,68,481
14036.1,167774.0,-6902.0,43,307,7203
8550.44,26576.3,1007.25,26,156,1364
12821.2,60361.8,-4521.22,161,223,2822
7884.47,14317.6,-518.95,21,127,802
5681.78,1033.04,-1352.9,8,57,76
5495.33,1088.08,-1860.3,2,57,76
6809.59,7747.84,-3397.8,11,117,427
5317.85,1700.35,-1358.29,70,84,136
14032.2,86397.6,-1144.58,60,291,3799
3424.86,696.534,229.57,7,31,53
8486.58,26606.1,555.024,24,156,1521
9061.45,12203.8,1336.8,27,152,693
11138.0,48218.0,-4126.0,110,211,2253
5688.11,4227.1,-1636.1,17,90,317
11664.6,37512.9,37406.6,25,235,1818
7101.98,7172.82,3364760.0,73,118,426
22721.3,501633.0,-14574.0,111,603,16774
3449.23,653.818,326.14,3,31,53
6057.96,4714.0,-3643.0,22,89,346
7016.97,7310.03,-685.028,20,118,426
4808.98,2614.0,-919.79,14,65,202
4710.15,2188.78,279.16,14,75,165
3325.33,696.295,-289.95,7,31,53
21120.3,410478.0,53212.7,56,473,14125
6884.42,9189.57,-933.886,4,95,543
12574.7,57889.0,-5598.0,166,262,2326
5714.83,1109.89,-1080.3,15,57,76
12326.0,33661.3,1310.3,53,210,1213
5878.28,8240.81,-1245.9,14,99,583
9301.1,36728.4,-3983.77,32,196,1997
10927.6,38044.2,437994.0,34,205,1751
5363.55,3800.3,-1082.87,120,85,269
11282.3,55314.0,-4555.0,22,194,2528
3616.43,531.893,-511.4,7,43,52
9590.3,30800.8,7086.92,226,171,1747
9317.1,12110.8,763.66,18,152,693
5116.83,3119.44,-2462.4,4,65,202
4054.3,5633.69,-821.32,19,68,481
4575.49,2061.93,-366.758,6,63,166
3862.59,1456.54,-846.206,128,52,133
3674.86,602.626,-539.09,15,43,52
8549.8,24634.0,-4353.0,24,181,1521
14893.2,102337.0,-3833.58,44,283,3965
6145.48,9138.0,-2117.0,7,105,581
11400.0,63716.0,10574.7,265,245,3058
12754.4,27305.0,-7100.0,40,237,1311
4931.17,2825.18,-1052.63,20,77,244
8567.54,21400.6,65106.9,86,139,1108
12872.1,52897.3,-3711.24,129,215,2188
7209.32,9947.0,-2673.0,23,132,618
6154.68,10274.6,-703.075,24,109,689
5204.15,3678.76,-198.15,21,82,289
15734.7,75770.0,26146.8,271,336,3302
6906.75,4681.22,-809.384,42,78,268
8627.68,11446.6,-3120.64,119,156,654
3670.21,480.331,-863.55,3,36,35
16390.7,204244.0,-11854.0,84,457,7967
3738.39,435.357,-485.67,3,36,35
9605.88,20163.6,-850.848,206,157,1113
8509.62,20266.0,138.04,28,143,1203
16739.9,179276.0,-940.838,69,367,7087
8457.52,18354.7,-5287.8,15,146,891
15324.6,71119.0,-6723.0,77,286,2608
13072.8,104858.0,-5664.0,43,301,4340
5228.1,1045.67,-1108.4,8,57,76
5113.06,1990.25,-1862.7,9,77,165
13813.5,85467.5,231.702,55,291,3799
9969.87,42890.6,553.573,31,197,2257
10629.2,23181.0,-5603.0,14,185,1118
12989.2,59808.0,-6158.0,191,262,2973
8357.82,34349.0,-2561.69,31,148,1919
19512.5,411649.0,-9774.61,63,473,14125
13233.8,75232.6,-1726.68,171,262,3211
9496.74,16918.7,-2710.28,26,172,973
15651.2,85918.5,-6472.43,101,301,3369
3750.14,6500.75,53.271,26,68,481
4237.61,6024.98,-415.14,16,68,481
15630.6,88060.2,3329.1,83,289,3710
5061.4,3752.38,-1623.44,41,79,292
8577.6,26682.8,-3073.45,44,156,1364
8428.35,15389.7,1238.9,30,127,802
7277.55,9470.0,-3430.0,92,135,585
5932.79,1075.04,-1516.7,6,57,76
12362.3,73400.5,-4772.58,30,249,3630
18058.0,186285.0,-6082.0,45,345,5963
9348.61,38073.0,-2787.43,38,180,2054
4980.21,2722.07,-849.42,11,65,202
8015.72,19271.0,-2942.0,26,151,1156
9792.06,38553.8,-3618.26,40,180,2054
4402.3,2012.65,897.37,35,75,165
6232.72,7348.94,-1280.52,80,93,545
4466.75,1765.4,-805.46,8,66,164
12494.5,90004.0,-5348.0,46,206,2824
3839.56,402.49,778.48,11,54,28
9760.92,16687.0,23990.8,168,172,973
4656.62,2055.78,-329.41,19,75,165
13621.4,161140.0,-8372.0,47,325,6619
12900.2,83108.9,-4761.34,74,252,3882
20132.0,296405.0,-11414.0,116,508,9831
4389.15,422.353,926.64,20,54,28
4549.51,2247.44,-1430.3,12,71,188
15273.4,88908.5,3068.9,86,289,3710
8478.43,23457.0,704087.0,131,154,1252
9673.83,55039.6,61757.3,50,247,2754
4644.8,2095.73,-87.332,7,75,165
4791.77,2932.95,5.23412,20,71,249
15619.8,102313.0,26111300.0,43,283,3965
8062.49,10776.0,-2598.0,17,125,653
5767.46,5953.76,-452.627,102,85,423
13563.2,99358.0,-8477.0,17,217,2322
7756.67,14031.6,124.9,9,127,802
5295.58,2488.29,-541.15,17,65,202
9427.53,11485.1,433936.0,40,156,654
4018.18,2394.41,-1389.6,30,63,184
3866.05,568.59,-476.29,5,43,52
8450.32,20510.6,1666170.0,126,145,1156
15346.7,158770.0,-10780.0,132,322,6178
4853.61,1692.94,-528.31,7,61,116
14082.5,88327.8,-1022.1,56,291,3799
15865.9,128549.0,-10817.0,234,388,5432
11085.4,78515.0,-5622.0,28,213,3618
4497.45,1001.76,-282.08,28,62,102
3817.94,1430.1,-728.635,160,52,133
4458.42,976.43,-1497.7,14,66,101
8448.06,10812.7,-1442.39,225,139,587
12445.9,74663.2,-1090.11,29,249,3630
7991.06,24754.7,-1865.65,28,156,1364
13742.1,118515.0,-5465.0,44,272,4714
12332.5,92139.0,-2720.0,50,228,2608
5676.23,3653.0,-951.0,24,75,187
7735.01,11403.3,-2038.12,200,114,689
6686.11,10381.9,50373.1,31,109,689
4055.36,5888.0,-1044.0,20,68,481
23234.2,355689.0,-15365.0,135,550,11581
8610.58,25101.9,158236.0,24,157,1519
7861.45,9484.29,-880.343,212,107,517
8921.57,26722.0,-2185.0,26,167,1511
9119.92,30266.9,-1248.87,27,132,1513
3499.45,604.177,-187.12,15,43,52
4993.51,2882.23,-790.113,105,67,224
9218.76,11176.1,69070.2,131,156,654
15801.0,158064.0,2348.7,125,310,6737
13790.9,86104.0,501.366,57,291,3799
3804.38,1210.96,-831.06,9,55,88
4197.66,2294.32,-803.21,5,63,184
6562.26,7411.64,2244870.0,8,93,545
14556.2,93967.0,-6772.0,55,291,3802
11173.2,52682.4,-4461.51,125,224,2192
4192.1,1529.7,-793.78,4,55,133
6262.63,4889.26,-1851.6,13,87,322
3692.51,502.64,-317.92,10,43,52
16718.4,221894.0,-1735.48,60,336,8195
8032.19,9425.23,-2333.24,203,130,490
13977.2,77663.0,-2116.68,40,248,3630
16626.4,259665.0,-438.882,123,346,7851
15575.9,159213.0,2604.2,116,310,6737
17325.9,140899.0,-7189.61,56,321,4630
8526.17,11947.3,-1004.07,111,136,619
17707.8,111708.0,-4366.0,26,280,2398
4806.32,1735.39,-1265.3,4,70,131
18643.7,148006.0,-5895.61,323,449,5537
12581.1,49348.0,-2888.07,34,262,2394
11870.5,54665.1,-3563.9,50,220,2461
3692.77,447.607,-901.65,3,36,35
11812.4,78725.6,-742.766,35,252,3882
5472.64,2893.51,-914.33,6,65,202
9748.78,25705.4,-2004.72,27,174,1415
3913.73,1455.22,-789.979,159,52,133
3305.37,390.523,717.55,11,54,28
8620.68,25475.6,-1480.84,122,157,1519
8746.27,10403.1,3698.07,133,139,587
15030.3,252506.0,-3294.56,102,346,7851
11615.8,42959.5,-1064.64,147,223,2059
12672.6,69793.0,-8708.0,79,267,3214
14761.5,98479.9,255856.0,55,294,4249
12527.9,129817.0,-7535.0,118,258,5414
5171.82,3359.93,-1783.6,21,70,205
8821.15,13954.7,-2100.72,118,170,771
10239.4,36923.8,142523.0,34,196,1997
6355.39,5309.38,26121.8,10,99,321
11871.9,54018.3,-1258.2,46,220,2461
13209.5,59815.4,-1434.02,170,223,2822
3901.73,408.571,1017.1,11,54,28
13016.0,104152.0,-7152.0,85,309,4431
16102.1,99595.3,-868.214,54,283,4064
7879.03,9384.0,-2787.0,80,129,585
12114.1,36675.4,-1850.34,203,225,1755
25427.6,332920.0,-14495.0,117,568,10263
9137.18,17176.1,-3688.52,94,183,931
6904.21,6044.0,-2426.0,19,100,249
5249.57,3344.67,-2065.2,21,70,205
9231.22,37875.8,4595.61,40,180,2054
17334.1,218754.0,-11327.0,113,421,8088
13800.3,44239.2,-5786.69,214,278,1938
14287.2,96400.0,-5843.0,62,284,3221
20444.7,192110.0,1867.8,247,403,6746
19868.1,277051.0,1312.76,296,420,9137
12392.0,111222.0,-7546.0,40,310,5318
11964.5,42689.1,-6271.47,71,254,1873
8865.65,4809.1,-1213.57,102,131,271
4065.06,2115.71,-1711.7,5,63,184
20726.7,232557.0,1294830000.0,253,537,8350
4951.37,2753.8,-389.945,101,67,224
4024.63,738.689,-365.84,16,58,43
6582.94,4110.88,306.02,25,100,294
7767.81,9344.89,1051.8,15,130,515
20599.5,244621.0,-4742.44,285,540,8870
5066.66,3140.48,528313.0,164,71,249
5881.05,1093.32,-1480.5,6,57,76
9912.66,25946.0,-3086.0,50,185,1522
8319.88,13655.6,-790.332,271,170,771
7887.28,10418.4,-2766.24,168,135,587
7010.74,12617.0,-2131.05,141,123,726
10514.1,26909.3,-1952.05,147,172,1412
13495.4,61153.4,34639.8,35,247,2754
7376.19,11276.0,-2301.87,93,114,689
8989.46,13687.2,2701630.0,103,148,729
4640.94,6227.93,-306.8,21,67,481
5887.64,1091.13,-1666.3,6,57,76
13194.4,76203.0,-1830.74,159,262,3211
4647.35,2265.19,-543.18,11,61,184
11665.4,77233.4,4543.4,155,252,3882
4028.1,2238.96,-1624.7,10,63,184
14054.7,142767.0,263.961,313,308,6057
4130.77,1220.39,-838.03,11,55,88
6419.96,7038.58,-332.57,15,109,432
11807.8,54139.1,-723.25,46,220,2461
9665.06,27591.9,-3099.91,103,166,1414
10980.9,48664.3,-1234.25,90,190,2118
8326.88,8862.04,1295.1,37,144,553
4674.61,2080.81,195.22,25,75,165
12292.3,46748.0,-2193.42,146,223,2059
13127.4,62191.3,4021.9,66,279,2979
7465.55,8661.5,-906.723,8,95,543
8253.66,22740.0,-1810.0,23,138,1206
19805.6,406716.0,-1024.42,92,459,14125
12839.1,42262.2,1667550.0,42,278,1938
18840.3,249151.0,-8689.0,79,419,9684
3607.22,569.772,-456.2,5,43,52
9157.23,36264.2,201047000.0,40,148,1919
4728.49,6485.31,625.4,10,67,481
4125.07,1627.54,-416.77,8,61,134
11077.1,39209.7,150496.0,205,193,2118
4416.43,2889.75,-85.509,15,65,202
9722.27,38010.5,2637.84,49,180,2054
4189.35,2497.67,-760.35,19,63,184
7040.19,5595.22,-897.746,11,99,321
3375.61,707.225,-297.57,6,31,53
13766.3,86648.3,-3719.03,46,291,3799
3810.43,1194.91,-1024.8,9,55,88
9602.51,21828.5,1647.42,100,182,1212
9661.37,26820.4,-1912.32,115,166,1414
8896.23,9607.5,-1327.59,195,138,554
5348.74,3726.6,-1231.6,8,89,249
13860.2,57569.2,4384.09,83,305,2610
8765.15,12739.9,636.639,123,136,619
8559.84,16042.3,-1594.7,48,160,976
4750.37,2223.64,-82.516,20,75,165
10744.1,24244.0,-2320.27,115,166,1111
11975.7,37383.5,-5351.14,163,225,1755
8409.31,7720.0,-2625.0,28,144,430
4333.31,2114.19,-1194.8,10,71,188
9739.63,40071.0,74963.2,114,207,1995
18363.6,213573.0,-10076.0,247,388,7708
3831.44,642.678,-482.11,24,50,42
4167.7,2608.0,-1252.3,17,65,202
17856.4,132453.0,-6845.0,69,324,4068
25489.3,546061.0,-17055.0,58,609,15345
5843.48,3206.0,-2098.0,18,78,222
9587.41,11931.6,-3225.26,68,156,654
3981.22,694.733,-173.52,16,58,43
6021.68,2764.75,358.29,14,81,169
3681.56,507.613,-648.94,1,36,35
13326.0,118648.0,-6901.0,57,307,5214
8938.52,16840.0,-591.457,22,142,844
4630.05,2218.61,-1597.4,11,71,188
7392.12,14960.1,23500.5,120,134,970
7184.42,16800.1,-2045.2,17,125,1014
4138.71,6236.25,97.103,25,68,481
15062.9,59253.5,-1552.2,127,215,2188
7743.17,14672.4,61989.7,50,131,971
17109.9,159410.0,-170.456,203,352,6744
9972.31,22175.0,-4675.0,33,184,1210
12012.7,78160.2,-921.203,57,272,3539
7052.37,6453.29,-460.932,162,108,428
11571.5,56056.1,-1624.57,169,209,2967
4562.94,2876.13,-728.36,20,65,202
9052.91,16973.9,1067860.0,44,133,890
8558.2,26644.7,-1608.5,31,156,1364
22442.2,579250.0,-13452.0,36,496,18065
4291.3,2098.96,29.905,20,75,165
12950.5,74374.4,-1207.53,27,249,3630
16748.3,185838.0,-7232.0,176,379,5975
4199.01,1545.48,-720.79,4,55,133
11573.6,56791.1,-1678.05,19,209,2967
16033.8,164568.0,-779.863,51,320,6391
9172.51,27400.6,-3462.0,124,166,1414
14444.2,306659.0,-8860.0,56,362,12482
3940.39,2434.21,-717.36,17,63,184
4597.79,2861.46,-1321.44,119,77,244
14067.0,98965.0,-110.72,176,273,4429
10025.5,38645.1,11311.6,27,193,2118
4634.78,1504.75,-1030.7,6,70,131
9627.71,25278.3,-1542.38,34,177,1313
4043.55,2250.65,-651.63,25,63,184
7320.87,12508.6,-769.851,13,123,726
14816.3,86809.5,-3626.91,108,301,3369
6399.88,4017.29,-1369.7,12,100,294
3527.15,510.667,-668.95,2,36,35
9114.07,30118.0,-4620.0,144,184,1632
5228.53,4344.16,-1036.93,14,72,340
5588.16,4745.0,35705.7,21,85,343
13663.4,89679.5,527509.0,214,254,3885
4700.56,1436.27,-333.088,76,51,102
22863.8,515394.0,-4901.8,346,540,18067
3730.11,565.707,-793.15,5,43,52
3336.26,651.491,144.07,3,31,53
4150.09,2383.59,-1158.7,21,63,184
5747.19,5179.7,-1588.3,21,99,372
8527.11,11952.0,-3472.0,16,140,694
10984.4,39558.2,-344.052,30,193,2118
6052.78,2548.54,185.08,8,81,169
3874.28,556.221,-487.07,6,43,52
11664.2,41027.6,-1624.05,50,193,2118
8670.01,19884.4,-3026.11,124,151,1023
4071.11,2291.35,-694.55,28,63,184
8578.11,13484.5,10.546,103,148,729
8261.03,40097.0,-4084.0,18,164,2118
12714.0,84900.1,-3850.7,71,289,3710
5836.0,4274.55,187.3,20,100,294
4352.67,6300.39,222.8,36,68,481
8157.84,8741.37,650.93,42,144,553
8221.94,8662.34,1795.6,31,144,553
11690.3,95094.0,-4200.0,55,245,4709
8486.58,26606.1,555.024,135,156,1521
9755.31,7573.0,-3094.0,75,135,483
4808.61,1570.7,-1806.3,5,70,131
3745.13,2166.16,-471.436,3,43,161
7370.24,9009.24,-1310.55,182,107,517
13889.3,48580.6,1045.28,117,215,2188
5037.41,4040.55,-1238.4,11,85,346
5344.2,5608.25,-1569.2,5,89,425
8476.63,9979.96,-2214.67,95,123,621
4473.92,2864.84,-251.07,26,65,202
5988.36,5162.87,-1073.7,11,105,371
13633.8,51912.6,79210800.0,217,288,2334
10369.6,30459.0,-4606.0,65,203,1578
4517.98,547.113,324.62,23,65,35
9926.53,42840.7,-926.332,30,197,2257
9225.19,20444.4,-1684.3,161,163,1162
9804.86,27057.2,5856.89,143,172,1412
12462.7,109412.0,-5505.0,21,284,4617
4468.1,521.889,202.67,22,65,35
4811.97,2943.04,-857.26,20,65,202
12240.8,40942.0,-3497.0,140,234,1756
4291.21,2959.31,-790.51,29,65,202
12829.4,80169.9,305188.0,44,272,3539
9676.13,37541.1,140746.0,51,180,2054
8098.6,20541.8,817.74,40,143,1203
4051.43,2229.47,7284.56,177,54,165
15464.8,193473.0,-4885.96,42,286,7322
17759.7,145361.0,-10407.0,58,426,5536
6881.28,7201.14,352294.0,19,118,426
5730.09,5212.62,-1741.4,17,99,372
5676.26,5086.94,-1558.81,11,99,321
9469.83,26534.0,-3281.0,47,181,1362
3371.17,664.668,34.604,4,31,53
3864.15,6384.22,85.797,22,68,481
4160.26,2518.21,-448.83,27,63,184
6039.14,5266.13,-1076.4,7,105,371
9930.65,30500.2,-1150.54,37,171,1747
3890.27,433.61,1375.7,11,54,28
4267.25,2670.47,-754.74,21,65,202
11076.9,51367.4,-1213.5,138,209,2534
5945.46,7186.24,37686.4,79,93,545
4718.22,2948.82,87516.0,153,71,249
7971.15,10921.5,149644.0,124,124,588
9371.05,12478.6,-1039.73,101,136,619
8646.8,25501.5,-1840.78,31,157,1519
6570.66,5513.64,-1419.72,14,99,321
6777.74,7819.8,-3155.5,13,117,427
16996.0,141338.0,-9108.0,240,349,5114
18108.7,246750.0,-13905.0,297,424,9398
9329.26,10397.8,-2221.09,98,154,587
4131.75,511.644,276.37,26,65,35
7959.39,24911.0,-3279.0,28,146,1308
9982.57,20530.7,-1237.46,28,157,1113
10805.2,59672.0,-5679.0,194,257,3052
12091.4,54780.2,5960.2,57,220,2461
7854.81,11632.8,168509.0,213,114,689
6285.74,9889.0,-2219.0,28,115,584
14891.3,91022.7,10962.4,278,254,3973
6878.45,7844.26,-2955.6,12,117,427
6168.59,6306.2,-2331.5,15,108,424
3984.9,585.857,-584.37,3,43,52
7434.39,11142.4,60750300.0,93,114,689
11456.3,38863.2,-1261.08,32,219,1875
5845.64,5290.44,-477.518,18,85,343
7918.87,11705.6,-912.466,58,128,693
5025.01,1562.95,-1144.9,5,70,131
9423.58,38723.0,-4931.0,148,182,2054
3383.25,668.202,144.65,7,31,53
4921.19,2771.79,219128.0,105,67,224
8969.97,17246.8,-2665.96,27,142,844
13391.1,46894.3,-1078.65,183,273,2061
6136.31,8040.67,-3683.8,4,106,549
26414.4,757543.0,-15116.0,90,629,18498
15366.9,86801.8,1133380.0,99,301,3369
3508.71,666.28,53.708,2,31,53
9837.61,32873.9,-205.667,123,176,1922
11559.0,36283.2,90520.0,45,205,1751
4240.58,2524.36,-982.526,183,59,165
8259.91,8825.87,1468.6,35,144,553
5807.84,1074.04,-1493.1,8,57,76
5655.68,7194.39,-1081.23,8,93,545
14360.7,47885.5,8088300.0,134,298,2196
7483.49,10115.6,-1922.25,90,123,621
19067.1,199373.0,-1768.32,157,390,7459
3575.69,564.226,-616.98,5,43,52
5045.6,3799.0,-1854.0,9,75,268
6089.14,1125.78,-1100.2,6,57,76
7758.04,14186.1,-483.13,10,127,802
4120.8,675.815,-738.94,22,58,43
19409.6,145465.0,-5738.0,51,358,4435
5632.91,3696.66,-1192.72,19,85,269
8734.96,12236.9,-630.093,30,136,619
15518.2,74675.6,829.521,259,336,3302
5403.09,4038.14,-1340.5,11,85,267
3163.07,1268.41,1299.92,2,40,100
4484.12,6236.23,-281.63,15,67,481
12825.8,29651.0,-7068.0,16,260,1416
8157.24,25093.0,-1704.0,41,150,1463
3841.6,1209.31,-739.99,9,55,88
10402.3,20666.9,-1142.9,34,157,1113
7220.87,9278.52,-179.36,88,138,554
8206.92,4903.0,-607.0,17,107,271
9904.18,27555.1,-3415.16,68,194,1521
13553.7,87285.8,5547.94,54,291,3799
13348.6,140351.0,73.7607,279,308,6057
4158.61,706.663,-963.33,16,58,43
8200.57,27185.3,-3519.91,89,166,1414
8268.24,20405.6,174.48,37,143,1203
6962.54,4087.83,-1346.11,9,101,249
4325.81,2127.97,-964.3,4,61,184
4145.89,710.378,-516.29,16,58,43
3829.75,1187.38,-624.56,10,55,88
5989.83,7385.73,-774.849,79,93,545
8648.61,15678.0,-3176.0,77,125,889
3683.64,500.551,-826.22,2,36,35
5986.43,1842.23,-1240.63,8,84,136
9604.15,42454.6,-379.68,52,193,1994
8220.32,21417.2,44338.1,211,145,1156
4090.85,2697.36,-332.8,30,65,202
20903.6,169923.0,-1994.87,343,449,5537
14035.6,147429.0,-801.425,264,308,6057
10574.9,19986.0,-904.094,20,157,1113
5712.81,7597.69,-365.99,11,99,583
16284.7,129857.0,-7704.0,208,349,4074
8823.89,17231.8,-2587.33,14,142,844
4625.6,1582.41,-1073.8,5,70,131
8830.5,16078.9,-1137.69,117,160,976
5794.74,3934.92,-6.3567,17,100,294
14236.5,78718.8,2542.19,87,320,3466
5013.09,2798.99,-1647.2,120,77,244
10601.2,37789.2,-3248.6,28,235,1818
13464.5,61815.7,-771.361,20,247,2754
4328.99,2728.26,-1260.9,30,63,184
6641.18,9643.61,2204.0,23,115,547
7131.26,5818.22,-560.41,18,105,371
4462.17,2552.41,-843.23,9,72,205
5822.28,2221.86,2536.2,27,82,185
21535.1,231460.0,48555000.0,279,537,8350
6697.3,17203.5,-2316.3,7,128,1065
12457.3,37218.4,139516.0,145,225,1755
7643.61,14512.7,1175.64,21,120,809
4208.24,2713.37,-722.35,22,65,202
9036.04,35318.1,17604600.0,83,148,1919
16375.2,178434.0,233984.0,261,367,7087
10793.2,31955.0,-1947.83,133,203,1580
19311.8,272587.0,4013.21,297,420,9137
7960.82,10072.7,-1260.42,87,123,621
15862.6,106705.0,-7445.0,57,319,4157
4143.75,1680.35,-534.14,6,61,134
5568.49,2898.73,-760.9,7,65,202
4564.1,752.606,-99.606,13,56,61
4880.61,1417.65,-1473.95,42,71,103
4446.18,1986.1,514.06,20,75,165
24472.1,254469.0,69801.4,300,540,8870
12212.3,39348.0,-4955.0,19,238,1875
9290.32,17583.9,-731.269,193,133,890
11363.1,69496.0,-5105.01,198,247,3373
3968.61,2489.61,-591.63,20,63,184
7854.13,9395.96,-1990.77,183,135,587
5300.64,4295.64,-998.341,18,79,317
16035.6,153244.0,-8096.0,113,336,5421
15332.6,102341.0,1249410.0,60,283,3965
4896.98,2882.67,-572.074,155,71,249
3800.44,439.548,-590.99,1,36,35
7733.65,10949.9,-2135.51,129,156,654
8694.47,8146.0,-2647.0,31,133,426
12509.3,75831.0,-5825.0,48,288,3296
4159.14,6102.57,72.403,14,68,481
15577.9,166361.0,-1372.52,37,320,6391
4235.43,6133.69,223.03,15,68,481
10208.0,20072.7,14626.8,32,157,1113
9966.46,30767.4,-1863.05,35,171,1747
7093.75,12571.0,-3620.0,286,131,764
12235.2,53660.6,-3279.56,127,209,2534
7824.71,6349.0,-4205.0,41,125,399
5900.36,1143.37,-1080.0,9,57,76
9750.28,28383.3,-2804.8,165,158,1403
8787.76,21769.9,-1752.45,110,166,1111
3747.66,553.759,-569.28,6,43,52
6186.84,3642.0,-1579.0,37,85,205
5308.76,3701.92,-1268.1,9,89,249
7183.7,4051.75,-1338.78,85,101,249
13088.0,86003.6,-2066.43,216,247,3711
12807.4,56618.0,21780900.0,170,209,2967
13711.7,77560.0,-5732.45,243,336,3302
6439.44,3630.06,836.47,19,101,206
3391.79,1396.43,-621.404,1,40,100
5056.07,3732.65,-1157.1,20,82,289
3997.13,406.595,899.07,11,54,28
6203.3,1874.93,322.769,71,84,136
7277.64,10842.8,-1127.43,83,114,689
14747.5,86891.0,-3507.0,49,305,3221
14994.8,91637.0,-8839.0,243,302,3711
4094.24,2313.06,-1137.2,25,63,184
4347.17,2501.72,-617.09,24,63,184
5479.96,6157.0,-2741.0,6,97,395
12604.1,80613.6,-6257.1,45,272,3539
20672.5,251685.0,28269.7,289,540,8870
6509.19,11541.7,-129.01,149,111,651
8281.01,9036.61,2460.3,43,144,553
6032.74,5314.12,-1272.6,6,105,371
11434.9,40505.0,-5947.0,90,190,1754
3761.27,473.604,-775.3,1,36,35
9981.42,28499.0,-4789.0,78,174,1418
8883.99,21712.6,4019350.0,119,139,1108
4479.41,2317.16,-891.12,3,61,184
18598.7,182731.0,-10307.0,172,356,5539
10092.6,22831.7,-3806.67,152,173,1064
4147.98,2175.3,234383.0,183,54,165
8161.05,8879.9,1879.9,34,144,553
8532.63,9878.49,-2772.26,32,135,587
4783.92,1992.91,-953.11,9,75,165
5175.0,2844.16,151.955,106,67,224
22976.7,517023.0,-4424.43,135,540,18067
7543.15,8966.3,177.98,12,130,515
11223.7,91969.0,-4929.0,41,230,4241
9713.35,24778.0,-5033.0,16,171,1209
11939.3,60418.9,-5460.69,36,247,2754
15479.0,100836.0,-2921.25,41,281,3974
4530.01,744.725,-104.98,12,58,43
8528.65,21168.9,908.614,116,166,1111
4530.51,2211.83,-1526.5,12,71,188
4297.62,1929.38,66124.8,113,66,166
4051.67,673.15,-197.28,17,58,43
6060.66,4200.95,-336.93,26,100,294
22638.3,515158.0,-12139.3,335,540,18067
9866.12,25865.2,-527.27,23,174,1415
13056.9,65329.1,4503.7,42,279,2979
12151.2,61111.6,365.241,185,240,2751
5130.97,3017.19,-2038.5,5,65,202
9365.9,17239.7,-3406.89,69,183,931
8531.47,33868.0,2376.64,24,148,1919
8281.05,26399.9,-3821.98,127,172,1412
9936.06,36688.1,-3600.28,28,196,1997
13788.3,91307.9,-2004.89,226,254,3885
7583.55,9232.18,599380.0,199,138,554
4482.41,1010.35,-218.57,28,62,102
15533.1,93490.0,-7554.0,184,337,3803
8545.66,14511.3,-1645.03,94,140,845
6375.17,5088.48,-1059.25,67,86,367
6247.34,5217.44,-522.416,12,99,321
7128.12,4059.86,-1458.58,85,101,249
10738.6,48380.0,-6093.0,18,220,2325
10945.4,61284.0,-6007.0,41,282,2834
5274.63,2835.93,-1566.19,115,77,244
8215.99,13760.0,-3231.6,118,170,771
5865.16,13161.7,-1590.2,15,103,883
11513.6,73446.0,-4440.25,28,249,3630
7804.3,13305.0,-3365.5,2,125,694
5138.51,2901.16,-669.31,19,72,205
6444.09,7412.65,-1350.08,78,93,545
11082.8,26718.6,81117.6,108,214,1469
13088.1,81948.6,4294090000.0,145,252,3882
9576.34,37831.0,711391.0,52,180,2054
3711.86,2121.08,-473.855,4,43,161
15079.7,252014.0,-4455.47,102,346,7851
13094.1,52051.3,-2744.55,239,288,2334
4559.77,992.468,-1590.6,6,57,76
3502.48,524.88,-438.29,14,43,52
4629.0,544.51,-101.16,22,65,35
14463.0,68423.7,55006000.0,156,325,3143
5577.21,5402.0,-1431.0,10,90,371
15520.4,67806.0,-7176.0,389,274,2685
7104.27,6135.0,-2525.0,4,85,291
8137.2,13040.9,-1741.3,77,132,806
4336.05,500.337,242.43,23,65,35
3447.27,598.713,-519.54,16,51,45
5245.03,4334.44,-769.47,13,85,346
4996.28,2740.69,-1622.2,10,72,205
10006.6,37561.6,-1127.46,40,196,1997
8618.55,20108.2,4903.5,106,163,1162
8849.14,9807.59,-1382.01,177,135,587
5819.35,7217.49,-1335.51,80,93,545
4268.95,6239.8,-118.76,26,68,481
4483.78,576.316,410.56,22,65,35
8939.43,26219.7,-1117.44,32,156,1364
17376.3,101858.0,-8351.0,50,322,3634
8911.93,16361.3,-1126.81,113,160,976
16487.8,165073.0,338624.0,60,320,6391
5920.95,4079.0,-1215.0,8,97,293
5475.86,4667.89,-1022.2,18,85,346
10515.0,37261.0,-3624.0,29,199,1752
11545.7,32268.3,410.419,112,203,1580
8877.82,18059.0,-2321.0,22,153,1019
3814.48,493.803,-881.79,1,36,35
3508.79,699.182,273.38,3,31,53
15546.2,219097.0,-10307.0,60,380,8329
13660.3,68701.3,3411.34,161,325,3143
9502.65,25281.7,8665470.0,131,172,1412
5064.62,2087.7,-706.59,3,75,165
4597.44,1601.17,-1487.7,5,70,131
6486.52,8158.07,-1171.0,14,108,549
9150.37,37602.5,-1513.06,39,180,2054
4555.43,6296.17,324.91,21,67,481
18976.2,230614.0,-13379.0,155,356,6747
10847.9,65821.0,-3592.0,33,223,2535
10487.1,43054.3,-330.61,149,197,2257
13252.2,75361.1,-5256.75,180,264,3217
8617.78,9246.76,139622.0,170,135,587
4234.8,2588.96,-1235.3,11,65,202
7179.84,7190.88,-2401.51,72,118,426
6317.05,4172.27,-431.03,21,100,294
6886.39,6638.43,-917.901,5,95,372
5734.26,1139.79,-1485.6,3,57,76
6086.77,11574.0,-590.481,32,105,765
15193.8,78093.7,1551.32,262,336,3302
6831.03,7836.74,-3048.8,11,117,427
6759.73,8870.42,-1735.5,19,100,551
24602.5,243380.0,20548.5,267,537,8350
11581.8,31397.8,-2190.15,120,166,1111
4262.21,2540.59,-429.26,21,65,202
4097.6,1175.23,-634.98,9,55,88
18079.4,148302.0,2808100000.0,102,362,5847
10896.5,15385.0,-5280.0,66,207,812
4532.46,533.11,567.38,21,65,35
8149.42,20544.8,1466.2,38,143,1203
12082.4,33620.5,1455.6,49,210,1213
16665.6,145793.0,2021.2,311,362,5847
5695.48,8022.71,103.4,24,99,583
8313.41,9194.25,1132.9,39,144,553
10160.7,33891.3,-662.554,109,176,1922
15745.8,99426.0,-6255.0,56,321,3630
4715.16,6568.31,-99.615,13,67,481
9598.17,39723.8,287744.0,127,207,1995
13764.5,85323.3,-6534.62,103,301,3369
7387.5,5728.99,-1308.59,48,79,292
11448.0,103044.0,-6929.0,66,249,4907
4964.65,2619.82,1325360000.0,106,67,224
8728.23,15888.4,84454.7,115,160,976
4573.16,2227.73,-917.87,12,71,188
5772.27,2920.62,-807.19,5,65,202
7699.35,9600.31,-1637.69,15,123,621
8564.52,11975.9,-2008.02,118,128,693
6261.41,4813.83,-2198.8,15,107,319
12103.9,36819.4,-2113.16,204,225,1755
20556.8,277116.0,1695.64,297,420,9137
23689.8,260378.0,80486.3,300,537,8350
12979.5,84866.0,1351590000.0,0,252,3882
7374.56,14058.0,-3342.0,91,125,769
6333.84,4964.98,-2047.0,14,87,322
7837.59,23576.0,-4362.0,31,138,1309
6314.28,8367.77,-1760.04,219,98,520
7943.07,11931.0,-2090.0,31,131,805
14720.6,86147.6,-1198.27,75,291,3799
4038.14,660.999,-556.16,10,58,43
13060.2,76422.7,-2671.61,182,262,3211
12103.1,41856.0,-5536.0,90,236,1878
5857.14,5353.0,-1969.0,22,93,368
14618.9,102008.0,-26.124,176,281,4061
13911.7,98260.8,6401520.0,214,281,4061
6829.83,4835.43,237659.0,176,107,346
7164.4,9935.01,1275.0,16,115,547
16048.1,161045.0,-6952.78,242,352,6744
3943.75,1562.64,-682.33,9,61,134
9442.28,12336.9,568.84,27,152,693
5551.23,7812.44,-1153.2,13,99,583
6067.93,7042.8,-26.0263,170,93,545
6636.54,5534.81,-678.123,9,99,321
12157.6,69196.8,-4210.09,197,247,3373
3516.71,693.604,-312.39,4,31,53
12767.1,62532.0,-5142.0,43,214,2460
8159.45,8647.93,1962.2,40,144,553
13869.8,104839.0,-6957.0,66,278,4427
4371.09,2363.66,-210.97,37,63,184
4846.9,1930.81,-506.11,4,66,164
9397.0,27281.9,-437.398,167,158,1403
16094.5,153002.0,-10387.0,185,400,5535
21048.5,414830.0,-9634.13,69,473,14125
15662.3,173536.0,-7156.0,53,328,5633
13278.7,99579.0,-8949.0,182,281,3971
9061.37,11721.4,26871400.0,53,128,693
3254.98,586.628,50.816,3,51,45
5487.97,2498.05,732.9,4,81,169
14760.5,70045.0,-5125.0,100,243,2675
3720.46,517.487,-926.09,2,36,35
4632.46,2233.0,-1032.0,16,67,135
5800.5,1124.31,-1383.1,10,57,76
4803.09,1988.45,-628.94,3,75,165
7328.6,17992.1,-1486.5,10,128,1065
9573.5,30261.6,-757.785,208,171,1747
17719.0,189517.0,-10948.0,199,336,6519
13709.8,46938.9,184.527,173,273,2061
12808.0,55884.8,-781.28,47,220,2461
6587.84,4806.37,74838300000.0,57,86,367
3658.31,581.635,-51.23,15,43,52
5972.9,1757.02,14578.3,69,84,136
3897.49,769.904,-2055.8,13,54,64
3523.27,722.053,-213.44,6,31,53
4102.74,1632.58,-608.39,8,61,134
16212.5,137469.0,-10837.2,338,449,5537
12473.6,58068.7,1195940.0,189,223,2822
5887.27,6285.0,-1923.0,27,92,426
8079.99,14512.4,-139.55,34,127,802
5000.84,1426.94,-72.236,34,64,116
5543.15,1991.58,-1323.1,9,77,165
6002.79,15037.3,-2444.3,16,125,1014
13183.2,100276.0,-6767.0,129,259,4533
4923.05,2080.49,-536.21,20,75,165
6104.34,5206.16,-1169.7,8,105,371
3623.97,429.631,-520.2,1,36,35
5581.08,3130.45,-1298.0,10,94,224
6497.42,7389.39,-1255.64,80,93,545
14734.9,138679.0,-8991.0,46,346,5743
3482.78,693.145,228.59,6,31,53
12630.4,75387.0,-1466.87,26,249,3630
8647.83,8825.84,1875.5,46,144,553
3591.71,575.645,338.42,13,51,45
21309.3,308967.0,-11106.0,99,487,10388
5093.69,3131.83,-2411.7,4,65,0
4304.43,966.29,-669.92,4,55,88
10539.0,18619.5,-1436.68,149,141,850
4415.88,2274.84,-625.88,14,63,184
3947.17,1194.55,-894.29,9,55,88
9114.71,27037.8,585.934,170,158,1403
4906.62,2991.0,-915.0,6,81,246
5586.83,4599.62,-1310.5,15,98,294
4742.57,6894.69,133.35,24,68,481
5944.87,7875.36,132.28,37,99,583
5744.43,4134.41,-706.101,7,88,318
20625.3,171233.0,-6360.77,331,449,5537
10144.2,35097.8,-2305.62,196,208,1691
13503.9,67884.5,-2257.26,101,224,2192
4412.64,2580.85,-1203.7,21,65,202
13325.9,41605.7,15332.8,48,278,1938
7409.18,9866.0,-2098.0,15,117,617
16651.0,137020.0,10087.7,305,449,5537
5583.73,3336.38,-864.073,156,71,249
4422.8,1088.94,-1120.6,20,66,101
11905.9,50151.0,-6717.0,49,259,2538
6979.6,5241.15,7547.6,51,79,292
6914.76,7843.88,-2537.3,11,117,427
5914.98,3670.53,43015.7,24,85,269
4026.39,2043.77,-1676.4,5,63,184
19437.2,236439.0,-11919.0,82,471,7842
27123.8,1179210.0,-18406.0,106,754,32298
3989.63,2331.51,-1173.1,12,63,184
3853.26,2076.47,-1628.1,4,63,184
8022.01,9187.98,-1715.75,20,135,587
14555.5,78627.6,6742.75,71,320,3466
11966.5,38012.1,-1794.62,156,235,1818
5359.34,7336.92,-689.16,12,99,583
9556.9,19728.8,1316.53,23,157,1113
3291.57,690.908,298.52,6,31,53
11475.0,26857.7,-1535.48,51,214,1469
4163.43,2265.17,-1176.5,21,63,184
5794.55,4911.39,-1281.0,19,85,343
7796.91,11653.4,43475.3,219,114,689
8273.24,9274.64,720684.0,32,138,554
13544.3,52729.0,2599.74,60,288,2334
15618.4,89207.3,3404210.0,160,296,3464
5050.58,2711.89,-1175.2,8,72,205
9628.76,29902.0,-5093.0,98,178,1634
4491.4,1727.16,-509.45,15,61,134
8152.75,26943.4,-112.967,16,156,1521
17910.8,159394.0,-6603.75,101,359,6068
12279.5,60183.5,-5367.28,27,247,2754
3831.68,2178.18,-792.391,51,54,165
7473.08,12570.0,-2212.0,53,124,763
10380.0,18576.0,-3511.0,21,204,980
6991.69,7931.0,-3310.0,24,116,430
6003.05,7519.91,-912.731,99,104,457
11802.3,54361.6,-900.4,47,220,2461
6541.46,7636.17,-2172.84,70,109,486
7296.03,11115.0,-1501.0,28,104,454
3682.48,444.161,-732.84,2,36,35
12092.7,37058.2,-2393.79,162,225,1755
3667.15,498.792,-774.65,3,36,35
10959.1,48336.4,69183.5,94,190,2118
3726.82,1495.86,-1265.0,6,56,114
15081.4,105874.0,-9842.0,195,321,4247
8376.84,15865.5,-1086.94,43,160,976
3437.03,684.055,188.01,4,31,53
10167.5,65616.0,-5438.0,14,217,2976
14761.4,117228.0,-8618.0,43,335,4914
6982.73,7408.86,1079.5,31,109,432
3654.76,408.853,760.47,11,54,28
18517.1,234827.0,-6751.0,73,405,8213
4619.79,2219.99,-1051.5,5,61,184
14297.9,77552.7,3902.08,82,320,3466
22078.4,352313.0,-694.379,274,440,10967
10209.1,17073.0,262653.0,28,172,973
4504.65,2151.7,-1100.7,12,71,188
14720.5,79825.9,810.469,283,320,3466
3500.32,525.753,-313.23,14,43,52
8065.45,15963.0,-3401.0,26,140,974
4266.17,2514.74,-280.19,23,63,184
4964.78,1302.0,-1887.0,20,79,104
3570.34,709.753,146.05,6,31,53
8748.83,16109.0,222341.0,43,160,976
9338.86,17877.3,-1045.44,29,133,890
6352.69,4122.24,-1216.45,82,88,318
6077.36,7612.08,-740.414,97,104,457
9042.45,9906.66,-1278.06,32,154,557
5262.35,3715.56,-17.4439,65,85,269
5640.44,7533.48,-1384.5,11,99,583
17361.0,190729.0,-8823.0,48,284,4627
9490.63,11590.6,-204.448,120,156,654
21580.2,411537.0,-9195.64,70,473,14125
21466.9,280692.0,9664.99,65,468,9276
7334.27,6211.0,-3160.0,47,132,398
3701.47,342.959,1660.8,7,54,28
15609.5,159320.0,3571.7,116,310,6737
9382.42,36544.0,-4093.0,66,158,1524
15631.9,59993.8,1909400.0,123,215,2188
10794.8,57953.5,8873640000.0,243,217,2904
11273.2,52792.0,313967.0,29,215,2394
6172.38,8122.51,-4056.3,9,106,549
16549.0,82127.3,-7541.06,245,336,3302
8878.92,12584.4,25224.3,124,136,619
12863.2,92595.6,27215.3,201,273,4429
7631.11,8944.14,469.24,15,130,515
8891.96,8580.0,-3250.0,18,123,517
6954.85,9276.71,7396.06,197,98,520
19923.2,102294.0,-3680.0,50,311,3384
11731.5,69659.0,-4809.47,47,247,3373
4564.85,2734.02,-1222.8,21,65,202
11571.2,66692.0,-5682.0,47,257,3132
3973.46,762.466,-1665.2,13,54,64
10214.6,38441.0,-5263.0,39,239,1937
8935.89,26402.2,-1268.56,37,156,1364
4244.87,1680.62,-805.2,6,61,134
5065.33,2831.87,-1105.97,117,77,244
5249.37,1914.06,-547.002,172,76,147
9367.09,11926.3,44870.3,89,136,619
5889.15,1693.02,-1401.53,38,71,103
8335.38,10573.4,-746.06,222,139,587
4727.81,552.752,180.54,16,65,35
5549.95,3601.86,144228.0,60,85,269
8292.75,19296.0,-2650.0,261,153,979
4344.84,2242.52,120885.0,185,54,165
7125.17,8593.56,27222.1,137,95,543
20674.6,280557.0,-10185.0,386,471,9276
5398.44,4456.68,-1450.15,19,88,292
4910.79,6712.37,-129.35,23,68,481
4267.01,488.801,446.56,26,65,35
12317.1,49625.8,88525.5,228,262,2394
8010.08,12840.0,-1698.64,77,132,806
16687.2,166749.0,-1145.52,55,320,6391
7971.04,9144.2,645201.0,19,138,554
5130.02,2842.78,-1171.86,120,77,244
6130.52,5306.0,-2641.0,15,113,367
6211.13,7810.22,-1993.2,23,102,517
3678.76,543.22,-782.11,6,43,52
10325.1,26843.0,525601000.0,127,158,1403
6379.4,5260.53,5712.48,6,99,321
7116.98,12743.1,-2108.52,211,108,643
13117.6,37966.9,-1855.44,148,225,1755
6368.01,1900.14,-1104.79,35,71,103
24274.0,272854.0,-692.907,277,537,8350
5113.5,4162.98,-896.452,16,79,317
13244.1,65671.6,3709.1,44,279,2979
9788.71,25824.0,-1117.96,21,174,1415
7656.9,15816.3,-760.564,89,134,970
19286.7,310361.0,-11226.0,270,426,10681
3597.76,375.024,1196.4,16,54,28
14144.8,85650.3,1533.3,62,291,3799
8217.8,29047.0,-3157.0,21,146,1633
6166.77,6323.48,-2353.8,11,108,424
13757.3,83841.0,-7462.0,27,261,3454
5318.23,4235.72,-1476.12,13,88,292
5648.64,4228.84,-205.766,87,72,340
3893.52,1168.59,-400.63,14,55,88
11777.7,69661.4,-4805.48,52,247,3373
5232.31,2473.15,-824.93,15,65,202
13396.7,66210.1,3982.9,36,279,2979
4345.63,6205.88,70.702,26,68,481
3940.57,1448.03,-816.983,159,52,133
23754.3,334898.0,-10131.0,309,498,10985
6749.24,10426.0,-1457.0,24,114,690
7004.1,20864.3,9883.15,46,139,1108
4427.38,2661.5,-1730.1,9,65,202
5130.02,2999.72,-1962.1,3,65,202
14445.9,124944.0,-11838.0,237,354,4919
16256.0,178398.0,2803.38,72,367,7087
17176.6,161481.0,-6960.22,222,352,6744
4331.49,973.322,-860.26,4,55,88
6118.46,11794.9,-1127.25,11,105,765
6790.39,5341.89,-465.69,51,79,292
16849.1,175870.0,-8587.86,224,403,6746
9796.72,32577.1,1631.49,121,176,1922
14702.1,78989.2,289075.0,164,320,3466
3866.08,1454.91,-822.828,159,52,133
20858.6,346846.0,-11607.0,173,465,11123
6173.11,4143.27,-1455.14,7,88,318
4533.85,2011.18,-580.94,8,75,165
13700.7,90324.1,2110.39,186,254,3885
4154.33,415.616,1138.8,7,54,28
7112.29,12069.9,-852.651,8,105,765
14433.0,53004.6,-1992.19,225,288,2334
12682.0,38214.0,-7171.0,19,162,890
11989.5,46667.6,-4430.48,121,215,2188
9633.52,22985.0,-4130.0,135,183,1163
6027.62,5230.53,-1012.4,8,105,371
8610.14,13176.7,576.051,78,132,806
10109.0,39585.1,-1472.15,56,180,2054
4181.07,1690.51,-486.78,4,61,134
9215.51,20700.1,-3035.58,105,163,1162
4129.12,392.565,1361.0,7,54,28
8491.43,20320.6,-1447.2,174,163,1162
7948.17,9313.94,-2229.78,183,135,587
20872.4,535532.0,-17665.0,246,525,17130
8067.69,32891.7,-848.143,22,148,1919
18227.1,347111.0,-13228.0,90,479,12500
5458.03,3619.66,1414.83,113,85,269
8915.09,30386.2,572.334,29,132,1513
4471.15,2738.09,-1237.7,22,65,202
14948.7,153521.0,3316.5,105,310,6737
8668.52,26652.7,-1596.42,31,156,1364
8601.97,18365.5,-3777.2,15,146,891
16406.0,160923.0,-3663.21,204,352,6744
9617.97,25660.0,-3086.0,26,168,1309
9436.48,39537.0,-892.925,69,196,1885
8592.53,26719.7,-1790.51,28,156,1364
6996.4,10868.0,-1166.0,14,100,656
3947.42,2230.27,-1438.6,16,63,184
3585.13,557.574,-550.08,5,43,52
6549.4,11871.8,-931.923,223,105,765
3647.66,525.114,-94.431,15,43,52
6281.54,3525.59,726.79,17,101,206
16142.7,178948.0,39.2649,281,367,7087
7907.16,10368.0,-2517.0,25,144,619
9619.19,27334.3,-1767.62,178,158,1403
6044.05,1129.25,-1423.6,6,57,76
12765.9,45691.9,91330.3,168,273,2061
18617.7,500511.0,-9292.0,67,396,14634
5084.42,3140.3,-2446.3,4,65,202
8716.47,20154.6,-2442.25,100,163,1162
7386.94,15027.5,63526.2,118,134,970
4153.25,504.513,386.92,24,65,35
5981.19,5357.9,-1239.3,8,105,371
6216.54,4311.31,-1276.4,14,106,318
4717.01,2118.33,246.69,12,75,165
3810.75,564.968,-684.04,5,43,52
12923.9,85868.0,-10960.0,55,307,3717
12750.1,59620.1,-1448.66,33,247,2754
5788.06,4069.44,-563.18,19,100,294
5835.68,7613.26,-1200.8,12,99,583
8027.86,21968.1,373.929,78,139,1108
5562.23,7508.53,497.1,10,99,583
27667.8,543000.0,-14755.0,56,519,11429
3821.09,627.272,-479.01,12,43,52
7952.38,7653.64,124187.0,49,109,486
9566.96,11785.9,-2528.82,231,139,587
17721.4,215958.0,-3083.83,91,336,8195
9630.01,11988.6,2011.7,22,152,693
5111.35,3108.7,-767.07,38,65,202
3793.74,2113.9,-1598.6,17,63,184
8738.73,9762.0,-2121.0,29,127,618
4809.05,2188.87,233.9,9,75,165
7909.79,12621.5,15677.6,115,130,694
10577.3,37914.0,209217.0,32,205,1751
11629.7,62054.0,-4001.0,41,221,2903
15479.2,88925.4,-573.506,94,301,3369
4656.99,6290.5,333.51,18,67,481
7927.3,9051.0,-1792.0,15,107,399
8585.39,12042.1,-1907.97,60,128,693
8059.61,13832.9,-2386.19,45,170,771
6443.01,11925.0,-99.054,8,105,765
5009.37,1510.2,-1491.56,31,71,103
4418.12,2718.47,-1123.8,20,65,202
12024.5,19634.0,-3361.0,86,167,973
4018.0,2093.47,-1992.8,4,63,184
13021.7,57169.9,1143.2,52,220,2461
8866.51,9768.44,-1259.21,86,138,554
9674.35,20600.4,440.353,204,157,1113
4213.91,2216.57,178248.0,179,54,165
4769.24,1971.65,-837.462,113,66,166
16226.9,140698.0,-5579.0,115,367,6066
12003.8,38750.8,703.091,140,235,1818
12390.0,71242.7,14835.7,164,262,3211
7172.02,13343.6,-1002.84,16,96,804
7635.12,11067.0,-2143.0,33,112,653
6215.36,8161.49,-3179.9,10,106,549
10077.1,14797.3,-1352.9,136,143,771
19771.9,383953.0,-8130.0,379,480,13299
8777.57,25502.5,3114.0,22,157,1519
11475.5,59667.0,-5041.08,192,223,2822
4576.89,1036.27,-461.78,28,62,102
11094.7,56177.3,-790.094,29,209,2967
6581.11,5365.43,-643.722,46,96,347
3965.78,6053.76,-307.52,19,68,481
17060.6,190062.0,3735.48,157,390,7459
10787.0,29153.0,-3684.0,22,187,1361
5784.74,7660.14,-1313.15,22,104,457
7299.89,14933.0,-3802.0,50,134,852
8826.07,9467.08,1951.6,45,144,553
5639.09,7112.15,-3282.6,19,92,485
6069.9,3532.0,-2253.0,21,91,204
10121.6,24722.5,48305.9,38,177,1313
6616.55,1947.35,-600.576,21,84,136
8533.25,9710.12,-1003.01,92,138,554
8090.85,14263.0,-1199.43,96,140,845
15890.5,214467.0,-3345.91,263,336,8195
4424.56,6617.68,-613.67,18,68,481
4013.19,2168.84,1575.08,183,54,165
3912.55,751.528,-1928.1,9,54,64
5513.46,4357.15,-789.012,17,88,292
5266.77,2930.0,-2285.0,13,75,187
6883.28,8040.65,-3649.0,11,117,427
9416.5,11584.9,1940.67,125,156,654
14189.5,48760.0,-6319.0,49,270,2001
8270.92,20837.0,-0.13997,38,143,1203
11539.1,47134.5,-1745.35,18,190,2118
7085.99,10422.7,-1246.99,26,109,689
8958.09,35419.0,-3358.0,45,195,1929
6463.28,5279.95,-1071.37,51,79,292
17391.0,145770.0,-9618.0,212,330,5852
17112.5,163709.0,-3430.44,219,352,6744
16615.4,214199.0,13451.7,75,336,8195
13643.4,72357.1,41814300.0,146,262,3211
20476.4,340133.0,-14337.0,358,517,11883
3449.13,677.479,236.93,6,31,53
6679.7,11806.0,-3658.0,5,118,623
3942.83,2175.72,39520.7,183,54,165
7801.29,14032.5,-777.7,13,127,802
10078.0,22357.6,865.48,54,143,1203
7540.5,6903.0,-1599.0,15,130,456
5190.04,3084.68,-757.61,30,65,202
8454.15,8779.41,1323.2,42,144,553
3803.41,471.743,-704.13,1,36,35
3524.45,1437.77,-875.875,159,52,133
10950.3,48556.4,-3654.1,67,190,2118
13190.0,63025.9,2418.0,57,279,2979
18575.1,201322.0,-7278.02,160,390,7459
17293.9,154740.0,-837.294,213,359,6068
10663.3,50974.9,646.103,192,209,2534
7702.83,13270.2,-3181.9,2,125,694
4574.98,1117.24,-1004.4,10,62,100
4480.17,2800.13,-678.88,19,65,202
14664.2,66740.0,-6961.0,58,294,2759
12481.9,47231.0,-6258.0,45,270,1999
3945.16,386.875,721.51,11,54,28
4273.04,2543.1,-47.268,32,65,202
11207.7,48842.1,-2515.17,61,190,2118
5526.45,1115.11,-1052.1,6,57,76
4082.01,2307.27,-945.78,6,63,184
10151.2,34028.9,2845900.0,113,176,1922
7020.62,5357.97,-1389.45,42,79,292
6909.55,8116.0,-3089.0,53,113,490
4705.15,2689.52,-985.55,13,65,202
9807.22,24422.9,-820.917,42,177,1313
6443.28,1793.54,-1052.76,32,70,103
9251.83,29103.4,182184.0,147,179,1626
9717.95,20396.4,-3570.24,43,167,1026
7861.35,33300.2,-690.009,90,148,1919
3546.18,703.329,147.26,6,31,53
5063.16,2788.73,-1395.01,126,79,184
6341.28,8149.57,-1369.8,15,108,549
8479.0,8937.0,-4661.0,66,139,457
14134.7,87218.4,-741.144,61,291,3799
3507.33,664.015,227.89,5,31,53
9584.25,12886.1,-2925.05,96,141,621
8282.57,9436.65,-2572.88,93,130,490
15125.9,59567.8,116.752,152,305,2610
7631.72,13841.4,-2760.01,37,170,771
3885.67,1213.1,-770.59,9,55,88
16358.5,91527.0,-6336.0,133,339,3458
7809.72,12826.2,-658.61,68,132,806
23453.1,267384.0,-10294.0,275,497,6864
12684.5,71866.5,1364.2,56,201,3289
5203.74,2660.59,-1236.4,14,67,186
11533.2,49333.0,-5951.0,173,243,2390
8502.81,21352.0,418.14,38,143,1203
10566.7,37714.6,1737.66,34,205,1751
4062.41,2333.35,-824.91,28,63,184
4363.91,2799.73,-397.01,18,65,202
6342.39,3233.0,-1673.0,18,80,186
4512.17,2675.39,-1171.3,24,65,202
11964.8,56697.3,577.337,152,209,2967
9307.21,17293.5,-3268.73,32,183,931
8880.52,19684.0,-1644.0,33,199,1117
13483.7,90806.9,-1433.78,213,254,3885
22186.5,349754.0,-767.051,257,440,10967
10047.2,24546.6,184.114,45,177,1313
17916.3,217284.0,334753.0,67,336,8195
6072.91,8020.0,-4366.4,9,106,549
3286.05,679.87,238.26,7,31,53
8269.98,33498.2,138.063,101,148,1919
8716.99,10671.3,133062.0,24,139,587
4830.25,2687.32,-711.49,13,72,205
11316.2,60300.0,115006.0,316,217,2904
4243.68,2248.4,-750.49,11,63,184
3566.73,366.455,1476.9,7,54,28
4723.45,1105.79,-224.01,14,62,100
4459.72,974.147,-1265.2,14,66,101
11298.6,27046.4,3949480.0,95,172,1412
11298.3,51873.7,413.03,131,209,2534
4890.35,2859.79,-1267.61,116,77,244
11074.3,58037.9,-905.925,321,217,2904
15896.7,157660.0,2862.8,96,310,6737
8627.44,12469.8,-1818.49,11,117,519
5808.49,12725.6,-1966.3,20,103,883
7531.44,4842.26,-830.1,47,86,205
13149.7,60150.8,-2161.99,25,247,2754
6375.44,4359.0,-133.79,20,100,294
10897.9,41335.7,-3333.76,143,227,2059
12725.8,46391.7,114.02,149,273,2061
13109.7,79772.0,-6111.0,58,257,3629
13845.8,81537.1,23046800.0,51,252,3882
4805.76,1560.23,-1003.8,6,70,131
6685.4,3826.82,-1654.19,7,101,249
4518.06,1038.95,-397.79,28,62,102
4621.33,2010.72,245.9,12,75,165
12551.6,36713.7,-2404.64,198,225,1755
3718.44,546.115,-612.6,5,43,52
14978.8,251972.0,-2992.65,109,346,7851
9308.79,12273.8,345.83,24,152,693
9217.88,12179.4,883256000.0,31,136,619
13570.1,85707.0,-6552.0,164,305,3803
3746.85,529.769,-784.39,5,43,52
6058.14,6389.38,17372.6,86,92,459
5264.88,4357.9,-610.28,18,85,346
10442.2,43119.1,-2140.9,25,197,2257
14226.0,79965.9,-4244.01,256,336,3302
9861.62,25849.3,-618.232,29,174,1415
5200.28,4174.46,-1264.52,19,79,317
9727.42,30552.1,-497.566,221,171,1747
12662.4,45938.0,-4248.0,61,221,1937
4433.33,2669.47,-263.39,23,65,202
17298.7,84357.7,4140.1,69,340,3632
4463.02,6578.97,-708.92,17,68,481
16008.2,157288.0,2598.5,104,310,6737
14633.1,58137.8,-3000.22,141,223,2059
23804.0,370592.0,-13780.0,130,484,10110
6094.49,8143.0,-2117.0,12,87,485
5520.47,2327.4,-286.81,9,75,165
4012.91,2256.9,-155.93,35,63,184
10803.6,37571.2,-5212.79,180,225,1755
11344.7,27860.4,72381600.0,75,214,1469
10962.8,38811.3,-719.496,28,193,2118
20818.5,175043.0,-4553.9,339,449,5537
5828.13,1094.39,-1374.9,7,57,76
11485.2,58283.8,61116.3,165,209,2967
17066.0,62802.0,-8038.0,79,331,2404
34514.9,1242860.0,-17047.0,156,721,28833
22688.9,415033.0,902692.0,61,473,14125
4414.49,6477.94,466.2,17,68,481
9060.89,16635.6,-4433.97,94,183,931
4899.33,6164.34,-463.68,20,68,481
6141.02,5240.85,-953.52,7,105,371
3965.93,2360.56,-1020.7,3,63,184
4460.88,1010.29,-465.16,30,62,102
10795.7,39048.1,12746.3,203,193,2118
6522.05,8153.0,-680.0,18,90,454
9475.18,19701.2,20346.2,136,151,1023
6097.33,5247.3,-850.0,7,105,371
15580.9,101985.0,5844.47,46,283,3965
3474.36,668.526,255.75,5,31,53
8518.37,36193.0,-3697.0,23,175,2055
14195.3,76653.7,172003000.0,245,320,3466
4326.36,693.903,-183.53,17,58,43
5118.8,3130.24,-2660.1,4,65,202
7291.13,9048.55,-1306.57,8,95,543
8794.65,29344.0,-3825.0,90,162,1576
12768.7,51273.0,-5671.0,158,251,2260
14958.4,99675.8,-3668.73,40,281,3974
17825.9,165844.0,-12641.0,65,445,6299
4891.24,2138.2,435.84,32,75,165
9476.38,28967.3,-1024.16,90,166,1414
7622.06,13861.1,-3128.29,40,170,771
5416.6,2091.83,-272.18,8,66,164
4679.83,2207.07,-960.97,3,61,184
22635.9,517543.0,-1624.64,357,540,18067
7448.99,13844.1,566.07,22,127,802
7165.28,13299.0,-4447.0,59,135,770
19941.6,255619.0,-12125.5,290,540,8870
6632.85,4792.76,-1835.3,30,110,294
12733.7,78258.3,83887600.0,56,252,3882
6759.26,17179.7,-2151.0,7,128,1065
5491.12,2099.0,-1320.0,19,81,167
4583.82,1094.24,-1137.6,28,66,101
7389.51,14418.2,-1349.45,91,120,809
5455.44,4350.68,-503.22,16,85,346
3742.12,533.063,-633.0,7,43,52
12782.6,63943.0,-5420.0,57,250,2827
16865.8,182261.0,-6757.0,242,392,7454
17394.8,204870.0,-7639.0,129,381,6198
3672.57,550.968,-440.01,5,43,52
6972.99,13569.2,-3329.4,16,118,762
10938.4,27043.5,-3878.41,40,214,1469
4475.89,6080.43,-719.94,14,68,481
5388.05,3397.3,-740.799,137,51,132
3564.2,579.345,-168.91,15,43,52
4761.73,530.624,76.156,22,65,35
16286.3,144356.0,4778.44,297,362,5847
16691.2,92716.2,21006.4,166,296,3464
8662.3,12063.7,-1212.99,95,128,693
4250.51,6311.16,-296.61,17,68,481
5355.99,2673.0,-2585.0,5,85,186
3874.69,2200.94,-522.072,3,43,161
5820.8,7117.67,-1046.08,10,93,545
16910.5,159964.0,-3743.06,242,352,6744
6969.5,8953.64,-1093.44,6,95,543
20568.5,338746.0,-12336.0,125,442,9536
4368.38,3098.75,-1417.7,9,62,245
15247.4,74358.0,-6678.0,26,255,2394
4991.15,4250.18,-629.85,15,85,346
11318.3,49365.9,401.81,15,190,2118
14326.8,90130.4,117912000.0,224,283,4064
9375.72,33222.0,-2729.63,120,199,1696
7329.38,9343.67,-2208.39,204,138,554
3408.47,705.945,292.75,7,31,53
15831.9,137318.0,530.334,206,279,5626
12867.2,71450.2,11439.1,182,262,3211
10037.4,33637.0,-5475.0,32,182,1575
5830.82,12710.6,-1760.1,20,103,883
6522.77,9105.0,-2560.0,14,104,523
33257.2,610321.0,-15472.0,65,619,15174
5722.86,5990.09,-1338.0,14,89,425
9301.2,0.0,36726.7,131,151,1023
12929.6,63168.0,-4662.0,31,235,2528
6108.19,4971.22,31638.6,67,96,347
5340.28,2896.2,34806.5,28,77,244
18547.2,157672.0,3423510000.0,95,359,6068
12962.1,168422.0,-5754.0,247,294,6505
3884.0,383.628,515.37,15,54,28
4302.68,6791.77,-75.82,17,68,481
6197.29,4288.67,-814.07,14,106,318
3559.55,578.446,-367.7,14,43,52
4472.59,1040.72,-398.04,28,62,102
8930.44,26787.0,-5331.0,45,171,1521
3375.52,656.761,88.028,3,31,53
6923.75,28275.3,-2418.4,11,131,1686
8078.68,9020.79,1044.2,18,130,515
5004.35,3061.5,-227.8,36,65,202
10351.7,20655.1,-114.082,27,157,1113
19429.9,160305.0,-10805.0,75,398,5739
4020.51,2394.93,-1070.4,7,63,184
6159.29,11083.6,381.644,80,102,764
17328.8,160449.0,1501.45,202,359,6068
3781.13,470.578,-775.22,2,36,35
8933.98,12256.1,13836.9,68,128,693
5639.86,1869.0,-2169.0,7,68,89
8939.22,27458.3,222929.0,39,156,1364
14593.5,250516.0,-7562.75,103,346,7851
13492.5,97178.1,891.657,176,273,4429
8148.18,10162.3,-1022.72,204,130,490
6772.75,7659.0,-4207.0,12,109,484
10938.1,38698.2,-1233.6,28,193,2118
7539.77,14413.6,-1327.23,95,120,809
9405.42,37987.2,-1805.97,41,180,2054
22296.5,492812.0,-15125.0,108,531,15693
6729.76,17185.7,-2724.3,8,128,1065
17950.1,163265.0,3166.63,219,352,6744
10145.6,27277.1,17549400.0,163,158,1403
6122.41,5990.0,-3961.0,9,104,374
4027.74,1464.02,-858.046,155,52,133
4537.59,2831.12,-868.72,30,65,202
11780.2,74478.0,-5247.81,26,249,3630
3716.64,526.584,-625.0,8,43,52
6554.8,5975.82,-1604.1,24,99,372
14016.9,122882.0,-6483.0,143,306,4913
3757.02,547.978,-825.41,5,43,52
4463.09,2477.85,-651.09,13,63,184
14863.3,139408.0,1383760000.0,85,279,5626
4604.13,546.767,466.46,23,65,35
4425.32,1097.97,-476.1,6,55,88
7054.54,11442.4,-985.071,150,111,651
4722.71,2946.96,-350.49,31,65,202
13926.2,86483.8,-6.25617,62,291,3799
14163.0,92795.1,-4561.71,210,254,3885
8733.54,44082.0,-5005.0,39,188,2188
5739.59,4171.25,-1243.28,269,88,318
14297.9,53118.0,-6987.0,24,280,2331
18442.9,201498.0,-8407.0,65,369,6292
7942.08,11408.0,-1732.0,33,133,688
8034.59,32928.9,4615.4,24,148,1919
4007.65,704.778,-199.28,19,58,43
4979.52,2235.76,-1602.5,11,71,188
9091.12,28765.2,27.482,127,179,1626
6649.99,4924.03,-1640.5,14,87,322
8041.49,9497.71,-2963.87,205,130,490
14364.2,114310.0,-8381.0,207,356,4923
4407.77,2226.59,89693200.0,186,54,165
4368.8,718.234,-477.83,17,58,43
14151.1,69442.0,-7350.0,143,257,2821
9885.67,28280.6,-1340.43,153,158,1403
12054.3,71103.2,312.064,155,262,3211
5266.67,3725.57,-849.35,7,89,249
5784.2,4771.38,-1096.04,18,85,343
12778.4,55820.4,480.466,142,218,2391
4644.47,2058.39,216.46,11,75,165
4514.89,2335.69,-1160.8,19,63,184
14011.2,143407.0,561755.0,157,308,6057
12966.9,73230.0,-6851.0,179,283,3459
4949.22,1919.7,-644.0,2,66,164
4553.64,2666.68,113.94,17,65,202
13197.1,60112.4,-114.067,34,247,2754
6086.33,7534.57,-1139.99,19,93,545
10223.7,26247.4,-950.675,26,174,1415
11470.5,36243.4,-1382.77,164,225,1755
3964.67,384.47,968.32,15,54,28
5291.58,3202.11,-664.15,157,71,249
6114.73,6360.84,384132.0,122,95,427
10594.2,49133.0,-5776.0,165,218,2256
3504.48,588.751,-264.82,14,43,52
11775.6,73554.7,28423.0,32,249,3630
14258.0,50356.7,18490800.0,73,262,2394
8005.57,20840.5,985.85,42,143,1203
30805.0,637046.0,-14927.0,89,705,14827
6319.34,7808.06,-2082.8,24,102,517
12128.4,73494.6,-2676.61,33,249,3630
11913.7,68754.6,1185.5,55,201,3289
6090.01,8406.31,-2115.4,11,100,551
8550.79,9735.16,-875.006,89,138,554
14320.2,62770.7,-3037.4,124,223,2059
8694.19,35835.4,7074.32,97,148,1919
3820.67,387.668,993.91,11,54,28
4190.98,384.867,1586.0,11,54,28
16817.4,156763.0,-9068.0,183,357,6171
5927.52,8323.19,-803.31,21,99,583
4673.96,2167.77,-379.55,24,75,165
7036.63,7693.0,-2060.0,35,113,516
21610.1,163389.0,-8886.0,77,436,5858
18974.0,186253.0,-12443.0,60,425,6080
9730.09,22845.0,-3462.0,39,214,1025
18753.5,225760.0,-15043.0,204,476,8349
4460.52,1019.29,-1161.0,23,66,101
7868.99,22070.0,765.457,78,139,1108
11250.9,41290.2,-2785.24,157,227,2059
4339.0,537.303,312.01,26,65,35
12244.2,73576.6,-2078.9,23,249,3630
8163.63,12886.7,17887.6,37,130,694
13677.4,60300.4,-1999.63,38,247,2754
10189.7,35571.8,-1407.11,25,208,1691
10320.6,34560.4,-845.196,105,176,1922
9204.66,11260.3,1258.51,37,156,654
10952.0,57558.9,-1312.34,314,217,2904
4968.02,2762.18,-845.623,104,67,224
15517.3,89245.9,3839.3,81,289,3710
33823.3,1386580.0,-13544.0,162,767,23369
10284.1,20613.7,-945.426,29,157,1113
4630.09,3980.58,-846.991,92,72,340
4480.68,1015.27,-964.83,20,66,101
7581.61,14204.6,31118.4,94,120,809
5661.24,4185.4,-945.362,85,88,318
7801.32,18436.0,-2878.0,118,127,1017
5252.61,2226.53,-1529.1,11,88,164
10939.0,35767.0,-651.495,20,208,1691
8419.03,9429.9,-2052.44,180,135,587
3552.11,579.461,239.0,13,43,52
17769.3,161521.0,622775.0,191,359,6068
8579.9,16131.0,-2548.0,20,129,929
8591.13,21607.0,-1178.67,128,145,1156
5427.5,3156.05,-1561.9,19,67,186
5851.78,7222.69,-738.705,99,104,457
5800.22,4617.41,-1037.9,17,98,294
20321.5,272929.0,2926880.0,58,420,9137
12243.3,79012.1,291.427,37,252,3882
10452.5,59151.0,-4916.0,237,216,2975
6082.16,11551.5,-1085.55,254,102,764
7974.59,14252.1,-1823.76,95,140,845
9750.92,30828.8,4050440.0,46,171,1747
4920.68,2047.41,-527.43,8,75,165
8099.01,11313.0,-2925.0,30,166,731
13509.3,69333.2,71312100.0,56,247,3373
11676.2,136734.0,-6461.0,35,271,5516
4066.01,705.372,-130.67,13,58,43
37563.7,1073140.0,-22125.0,184,775,25801
14156.9,135304.0,-9469.0,206,312,5731
7622.12,7674.75,289779.0,54,109,486
16154.9,213843.0,49818.0,281,336,8195
8618.36,14052.0,-3110.0,100,170,732
11843.1,52975.8,2194.29,150,218,2391
6751.22,8436.0,-2977.0,27,124,491
8962.22,18703.0,-2559.0,62,156,935
15850.4,69007.0,-6318.0,77,281,2837
9989.78,39007.2,-2021.7,57,180,2054
6298.57,7849.15,-2014.6,22,102,517
14927.2,80515.0,-8934.0,93,357,3383
12882.2,48123.0,-5813.0,9,180,1471
22451.5,270744.0,104958.0,319,468,9276
6211.92,5339.42,-614.82,9,105,371
8469.36,14674.0,-1077.01,17,140,845
3796.68,1194.94,-736.34,9,55,88
6897.61,13063.1,1124.1,188,96,804
8087.45,14436.1,227.64,37,127,802
12289.6,54278.9,-1199.5,46,220,2461
4797.59,4152.87,-941.526,113,72,340
13440.0,103792.0,-6159.0,178,301,4822
12130.7,68518.9,147310.0,173,262,3211
6252.47,8012.7,-2624.7,12,106,549
3365.91,707.002,347.78,3,31,53
3376.24,1249.73,19931.7,39,40,100
8966.2,43834.0,-3145.0,115,181,2453
12884.7,68386.0,-7200.0,55,261,3136
13968.7,64215.4,-2291.15,179,233,2897
15667.1,90636.6,-2065.03,131,223,2059
8787.03,20901.4,396.37,27,143,1203
8384.63,22947.0,-2680.0,19,148,1206
6067.9,15173.1,-2697.9,16,125,1014
5567.45,3455.89,-696.848,1,51,132
11071.0,32766.0,-5960.0,29,193,1637
14115.9,101596.0,-5575.0,48,278,4152
6666.28,13262.9,-1099.04,74,96,804
6538.83,10333.4,-1144.18,23,109,689
9072.7,11279.0,-1132.71,121,156,654
16765.4,158957.0,-7752.0,42,315,4346
5713.99,7266.19,-1390.91,23,95,549
6073.45,10326.1,-2196.48,20,109,689
10398.7,31181.0,-4022.0,57,198,1581
10272.1,38073.9,-4212.26,35,205,1751
6086.5,8073.18,-3426.6,4,106,549
7830.49,17284.0,-4920.0,11,132,850
10233.4,27048.0,-3215.3,147,172,1412
5005.72,2888.74,-647.617,101,67,224
8532.05,27843.5,-1495.4,20,156,1521
6621.48,17858.0,-2851.0,16,118,1062
7035.97,5133.21,-1295.23,78,93,248
17927.7,116093.0,-6273.0,55,373,4259
15265.4,116760.0,-8049.0,162,315,4720
9861.15,55495.0,-5279.0,170,212,2674
7163.46,7069.49,-1202.09,11,118,426
22284.3,350762.0,60158.3,254,440,10967
3940.72,442.749,-680.63,1,36,35
15177.6,192712.0,-9658.0,45,335,7450
8700.81,29175.4,-963.386,127,179,1626
12139.1,53150.0,-5291.0,21,214,2327
9325.05,27242.4,3810.82,59,194,1521
14495.0,89638.0,-6244.0,76,279,3796
23761.2,260652.0,-1151.77,302,540,8870
6666.21,5352.75,-954.763,50,79,292
29018.8,814047.0,-18392.0,186,753,20648
4252.47,2733.44,-1046.0,27,65,202
4728.32,6155.18,374.91,13,67,481
5772.95,4335.81,-1053.79,86,72,340
8348.48,15278.0,-2557.0,11,144,851
12701.0,45477.4,-3053.45,49,177,1992
16721.5,159835.0,-1850.45,221,352,6744
4010.83,802.492,-1563.4,13,54,64
6897.93,7807.0,-2580.0,11,117,427
16720.2,133299.0,-6722.0,70,349,5329
3394.61,596.503,-175.56,16,43,52
10174.9,25678.9,-1564.02,128,172,1412
8396.7,11944.7,66298.4,208,117,519
14680.2,250448.0,-7599.63,103,346,7851
4591.05,521.643,418.14,22,65,35
9017.44,27496.9,-3280.12,106,166,1414
5595.75,1907.9,-893.451,178,76,147
8683.43,13597.7,177434.0,102,148,729
14982.8,176369.0,-9015.0,81,369,7096
5623.43,1073.41,-1448.8,6,57,76
7211.97,4070.98,41372.6,86,101,249
9808.74,38130.4,-2095.77,37,180,2054
14847.4,85884.2,113.537,95,301,3369
8839.27,19942.3,-1538.0,164,163,1162
18002.2,290568.0,-10453.0,71,466,10102
7288.72,34323.0,-2821.12,81,148,1919
9406.7,13394.0,-3143.0,19,147,730
11462.1,81596.0,-7597.0,38,253,3709
7327.69,6720.77,-540.161,22,118,426
11437.4,30566.0,-4602.0,14,219,1360
6190.85,4328.05,-589.09,14,106,318
10319.0,26903.7,12176.9,142,172,1412
3763.39,555.922,-516.82,5,43,52
3892.38,2301.09,-491.84,29,63,184
13029.5,92611.9,947.593,201,273,4429
9509.03,10205.9,-2238.5,108,154,587
3971.78,1572.52,-806.38,9,61,134
7896.2,13976.0,-3809.71,120,170,771
7822.69,9512.21,-2620.64,10,130,490
5488.93,2671.12,660.7,13,81,169
4199.52,1686.25,-852.39,4,61,134
9656.76,13286.0,-2877.0,38,130,657
8763.17,18490.6,-4919.8,15,146,891
15138.0,90920.9,6991210.0,109,254,3973
6669.62,11284.0,-1141.51,151,111,651
10975.7,55595.0,-4187.0,30,249,2675
5731.15,1152.68,-1322.9,2,57,76
9802.38,25950.3,-2070.74,24,174,1415
7567.11,14002.0,-3188.0,36,141,886
6006.1,5064.32,-726.077,19,96,347
16329.3,152312.0,-76248.0,88,366,6190
11466.1,34231.0,-6142.0,43,241,1697
16075.9,160976.0,-8043.75,205,352,6744
5646.07,1084.5,-1092.0,7,57,76
22975.3,281179.0,-725.069,303,468,9276
4347.71,6977.02,-171.38,22,68,481
8211.76,20405.1,1692.4,46,143,1203
6243.76,8059.05,-3505.8,4,106,549
9177.53,35130.6,-446.656,42,148,1919
4727.8,2246.39,-1484.4,11,71,188
3662.76,538.324,-639.59,9,43,52
15780.2,136299.0,-8626.0,192,362,5429
9804.86,27057.2,5856.89,140,172,1412
9036.43,20263.2,-3430.15,79,163,1162
12696.0,112954.0,-6761.0,43,273,4619
6600.61,11512.9,3977.1,149,111,651
8809.0,20354.8,-1896.91,175,163,1162
14709.5,96994.4,4254730.0,198,294,4249
10917.5,38059.7,-3828.42,31,205,1751
5773.7,12729.7,-2073.2,20,103,883
15249.9,100069.0,-2828.28,39,281,3974
3489.11,691.201,151.28,4,31,53
9927.4,14801.2,-1402.06,133,143,771
4501.75,2036.01,427.28,37,75,165
20688.1,162818.0,-10958.0,111,420,5230
6290.84,4323.2,-640.08,14,106,318
10923.6,31479.0,-5018.0,65,233,1587
6714.36,10330.6,-1476.89,24,109,689
8045.42,7812.51,-620.837,58,109,486
3353.05,657.125,248.2,6,31,53
8019.66,8887.59,1173.3,31,144,553
4320.48,6028.67,84.199,18,68,481
4000.71,2257.56,-873.73,21,63,184
13282.1,60791.3,-598.049,41,247,2754
7025.71,7506.68,1367.8,40,109,432
16652.1,85290.9,3063.9,77,340,3632
7462.13,9462.89,-1197.11,20,138,554
17624.5,183639.0,-9904.04,223,403,6746
4695.08,2000.68,260.78,20,75,165
21454.2,408021.0,-1126.29,69,473,14125
5030.24,1632.58,-1583.1,6,70,131
9052.34,25557.1,37615000.0,21,174,0
4144.98,6130.56,-557.41,36,68,481
10895.0,22033.0,-3578.0,24,229,1072
7298.02,12627.6,-753.42,140,123,726
9720.86,27016.1,-3234.46,110,166,1414
9525.41,68094.0,-4216.0,24,167,3041
11487.7,51695.7,-152.961,136,209,2534
6370.73,4981.45,-1618.3,17,87,322
15432.8,86123.8,31001700.0,89,301,3369
8597.69,22510.4,-3793.45,130,182,1212
6160.82,3478.48,662.38,20,101,206
9110.43,17086.0,-2925.0,25,165,934
3615.74,1942.0,-425.037,7,43,161
3526.45,705.139,-247.63,5,31,53
7915.85,10808.0,-2180.0,27,133,554
5596.69,10420.0,-2176.0,149,99,759
17331.0,84756.3,2569.3,75,340,3632
4518.77,2828.24,-425.52,33,65,202
8740.97,24768.0,-3954.0,72,154,1363
8074.7,9266.05,290.4,21,130,515
14718.2,134636.0,-8450.0,44,311,4925
3720.34,586.944,-351.56,14,43,52
6020.32,7157.2,-799.969,54,93,545
18639.0,160447.0,-11780.0,251,375,6283
11345.3,117926.0,-6098.0,51,254,5407
5133.02,3930.71,3658930.0,98,72,340
10629.0,13158.0,-3576.0,25,147,658
13690.7,59823.5,-1094.6,21,247,2754
21599.6,280284.0,1890.66,68,468,9276
7619.36,5443.75,-911.411,42,79,292
11902.9,54347.6,-3149.2,51,220,2461
4595.14,1047.84,-1466.7,21,66,101
14703.8,250657.0,-4001.26,102,346,7851
6248.29,10725.0,-1529.0,22,110,617
6994.9,8825.55,-1382.78,5,95,543
8873.66,21855.3,1166.4,39,143,1203
10797.8,57523.4,-1744.57,313,217,2904
14244.2,142658.0,459981.0,44,308,6057
11428.0,30391.9,837.39,58,178,1410
22228.3,150185.0,-9432.0,74,387,4254
5855.43,4718.89,-1005.71,20,85,343
3891.54,1189.3,-673.75,10,55,88
13054.1,66147.0,3732.1,36,279,2979
11632.7,49368.2,-3082.73,226,262,2394
3802.76,428.598,-767.13,2,36,35
3942.39,2076.29,-1575.6,3,63,184
9252.92,20178.8,-3290.4,101,163,1162
4856.05,3014.4,16307.5,145,71,249
4410.12,2513.47,-1005.3,17,65,202
9816.08,43470.5,-1221.14,125,197,2257
7148.86,17998.3,-2306.8,8,128,1065
8880.22,19677.0,-3487.0,27,153,938
13227.2,85425.0,-7354.0,199,275,3711
8604.47,12045.8,-1702.12,60,128,693
8619.72,27877.0,-4100.0,13,166,1523
14506.6,95617.9,-86.5884,263,294,4249
9904.98,24322.1,136461.0,39,177,1313
3700.14,560.582,-686.55,5,43,52
12127.6,71977.1,343928.0,190,262,3211
6503.94,4848.62,814695000.0,58,86,367
4404.77,525.868,124.52,23,65,35
15355.9,79006.1,12516000.0,125,320,3466
3723.26,545.022,-453.89,7,43,52
4491.97,2211.58,414.72,30,75,165
5095.4,3159.28,-1719.1,20,70,205
6907.84,13353.5,33.7022,13,96,804
21032.8,308639.0,-11645.0,73,424,8607
10787.8,103850.0,-4705.0,85,237,4804
8544.81,25460.0,-3162.91,30,157,1519
4014.75,2323.41,-1142.3,5,63,184
22801.4,240508.0,-4657.01,295,537,8350
3693.11,1200.92,-725.28,9,55,88
11157.5,52644.9,-4434.25,125,224,2192
11774.8,28303.4,-4045.88,48,214,1469
13459.1,100453.0,-7683.0,66,309,4247
6908.0,4086.27,-1560.76,87,101,249
11608.1,96538.0,-7983.0,23,286,4803
3830.74,1198.22,-538.72,9,55,88
5656.79,7767.76,-1449.8,12,99,583
3817.55,519.919,-543.75,7,43,52
6009.29,4399.57,-941.409,19,72,340
9189.76,13919.3,-685.775,91,148,729
11948.9,48448.3,632395.0,90,166,1414
4281.01,2124.4,-1416.5,10,71,188
8768.89,20372.1,-1914.69,175,163,1162
3341.62,651.548,-109.19,3,31,53
4761.33,2264.76,-1340.4,11,71,188
3740.19,401.628,785.85,3,54,28
5287.78,2472.2,-1332.9,18,71,188
12827.6,63224.4,5586.8,49,279,2979
11898.7,59469.8,-1973.46,188,223,2822
11562.7,68854.6,-5012.74,187,247,3373
5434.28,5605.99,-1674.1,6,89,425
4005.1,2180.76,816.313,51,54,165
13202.4,93660.8,-871.518,146,273,4429
39680.2,1282300.0,-21711.0,188,981,31307
16006.4,118469.0,-7085.0,174,370,4730
8297.88,16504.0,-3182.0,20,148,931
10116.6,8766.0,-2512.0,19,138,400
8698.49,14479.7,-628.252,97,140,845
9392.62,12332.3,-1552.85,22,128,693
11598.2,56131.4,-2312.41,183,209,2967
4782.67,1564.74,-1018.4,6,70,131
9874.35,17419.8,-3664.92,35,172,973
8622.41,12262.6,-2543.41,23,136,619
3774.16,543.926,-510.49,7,43,52
6395.13,7987.31,-2932.8,9,106,549
6811.1,7799.59,-2747.9,11,117,427
12635.8,40273.0,-6613.0,122,227,1696
4202.14,668.269,-967.78,17,58,43
8716.7,33040.0,164072000.0,21,148,1919
5600.54,7567.46,-956.06,11,99,583
8338.25,16518.6,-1439.58,20,142,844
12873.2,60367.3,-4541.08,165,223,2822
8507.92,12167.7,-1749.21,23,136,619
3861.43,2313.6,-1034.2,25,63,184
4260.58,1316.75,-1061.0,1,57,129
23778.8,262549.0,-11651.3,277,540,8870
9420.44,16539.1,13322.8,28,172,973
18272.6,154888.0,131228000.0,133,359,6068
12210.0,45554.5,1826.21,149,273,2061
3784.02,1400.64,-439.71,4,40,100
4759.24,3347.0,-1279.0,30,69,271
4272.76,535.102,535.65,30,65,35
20039.1,251922.0,-11711.2,296,537,8350
5499.21,5181.29,-1512.95,18,85,343
5284.81,3675.37,-1657.81,65,85,269
5315.44,4213.57,-1200.1,17,88,292
7016.58,8070.0,-1503.0,30,123,487
10422.4,29237.2,-2942.94,74,194,1521
9538.53,56501.0,-4925.0,14,173,2664
11068.6,44326.3,-1716.99,69,196,1885
21369.5,347280.0,-7390.0,187,321,7456
4885.43,2878.59,-1161.4,12,65,202
4926.7,4302.09,-1526.5,21,79,317
3616.87,577.959,-330.21,13,43,52
7927.89,12843.9,-1885.5,79,132,806
4219.48,736.728,-237.56,16,58,43
8088.0,8057.0,-2065.0,25,120,518
17737.6,216147.0,23823200.0,71,336,8195
21029.2,239293.0,648454000.0,277,537,8350
12818.8,63236.4,-3455.54,167,223,2822
10608.5,70117.0,-7184.0,24,212,3369
22016.3,347820.0,23735500.0,261,440,10967
5453.61,5224.0,-2312.0,51,89,321
8259.54,15584.1,-2760.3,30,141,932
6189.07,5265.5,-739.11,9,105,371
7506.63,8972.21,58.535,11,130,515
2700.95,46.3885,-308.623,101,24,5
13921.0,67788.0,-9270.0,161,292,2539
11753.4,56654.9,-2695.8,44,220,2461
4077.49,6324.6,-277.59,29,68,481
4390.71,6782.33,134.52,22,68,481
15662.8,102626.0,133182.0,48,283,3965
9526.31,12072.3,-286.53,23,152,693
6941.91,7761.03,-2822.2,12,117,427
17761.9,84880.5,1574.0,79,340,3632
5589.55,4307.05,-1019.02,20,79,317
17079.5,145422.0,-355.133,299,362,5847
5684.12,875.0,-937.0,10,73,64
9417.68,54151.0,-6107.0,29,190,2392
6834.5,11857.2,-1797.55,9,105,765
12719.1,63338.6,13581.0,40,279,2979
7220.54,12522.9,-1388.31,142,123,726
4544.37,2150.5,-1387.7,11,71,188
9040.79,12457.1,2717470.0,99,136,619
4778.91,2851.26,-1108.76,21,77,244
10271.1,32572.2,-1858.07,106,176,1922
4193.78,2239.82,-1735.3,4,63,184
9545.94,12569.7,448.75,21,152,693
14980.3,81441.0,-7988.0,59,284,3058
10640.1,12755.0,-3169.0,25,135,585
12998.7,134743.0,-2584.46,58,279,5626
14575.0,113317.0,-9040.0,55,300,5105
6325.75,6949.0,-1754.0,34,66,270
7288.96,15829.1,-618.553,102,134,970
17020.5,85328.3,2847.1,76,340,3632
8238.3,13777.7,-3575.69,118,170,771
7437.52,17389.2,-1866.4,15,128,1065
9823.97,24374.2,1021450.0,34,177,1313
5829.43,1707.88,-1143.17,45,71,103
4274.0,2123.43,-1365.3,10,71,188
3490.17,697.257,468.23,6,31,53
21154.7,175130.0,-7443.0,53,410,5323
11228.2,69214.0,-4965.0,25,258,3375
13467.2,46095.6,633839.0,161,273,2061
7468.17,16231.0,-4132.0,26,148,1019
6426.33,4895.27,-1233.5,9,96,347
3879.27,460.458,-638.37,1,36,35
3810.86,558.354,-621.95,5,43,52
11430.7,53225.0,-5573.0,111,255,2391
3367.33,1067.33,229215.0,59,51,102
3871.14,2149.74,-1144.16,51,54,165
6343.52,7803.47,-122.9,47,99,583
6006.48,2913.0,-2344.0,54,96,206
14036.5,61957.0,-5160.0,29,271,2753
6853.29,12224.7,-1724.21,223,105,765
5588.29,3787.32,654.52,18,100,294
14698.5,101900.0,-6227.17,37,283,3965
3632.38,445.385,-689.88,2,36,35
13655.9,112364.0,-7775.0,56,314,4531
4548.82,4079.21,-643.81,6,72,340
4334.32,2554.76,-778.55,23,63,184
8585.12,13882.9,298096.0,112,170,771
9147.94,27657.8,-4304.5,65,192,1521
4946.97,1422.95,-729.295,115,59,112
7527.4,15177.0,936.95,23,134,970
3750.66,593.358,-379.28,15,43,52
6134.61,8031.84,-3855.6,4,106,549
6058.55,8154.98,-3205.7,6,106,549
5231.66,2888.35,-871.38,9,72,205
9059.41,27635.7,-92.9957,94,166,1414
3633.04,691.307,-111.41,5,31,53
7538.38,14014.0,-1828.01,30,120,809
14564.4,86964.3,4211.1,84,289,3710
6910.79,17194.5,-2429.4,7,128,1065
14455.3,142404.0,-5825.11,322,308,6057
10538.2,43272.1,-1967.67,27,197,2257
15551.7,156668.0,992.34,97,310,6737
3727.26,447.371,-1043.1,0,36,35
6948.01,3949.45,-1099.18,81,101,249
6414.77,10326.7,-1400.44,25,109,689
15509.3,219614.0,-8553.0,38,308,7443
3747.57,452.327,-479.28,2,36,35
12868.0,70266.0,-5889.0,61,257,3058
6289.17,4014.16,-446.48,22,100,294
8346.32,20511.7,505.21,45,143,1203
7673.75,10752.9,-2179.44,122,156,654
15393.7,157229.0,1329.1,114,310,6737
12074.8,52760.8,760.278,153,218,2391
6837.09,7804.57,-2351.3,11,117,427
10404.4,26272.2,17505.7,30,174,1415
7836.78,5545.0,-2661.0,41,126,371
3859.38,357.141,861.92,11,54,28
7373.01,12295.0,-2754.0,18,137,802
8910.94,21863.9,31.585,38,143,1203
9995.3,27819.0,-5397.0,158,195,1521
19611.5,275948.0,7177.32,309,420,9137
7908.02,32768.8,1917.5,20,148,1919
15223.8,155420.0,1646.2,98,310,6737
10024.4,28335.4,7666.68,158,158,1403
6278.2,5145.35,-3171.8,12,109,317
4351.17,2686.19,-670.34,21,65,202
3688.96,564.476,-305.23,15,43,52
15526.1,192361.0,-3101.44,47,286,7322
12445.6,80724.0,-6302.0,143,266,3627
3751.68,549.782,-602.99,3,43,52
6000.15,5287.87,-652.72,8,105,371
9447.87,39223.0,-5248.0,54,208,1873
6905.09,9301.76,-1535.56,89,138,554
11407.4,61134.4,-1914.62,206,214,2600
17459.8,300261.0,-8843.03,50,412,10672
4664.12,547.87,735.53,23,65,35
11961.7,91536.0,-6886.0,27,275,4151
13098.1,73747.7,-1751.92,33,247,3630
5590.46,7042.01,-842.763,10,93,545
19923.7,301046.0,-8462.0,80,445,10102
7904.45,14766.2,590.98,44,127,802
8736.52,27646.8,-2751.05,24,156,1364
9735.13,11520.6,1561.46,120,156,654
4409.14,2436.77,-475.82,21,63,184
11893.9,54573.0,-6826.0,50,263,2537
12238.7,60089.1,-5356.63,41,247,2754
16308.7,255421.0,-9490.0,232,353,9804
5964.01,5194.53,-708.43,8,105,371
9111.94,16912.5,38.2713,22,142,844
3634.88,509.446,-386.72,2,43,52
17334.6,128599.0,-7516.0,46,362,5213
13981.4,119485.0,-5976.0,49,330,5526
9883.01,20257.3,-2007.91,30,157,1113
11930.6,38807.0,2278.98,145,235,1818
6743.59,14041.0,-3011.0,28,119,884
8197.25,21217.0,-37275.0,13,145,1251
4137.73,496.186,294.36,21,65,35
11206.9,43904.3,-1853.69,73,196,1885
13021.6,64487.7,3925.6,52,279,2979
13354.2,80105.9,61227.6,58,272,3539
17100.7,159100.0,-1007.46,196,359,6068
16091.3,177497.0,346887.0,271,367,7087
8432.22,32967.3,6038.93,94,148,1919
12677.7,81331.0,-6391.0,51,294,4060
4650.32,1005.96,-1087.9,19,66,101
5057.66,2343.84,1836.1,19,76,165
3715.44,555.546,-446.56,14,43,52
7000.41,9095.0,-2358.0,45,126,583
16850.7,166118.0,-6703.18,199,352,6744
5942.76,4037.42,-281.01,18,100,294
20787.3,411163.0,-2238.57,63,460,14125
5505.42,3703.87,-964.418,64,85,269
9416.31,11381.2,-337.873,36,156,654
8745.29,27356.0,-4790.0,18,173,1524
3892.77,1208.98,-880.88,9,55,88
8351.74,20999.9,791.8,39,143,1203
4060.48,2238.13,-1020.1,4,63,184
14695.8,42794.4,192233.0,234,278,1938
5680.03,4599.64,-1374.1,15,98,294
10642.8,36965.8,357830.0,213,193,2118
8915.34,11131.3,-1101.12,126,156,654
11456.0,51340.5,58900.8,140,209,2534
3554.83,554.964,-191.28,13,43,52
15345.8,88929.1,-6449.23,91,301,3369
15698.1,77392.0,-8602.0,194,362,3059
6682.17,10440.1,-2131.72,21,109,689
8616.4,16660.2,-1651.69,187,133,890
6767.17,6616.21,9420.81,97,95,427
4216.17,1678.24,-819.92,5,61,134
4686.53,1975.37,-1154.43,106,66,166
6268.12,13426.2,-1418.9,9,103,883
10305.4,17838.1,670616000.0,71,183,931
8613.9,10879.8,-1639.43,82,140,590
15580.0,115660.0,-7995.0,156,333,3634
11922.2,56822.9,-2111.99,22,209,2967
4597.41,1060.95,-1198.0,24,66,101
10597.5,28390.6,-1147.6,48,214,1469
4293.97,2592.53,-547.11,6,65,202
18467.3,288564.0,-545.094,123,346,7851
3717.91,409.761,1265.4,11,54,28
5376.97,7685.03,-1983.9,11,99,583
4053.54,411.019,738.6,5,54,28
4236.56,2713.22,-706.5,19,65,202
13149.5,72536.3,-1331.35,34,262,3211
5133.86,3017.88,2054.71,153,71,249
4857.91,662.417,-239.97,13,57,44
9205.97,38292.3,-3142.92,37,180,2054
11707.1,37767.5,44494.7,30,235,1818
4079.21,749.676,-719.7,14,58,43
4668.82,2152.44,631.94,30,75,165
7301.29,8035.4,-2190.75,67,109,486
15467.7,165738.0,-614.679,50,320,6391
6852.61,5247.15,-910.689,63,107,346
6254.29,10964.4,23722.7,254,102,764
7138.13,17627.9,-2149.9,10,128,1065
4275.79,1218.52,-1044.9,10,55,88
20675.4,244859.0,-2962.81,273,540,8870
3648.07,556.451,-116.98,14,43,52
3990.26,1189.34,-188.93,2,59,101
8989.21,12402.7,-1749.94,9,117,519
8300.99,4721.74,-890.363,24,131,271
15650.1,212661.0,1981.5,69,336,8195
9530.98,25710.9,21422.6,154,174,1415
23908.7,843725.0,-14353.0,62,533,20414
7896.17,19825.6,1303.8,38,143,1203
6652.08,6442.0,-2737.0,54,104,429
7241.11,34112.7,-2859.02,80,148,1919
4670.34,2262.33,-884.41,3,61,184
3896.28,1191.03,-857.38,9,55,88
14860.8,75688.9,137.645,255,336,3302
3445.06,679.502,121.48,3,31,53
7678.11,9165.0,-3651.0,25,135,613
4692.26,2485.38,-861.76,21,63,184
8677.76,26351.0,10285.5,36,156,1364
12125.5,75081.3,-5015.74,32,248,3630
6201.84,8131.72,-4271.3,10,106,549
3768.01,2187.95,-1459.1,4,63,184
10058.1,32710.2,53.1663,122,176,1922
13787.6,57650.0,-6542.0,55,308,2535
6147.31,3473.39,584.97,16,101,206
12225.3,49510.0,-4354.53,226,262,2394
5819.85,7907.8,-899.23,20,99,583
4653.21,1900.03,-611.55,3,66,164
3829.22,2257.56,-1841.9,20,63,184
8442.5,4922.0,-942.58,33,131,271
10761.6,33990.0,-3253.0,231,188,1262
11188.7,51577.9,1072.98,124,209,2534
9282.17,22829.0,-1489.52,215,145,1156
16699.8,144925.0,632966.0,74,362,5847
8277.34,22138.5,3647.55,121,139,1108
6202.74,5452.0,-1868.0,40,98,345
6992.02,7170.0,1133.5,26,109,432
13802.2,143402.0,1260.19,262,308,6057
4491.96,693.181,-301.62,16,58,43
8308.9,14267.3,386.66,45,127,802
15797.6,215938.0,-181.106,265,336,8195
4277.16,1050.39,-603.11,28,62,102
15903.2,157386.0,2162.8,90,310,6737
4626.77,1052.52,-971.81,21,66,101
4684.26,553.037,-38.629,24,65,35
14875.2,102007.0,-3342.05,39,283,3965
14209.7,86846.5,-624.896,58,291,3799
13278.0,75683.0,920210.0,189,262,3211
6679.62,4315.8,-1399.3,20,100,294
6693.0,3938.38,698.21,26,101,206
17907.7,193466.0,-1659.32,164,390,7459
7633.13,13361.0,-2629.0,24,132,694
8826.09,28460.0,-4927.0,21,183,1522
5061.43,3056.63,-2590.3,4,65,202
11569.5,54583.0,-4870.0,80,195,2596
3862.95,382.233,986.84,5,54,28
9685.81,16681.0,29686.9,167,172,973
5821.29,2467.63,737.67,4,81,169
3859.67,429.483,1612.1,11,54,28
3431.23,672.346,-245.46,4,31,53
4531.72,2275.08,-459.62,3,61,184
5976.81,9780.32,-169.372,138,98,651
5921.47,5120.72,84884.2,11,99,321
23120.1,197849.0,-4356.85,87,367,7087
12340.8,49616.5,-3371.38,227,262,2394
6279.92,2887.0,-2615.0,3,110,166
6370.27,11113.6,9655.49,252,102,764
11545.0,60319.1,-1614.39,216,214,2600
15924.2,161925.0,2717.1,102,310,6737
9078.92,39046.1,-1480.47,69,196,1885
12500.0,52617.9,-3605.67,160,288,2334
8533.09,13911.5,28717.3,118,170,771
23642.8,282331.0,198707.0,298,468,9276
11007.6,58003.8,-4355.36,202,223,2822
10317.3,37407.3,-4104.96,28,205,1751
7083.85,10184.0,-2655.0,13,131,585
7103.61,9871.0,-1347.0,19,118,583
12737.5,55797.2,14820.6,124,224,2192
5462.61,4349.97,-780.71,17,88,292
6893.55,12004.9,-695.308,222,105,765
8741.35,9626.53,-280.91,240,154,557
15309.3,74531.2,89602800.0,198,336,3302
13338.8,40853.1,-3351.05,117,234,1581
11543.7,69064.4,-5265.83,46,247,3373
6261.79,3466.59,111.28,17,101,206
4117.49,1936.64,-216.942,199,63,166
4538.86,2472.25,-440.02,25,63,184
3367.65,689.224,119.35,2,31,53
3475.99,725.526,381.69,5,31,53
3601.5,584.881,-87.544,17,43,52
8801.87,27497.3,506639.0,47,156,1364
15040.2,100039.0,-1133.87,41,281,3974
15446.8,87972.3,3977.1,81,289,3710
13376.5,62488.0,-6093.0,200,282,2683
14865.2,143234.0,-10126.0,249,336,5954
19191.0,333542.0,-1529.38,194,440,10967
3424.32,663.338,125.17,5,31,53
4378.13,1059.27,-985.16,30,62,102
8452.41,19915.0,-4480.0,38,130,1153
17135.1,171267.0,-11017.0,84,436,6524
19443.5,164584.0,827468000.0,167,352,6744
11000.9,41021.2,-2864.6,142,227,2059
19706.2,348350.0,-5205.97,249,440,10967
4556.3,6151.03,-742.95,15,68,481
4387.05,2212.47,-1053.5,8,61,184
7153.97,7294.86,-2153.57,74,109,486
7889.31,9586.19,-2085.23,13,130,490
7287.14,13159.0,-3401.9,10,118,762
9121.17,11296.2,3953.42,136,156,654
4097.15,2376.56,-165.55,20,63,184
7669.7,14103.6,-506.18,20,127,802
6317.09,5698.0,-2515.0,17,110,319
9949.18,30088.6,-1468.98,220,171,1747
15170.4,75481.4,-8270.75,284,336,3302
7577.44,11137.3,-1497.73,88,114,689
5893.8,6943.47,-3263.0,22,92,485
9130.42,15677.2,-713.937,32,140,845
14341.4,103575.0,-4866.39,224,281,4061
4832.67,1643.59,-950.73,6,70,131
3964.27,2043.64,-1725.2,3,63,184
5299.6,1033.88,-1483.1,6,57,76
6166.11,4175.54,-1377.97,11,88,318
3687.0,573.127,-472.19,13,43,52
11436.8,55716.0,-1932.88,180,209,2967
6804.13,5779.35,-1102.16,48,95,372
4345.37,2527.88,-168.33,29,65,202
9875.84,26309.8,16967.8,149,174,1415
4523.02,2671.53,-513.91,23,65,202
9629.37,16137.6,55544700.0,49,160,976
11567.3,29217.8,-729.88,43,178,1410
21778.1,293513.0,-13912.0,93,553,9965
4172.98,731.73,-1912.5,14,54,64
10929.0,43340.9,47256.3,69,196,1885
4897.1,1891.14,-930.83,10,75,165
11123.0,60015.0,-6162.0,138,268,2899
7143.56,6832.32,-829.521,20,118,426
6702.79,6943.0,-3104.0,19,140,429
5744.25,5292.4,67.3055,82,86,367
12768.7,72974.1,-1336.23,191,262,3211
4439.5,1009.48,-800.6,28,62,102
7775.65,14815.4,427.204,18,119,931
6666.6,13283.2,-959.975,191,96,804
21821.8,341478.0,-12348.0,378,582,11293
7857.04,13028.3,-2866.55,76,132,806
4291.8,6162.73,-16.57,19,68,481
6335.76,7188.02,6536.64,77,109,486
7851.49,9248.6,-919.47,18,138,554
5117.56,3121.89,-2411.9,4,65,202
4366.51,5965.78,-291.13,27,68,481
5279.28,4349.98,-209.68,16,85,346
6836.19,6597.0,-2753.0,10,118,429
5981.65,2748.05,376.45,18,81,169
6751.04,11320.9,-849.719,151,111,651
12315.8,77688.8,1650.01,44,252,3882
8035.22,15173.0,-3176.0,73,130,888
5382.0,4320.41,28785.3,15,88,292
24058.0,364155.0,-14146.0,62,572,10981
3939.56,537.282,-469.2,3,43,52
8371.48,9257.78,137683.0,177,135,587
3437.66,681.244,177.51,5,31,53
6421.53,5235.21,-1078.59,14,99,321
9773.64,34345.0,-3926.0,27,187,1576
21237.2,275719.0,107245000.0,287,420,9137
4412.69,1813.79,161870.0,72,63,166
3764.61,529.035,-298.86,5,43,52
8561.0,14646.8,-1523.11,18,140,845
17627.1,161929.0,-3124.58,218,352,6744
3734.79,560.755,-301.41,5,43,52
6837.9,6929.84,12371.2,105,95,427
7545.22,13874.6,-78.067,19,127,802
5482.26,4464.14,-931.6,15,85,346
15002.2,100047.0,-4066.5,45,281,3974
20587.6,317945.0,-12979.0,175,421,9269
12050.1,56242.9,768.037,115,224,2192
3507.43,657.925,282.95,4,31,53
14060.3,90561.6,-1075.95,218,254,3885
3953.63,749.89,-2130.6,13,54,64
15460.1,88966.7,4178.1,80,289,3710
4853.21,2932.41,85440.8,111,67,224
4369.55,6400.46,-598.43,14,68,481
4773.54,3238.45,-497.483,20,71,249
7375.65,15028.3,30420.2,126,134,970
9605.14,25699.1,-323.291,32,174,1415
8045.91,18543.0,-3928.0,30,153,978
6914.95,9962.62,804.91,15,115,547
3752.76,600.215,-536.26,5,43,52
4050.01,1932.78,-652.925,197,63,166
5447.46,3953.0,-1684.0,19,87,273
7241.93,15915.1,-1627.64,39,134,970
9785.9,14726.5,223647.0,55,143,771
7805.68,9405.57,-1694.85,183,135,587
16019.1,160766.0,-4796.16,253,352,6744
7745.82,4930.65,-1033.02,44,86,205
13487.9,75884.8,1620350.0,189,262,3211
5891.25,1090.43,-1459.6,7,57,76
15293.2,100185.0,-2663.0,37,281,3974
8999.55,18926.0,-3351.0,22,156,1068
8998.96,21480.0,-2199.0,27,141,1160
5627.93,2529.63,732.7,9,81,169
6476.12,8333.26,-485.797,92,104,457
4865.23,2429.1,-545.71,17,63,184
11852.3,59052.0,-7234.0,78,324,2759
7865.17,13387.6,-929.456,280,170,771
3729.62,481.768,-559.18,2,36,35
5861.4,11250.0,-1403.11,251,102,764
4795.78,1646.79,-1083.2,6,70,131
13949.5,135010.0,-2953.86,209,279,5626
4027.07,2206.96,9483390.0,186,54,165
5426.4,5623.77,-1371.3,5,89,425
4559.05,6225.52,501.0,22,68,481
12906.5,58879.0,-4794.0,33,260,2537
7910.22,11520.3,49383.6,212,114,689
8054.7,11737.0,-1694.0,16,140,732
19065.6,196213.0,-10291.0,479,419,7105
11355.6,58437.0,-2156.14,314,217,2904
9916.12,27700.3,-1401.65,158,158,1403
9562.83,16796.6,-3696.76,32,172,973
9315.58,14086.6,-1175.9,113,148,729
9798.73,16144.5,15608400.0,49,160,976
10280.4,69719.0,-5923.0,37,277,3294
3510.9,574.404,-50.146,13,43,52
11474.5,54138.0,-7100.0,30,254,2681
12784.6,73398.0,-1184.54,26,249,3630
3354.9,570.961,14.36,17,51,45
4571.25,6338.45,-679.3,27,68,481
10599.0,28167.8,-108.418,63,194,1521
11985.9,52697.9,-987.439,130,224,2192
3708.74,547.257,-724.23,8,43,52
4683.65,2349.56,-1236.8,9,61,184
3717.77,551.984,-266.77,4,43,52
4772.51,2969.37,-1302.21,92,67,224
11786.1,56493.0,-432.4,30,209,2967
8449.59,8783.95,1954.9,35,144,553
14450.3,96190.7,307.667,224,294,4249
7573.72,9232.94,586865.0,197,138,554
10658.2,41392.8,-3631.18,160,227,2059
4463.83,6773.63,326.48,25,68,481
3852.46,1226.25,-648.92,9,55,88
8470.06,16579.0,-3321.0,41,151,851
8884.85,20908.9,-1356.54,31,143,1017
16273.9,158074.0,-7742.0,40,365,6176
3314.32,691.741,-9.3917,2,31,53
8589.68,9761.85,-1607.35,15,135,587
4853.99,2687.28,-534.74,26,65,202
15484.8,99907.5,-1322.93,134,281,3974
8971.69,20511.0,-2160.93,106,163,1162
4971.29,3846.01,-1628.0,17,79,317
5143.1,4426.41,-1081.27,22,85,343
4181.09,1688.57,-672.0,5,61,134
12114.7,37051.4,-1279.73,206,225,1755
13703.9,90739.2,-1692.4,293,254,3973
14941.2,86906.0,-7672.0,76,299,3801
6663.66,7656.42,-2398.3,11,117,427
3538.9,686.655,320.43,5,31,53
13606.1,77230.0,-5515.0,47,311,2838
13904.1,78426.0,-8356.0,75,256,2902
10844.0,67197.0,-4388.0,171,218,3369
3435.05,658.885,157.88,3,31,53
4291.41,682.788,-479.5,18,58,43
8846.52,8053.0,-3018.0,9,109,397
18747.4,251499.0,-12190.0,69,470,9008
11681.1,31899.9,30410.1,132,234,1581
10730.8,57883.8,-2920.34,161,217,2904
5447.78,4498.23,-758.31,10,85,346
20226.9,213976.0,-10369.0,87,458,7466
5498.0,7006.0,-2708.0,11,89,485
5313.25,3832.92,-976.761,65,85,269
10297.9,37520.5,131.413,42,219,1875
8374.02,21127.3,137.92,37,143,1203
3583.52,709.054,33.598,5,31,53
5681.55,12735.6,-1944.3,20,103,883
7773.63,12782.0,-508.325,36,130,694
7283.9,4754.03,-1534.54,56,86,205
10153.6,34056.2,-906.789,45,176,1922
9497.39,27019.2,-1482.42,174,158,1403
3585.36,479.273,-1021.7,3,36,35
4869.96,2214.06,60.375,30,75,165
6380.57,7433.01,2940800.0,8,93,545
5203.41,4226.32,-961.249,14,88,292
10383.7,30996.1,3124.92,44,203,1580
22474.1,410136.0,322.232,63,473,14125
4427.91,2050.91,305.2,10,75,165
8129.69,12485.0,-3637.0,30,142,767
17627.1,160543.0,-5014.33,201,359,6068
14290.8,145913.0,2198.8,276,308,6057
3919.07,2209.72,-514.742,3,43,161
11230.9,55952.3,-1323.23,176,209,2967
4479.07,2100.31,133.98,19,75,165
9510.24,24876.0,-3294.0,23,132,1206
4737.03,2688.51,-616.07,18,65,202
32060.7,1162880.0,-25291.0,198,944,31312
13918.2,56699.7,-1924.25,133,215,2188
13991.0,79967.6,-3367.28,246,336,3302
6554.22,6866.83,118725.0,77,118,426
3979.02,2553.84,-749.61,19,63,184
13676.7,99194.0,-8587.0,48,296,4061
4088.17,464.961,668.62,20,65,35
3958.48,754.836,-2039.1,13,54,64
6301.54,5380.22,-881.925,9,99,321
8356.71,20866.0,19.403,36,143,1203
6122.01,5209.91,-945.46,8,105,371
9153.93,20500.1,-1577.64,161,163,1162
5546.69,7567.11,-90.661,14,99,583
5188.7,2103.56,-567.91,7,75,165
3704.34,543.46,-378.13,15,43,52
8558.68,25370.1,-2815.0,22,157,1519
10008.1,9011.0,-2057.0,18,113,423
15297.7,86958.0,573.077,99,301,3369
9303.15,39701.3,906531.0,117,207,1995
11933.0,54791.4,-3123.3,47,220,2461
8877.76,17089.3,-1998.18,21,142,844
10622.3,30139.0,-4582.0,99,222,1525
8785.26,33363.0,-4393.0,55,154,1572
11963.1,61437.5,1945540.0,153,237,2672
15257.9,127483.0,-10062.0,46,326,5417
9290.96,28679.1,164677.0,96,179,1626
9530.78,11261.9,861167.0,41,156,654
8362.46,15542.0,-180.46,26,127,802
9897.12,17428.3,-2483.86,28,172,973
12700.8,41996.4,-1034.65,223,278,1938
4542.98,1780.09,-322.92,8,66,164
4377.86,6689.91,-98.315,18,68,481
8573.38,20160.0,-3973.0,78,147,978
7896.51,13892.6,-3294.51,30,170,771
5867.54,7520.58,-733.481,100,104,457
5304.7,4505.0,-1884.0,15,97,322
10900.9,41421.2,-3093.93,151,227,2059
5331.27,4495.42,-459.89,12,85,346
8170.54,9437.43,-2658.35,183,135,587
8088.8,14070.0,-1060.5,20,127,802
4339.67,2685.68,-183.33,39,65,202
3909.97,459.308,-678.17,3,36,35
4344.77,2191.06,-717.62,2,61,184
23197.6,516498.0,24141.3,322,540,18067
6793.72,8179.11,-2402.7,3,106,549
8574.22,26612.4,-2464.46,37,156,1364
13982.3,53367.8,-1115.59,58,288,2334
5590.87,8169.0,-2432.0,214,102,614
11329.8,77046.4,56050.9,154,252,3882
9514.94,27926.0,-2584.0,21,171,1521
6587.89,6056.55,33580.9,15,95,372
9335.32,37582.3,-2122.42,37,180,2054
4940.41,6615.62,-339.7,12,67,481
3760.84,556.513,-509.66,5,43,52
16945.8,158869.0,-7539.78,200,359,6068
4724.29,2260.9,-1377.6,11,71,188
9417.97,28515.4,-1271.95,21,156,1364
11858.6,34081.5,3401.5,53,210,1213
9724.84,30526.4,1174640.0,42,171,1747
6012.17,8187.85,-3538.1,11,106,549
4013.65,375.9,1237.5,7,54,28
14965.2,117525.0,-7860.0,36,308,4721
8890.08,10049.7,82686800.0,40,138,554
16082.2,142359.0,-7970.0,153,333,5742
8037.17,4660.18,-880.452,87,131,271
14478.8,160104.0,-9461.0,97,355,5958
4327.13,497.796,696.1,20,65,35
16466.1,212894.0,1923160.0,64,336,8195
10893.7,36680.7,-1380.04,31,205,1751
7184.81,4115.86,-945.393,86,101,249
12416.7,63494.0,-4503.0,167,219,2530
4200.96,1649.96,-251.52,9,61,134
24534.4,465689.0,-12609.0,55,498,12195
6118.15,7927.89,-3888.3,9,106,549
22832.0,242950.0,131516000.0,280,537,8350
14739.3,59547.6,-3788.04,77,305,2610
3488.14,696.189,223.59,4,31,53
14423.9,160026.0,-6986.0,34,315,6401
4442.64,6505.92,418.51,29,68,481
9745.76,19883.4,1946550.0,205,157,1113
4387.37,2719.44,-498.73,30,65,202
6307.38,8056.0,-1308.0,18,84,453
7621.0,10270.0,-2444.0,45,126,621
5198.79,3686.78,-417.85,21,82,289
8211.02,32789.9,-364.879,22,148,1919
11142.7,69478.1,-5339.65,192,247,3373
14088.9,103561.0,-7853.0,45,288,4344
7388.5,4160.78,-990.983,85,101,249
5042.45,3022.89,-2187.0,4,65,202
7870.51,12594.0,-1170.02,212,105,765
3673.88,535.077,-555.32,4,43,52
6204.36,8094.09,-3917.5,9,106,549
10199.6,47695.0,-5340.0,28,210,2458
21268.3,255782.0,93622100.0,269,540,8870
5169.06,3143.15,-825.112,25,77,205
19057.6,366884.0,-14247.0,111,472,12970
7972.2,9787.2,-1086.14,206,107,517
14257.1,34777.7,1041.0,62,210,1213
29028.0,681375.0,-17886.0,131,700,19440
9168.09,30287.6,-1208.37,35,171,1747
7095.85,5112.63,-1670.61,17,107,346
11709.8,75826.0,-4969.0,26,249,3794
9210.27,16938.0,-1397.66,25,142,844
11905.9,67599.0,-7002.0,108,248,3293
4193.79,512.81,397.35,26,65,35
7458.17,6592.56,710658.0,80,95,427
7601.16,14045.4,-242.89,11,127,802
3595.96,590.831,-448.11,16,43,52
12579.8,43082.0,-5709.0,45,248,1524
3492.95,702.489,290.38,6,31,53
8759.63,11000.9,-1447.31,119,156,654
4454.91,2590.48,-692.66,14,65,202
7261.93,13613.9,308369.0,17,96,804
17290.7,217684.0,-10402.0,95,472,8093
8277.85,14326.4,-1073.23,97,140,845
6812.61,17280.0,-3212.0,70,125,1062
10834.9,57876.0,-1862.15,165,217,2904
8929.79,38617.5,-2706.41,52,180,2054
4751.93,2107.43,529.3,17,75,165
3515.6,651.702,372.1,5,31,53
5753.44,1817.02,-1193.39,45,71,103
4215.36,538.368,195.79,23,65,35
4443.4,552.658,34.789,17,65,35
4907.91,2859.84,-1235.61,19,77,244
35031.2,839199.0,-16112.0,533,713,24012
11609.4,43739.8,9149.03,35,197,2257
13301.5,85246.7,-2686.34,53,291,3799
20428.7,342802.0,-12263.0,293,451,11877
10239.3,37067.6,433258.0,32,205,1751
4836.66,2773.67,-951.12,12,72,205
23112.1,280625.0,-1075.9,299,468,9276
4823.82,1907.92,-619.05,10,75,165
10777.0,72681.0,-6298.0,46,230,3702
9838.78,34433.1,-2661.37,195,208,1691
8564.48,11342.1,-1627.15,12,117,519
9279.57,22387.6,1337.3,57,143,1203
3883.55,496.342,-913.6,3,36,35
20098.3,191792.0,-10205.0,70,425,6872
5987.77,4020.33,-711.79,13,100,294
7302.23,12510.5,-739.93,12,123,726
3678.42,540.436,-710.45,7,43,52
8954.65,17145.0,639020.0,228,133,890
3999.43,2070.66,-1447.0,6,63,184
4602.48,1804.29,-470.07,9,61,116
4604.63,3234.45,-549.33,20,71,249
5241.34,3422.31,2725.45,2,51,132
5038.23,2852.38,-857.36,11,72,205
5525.03,8676.73,-1508.49,24,93,577
4994.56,2982.05,-576.123,154,71,249
8835.37,16307.1,-3144.47,42,160,976
7172.38,11795.2,228.499,148,111,651
5822.95,4763.86,-1101.44,18,85,343
3365.54,683.849,157.42,3,31,53
7707.54,11223.7,-2436.6,21,121,622
12452.8,70498.0,-7285.0,38,238,3292
10779.3,37767.5,-3212.63,35,235,1818
14278.4,87200.3,-6360.45,65,297,3369
13269.4,54048.0,-5043.0,44,247,2463
15990.6,166613.0,-897.278,51,320,6391
4529.61,2684.55,-847.57,18,65,202
6016.71,5795.0,-312.0,17,93,396
14531.4,87185.6,-452.342,57,291,3799
6192.73,13384.6,-960.61,8,103,883
9710.07,24257.9,105521.0,28,177,1313
8203.24,13298.0,-3344.0,9,112,549
7187.53,4181.75,65488.6,14,101,249
10429.7,43333.6,-1052.19,149,197,2257
19058.8,186884.0,-11048.0,92,439,6521
7614.29,9558.45,-768.109,96,123,621
14078.4,53062.2,-1616.93,177,288,2334
3976.15,1463.38,-855.318,160,52,133
4677.48,2070.73,476.87,20,75,165
7611.54,9556.16,-1463.2,102,123,621
8856.03,18848.9,-3185.96,117,148,977
7463.3,13978.3,6442.68,28,120,809
6765.43,7715.91,1095.26,59,90,405
10669.3,47859.9,-3811.14,83,190,2118
12301.7,78689.3,-627.038,41,252,3882
8681.46,20178.1,-2645.45,104,163,1162
10795.6,41625.9,-3054.15,160,227,2059
4356.72,2294.59,-133.24,4,61,184
6848.32,5961.57,460029.0,84,95,427
12462.1,60594.3,-3668.59,32,247,2754
15088.6,177860.0,-3264.22,210,367,7087
12000.7,73949.5,14166.0,25,249,3630
5943.56,7231.43,-1259.11,10,93,545
13119.4,37516.9,-1748.38,152,225,1755
6181.32,12949.8,-1094.1,17,103,883
7732.28,6866.33,-1343.46,34,108,428
3342.8,347.053,2120.2,11,54,28
8089.92,8588.81,2072.3,33,144,553
12556.6,36435.8,-2352.5,195,225,1755
13791.6,124156.0,-7384.0,156,287,5016
3878.77,765.918,-1796.2,13,54,64
8226.43,12418.3,-2629.86,53,130,694
9178.1,12318.9,1615.0,24,152,693
7655.41,10205.0,-3969.0,17,137,621
15897.8,90361.1,-3720.37,101,301,3369
12470.1,68896.4,-600.411,193,247,3373
14865.6,59180.9,762.12,64,305,2610
18085.2,188960.0,-16007.0,224,498,7108
8528.81,25788.0,-2523.75,33,156,1364
4901.36,3186.66,-1885.6,17,70,205
11228.1,39556.8,-935.024,28,193,2118
7422.19,15915.0,-2418.0,52,140,934
10867.8,60408.0,-6633.0,132,261,2828
15639.4,157063.0,4087.4,117,310,6737
14028.6,67707.4,-3441.12,109,224,2192
3647.33,465.122,-762.33,1,36,35
11386.9,55715.8,-1043.91,177,209,2967
6773.39,7123.42,-2200.64,58,109,486
4847.3,1025.53,-666.05,19,66,101
5536.1,1039.83,-1588.3,6,57,76
8037.11,9445.97,-2055.05,17,135,587
4438.7,2137.91,-1753.9,13,71,188
6479.81,8759.0,-2797.0,23,114,584
12960.3,86104.5,-6464.22,54,291,3799
11394.7,28779.2,-1459.15,55,194,1521
26944.9,623527.0,-19657.0,167,779,18103
8359.48,25283.3,-3087.89,31,157,1519
12602.0,95222.0,-6507.0,267,276,4157
9056.02,20601.6,-2956.45,102,163,1162
4886.2,2810.69,-1492.8,19,65,202
15003.7,102241.0,12469.8,46,283,3965
5463.07,4504.57,-988.43,12,85,346
6340.93,22439.5,442.117,81,128,1255
7897.93,22901.8,-694.63,34,150,1214
11960.9,73927.6,15391.4,31,249,3630
5014.3,4265.34,-1392.45,19,79,317
8432.01,8682.26,1565.4,33,144,553
5990.01,5361.21,-1319.7,8,105,371
4958.84,522.428,248.76,26,65,35
19317.4,409475.0,-10346.4,67,473,14125
5062.17,3208.31,-2032.8,21,70,205
12761.2,46367.0,-121.476,144,273,2061
8727.7,16099.5,-2402.67,43,160,976
8504.56,28941.1,-2743.99,131,156,1521
16935.3,178738.0,1932.27,244,367,7087
9029.95,12179.0,-1763.4,9,117,519
13425.7,87120.0,-2031.53,57,291,3799
10827.4,40715.0,-3436.0,44,182,1753
4845.51,2025.9,-496.46,7,75,165
4068.63,1188.72,-123.77,2,59,101
4549.01,1989.46,-602.537,114,66,166
7286.1,16802.4,-2042.4,21,125,1014
3881.82,2085.13,-1576.7,3,63,184
4374.37,954.937,-662.54,4,55,88
3765.81,468.461,-808.54,3,36,35
6715.67,5200.68,-1121.24,184,107,346
8457.6,11464.0,-4114.0,61,127,653
4083.18,6467.37,0.033802,40,68,481
11645.9,54797.5,307.24,43,220,2461
12320.5,49176.0,-1723.0,224,262,2394
5501.21,1998.9,-1313.5,8,77,165
5121.0,3133.3,-2406.2,4,65,202
6234.91,8182.96,-1090.5,16,108,549
17129.6,127159.0,-8312.0,61,339,4727
7461.87,7507.52,141272.0,21,118,426
14242.2,124181.0,-6765.0,44,339,5633
13145.5,89889.3,164154.0,222,254,3885
9391.82,28629.3,-453.303,46,179,1626
8843.35,13770.6,-2903.77,106,148,729
9819.24,62058.0,-4877.0,25,234,3052
15146.4,85992.4,12712.0,98,301,3369
7893.14,16666.5,-862.119,20,142,844
20891.8,204844.0,-11045.0,67,410,6866
4596.71,2787.69,-394.91,35,65,202
10429.6,28561.9,-2590.75,162,158,1403
4596.62,7085.02,-392.65,29,68,481
6664.84,10331.7,-759.174,23,109,689
8832.15,26455.9,-1097.2,30,156,1364
9104.59,12220.8,-2432.24,24,136,619
17941.8,313146.0,-10698.0,108,496,11423
8800.07,27399.0,-4663.0,63,153,1359
7040.13,8561.94,-1001.22,6,95,543
3802.51,2068.12,-1803.1,3,63,184
7183.58,4092.19,-1361.31,87,101,249
4579.05,6138.15,100.13,18,67,481
6035.15,10845.4,199541.0,90,102,764
12346.0,75061.6,-4976.69,25,249,3630
9504.05,26203.0,-3733.0,120,180,1467
3767.83,1524.43,-1436.0,6,56,114
4978.34,2650.31,-858.16,12,72,205
5150.75,2618.84,-677.99,15,65,202
6782.81,9646.61,949.53,24,115,547
4712.09,1843.01,166.03,8,61,116
6561.11,2065.0,-906.269,32,71,103
12499.0,18249.6,-2364.16,156,150,519
4004.89,2328.05,-1381.8,19,63,184
3728.91,496.196,-642.18,1,36,35
5044.59,3124.53,-2524.9,4,65,202
4416.88,1036.6,-446.2,27,62,102
8349.14,25570.1,-538.68,34,156,1364
9828.94,25214.0,-4294.0,44,200,1313
6681.98,5992.24,-920.513,93,95,372
3718.81,450.048,-618.34,3,36,35
13221.9,105660.0,-5544.0,25,263,4808
16170.5,157619.0,2075.2,86,310,6737
13865.0,70582.0,-5621.0,45,270,3130
5439.38,2767.71,-1580.5,8,67,186
7719.38,5614.66,-2169.17,23,114,296
5650.22,1147.87,-1425.4,4,57,76
19250.3,271641.0,8269.96,290,420,9137
4542.42,2936.85,-551.19,28,65,202
4726.61,1949.51,-541.06,2,66,164
10398.1,81260.0,-4010.0,37,209,3624
8127.91,8845.78,-2963.47,132,136,521
6209.72,2760.08,-4.075,7,81,169
5202.18,2841.78,-1283.13,117,77,244
16727.1,164039.0,39944.1,244,352,6744
6407.72,4222.11,96.9404,147,101,270
13438.5,140643.0,1916.27,169,308,6057
8439.1,21103.0,-4415.0,7,109,654
8689.39,15789.0,-5343.0,100,186,934
9066.1,12374.1,10189.9,125,136,619
7049.0,12723.0,-3705.0,27,149,805
8503.38,14053.0,-2715.0,49,153,767
3989.75,1586.07,-945.52,9,61,134
5740.3,12768.8,-1763.2,20,103,883
7704.94,13069.5,-977.053,106,130,694
6033.23,5260.42,-2078.7,22,88,370
6896.25,6344.81,-1004.99,5,95,372
4538.27,2049.1,-682.677,189,63,166
3167.2,623.665,45.292,5,31,53
8668.76,14753.2,-1376.81,96,140,845
22315.8,516168.0,-790.075,345,540,18067
13195.3,45453.2,238383.0,168,273,2061
8493.57,13880.6,14082.6,124,170,771
3653.73,533.94,-289.09,13,43,52
5979.59,5876.0,-1439.0,24,102,425
10800.6,33787.8,-5143.56,125,234,1581
6970.87,2300.66,-60.916,13,76,165
10503.5,34526.6,-594.42,25,208,1691
6644.58,6505.01,-1171.5,31,99,372
23214.9,515466.0,412942.0,303,540,18067
6337.58,4331.21,-1036.2,14,106,318
12015.7,37813.8,-2141.39,116,166,1111
7116.44,13807.7,-1024.75,31,120,809
6223.0,8338.46,-2096.0,11,100,551
25092.1,638393.0,-18966.0,95,683,18857
8625.7,13853.0,-2185.71,281,170,771
13985.5,92030.0,-8400.0,237,312,3890
5713.37,1845.15,-1032.46,177,76,147
22817.7,368711.0,-12548.0,252,448,10252
9509.87,39254.3,47487.0,73,196,1885
10676.3,41252.0,-4316.32,134,207,1995
6836.42,7730.71,1186.8,44,109,432
5763.26,7542.96,-859.857,99,104,457
8012.23,9439.2,-1976.58,204,130,490
4344.84,2242.52,120885.0,51,54,165
9185.0,16015.0,-2907.0,71,132,971
15534.7,99859.2,19888.8,39,281,3974
3878.16,1197.57,-865.8,10,55,88
8326.97,4751.32,-793.065,24,131,271
6745.98,0.0,-1137.82,189,96,804
4393.22,2905.78,-478.12,26,65,202
7190.94,18116.4,-1269.3,13,128,1065
3426.19,698.471,72.644,3,31,53
4512.85,6362.43,-763.83,17,68,481
3654.87,538.075,-840.29,14,43,52
3476.17,694.13,175.71,4,31,53
7944.62,10275.7,-404.628,26,123,621
6451.13,10390.4,254663.0,19,109,689
23920.1,449777.0,-12469.0,112,545,12833
3371.17,687.174,115.27,3,31,53
3480.01,663.588,205.64,4,31,53
4373.78,2455.13,-1241.6,24,63,184
9325.6,11610.2,-473.331,30,156,654
8540.54,9605.1,-1084.94,91,138,554
4724.05,1972.5,-546.28,6,66,164
5696.19,1712.97,-1262.92,173,76,147
7044.07,4494.53,-2194.5,14,110,294
8356.02,11261.5,-1222.57,97,123,621
9885.67,28280.6,-1340.43,34,158,1403
12940.9,42741.0,-7621.0,72,220,1642
3671.35,491.668,-568.55,2,36,35
12113.0,59245.0,-6844.0,198,293,2690
4743.43,1779.38,-1065.3,9,66,164
14991.3,101932.0,-2711.0,49,283,3965
9134.15,20775.5,5902.32,103,163,1162
15300.0,156850.0,1382.7,98,310,6737
7384.61,16229.0,-4154.0,99,133,887
8683.49,28089.6,-570.78,39,179,1626
5696.1,3092.88,-1186.8,10,94,224
4450.14,2184.92,661.54,28,75,165
5389.16,5121.09,-1558.25,23,85,343
6363.7,6822.0,-2320.0,14,105,427
15831.8,101989.0,-6468.0,93,340,3797
8120.65,8830.27,2587.3,45,144,553
14941.9,65321.0,-7423.0,54,298,2758
3653.99,525.416,-310.01,5,43,52
10043.5,27591.0,-3517.0,53,176,1310
6824.61,5346.56,-691.681,50,79,292
6507.73,11852.2,-1538.81,19,105,765
14801.3,164892.0,-8297.0,197,330,6520
18444.8,167373.0,-15045.0,231,450,5964
3958.91,2040.85,466223.0,24,43,161
6631.46,4307.54,16467500.0,46,88,318
15246.0,137104.0,-30.4234,207,279,5626
12915.6,74356.6,-617.134,26,249,3630
3684.14,570.607,84.868,15,43,52
4456.92,2840.73,-531.06,19,65,202
4364.29,622.406,-410.61,16,58,43
3993.92,2367.95,-296.1,28,63,184
3475.71,672.048,322.38,6,31,53
9432.7,26966.1,-1109.68,155,158,1403
6084.21,5110.9,50805.1,12,99,321
8393.02,27943.3,-3121.5,36,156,1364
5629.02,2441.55,482.49,3,81,169
12048.9,36615.2,5166.99,200,225,1755
5772.88,4992.1,18363.3,33,85,343
8554.91,14317.3,-1426.11,101,140,845
7525.8,19828.4,-2144.27,35,119,973
7300.3,14044.8,3299.57,28,120,809
14162.7,52315.3,-998.588,185,288,2334
6615.84,12897.3,-1749.34,48,96,618
8785.96,21186.0,-3020.0,13,151,1111
12289.9,41736.0,-7535.0,18,190,1526
8714.23,24059.0,-2743.0,18,151,1358
16253.0,214293.0,-1278.79,266,336,8195
9121.3,9964.0,-4400.0,37,157,552
8694.16,10473.0,-2690.9,124,156,654
3730.59,542.666,-372.12,14,43,52
15600.8,156969.0,2845.3,115,310,6737
7519.26,14052.8,-44.224,13,127,802
5495.41,4324.16,-1442.3,15,90,317
10906.5,38794.8,-1418.75,34,196,1997
4863.99,2839.92,-1311.38,120,77,244
19120.3,175863.0,-10090.0,66,405,6185
13888.0,86969.0,75339.1,68,291,3799
6769.33,12373.4,-1775.04,213,105,765
15236.2,154897.0,2068.6,103,310,6737
9178.53,38928.4,-975.62,75,196,1885
13276.3,46055.7,2617410.0,135,273,2061
5164.63,3125.09,-2410.0,4,65,202
7827.7,7481.0,-2187.0,7,97,400
6167.48,4296.1,-815.768,82,88,318
7983.2,14093.4,70116.1,100,140,845
6592.54,5569.98,-776.14,11,105,371
9756.25,38530.0,-2126.0,34,209,1524
13911.5,43495.0,-3289.26,61,278,1938
7578.54,7659.0,-1835.0,13,116,399
3634.7,1316.17,7305.52,4,40,100
4115.58,696.361,-203.95,19,58,43
12417.9,74874.2,-1437.25,30,249,3630
11614.3,60486.0,-4992.63,198,223,2822
6248.41,7772.23,-2156.8,24,102,517
3834.56,603.147,-201.9,13,43,52
14765.0,81693.7,1895.74,141,320,3466
9458.72,16306.6,-1459.25,111,160,976
3788.97,566.377,-536.13,5,43,52
10311.2,39879.8,-407.875,69,196,1885
9428.36,13624.8,-962.067,106,148,729
10843.5,27763.0,-2247.6,39,178,1410
13350.2,63524.8,6387.0,39,279,2979
4461.47,1755.47,-672.5,11,61,116
8939.82,28951.2,-516.726,147,179,1626
9314.05,37230.1,-1812.14,46,180,2054
6750.88,6844.81,-328.518,104,95,427
15723.4,162072.0,1849.4,101,310,6737
4122.23,667.659,-451.86,6,58,43
11038.4,38226.8,-1572.17,28,205,1751
14282.4,92828.0,6821.79,215,254,3885
3297.51,685.356,257.84,5,31,53
13947.5,103142.0,-10075.0,54,335,4250
18628.4,153951.0,-11084.0,54,416,5645
20649.6,164105.0,-6638.17,340,449,5537
25338.5,461216.0,-15909.0,119,597,14476
3718.49,478.463,-833.97,2,36,35
6063.83,8070.35,-2909.5,10,106,549
4695.12,2762.12,-1210.6,9,65,202
24286.7,364373.0,-13287.0,93,600,11747
17470.2,160505.0,-598.567,207,352,6744
12201.3,71835.5,-6030.0,158,262,3211
4878.32,3457.0,-1726.0,6,72,243
14473.6,90580.5,-2268.68,216,254,3973
4856.43,1579.12,-1273.6,6,70,131
4069.24,6315.85,-499.94,36,68,481
8886.81,30396.4,-2280.15,215,171,1747
12426.5,100444.0,-5076.0,68,333,4077
6396.83,3717.01,820.85,25,101,206
9293.1,16119.0,-5214.0,72,174,854
8714.67,26438.1,-2238.82,43,156,1364
12515.8,60906.0,-1913.18,212,214,2600
10369.9,21303.0,-2662.0,52,124,848
3890.49,1986.45,-344.749,5,43,161
4938.58,3302.0,-1980.0,16,85,205
4540.68,1011.4,-879.69,28,62,102
14630.2,141377.0,-4571.87,326,308,6057
16111.4,176001.0,-11582.0,44,381,6737
6369.03,5250.18,230.185,13,99,321
4898.43,2089.09,-792.32,3,75,165
13562.4,51901.4,-496.801,236,288,2334
5628.7,5256.35,-1836.7,21,99,372
10376.6,26428.2,-1112.96,37,214,1469
8015.88,25337.0,-3363.0,24,158,1468
11679.8,24783.0,-4399.0,79,251,1261
5776.58,4245.66,-151.917,8,88,318
7161.72,34345.5,-2845.17,75,148,1919
6151.27,8115.64,-3455.4,11,106,549
6305.38,4192.26,-357.43,17,100,294
10325.7,35662.6,-352.874,196,208,1691
14459.1,69506.4,16161400.0,158,325,3143
14244.5,76324.6,222574000.0,175,262,3211
11821.6,32038.2,1228070.0,36,203,1580
5101.32,3115.88,-2588.8,4,65,202
12836.9,49361.8,204291.0,158,262,2394
4077.63,521.006,-623.26,8,43,52
7507.85,5426.5,-1796.88,83,93,248
12430.4,93230.1,-5095.63,214,254,3885
14944.7,177851.0,-7976.01,190,367,7087
15264.6,158441.0,2681.6,122,310,6737
11223.4,73683.3,-5009.79,37,249,3630
22288.0,248500.0,-9449.94,305,537,8350
4782.75,553.177,304.58,20,65,35
7857.62,9038.33,-858.888,209,107,517
8991.89,11432.2,-973.582,47,156,654
12531.9,58910.0,-6963.0,52,206,2261
6725.73,9949.45,1231.0,23,115,547
11681.2,32448.3,-1377.26,155,203,1580
8740.21,11957.7,-1840.32,117,128,693
10528.4,43135.3,-1229.46,127,197,2257
5889.74,2592.43,-12.217,15,81,169
8110.14,12477.5,-1418.99,14,128,693
9930.99,13531.0,-5314.0,12,136,691
14270.6,52876.8,7699360.0,61,288,2334
4634.26,2387.57,-928.12,5,63,184
19698.4,192356.0,-5033.49,79,367,7087
5830.95,1779.41,-960.743,14,76,147
3600.15,727.055,226.91,4,31,53
8642.67,16011.5,37881.8,105,160,976
3719.35,508.203,-816.36,1,36,35
18994.4,119235.0,-7400.0,96,376,4623
4101.17,807.281,-1827.1,13,54,64
5558.13,3360.47,-640.551,156,71,249
14817.1,250441.0,-8097.08,99,346,7851
5103.85,3126.75,-2322.5,4,65,202
12934.9,92081.7,-4177.44,237,254,3885
20810.7,493202.0,-11555.0,88,477,16755
25284.7,252660.0,-3331.28,295,537,8350
4028.93,1190.02,-56.901,2,59,101
3501.04,619.229,-261.96,13,51,45
11296.8,49575.8,-1328.65,72,190,2118
11958.3,33338.0,4096.4,47,210,1213
4987.67,2387.3,6966.1,16,76,165
4795.22,2276.97,-878.55,13,71,188
3993.04,2365.13,-1365.5,11,63,184
8436.36,12154.8,-1025.49,121,136,619
4598.28,2373.87,637374.0,185,54,165
13651.8,55979.0,-6808.0,361,275,2130
4611.53,2769.0,-1106.0,3,59,166
9376.5,31445.0,-5167.0,13,178,1746
15502.7,100028.0,541134.0,44,281,3974
13779.4,128523.0,-7673.0,75,346,5420
17972.5,163185.0,3.46781,222,352,6744
3746.6,600.984,-581.62,13,43,52
4439.0,526.96,354.03,26,65,35
3640.15,1530.75,-1403.7,8,56,114
10822.5,42911.5,-4773.58,151,223,2059
4332.84,541.897,31.386,14,65,35
18285.0,143332.0,109924000.0,325,449,5537
4530.29,2664.95,-726.86,15,65,202
6383.29,4919.88,-1588.7,15,87,322
7833.02,8944.48,1463.9,26,130,515
20940.8,250994.0,-11558.1,275,540,8870
9108.09,19148.1,-1537.15,192,133,890
3705.66,456.083,-856.95,1,36,35
4861.28,1726.77,-1172.4,2,70,131
4414.46,2852.47,-293.61,32,65,202
12999.6,70645.8,-2819.13,185,262,3211
12183.7,77717.2,-290.293,163,252,3882
10598.1,39800.8,-1272.78,207,193,2118
6396.56,7446.61,-1274.14,77,93,545
10781.2,56048.2,385.081,169,209,2967
6059.68,7994.77,-3342.7,10,106,549
11704.6,56066.5,-822.392,180,209,2967
9988.74,24152.0,-5247.0,67,200,1264
13721.1,52118.9,205952.0,184,288,2334
5684.92,1071.33,-1360.5,6,57,76
4047.48,731.65,-130.16,28,58,43
7537.06,14046.2,-1443.72,95,120,809
3878.01,2174.98,-807.364,20,54,165
4139.62,2195.55,-333.16,10,63,184
4452.3,1011.98,-796.7,28,62,102
6407.92,5343.76,-1486.6,51,79,292
5959.73,8060.32,-3206.0,9,106,549
8751.26,12132.7,7490.37,144,128,693
19765.5,409617.0,-10286.3,63,473,14125
8923.32,30051.2,-1431.79,31,132,1513
3554.89,693.488,202.79,4,31,53
11256.4,37331.3,-5308.69,194,225,1755
14223.3,49019.8,-307.533,157,298,2196
15797.3,90009.5,5245.8,80,289,3710
5813.34,3898.83,31.031,14,100,294
6497.73,9108.9,-953.258,199,98,520
3932.59,377.462,784.94,11,54,28
12435.7,78813.6,473.215,37,252,3882
3338.34,659.382,-7.7934,3,31,53
7103.17,13829.0,-1351.44,28,120,809
13134.4,78529.5,150072.0,49,272,3539
3564.44,719.939,262.76,7,31,53
15018.4,104676.0,-6693.0,46,311,4066
4383.62,514.692,-41.407,22,65,35
3492.63,537.419,-330.35,14,43,52
7537.76,9280.98,-1265.56,96,138,554
9678.42,24397.7,3270.07,43,177,1313
4504.62,1941.34,332.03,12,75,165
5575.79,7765.15,-776.77,17,99,583
11901.3,23784.9,-1319.87,42,176,1313
5501.9,1972.04,-1186.1,9,77,165
6328.87,8165.35,-1016.1,13,108,549
7838.89,13443.9,-3101.8,5,125,694
4977.25,2018.53,-1056.36,32,66,166
4193.38,2494.94,-1389.9,13,65,202
11083.8,70058.0,-5215.5,191,247,3373
4838.0,1541.96,-1871.2,6,70,131
12044.8,70707.0,758034.0,181,262,3211
12370.1,33326.0,-5327.0,37,227,1420
18631.0,161918.0,-10829.0,106,494,6084
5000.86,3002.71,-1883.9,3,65,202
3723.22,544.828,-460.71,7,43,52
20947.8,192094.0,-9051.22,233,403,6746
3924.34,2103.6,-2016.1,4,63,184
5981.8,6807.0,-1586.0,9,80,316
7953.51,16424.0,-4273.0,59,126,726
6165.31,13134.6,-543.81,22,103,883
3644.76,448.722,-1023.8,1,36,35
12621.9,37163.1,-1515.88,197,225,1755
10055.5,37090.3,251.553,31,196,1997
15658.4,86678.9,985.658,96,301,3369
14474.8,102703.0,1408.21,246,281,4061
8715.86,13927.1,-891.737,124,148,729
3538.47,701.343,185.36,7,31,53
13537.7,85876.8,-1657.77,50,291,3799
12933.1,66370.0,-7527.0,52,293,2980
4597.88,1946.07,-722.79,2,66,164
5330.89,1683.55,-464.768,17,76,147
7460.16,10315.0,-3540.0,67,125,585
9642.8,45915.0,-4686.0,63,229,2254
6500.62,5126.52,-756.958,100,96,347
6864.16,7840.88,-2719.7,11,117,427
5123.19,2082.16,-453.92,11,75,165
24170.5,270648.0,2521.94,290,537,8350
14552.1,95221.8,43839.7,54,294,4249
12195.3,51721.2,-3634.72,231,288,2334
9625.67,29224.0,-3403.0,24,170,1467
8458.13,8867.61,2613.1,36,144,553
5976.36,13364.0,-1407.8,11,103,883
12333.7,71005.1,-421.905,177,262,3211
4121.63,478.83,193.17,26,65,35
5342.4,5367.0,-1317.0,17,89,372
8954.47,12552.2,-1262.89,10,117,519
4369.6,1233.8,-556.9,14,59,101
15045.4,59639.7,168807.0,152,305,2610
7129.66,13621.0,-3598.0,11,131,845
8318.72,12386.5,-1454.92,208,117,519
11744.7,33534.0,2204.1,49,210,1213
10092.6,36871.0,-3769.43,34,196,1997
5466.86,2237.33,-1574.39,18,82,185
4964.91,0.0,-128.532,101,67,224
10259.8,24723.7,44011.0,32,177,1313
4711.36,2312.21,-685.06,12,61,184
23164.1,626764.0,-10352.0,115,484,9688
13452.2,113214.0,-5376.0,44,248,4521
5820.25,7124.17,-567.05,71,93,545
7104.82,9583.0,-2042.0,21,130,585
13167.9,61614.0,-8234.0,52,319,2904
5435.59,4790.64,78907.0,12,79,342
4209.93,6552.09,-380.31,14,68,481
8802.56,12147.8,56185.8,11,117,519
3274.53,559.645,121.44,13,51,45
12856.9,63202.4,5147.4,47,279,2979
5900.46,4772.0,-853.663,25,85,343
6823.62,10448.4,-1164.5,24,109,689
7686.18,11251.0,-2805.9,20,121,622
11514.9,30299.3,-2987.12,119,166,1111
9511.03,27215.7,30051.6,140,158,1403
7142.13,13291.2,18741.9,22,96,804
9606.05,27063.9,-923.591,46,157,1519
12395.1,54980.0,-1553.1,48,220,2461
5819.12,7135.8,-1705.73,80,93,545
6477.1,7274.51,-1332.98,48,90,405
12441.9,86540.0,-6083.0,71,275,4067
5237.62,4143.73,-1116.84,17,88,292
15328.7,99029.2,288979.0,48,281,3974
6745.62,7435.47,462.24,25,109,432
3776.71,569.589,63.813,13,43,52
8464.16,10552.7,214.426,30,139,587
4542.28,5311.0,-2197.0,18,76,396
16274.9,83882.0,-5642.0,45,298,3297
4674.99,2834.19,-943.91,12,72,205
3754.59,599.578,-98.024,15,43,52
3750.5,398.002,668.17,15,54,28
20162.8,276306.0,5591.66,61,420,9137
3428.26,679.67,98.433,3,31,53
9824.34,30055.0,-5420.0,13,198,1418
9097.5,27247.2,-989.354,31,155,1364
6643.81,6798.78,-1383.13,106,95,427
3841.88,1531.27,-1205.4,6,56,114
4562.63,556.301,514.56,26,65,35
3963.87,1205.37,-955.45,9,55,88
6322.43,10215.9,-1072.33,27,109,689
19273.1,196483.0,14814.0,155,390,7459
9774.82,29516.3,-4362.81,57,194,1521
8986.88,12208.5,1381.4,37,152,693
9772.83,42819.0,-3069.0,30,199,2057
5045.19,3269.42,-368.697,160,71,249
20611.4,255503.0,311861000.0,267,540,8870
3357.93,640.283,32.701,4,31,53
4027.82,1628.09,-348.01,8,61,134
11951.2,37227.0,-5996.0,16,248,1934
10396.9,17885.9,-1935.17,156,172,973
5110.08,3131.66,-2697.3,4,65,202
4057.92,1169.6,-610.56,8,55,88
10292.5,14933.8,-1793.03,87,143,771
11533.2,33933.1,-56.2376,138,234,1581
5950.97,7818.7,-633.85,10,99,583
4727.25,2840.43,-1091.07,20,77,244
9640.17,17835.0,-4873.0,43,183,975
4588.19,2099.77,175.2,14,75,165
5153.38,3480.37,-593.444,133,51,132
10236.9,21030.8,-2164.89,161,163,1162
6057.86,8030.59,-3685.4,4,106,549
3814.14,639.467,-464.72,24,50,42
3482.97,614.632,116.3,13,51,45
10233.7,60306.0,-5464.0,73,225,2824
9785.83,38084.0,-5647.0,22,212,2122
11083.9,57462.6,85153000.0,134,217,2904
5447.32,7515.68,-1372.2,18,99,583
13661.1,101370.0,-7821.0,62,273,4243
6959.49,3987.26,-2246.73,93,101,249
4798.8,2127.78,189.15,23,75,165
3659.98,441.429,-936.77,3,36,35
23781.7,260814.0,-3062.91,302,540,8870
13175.1,61875.0,-5602.0,56,274,2827
16661.6,256695.0,-8108.0,78,389,9131
3488.98,738.677,213.15,7,31,53
8388.35,9600.75,-2121.75,199,130,490
8770.37,16828.5,-1177.0,27,142,844
4444.9,2184.65,-1190.7,12,71,188
3835.11,2172.43,-452.221,6,43,161
9042.45,9906.66,-1278.06,258,154,557
9582.41,44132.0,-4902.0,21,205,2387
8567.36,14477.8,-1901.83,21,140,845
16197.1,159647.0,-2839.22,90,359,6068
6333.28,5383.91,-465.059,78,86,367
16394.2,61243.0,-6390.0,61,315,2536
6297.01,3470.38,747.22,23,101,206
8643.04,18888.0,-3851.0,33,145,933
7633.31,18190.4,-1365.9,17,128,1065
3630.6,563.565,-168.57,14,43,52
4086.98,6034.94,-646.29,7,68,481
9922.34,27239.1,-1450.03,173,158,1403
12685.6,95374.1,-14.7639,135,273,4429
13046.4,41637.6,-2918.0,191,278,1938
9926.17,30542.0,-1319.9,42,171,1747
9272.4,20536.6,-2929.35,112,163,1162
7832.8,12056.9,39782500.0,137,123,726
6338.2,6219.0,-1375.0,19,108,425
9033.44,30237.5,-35.1282,110,132,1513
3476.55,709.585,129.01,4,31,53
4401.36,524.811,551.72,22,65,35
12421.8,43099.0,-5162.0,46,252,2192
8399.85,15695.3,-168.66,33,127,802
5934.06,7118.27,-1115.31,80,93,545
11512.2,55933.3,-1491.65,171,209,2967
4763.86,659.161,-15.004,13,57,44
4920.28,1714.04,-1512.86,17,76,147
3999.89,2367.73,-1393.7,29,63,184
3958.94,372.736,1235.2,9,54,28
4979.32,1458.79,-782.64,11,59,101
6847.87,7638.82,-2470.6,11,117,427
5883.47,9999.8,-1682.62,133,98,651
3601.46,500.881,-625.68,3,36,35
6250.27,4177.32,-1413.87,80,88,318
16176.4,214418.0,-2619.43,265,336,8195
3999.99,2122.32,-2317.6,5,63,184
12691.1,55670.2,1342.9,47,220,2461
9021.23,20844.0,-4100.0,23,159,1159
23038.9,516634.0,-81.1635,361,540,18067
4087.13,378.292,631.43,9,54,28
6715.2,10124.0,-1819.0,7,103,582
10368.9,37817.7,-722.752,25,205,1751
5674.79,3733.99,-916.583,49,85,269
4202.67,516.593,122.15,23,65,35
9789.39,16666.7,19327.2,164,172,973
3915.87,6020.22,-105.25,32,68,481
11609.3,32839.4,3986.6,58,210,1213
5622.0,4576.07,-1242.8,17,98,294
4538.78,521.019,654.61,18,65,35
22762.9,286238.0,2385.82,321,468,9276
8478.36,18314.3,-4798.6,13,146,891
13530.1,123155.0,-8247.0,46,366,5423
6871.79,9108.52,-1138.24,7,95,543
7030.97,11408.0,-1126.13,162,111,651
14518.4,166033.0,-3858.81,39,320,6391
6271.34,4813.88,-2347.9,15,107,319
10006.4,40138.4,12740.3,136,207,1995
9366.17,26963.4,-2970.38,100,166,1414
5872.68,3370.76,-1801.82,53,86,205
7613.97,11106.1,-2201.8,20,121,622
4465.61,978.108,-1402.3,14,66,101
12506.3,73505.5,-2561.54,29,249,3630
12257.1,56005.8,9965.04,114,224,2192
5200.16,3706.38,-487.28,21,82,289
12836.4,107307.0,-8927.0,126,252,4807
3893.07,2671.52,-708.43,22,65,202
22724.7,519195.0,-14673.0,118,571,17504
3580.99,2137.96,-753.073,51,54,165
4887.58,2612.2,-1112.9,14,72,205
6976.01,15298.2,-2550.7,159,119,931
5090.31,3035.69,-2038.1,4,65,202
21350.6,216648.0,5848.48,241,403,6746
9191.69,39884.6,655598.0,97,207,1995
3801.89,2223.59,-781.45,39,63,184
6897.64,7830.81,-2568.1,11,117,427
4276.19,2369.72,81.419,28,65,202
7122.59,5263.25,-1095.83,193,107,346
16649.0,180424.0,-10480.0,50,356,6857
13504.6,64443.4,3427.4,67,279,2979
10288.2,24137.0,16084.7,121,154,1252
4084.72,513.554,481.2,23,65,35
4555.19,2807.8,-567.1,22,65,202
19721.2,370210.0,-10704.0,274,415,11273
16375.7,91296.0,-6837.0,70,305,3140
8899.12,26610.1,-1721.95,32,156,1364
8788.0,17243.8,-649.397,20,142,844
14531.2,88337.6,-6014.78,90,301,3369
4368.85,2729.77,-190.12,39,65,202
4269.13,2118.61,-1150.0,10,71,188
4102.51,2388.22,-572.31,21,63,184
12092.5,36983.1,-2530.87,202,225,1755
4011.65,767.216,-2127.3,9,54,64
4921.26,3707.65,-884.508,16,77,292
22267.1,412263.0,-1005.4,76,473,14125
5757.19,12727.4,-1891.3,20,103,883
16397.4,168294.0,-1444.38,53,320,6391
11284.9,32743.0,-3238.0,27,210,1635
8760.68,16781.0,-637.941,29,142,844
19075.1,177856.0,8345.73,240,403,6746
6661.86,5361.0,-2139.0,5,82,244
4344.44,1093.03,-1135.7,4,55,88
17736.0,152573.0,-11260.0,112,452,5855
7411.28,12561.7,-1128.49,117,130,694
6935.62,5546.83,-831.775,42,79,292
14086.7,51979.3,-1019.17,186,288,2334
6090.24,6965.0,-2432.0,29,89,451
5964.2,11119.3,-527.205,252,102,764
6803.97,10427.0,-2635.0,19,117,618
6623.01,6269.26,8003.59,120,95,427
15822.1,86989.7,581.779,96,301,3369
9953.64,30654.0,-5657.0,13,174,1470
12825.4,110451.0,-7586.0,243,300,4717
9053.71,12279.9,1628.9,32,152,693
10159.0,47398.6,-1781.92,64,190,2118
10722.2,27443.3,-1714.89,24,172,1412
21764.4,410665.0,-137.35,62,473,14125
7121.49,13914.2,-1376.15,32,120,809
7053.75,3995.3,177941.0,87,101,249
4626.96,2835.74,-1355.84,107,67,224
10533.2,34107.2,-1106.51,53,176,1922
8917.87,28886.9,-3640.85,150,179,1626
28631.7,539292.0,-17198.0,91,622,16243
6574.04,3358.39,220.86,19,101,206
4293.37,2670.27,-1127.9,28,65,202
10404.7,38090.1,-853.337,32,205,1751
5787.54,4163.82,-117.713,3,88,318
8073.31,4505.45,-1568.06,90,131,271
3368.37,671.762,-314.97,4,31,53
24427.9,385447.0,-13190.0,286,520,10987
17520.9,160560.0,-1914.45,205,352,6744
6693.04,6914.15,301463.0,84,95,427
7407.08,6675.18,-300.331,162,108,428
16865.3,135626.0,-7250.0,58,300,3064
14712.5,209828.0,-8922.0,82,366,8468
6164.21,6336.53,-1902.7,17,108,424
12919.2,69153.0,-7129.0,37,251,3131
4634.16,524.114,713.73,16,65,35
4449.97,508.818,-71.118,23,65,35
8082.78,31458.0,-3113.0,24,158,1806
3784.75,545.652,-732.97,5,43,52
10397.1,98809.0,-4553.0,33,246,4617
5370.74,1847.68,-1537.9,1,70,131
10029.1,24852.2,-602.795,44,177,1313
6906.06,7828.08,-4105.6,12,117,427
8397.41,9241.94,523.6,21,130,515
7555.43,11195.3,-2405.8,21,121,622
7725.22,9689.0,-3081.0,37,121,618
8606.25,8420.0,-4215.0,15,147,491
4750.72,1979.85,-880.44,3,75,165
16137.3,204358.0,-10394.0,158,354,7823
5314.71,4379.63,-802.04,17,85,343
4527.2,2871.0,-2269.0,23,77,222
6289.43,10368.1,-1810.02,23,109,689
14349.0,102439.0,-4348.29,231,281,4061
3433.5,732.229,206.24,5,31,53
12176.6,34364.0,-2935.0,78,221,1367
12857.1,83182.7,-4622.45,77,252,3882
9154.37,17078.0,-3216.48,259,183,931
14676.4,80140.5,52235.8,164,320,3466
10005.0,25858.6,19815.7,152,174,1415
8995.32,22450.3,-2850.43,67,152,1165
4863.28,736.722,-363.87,8,58,43
3940.57,1180.87,-768.58,9,55,88
9774.51,24204.0,847309.0,37,177,1313
11023.9,41133.8,-4479.57,140,227,2059
21852.6,406357.0,-9819.04,64,473,14125
9851.22,23395.5,-2066.39,51,176,1313
13031.5,64203.0,7418.8,50,279,2979
4361.42,6720.95,283.19,34,68,481
18064.4,250646.0,-9483.0,84,468,8473
12755.0,46402.4,-287.002,182,273,0
12158.1,60247.5,-1098.0,204,214,2600
4045.34,765.829,-2251.7,9,54,64
4474.31,727.948,16.714,29,58,43
5542.35,3545.23,-472.143,164,71,249
5565.41,2897.74,16912.4,137,79,184
23920.9,281358.0,646525.0,304,468,9276
3664.61,491.147,-688.59,3,36,35
8996.61,25595.0,-4984.0,81,175,1466
8837.58,22060.3,163.31,30,143,1203
13523.4,90940.7,-1770.21,211,254,3885
5018.45,4043.81,-983.71,11,85,346
5153.53,1550.0,-1227.0,31,69,90
12232.0,83120.0,-7431.0,41,332,3638
5813.33,2534.83,293.12,11,81,169
13816.7,87535.5,476269.0,50,291,3799
5574.11,4660.9,-1282.53,91,72,340
7471.89,10898.7,349009.0,77,114,689
8888.34,10743.2,-2607.39,104,156,654
3828.04,531.288,-709.74,9,43,52
11040.2,69867.2,-5207.25,178,247,3373
12120.6,33420.7,2873.2,43,210,1213
28904.6,860864.0,-15672.0,63,601,20653
5957.25,6364.04,208951.0,113,95,427
11726.1,53020.4,-617.73,116,224,2192
8865.8,12106.0,-1443.72,121,136,619
20371.9,275506.0,9504590000.0,277,420,9137
10940.3,28658.9,192298000.0,64,194,1521
7136.18,8753.81,81434.8,129,95,543
7171.68,4058.57,17187.5,7,101,249
5923.94,5013.78,-1478.38,44,79,292
4825.19,5866.36,3363.82,85,92,459
16835.8,170433.0,10682.8,224,403,6746
4081.69,876.0,-717.0,19,50,52
14104.6,69527.3,2860.76,54,325,3143
6387.62,4803.4,-1892.4,15,107,319
3634.13,466.339,-1003.5,3,36,35
6065.52,8090.56,-3428.7,5,106,549
14243.1,97681.0,3293.37,262,294,4249
11538.1,41676.0,-2015.76,62,180,2054
10135.6,20656.5,-929.645,220,157,1113
31189.4,1063600.0,-9678.0,468,725,26724
20679.8,244912.0,-2533.4,263,540,8870
5714.21,4282.43,-832.73,14,72,340
5519.24,4495.18,-343.05,11,85,346
5959.76,11139.7,-719.101,253,102,764
3711.12,583.824,-176.54,15,43,52
4656.64,3014.3,-718.3,36,65,202
13216.8,96910.0,-1869.0,33,308,4332
11984.1,53868.7,-2750.1,45,220,2461
4557.88,3986.35,-929.715,110,72,340
8029.93,21801.0,-4473.0,39,144,1207
6793.96,7185.54,1431.2,33,109,432
20170.8,201103.0,-8861.0,90,402,6755
8254.89,20274.9,433004.0,130,145,1156
9332.32,11782.6,-659.575,132,156,654
8486.73,34510.0,15969.7,30,148,1919
8164.92,10384.0,-2820.0,52,132,658
8558.17,12080.0,-2506.57,253,132,729
6959.74,9798.87,1599.7,24,115,547
11809.3,65901.0,-6552.0,31,230,2976
3759.28,1953.51,-387.763,7,43,161
13092.7,93851.1,1952930.0,176,273,4429
13680.6,51431.4,-2823.85,224,262,2394
9940.91,27540.5,-1154.06,24,158,1403
10630.8,45977.3,-1471.14,131,197,2257
14794.8,123057.0,-5085.0,46,309,4431
9580.02,33284.1,-553.193,112,176,1922
4074.14,389.167,1405.1,11,54,28
4204.31,6194.52,-271.03,13,68,481
4597.98,2754.26,-1069.4,23,65,202
9018.7,29088.9,-3348.23,135,179,1626
15329.1,88347.5,-29.7703,99,300,3369
15127.6,154244.0,-7299.0,34,312,6053
14600.0,55287.7,-1123.39,138,215,2188
13078.3,61049.9,-4950.72,38,247,2754
12958.4,95991.0,-8195.0,128,270,4059
3895.21,1479.51,-996.999,160,52,133
4342.4,815.555,-1619.6,13,54,64
5632.14,7496.42,-2032.42,60,104,457
6561.53,5106.35,-1138.54,14,96,347
7131.03,11240.7,-698.914,22,111,651
5473.38,1056.66,-1874.5,6,57,76
5756.36,4789.96,-896.656,17,85,343
9957.07,24299.4,-3470.23,122,166,1111
6887.83,7831.2,-2962.2,10,117,427
6737.86,6901.54,-2100.87,272,110,397
13265.7,95082.6,-515.986,181,273,4429
15232.1,75385.0,-8580.0,168,351,3061
4413.44,2845.1,-1282.5,20,65,202
6647.57,7268.49,501.75,23,109,432
14027.0,127454.0,-8141.0,34,296,5313
8543.42,13828.0,-3979.0,36,146,807
16741.2,61336.0,-7568.0,57,338,2329
16153.9,167646.0,-7300.08,197,352,6744
4810.02,3784.94,-1652.7,24,79,317
3865.89,2056.23,-1667.1,3,63,184
8112.5,9607.71,7486540.0,202,130,490
7546.75,12930.9,-338.163,33,123,726
11641.0,85283.0,-5184.0,28,244,3795
5871.65,11133.1,-1228.82,250,102,764
5806.99,4298.05,-903.962,259,88,318
11396.2,55786.8,-2058.71,179,209,2967
8631.64,16120.4,-952.161,48,160,976
6121.07,10508.0,-2108.0,28,99,691
4044.63,764.818,-450.07,24,58,43
7267.19,12580.5,-1029.44,141,123,726
10377.9,39573.0,-2350.0,45,180,2054
10601.4,44422.5,2405.4,214,159,2181
6065.44,12930.6,-1829.6,15,103,883
7586.93,6917.85,-645.434,166,108,428
13111.5,79589.1,-826.057,50,272,3539
4436.23,1032.58,-459.39,28,62,102
7149.28,18036.9,-1667.9,13,128,1065
11761.5,44735.6,-4641.4,140,223,2059
7766.27,14418.6,-726.59,31,127,802
6185.71,8077.48,-2873.2,6,106,549
10243.5,18966.0,-4673.0,98,176,977
3824.44,5892.3,-168.88,20,68,481
8196.29,12311.5,-2891.57,108,136,619
10637.2,26182.0,-4963.0,17,188,1310
6121.48,5369.34,-1330.6,11,105,371
4904.33,1069.99,-597.05,10,62,100
11094.8,40883.9,-2514.52,146,227,2059
7038.58,28045.5,-2801.9,12,131,1686
4487.68,2149.66,-1367.1,14,71,188
12626.4,80887.4,-1205.19,46,272,3539
9740.36,39939.2,-3474.47,84,196,1885
6095.56,8129.98,-2766.8,11,106,549
12110.8,75393.7,-5128.98,24,249,3630
5331.06,5572.53,-1837.5,6,89,425
24738.1,404324.0,-10599.0,133,523,11432
5550.26,4957.0,-1267.0,105,86,347
5092.13,3079.15,-1897.5,2,65,202
6547.2,13768.5,-418.388,20,96,804
4310.87,670.21,-83.063,17,58,43
4724.35,2168.79,119.74,8,75,165
4784.68,584.581,129.69,22,65,35
11155.4,69097.6,-5170.97,196,247,3373
6493.53,7072.19,101771.0,60,90,405
11297.5,81023.0,-6669.0,31,280,3713
16458.0,189248.0,-8678.0,89,455,7723
6533.35,1749.28,-180.9,11,84,136
13296.0,41984.5,-3738.88,241,278,1938
9369.01,22423.0,-3131.0,28,168,1253
22402.7,410006.0,926448.0,61,473,14125
5951.87,11139.7,-718.927,91,102,764
5642.24,2583.15,-3217.8,13,87,166
6829.4,6175.42,-950.88,20,99,372
5819.66,3003.96,-905.93,5,65,202
8178.19,32814.8,36977.3,23,148,1919
8146.19,12888.5,-1999.26,77,132,806
7634.25,13981.6,450384.0,38,120,809
14707.1,136931.0,510713.0,198,279,5626
7028.27,4509.58,-1783.9,10,110,294
6638.33,10333.6,-1249.0,23,109,689
5543.87,2548.96,-103.89,7,81,169
15098.8,66975.0,-4212.0,40,229,2603
4121.28,1810.0,-1462.0,17,67,148
8055.64,20760.5,494.01,36,143,1203
21702.8,410495.0,-11.1998,72,473,14125
4096.5,1559.23,-983.33,4,55,133
12350.4,100700.0,-9290.0,58,324,4432
15480.5,75724.6,1454.51,256,336,3302
14110.5,51653.1,170393.0,149,298,2196
18355.6,247104.0,-8983.83,180,391,7118
8332.6,9894.98,-1482.86,109,123,621
4808.79,2377.24,-110.202,109,77,205
11535.2,54040.5,12441.0,47,220,2461
4120.35,2426.73,-804.67,19,63,184
4180.98,2537.09,-707.76,30,63,184
11710.1,49336.4,-4308.25,106,262,2394
11320.6,45098.0,-3133.0,21,203,2059
23099.1,280276.0,-13215.0,264,465,8741
11486.5,68683.0,1850240000.0,96,247,3373
4088.79,6288.56,201.97,15,68,481
8399.28,9004.17,-382.728,44,154,557
9678.83,17398.6,-1367.85,31,142,844
4737.64,2833.41,-1178.16,21,77,244
10115.9,27036.0,-1310.23,142,172,1412
5633.79,4438.51,-969.585,21,88,292
13884.6,69476.4,7385.41,53,325,3143
12473.1,56657.2,-494.17,45,220,2461
12673.8,72673.2,-2369.39,186,262,3211
15521.8,167311.0,-1933.72,57,320,6391
6847.36,7795.27,-2470.8,11,117,427
6862.5,7776.5,-2653.8,11,117,427
8591.85,10272.3,-2123.37,151,118,492
8756.75,9885.87,1265.1,37,130,515
10499.3,27224.0,3583310000.0,95,214,1469
3633.21,569.573,-324.46,14,43,52
9341.63,39332.7,137953.0,74,196,1885
13554.5,52188.2,229.614,55,288,2334
22631.6,353452.0,-2307.86,96,440,10967
12374.1,73215.5,-726.143,29,249,3630
14487.7,156160.0,-10330.0,69,332,6284
5053.73,4273.34,-830.116,22,79,317
13972.5,59982.5,-4180.27,134,215,2188
12136.3,83338.0,-6055.0,31,260,3628
6826.22,7806.14,-2805.2,12,117,427
3550.48,688.616,183.79,7,31,53
17342.9,217739.0,-2397.19,258,336,8195
7656.49,15949.0,-4268.0,15,135,930
10235.6,90593.0,-4532.0,17,222,4144
3818.17,2289.44,-419.53,20,63,184
5632.02,3380.62,-1829.03,51,86,205
10673.3,26522.4,-1338.42,108,172,1412
3795.75,1180.1,-915.29,8,55,88
5801.14,1071.41,-1483.5,8,57,76
14660.5,76688.3,-1357.52,148,336,3302
13763.9,82719.8,-1387.23,48,272,3539
3673.8,575.344,-118.5,13,43,52
3956.41,2216.28,-499.959,179,54,165
5032.7,2888.96,-773.909,109,67,224
5966.16,5030.06,-1325.74,16,96,347
9954.89,10429.3,-2645.72,104,154,587
20669.1,347798.0,-3856.65,295,440,10967
3381.37,677.121,149.53,4,31,53
5639.7,7700.07,-359.48,20,99,583
10414.9,26704.0,-3448.0,33,198,1466
8044.74,8918.9,2659.0,39,144,553
4137.06,1443.72,-948.62,157,52,133
4683.7,2006.36,2594380.0,73,63,166
7050.7,5657.26,-1359.35,42,79,292
16397.7,130718.0,-6415.0,225,286,5006
4530.56,2703.13,-744.0,24,65,202
11925.8,37573.8,-5311.27,156,225,1755
9011.51,20789.7,-1460.26,28,143,1017
9656.88,16873.6,111708.0,35,183,931
12208.3,54046.4,-2010.7,48,220,2461
11114.3,48881.0,-2660.06,64,190,2118
5497.77,3704.98,-793.579,9,51,132
6407.8,5278.55,-1104.22,8,99,321
3658.47,411.835,1400.5,11,54,28
12695.5,96388.0,-7025.0,41,284,4071
14106.6,69248.5,-3910.32,112,224,2192
4915.1,2253.66,-1233.7,15,71,188
8992.21,28697.7,-1118.88,130,179,1626
6333.65,5173.47,-937.126,10,96,347
12160.9,52787.8,81800.2,125,224,2192
4101.51,718.416,-589.02,14,58,43
3974.4,810.066,-1605.7,13,54,64
3771.68,579.609,-283.64,14,43,52
7182.17,18227.8,-1892.6,14,128,1065
7722.87,11408.3,-1234.68,154,111,651
4848.83,1997.33,-745.87,12,75,165
9899.64,23389.9,-13.552,53,176,1313
13184.9,181069.0,-6692.0,40,277,7201
3711.69,549.549,-570.61,7,43,52
3765.18,466.854,-827.65,2,36,35
4663.35,6763.16,-948.0,25,68,481
4630.19,4030.59,283.702,28,88,292
8143.52,15427.0,-408.66,28,127,802
8257.5,9189.33,1635.0,40,144,553
8235.22,9694.39,-1028.95,23,138,554
7725.5,7129.0,-2802.0,85,129,401
4710.22,1068.59,-308.14,22,62,100
10659.4,18021.1,-2048.38,156,172,973
4989.49,2055.45,-1084.1,10,75,165
22678.2,514645.0,-1812.6,361,540,18067
20201.2,149687.0,-8964.0,120,430,5126
5856.81,5133.33,-1496.51,85,86,367
3821.5,458.093,-822.06,0,36,35
3703.94,548.545,-440.95,5,43,52
12170.4,74748.9,-4921.19,31,249,3630
6493.0,8201.2,-1192.6,15,108,549
16281.5,165928.0,-8677.0,61,374,5435
5642.87,1043.57,-1533.6,6,57,76
4364.65,6026.82,-500.26,24,68,481
23064.2,266000.0,15091.3,284,537,8350
6287.18,5378.35,-384.639,13,99,321
3427.61,476.134,-496.0,5,43,52
10337.3,23521.3,162908.0,35,176,1313
12781.5,60073.2,330795000000000.0,162,223,2822
4762.97,1910.86,-42.124,8,75,165
9866.83,29165.1,-4338.45,63,194,1521
22998.6,363854.0,-14267.0,144,544,10847
11801.3,54407.8,-2324.7,42,220,2461
4859.67,1783.11,-999.69,4,70,131
4014.32,6081.63,-174.69,31,68,481
6821.58,7454.16,359.2,25,109,432
4687.13,2092.49,522.66,22,75,165
8779.31,12056.4,-2159.83,58,128,693
5287.03,1003.37,-1274.2,3,57,76
5038.08,2282.76,1368.5,22,75,165
6926.36,13585.2,150448000.0,24,96,804
15673.6,167820.0,-972.732,61,320,6391
5101.36,1265.68,-686.08,10,62,100
12882.3,59999.6,-1966.21,34,247,2754
16414.7,112862.0,-7537.0,237,340,4341
4319.39,2627.35,-654.06,16,65,202
9829.02,38973.0,-5079.0,22,197,2051
14966.3,48760.4,-174.66,141,298,2196
9442.25,39214.4,-2001.39,75,196,1885
11625.9,36455.6,-2044.34,25,225,1755
4602.75,1867.16,-506.93,12,61,116
5397.96,5598.72,-1435.0,6,89,425
3878.65,689.054,-517.16,3,58,43
12343.2,106580.0,-8275.0,56,315,4623
12189.6,21179.0,-4125.0,112,240,1164
6849.24,13642.0,-819.186,15,96,804
7679.52,16995.0,-388.0,7,116,886
5731.98,4965.55,-538.812,68,86,367
4106.37,716.575,-722.5,16,58,43
12538.3,38008.7,-2063.25,205,225,1755
9770.33,30103.7,-601.467,222,171,1747
13540.0,56810.0,-4735.0,35,229,2194
7018.27,4083.13,-1024.48,10,101,249
16357.5,95670.0,-7268.0,172,321,3714
5840.93,12779.7,-2110.1,20,103,883
10299.0,26669.5,-1722.87,149,172,1412
22006.1,412627.0,-947.024,66,473,14125
3906.86,767.745,-1929.0,13,54,64
4090.61,1938.13,326.32,194,63,166
4268.39,704.195,-803.74,16,58,43
8290.14,33447.1,9699.99,97,148,1919
15826.1,155931.0,2322.7,96,310,6737
3912.65,774.03,-2135.4,9,54,64
12829.9,187994.0,-8816.0,147,294,7952
4255.08,1317.1,-972.23,2,57,129
5006.29,2131.26,-219.57,16,75,165
12581.1,49348.0,-2888.07,222,262,2394
3502.37,397.942,1426.4,11,54,28
8565.06,10150.9,6.39341,100,123,621
19260.2,156076.0,-5226.16,328,449,5537
9983.25,28573.1,-1419.42,152,158,1403
3783.39,448.075,-737.55,1,36,35
3387.36,669.854,148.86,4,31,53
15460.3,156349.0,1501.5,104,310,6737
4375.4,6321.3,-440.13,8,67,481
3932.88,637.99,-182.67,19,58,43
16746.5,59076.0,-11599.0,90,354,2330
3954.86,402.095,914.97,7,54,28
8557.09,9829.26,-1244.09,178,135,587
12424.7,79185.9,-4235.2,49,272,3539
38842.7,809811.0,-17738.0,149,824,20654
4052.52,1444.89,-814.222,128,52,133
4366.94,2754.68,-1024.2,20,65,202
10900.0,38067.9,5339.41,159,205,1751
12149.0,53539.6,-3908.76,146,218,2391
8924.63,20178.3,17711.4,113,163,1162
9744.21,33415.1,-597.457,119,176,1922
3894.52,762.68,-2319.5,9,54,64
4522.91,2161.37,-1282.3,13,71,188
4864.51,744.232,-840.43,5,58,43
3913.62,2075.47,-1364.1,4,63,184
7714.56,18822.6,-1542.0,15,128,1065
16879.3,253730.0,-10642.0,71,381,9943
5900.27,2502.33,251.98,18,81,169
9650.24,11305.7,-328.264,84,139,587
6340.63,3408.07,524.71,17,101,206
5857.0,1635.64,-888.455,35,71,103
7393.6,9441.77,-491.421,18,123,621
4411.79,669.364,-577.9,12,58,43
6694.32,3702.76,1014.3,25,101,206
13262.5,60759.6,-708.598,191,237,2672
12020.0,48353.8,853559.0,89,166,1414
9440.77,17367.4,559505.0,27,142,844
5754.51,7531.91,2712.67,103,104,457
6763.44,7688.23,-3025.6,10,117,427
10997.6,27043.5,-1347.64,115,172,1412
12022.5,72141.8,526.822,155,262,3211
14089.2,142701.0,-5870.06,319,308,6057
9909.87,13197.2,-878.037,269,132,729
10772.1,55863.0,188.251,173,209,2967
6050.53,8075.08,-3601.9,5,106,549
19861.4,251162.0,-12318.9,281,540,8870
5923.34,3880.2,-683.032,77,88,270
10322.8,51433.4,-4689.75,114,224,2192
10625.4,54894.0,-5631.0,69,222,2672
9843.38,36353.2,123576.0,35,196,1997
13343.2,70863.6,-98.1835,113,272,3295
20686.9,294959.0,-2944.0,232,456,10389
6689.1,2281.07,-584.0,10,76,165
13386.2,50396.9,-3817.75,133,215,2188
6263.19,7373.75,-1214.33,80,93,545
9394.04,27832.2,350257.0,44,156,1364
8559.59,15566.0,-3818.0,84,149,810
21007.6,276456.0,509307000.0,316,420,9137
6749.83,5907.42,348055.0,83,95,427
9080.95,17558.4,-1128.28,23,133,890
5503.41,2522.25,298.77,5,81,169
15627.2,156010.0,2555.4,102,310,6737
12469.0,29181.0,-5754.0,22,210,1259
6057.1,1858.55,-812.637,34,71,103
19508.6,334969.0,-11189.0,279,495,11582
3656.62,439.577,-635.36,1,36,35
6983.69,4599.93,-1927.1,22,110,294
4656.2,2415.19,-791.74,23,63,184
11789.5,37856.7,-524.545,34,235,1818
3608.01,1431.19,-830.823,128,52,133
4030.81,2086.12,-2256.4,4,63,184
4596.81,2027.04,63.171,11,75,165
9735.62,41540.0,-4397.0,40,199,1870
6675.68,6704.0,-2342.0,1,66,206
10485.3,28076.8,-3584.52,78,214,1469
4400.18,2059.16,-804.313,189,63,166
12447.6,20509.4,271.694,28,167,973
15358.8,136881.0,-6509.0,52,329,4725
10611.5,37931.1,-427.343,32,205,1751
15345.2,125831.0,-9607.0,36,336,5220
19573.0,274623.0,3083.03,287,420,9137
17117.8,146232.0,-9046.0,236,392,5539
14253.5,89890.2,-2261.2,214,254,3973
20271.0,162112.0,659013000.0,106,359,6068
4307.43,2458.86,-1300.7,14,63,184
6090.68,5415.0,-2677.0,12,100,371
6708.97,10175.9,1071210.0,43,101,584
7560.01,9576.26,49995.9,16,123,621
3688.59,378.577,1321.0,11,54,28
5038.8,3006.52,-175.28,36,65,202
15168.7,80101.6,149.849,299,320,3466
4049.43,5701.07,-580.9,20,68,481
4346.86,569.883,586.03,26,65,35
4429.03,6583.63,-26.347,17,68,481
4602.78,1205.63,-1548.84,34,71,103
11796.4,73446.7,-350.001,38,249,3630
5801.45,947.518,-1620.1,11,57,76
11682.0,52680.2,31441.6,155,218,2391
9015.47,27283.0,-3705.0,392,176,1571
12070.2,43032.0,-4328.0,57,245,1999
8056.15,10228.0,-4708.0,277,142,620
4575.71,1037.61,-932.77,20,66,101
4685.69,2796.62,-889.93,15,65,202
15350.6,100601.0,-2999.04,37,281,3974
8140.29,30545.0,-2599.0,109,169,1803
2782.91,1280.02,1299.5,2,40,100
6362.63,12564.9,-2073.3,146,123,726
6188.44,5032.61,-624.048,113,96,347
3913.11,2346.29,-706.87,11,63,184
8696.91,12031.0,-4068.0,103,168,658
10399.1,34850.3,53275.5,28,208,1691
3597.05,793.0,-1597.0,3,46,64
19267.0,201709.0,-7167.46,160,390,7459
11466.6,52805.1,-203.171,265,215,2394
4070.74,2563.99,177.07,32,65,202
8695.47,22386.8,616.31,49,143,1203
4001.42,2348.34,-273.86,19,63,184
6905.01,5434.01,-1046.89,48,79,292
5076.0,4350.66,-1529.74,17,85,343
10829.0,34776.3,-5088.92,129,234,1581
8814.41,34876.1,521.919,92,148,1919
6359.59,10463.1,-2179.64,21,108,689
5174.16,4843.11,18235000000.0,9,79,342
4107.56,6302.46,-162.2,18,68,481
13846.6,52832.8,-544.652,175,288,2334
4058.77,2293.22,-662.74,6,63,184
4224.44,556.574,265.19,26,65,35
8165.85,11393.0,-2379.0,13,138,695
4198.95,2597.05,-43.469,29,65,202
4794.25,2099.57,366.06,27,75,165
7847.23,8785.33,1611.6,30,130,515
5694.23,5232.25,-1307.09,27,99,321
10725.7,35630.0,-4015.0,52,199,1811
4694.27,4257.94,-1389.56,76,72,340
4418.29,6287.51,-105.27,15,68,481
5927.65,15270.8,-2225.2,16,123,1014
4377.56,2769.25,-841.03,30,65,202
3699.61,2222.89,-473.373,11,43,161
4310.55,569.261,570.88,23,65,35
4942.39,2845.75,63817.7,22,77,244
8941.64,12225.7,-1342.51,125,136,619
8637.5,14658.2,-615.595,95,140,845
9538.05,12206.4,-2386.45,27,136,619
24129.1,279957.0,-10854.9,281,540,8870
6075.1,5138.0,-1164.0,7,105,371
7827.78,5280.0,-3015.0,14,116,346
5888.96,6866.71,-3396.9,25,92,485
19080.3,186757.0,2650.68,236,403,6746
9889.82,36237.8,-4399.26,24,196,1869
15753.6,115006.0,-5960.0,135,292,4522
20345.6,276016.0,13896800.0,288,420,9137
22791.0,521344.0,-10700.0,68,610,15699
6337.41,1609.39,-1022.87,34,71,103
10996.8,57433.6,-3453.69,325,217,2904
7291.1,6481.0,-2528.0,10,119,372
6389.54,2030.18,-983.281,32,71,103
12121.0,54855.8,-2926.9,52,220,2461
4082.2,2439.35,-1357.2,21,63,184
11750.0,142056.0,-4981.0,22,256,6278
11389.6,26771.0,-3052.0,56,163,770
10729.4,22956.0,-4078.0,64,172,1256
4627.83,1811.0,-37.019,11,61,116
6181.63,6863.81,34580.9,64,118,426
22768.3,520431.0,-986.933,363,540,18067
8205.47,38906.3,-4585.61,69,196,1885
4321.54,6567.34,-236.76,25,68,481
21662.7,308310.0,-8315.0,88,490,9825
9439.05,18053.0,-2153.88,30,133,890
5263.4,3694.72,-417.56,17,82,289
5149.84,3474.18,-614.362,137,51,132
4244.06,2392.65,-1019.6,27,63,184
4654.03,1960.4,-1033.44,113,66,166
5604.04,1803.61,-1384.01,178,76,147
8654.18,33037.8,112250.0,37,148,1919
22287.6,350037.0,-248.536,259,440,10967
6101.84,5157.33,-1323.91,110,96,347
3839.39,392.13,1249.6,6,54,28
6129.43,6281.78,-2232.4,16,108,424
22272.3,279444.0,88.5454,308,468,9276
5949.3,1868.93,-1372.03,34,71,103
7240.34,4084.05,-1384.13,9,101,249
5375.19,4104.73,-681.055,18,77,292
3815.54,600.054,16.084,14,43,52
5965.92,7145.25,0.561152,13,93,545
9452.24,39334.8,-630.457,74,196,1885
4992.16,2209.84,856.85,18,75,165
23333.2,284119.0,-12715.7,302,540,8870
3334.17,675.449,237.95,4,31,53
12083.4,73304.2,-4673.37,33,249,3630
11181.1,32317.7,-44.465,134,204,1692
6842.69,6802.98,6132.56,104,95,427
4114.06,2449.32,-847.52,18,63,184
10762.3,57913.3,-2088.48,166,217,2904
12969.5,144165.0,-6278.0,28,305,5735
5068.87,6267.24,3.7376,17,68,481
8190.42,8773.21,1953.0,33,144,553
14713.3,95455.7,260773000.0,169,273,4429
4182.85,469.776,182.65,22,65,35
12092.7,56480.7,-2562.06,29,209,2967
5493.38,7643.32,-732.41,12,99,583
7419.79,9284.09,-1957.31,92,138,554
9801.06,34522.0,-4150.0,118,186,1698
13153.7,60447.3,-1615.18,39,247,2754
8521.16,13581.3,262252.0,113,148,729
15981.1,98748.6,-918.461,58,294,4249
13427.1,23730.0,-3935.0,28,169,1021
3776.53,566.744,-401.48,15,43,52
8291.12,33518.2,279.623,92,148,1919
12087.1,69153.9,180.999,186,262,3211
8970.22,14999.0,-3493.0,15,165,848
6283.1,12966.8,-1079.9,9,103,883
6554.51,5058.73,208425.0,81,96,347
11340.8,17539.0,-2941.0,23,152,726
10068.7,43249.0,-5476.0,29,218,2251
5387.13,7030.36,-1961.26,104,104,457
12031.8,49349.5,-3676.93,229,262,2394
6362.6,1868.64,-1034.39,37,71,103
7816.76,9075.62,-1159.62,177,107,517
6379.7,981.416,-1661.9,12,57,76
3779.89,337.933,765.2,11,54,28
3733.41,723.894,-498.75,15,58,43
12735.6,55856.0,-6753.0,53,255,2325
16544.5,144996.0,558.426,305,362,5847
6561.92,11519.9,-2127.64,148,111,651
8826.31,15087.0,-4600.0,35,157,889
7846.66,16384.0,-1691.0,20,127,973
7850.34,11995.5,-1638.66,111,130,694
4131.52,652.894,481.04,21,58,43
9116.18,27139.0,-5348.0,19,172,1418
11030.0,32547.4,-4350.7,136,203,1580
4990.05,3056.7,-1788.8,8,65,202
8287.98,9648.65,-1891.33,178,135,587
19327.5,257761.0,-14333.0,85,440,9129
3729.06,1504.16,-984.58,6,56,114
4083.91,2125.27,-1791.7,4,63,184
6746.09,13758.3,-2588.1,10,119,931
30150.6,835718.0,-14754.0,83,634,20638
7011.53,14132.6,-1274.08,23,120,809
4052.4,2816.92,-1791.3,9,62,222
8383.35,9432.37,-684.265,16,135,587
9837.03,23313.1,1221220.0,120,166,1111
9165.81,17875.1,740.979,220,133,890
8360.63,12181.0,-1812.3,60,128,693
9778.68,25805.0,-287.037,27,174,1415
8020.26,33015.5,-2086.71,22,148,1919
15641.6,90943.4,159859000.0,280,254,3973
12504.4,73435.8,-4562.67,31,249,3630
11186.8,68911.8,-5143.27,199,247,3373
6112.88,2587.61,925.74,15,81,169
8809.77,26833.4,56854.0,26,156,1521
19249.1,215478.0,-15231.0,67,435,8093
19534.0,275131.0,156215.0,281,420,9137
8235.24,14502.0,213.75,40,127,802
13509.6,92110.0,-5886.0,30,294,4064
13642.7,51963.6,18662.9,140,288,2334
8152.0,9595.48,-1522.18,202,130,490
7358.34,12518.0,-3835.0,56,118,654
16122.1,68725.0,-5261.0,323,298,3055
14699.2,81188.0,2415.21,147,320,3466
24567.6,433271.0,-14367.0,165,610,13977
8233.36,18149.0,-1630.0,19,137,1064
10707.6,20770.0,-2326.0,21,110,655
8520.8,4818.16,-1674.95,27,131,271
4649.05,4825.49,31102.0,22,61,365
5693.56,2610.84,365.31,20,81,169
6098.03,7996.91,-3538.2,10,106,549
13911.6,90425.9,-1696.1,210,254,3885
17507.7,159322.0,-6923.52,204,359,6068
18694.8,152059.0,-3972.98,330,449,5537
5592.92,6026.89,-1394.2,10,89,425
3769.31,1221.06,-1019.2,10,55,88
11830.8,33295.3,1904.4,54,210,1213
15265.9,158138.0,-11011.0,68,353,6857
9565.34,28582.9,-2072.12,113,166,1414
14820.9,80296.0,-7500.0,49,279,3373
13905.4,90409.6,-2327.56,285,254,3973
4709.45,3405.95,-1032.67,17,75,269
21730.3,414180.0,337.872,91,470,14125
3680.51,399.349,881.67,12,54,28
6138.92,15196.0,-2044.0,15,125,971
18501.4,389928.0,-13295.0,119,509,13968
5039.95,4283.09,-1418.19,18,79,317
11052.6,56366.0,-6856.0,39,252,2465
5917.24,13477.0,-1649.6,10,103,883
10847.0,47120.0,242748.0,69,190,2118
4232.77,2390.26,-1046.8,3,61,184
11191.9,42299.0,-1223.95,97,166,1414
11821.3,77567.6,71459.9,155,252,3882
5767.47,7150.6,-636.906,16,93,545
5192.52,2170.84,-300.58,14,75,165
20613.0,223537.0,-10256.0,127,437,7103
20228.6,311602.0,-13252.0,61,515,10536
4332.37,646.972,-204.21,18,58,43
5520.2,4604.29,-1159.8,13,85,346
6770.51,7452.04,877.95,29,109,432
5392.12,3708.76,-1791.01,120,85,269
8708.79,9452.58,-22.479,237,154,557
7214.8,4488.39,-1013.38,41,78,268
3466.72,527.049,-359.84,8,43,52
4778.2,6543.63,202.68,21,67,481
6399.65,12598.0,-2048.0,14,117,767
4041.27,757.896,-1711.7,13,54,64
3977.82,1184.99,-587.72,8,55,88
6084.13,5124.63,-977.77,12,105,371
5539.95,3793.57,-1124.68,65,85,269
24354.2,253814.0,-10751.0,94,551,9006
23837.8,267799.0,-4835.44,298,540,8870
24526.4,608544.0,-9812.0,387,604,14152
4890.48,726.552,-155.67,7,58,43
9173.53,41268.0,-5112.0,41,197,2122
10448.0,18028.5,-1974.78,155,172,973
3786.16,2341.2,-728.31,21,63,184
6260.33,5178.71,-1227.4,11,105,371
4109.52,2235.19,-973.64,13,63,184
4606.71,2012.17,17.456,10,75,165
8276.86,9273.45,574458.0,177,135,587
10866.4,66003.0,-6610.0,46,228,2966
15514.5,82263.9,6100.34,66,320,3466
3448.96,667.346,434.49,4,31,53
4703.29,2830.09,-1164.21,20,77,244
14852.3,87319.8,1416.99,102,301,3369
4486.04,1029.14,-714.96,28,62,102
5880.83,1801.79,-1710.29,74,84,136
11862.7,36453.1,67189.7,18,225,1755
4874.71,1397.0,-2042.0,31,73,115
4026.18,1189.4,-782.25,2,59,101
4074.96,5890.46,-210.29,23,68,481
15249.8,100508.0,-4972.95,37,281,3974
37333.6,1608170.0,-25314.0,184,898,33577
4455.84,973.886,-711.27,4,55,88
20398.8,412186.0,-8028.97,53,473,14125
15015.9,250506.0,-7574.59,110,346,7851
24052.2,280611.0,-1005.19,292,540,8870
6109.54,12980.4,-582.29,16,103,883
16352.5,207560.0,-10731.0,87,387,8211
6344.14,5323.61,-1457.89,51,79,292
4262.13,709.249,-699.29,24,58,43
13053.4,138873.0,-5607.56,76,279,5626
3573.88,565.025,12.624,14,43,52
4253.6,2553.24,-1321.6,11,65,202
7181.79,6512.93,-1881.2,24,99,372
9954.57,26379.0,-3756.0,22,178,1412
3761.08,356.021,1655.8,11,54,28
21988.0,414544.0,-8978.72,64,473,14125
5519.23,4417.01,-967.277,17,88,292
5023.15,1943.53,-215.26,11,61,116
7936.7,4634.86,299512.0,95,131,271
4527.2,1103.55,-68.384,28,62,102
14772.3,102492.0,-7417.0,54,308,4248
4534.28,536.293,495.64,26,65,35
6291.1,2374.38,-204.43,5,76,165
3825.89,1200.18,-538.34,10,55,88
16253.0,214293.0,-1278.79,41,336,8195
4816.49,1983.04,-793.2,10,75,165
4164.06,2326.64,-1029.6,14,63,184
14720.9,97567.0,-7000.0,206,316,3977
17176.0,86083.5,3880.6,72,340,3632
4814.92,2813.32,-1117.95,120,77,244
7253.13,14515.0,-1522.0,28,153,806
8880.31,31551.0,-4505.0,19,174,1628
6060.32,7302.0,-1119.0,11,98,516
9481.96,37692.0,-4468.0,18,188,1993
6101.43,13481.3,-1276.1,13,103,883
4644.22,1029.1,-1064.5,10,62,100
4881.86,2236.71,577.26,26,75,165
14832.5,87977.5,1079.54,71,298,3369
3782.4,542.619,-894.28,5,43,52
16674.1,158642.0,29811.5,194,359,6068
5563.46,9371.62,-53.0709,141,98,651
14389.6,86694.6,-1058.73,56,291,3799
7596.6,13151.0,-4361.0,11,139,808
15791.6,178128.0,251661.0,267,367,7087
5888.94,1080.14,-1509.5,7,57,76
15338.4,160022.0,3352.8,127,310,6737
4066.16,2305.19,-611.89,29,63,184
32434.4,292460.0,-16869.0,129,595,6649
10374.3,26929.3,-1263.52,138,172,1412
4549.59,2194.37,-1285.3,11,71,188
5976.39,5800.0,-1189.0,16,89,425
9455.53,38045.2,-3411.01,41,180,2054
16045.1,136291.0,326268.0,192,279,5626
9945.75,31692.0,-5676.0,100,189,1687
13912.2,40484.0,-3843.0,69,213,1577
12042.1,53223.7,-3110.54,156,218,2391
4741.28,2730.72,-691.03,15,65,202
6140.73,5236.03,-1551.84,7,99,321
14807.2,157055.0,1642.1,118,310,6737
7269.25,12647.7,-903.917,138,123,726
15742.3,156154.0,3159.7,96,310,6737
6023.41,5249.94,-765.81,8,105,371
15180.4,122375.0,-8474.0,35,319,5119
3898.26,2356.1,-1080.4,13,63,184
3758.79,485.992,-749.35,3,36,35
5877.87,4266.48,-1058.66,17,72,340
6863.11,12506.0,-4202.0,22,144,811
19304.7,201891.0,-7203.51,158,390,7459
6604.14,7644.06,98218.2,18,104,457
12895.0,104485.0,-7059.0,34,296,4344
4012.47,5674.11,-460.64,20,68,481
19982.4,251448.0,-12317.8,281,540,8870
4270.42,1867.0,-2205.0,37,62,163
6912.79,13538.0,-3832.6,20,118,762
9212.45,27492.0,-4952.0,27,196,1686
8332.56,9632.07,-764.736,190,135,587
3859.29,422.899,834.54,11,54,28
4738.12,1139.08,-711.57,13,62,100
7451.93,12911.8,-415.903,22,123,726
3531.29,2145.4,-730.409,179,54,165
15563.0,212086.0,458969.0,278,336,8195
4533.4,1175.0,-914.0,15,62,88
9652.74,12630.1,-1007.23,122,136,619
11256.2,68682.2,-2379.95,193,247,3373
7924.6,8026.0,-2107.0,25,127,373
12175.1,71204.9,-196.416,154,262,3211
15608.6,88584.7,-799.472,95,301,3369
7892.32,27563.5,-860.801,125,156,1521
7030.35,12668.9,-2308.18,145,123,726
12975.1,55101.3,737740.0,151,218,2391
4186.99,402.676,969.62,11,54,28
4446.82,1235.94,-641.81,5,55,88
15847.7,132729.0,-55076.0,59,317,5217
8485.82,15549.0,-1958.0,55,129,764
5321.5,4245.38,-1041.2,15,88,292
7879.05,22367.8,-3120.52,39,148,1165
13328.2,61568.0,-7150.0,4,211,1752
8729.25,16479.8,10457.1,19,142,844
24202.3,270592.0,3008.71,293,537,8350
9593.41,27348.0,-5422.0,86,191,1522
10133.3,30121.6,-586.504,42,171,1747
19219.9,190532.0,-10631.0,72,418,5749
9022.68,20733.5,-1598.47,29,143,1017
16230.3,148055.0,-5091.64,268,362,5847
6859.57,17189.2,-2439.4,7,128,1065
3842.41,543.101,-473.86,6,43,52
8100.89,15180.5,333156.0,54,131,971
15319.2,88710.8,3749.9,75,289,3710
6790.5,6333.59,-919.658,83,95,372
6216.83,6397.96,-1958.1,16,108,424
8102.22,9642.25,-1839.51,185,135,587
4237.86,747.702,47.941,16,58,43
10577.9,42989.0,-3849.0,34,212,2060
12406.9,43224.0,-6355.75,56,278,1938
7065.65,8949.41,19.0332,129,95,543
5659.98,4896.78,5047.19,17,88,292
13252.0,98492.0,-9909.0,47,355,4245
4525.5,5833.26,-240.06,16,67,481
3566.65,473.54,-588.63,1,36,35
6229.42,4046.38,-54.541,13,100,294
20999.2,394272.0,-13253.0,104,469,12347
9984.03,32852.1,358.11,31,176,1922
5248.58,2253.11,293.45,22,75,165
4267.54,389.649,1387.7,11,54,28
4497.4,2128.24,-1379.9,11,71,188
8172.3,26514.5,-1396.68,137,156,1521
10273.3,26685.7,-724.391,152,172,1412
3720.25,441.156,-479.5,3,36,35
13495.3,132598.0,-7927.0,218,301,5529
5502.49,4355.45,-1099.77,17,88,292
4523.61,2008.82,-250.83,14,75,165
6454.82,4947.75,-1489.6,15,87,322
12652.6,81162.0,-4287.0,45,263,3299
9141.14,11386.2,-1939.2,12,140,590
16351.9,163576.0,459175.0,190,352,6744
22170.8,515925.0,-2017.26,138,540,18067
15805.0,159583.0,2344.8,102,310,6737
7588.63,9011.22,57.164,13,130,515
5031.68,2181.53,-358.66,6,75,165
3843.69,561.553,-483.38,5,43,52
13462.9,99465.0,-5279.0,42,322,4251
6529.57,10450.7,-382.39,24,109,689
4816.6,2828.46,-1216.42,114,77,244
6097.38,15147.5,-2760.3,17,125,1014
6477.16,10274.0,219702.0,23,109,689
13535.6,77853.1,-2081.87,192,262,3211
5119.67,4045.71,-1486.8,11,85,346
13967.2,88591.3,-6670.35,40,291,3799
3678.02,522.064,-920.05,2,43,52
4368.25,1130.41,-984.02,5,55,88
8658.33,11848.0,-4309.0,58,119,519
3959.21,2070.61,-1956.0,4,63,184
13324.8,85922.0,51124.4,52,291,3799
13514.6,46846.2,347.836,147,273,2061
9281.72,29930.0,-3733.0,42,181,1636
24025.5,274009.0,-12609.0,53,544,9011
8731.71,37867.7,-2967.43,43,180,2054
13215.8,41993.1,-6314.1,241,278,1938
4849.91,2889.76,-271.66,37,65,202
5574.89,3509.71,-734.24,134,51,132
6943.96,4225.96,-770.821,135,101,270
3987.97,6387.44,-181.18,22,68,481
12131.7,36414.5,-1504.59,67,225,1755
6914.7,5569.88,-874.023,10,99,321
7580.77,11363.7,2556.82,61,114,689
10054.8,26829.5,1502.56,113,214,1469
12755.9,90037.0,-6933.0,170,288,4066
9760.81,14552.9,122358.0,132,143,771
9513.47,12592.1,-993.107,99,136,619
9529.9,10347.9,-1909.92,101,154,587
5817.18,2223.87,-688.415,19,82,185
5859.17,4132.52,10800.3,88,88,318
14931.8,103878.0,314.254,143,281,4061
11678.5,60127.5,646187000.0,243,217,2904
5234.39,3551.36,-1685.73,59,85,269
9477.32,19716.2,-832.89,35,151,936
15312.0,158197.0,5216.1,112,310,6737
17506.3,63952.0,-6749.0,68,292,2756
6868.97,7683.0,-2745.0,37,116,517
3638.87,538.549,-507.46,5,43,52
3834.17,641.267,-394.37,24,50,42
4435.09,1080.1,-784.66,28,62,102
6331.11,13328.4,-1604.1,15,103,883
3879.3,2176.36,1205.47,51,54,165
4870.17,1404.47,-1486.8,42,71,103
8643.95,25222.1,472.064,23,157,1519
5643.6,4415.22,-716.362,20,88,292
4414.2,1065.04,-727.98,14,55,88
18327.5,175790.0,-12389.0,45,430,6635
6396.67,3624.78,699.63,27,101,206
3181.71,1307.22,-684.877,10,40,100
6848.32,7853.69,-2361.0,11,117,427
10462.1,32688.4,1709.02,72,176,1922
3275.89,677.444,215.06,5,31,53
4378.96,1038.51,-723.65,28,62,102
14875.5,167346.0,-5778.0,98,323,6618
17549.8,190154.0,-9967.0,322,374,6633
9949.15,45645.0,-5877.0,34,214,2394
12289.3,54189.7,-750.33,43,220,2461
7642.46,8835.21,80.14,23,130,515
4665.15,2983.04,-365.08,36,65,202
4772.96,536.266,342.82,28,65,35
4930.93,1546.87,-1110.9,5,70,131
6988.65,7544.0,-3751.0,60,113,426
7933.04,14035.2,384.13,21,127,802
10763.3,35145.4,-1458.99,33,208,1691
16313.7,69042.0,-7691.0,97,309,2468
7501.54,9309.47,124.934,23,138,554
9174.14,11354.0,-1170.82,42,156,654
8907.69,17436.7,447.89,82,133,890
4230.15,1953.99,-1099.47,77,63,166
12155.8,70301.0,-5731.0,31,266,3132
4157.5,763.814,-2085.5,13,54,64
18056.9,213681.0,-11531.0,294,436,8215
7989.45,14337.6,-1353.27,88,140,845
3613.99,567.196,-681.86,5,43,52
6917.02,4042.8,82656.7,86,101,249
7200.48,21532.0,-2783.0,186,146,1308
23067.6,247536.0,-10796.0,54,445,7966
6281.92,4026.78,-649.86,12,100,294
8306.08,8987.4,1160.4,37,144,553
8478.6,12354.2,67367.7,23,130,694
6918.34,5286.62,-89.5309,48,79,292
16524.3,160942.0,-3517.88,233,352,6744
15518.6,72589.0,-7119.0,118,331,3060
11206.3,31387.7,1026.75,120,204,1692
4669.54,2733.92,-574.16,25,65,202
4147.84,1541.24,-812.56,4,55,133
5097.38,3790.48,-786.564,13,75,292
4662.76,2229.6,-1484.3,12,71,188
4563.29,2709.38,707.03,32,65,202
5861.43,1817.23,-1366.0,31,71,103
14677.1,87377.7,3764.3,87,289,3710
9820.94,10516.1,-3085.22,103,154,587
8079.23,26161.5,-946.455,15,156,1521
7875.41,9415.71,-2159.07,204,130,490
6432.18,1075.94,-2007.4,6,57,76
9814.04,34013.6,1473.83,57,199,1696
13031.5,58895.2,-877.07,47,220,2461
9051.45,38051.3,-783.646,43,180,2054
3602.16,393.945,1013.9,11,54,28
15704.7,158428.0,1111.6,105,310,6737
13612.1,42252.5,449.379,241,278,1938
10614.5,31524.0,-5087.0,44,204,1421
11961.7,33414.9,1491.4,49,210,1213
4598.46,2891.77,-1131.3,39,65,202
4171.07,1669.77,-845.16,6,61,134
6455.39,1848.97,-989.905,37,71,103
3763.37,2173.42,-517.556,5,43,161
10591.6,40264.1,-1173.38,22,193,2118
8919.37,39564.3,-3869.29,75,196,1885
5443.41,5607.0,-2813.0,46,96,371
15465.8,89340.5,2973.9,81,289,3710
4830.98,1881.13,-599.25,10,75,165
14921.2,88083.6,92094.0,79,289,3710
12355.3,53956.6,-951.28,43,220,2461
6252.43,4975.44,4456.52,100,96,347
11593.1,30766.0,-4805.0,51,242,1366
19276.7,178669.0,192176.0,217,403,6746
4608.81,2426.29,-918.71,14,63,184
10747.6,44414.3,-1458.27,32,197,2257
15072.6,90583.0,-5689.0,18,258,3295
8973.04,16825.0,-2913.0,12,160,934
4118.23,2127.18,-2007.3,4,63,184
7388.33,14056.4,333374.0,95,120,809
9253.55,26647.9,-1070.36,31,156,1364
5048.37,4117.45,-998.956,79,72,340
12848.5,41528.0,-5331.0,69,264,1695
3561.99,572.953,-601.11,15,43,52
8050.42,5260.08,-738.221,25,93,248
5375.37,2018.47,-1512.2,8,77,165
10392.1,38100.3,-1133.75,30,205,1751
15621.7,116715.0,-8716.0,59,308,4629
8165.53,9005.02,692.35,34,130,515
19803.3,271944.0,648.326,349,420,9137
15111.3,136207.0,-150.641,199,279,5626
11191.7,44486.0,-5873.0,22,229,2120
24088.1,262192.0,-786.156,285,540,8870
7242.44,14836.3,-1582.86,192,96,804
22872.9,245417.0,-9687.49,294,537,8350
4354.12,2273.1,-635.14,3,61,184
6458.29,3541.07,964.21,18,101,206
6950.42,11528.1,-843.485,166,111,651
10052.6,37314.6,-4110.87,28,196,1997
3947.78,1723.46,-384.61,95,58,133
8211.24,11903.9,-1709.78,64,128,693
7499.43,12417.0,-3644.0,25,129,845
8633.94,14653.0,-999.968,82,140,845
4081.13,1629.73,-361.32,8,61,134
5430.61,4472.75,2648900.0,7,79,342
4168.46,1639.12,-234.7,8,61,134
12864.2,53458.0,-4921.0,56,272,2321
18490.8,149638.0,-1564.54,86,362,5847
15702.0,165934.0,4265.75,41,320,6391
4910.23,1206.74,-745.066,257,64,90
7366.74,9427.86,1607.69,169,135,587
3649.11,727.266,233.55,7,58,43
7527.58,7485.0,-3029.0,3,124,427
5102.7,2171.41,305.79,14,75,165
10602.2,37708.0,-2505.47,26,205,1751
6745.98,13351.1,-1137.82,189,96,804
7503.03,26464.0,-3133.0,34,161,1523
5904.73,6985.42,-2839.4,22,92,485
5641.24,2588.77,370.96,9,81,0
12399.2,49403.6,153626.0,177,262,2394
3503.22,661.043,130.35,4,31,53
7007.84,4111.28,-1354.93,11,101,249
5440.48,7517.29,-1563.41,99,104,457
6902.57,7856.23,-3243.3,11,117,427
4382.87,1685.41,-672.83,8,61,134
8071.1,23340.0,-5646.0,34,184,1415
4099.45,5776.67,-276.25,20,68,481
3808.57,769.606,-2115.4,9,54,64
12576.2,153009.0,-8140.0,33,289,6402
6769.78,13252.9,-894.421,20,96,804
4522.93,2976.36,-583.53,30,65,202
3473.29,678.249,-269.69,6,31,53
3547.86,1463.94,616.743,5,40,100
4014.57,800.465,-1852.7,13,54,64
13747.8,92395.8,-5055.39,208,254,3885
15295.8,102330.0,27530.6,47,283,3965
17232.4,235537.0,-11576.0,65,467,9010
6824.43,8410.0,-2171.0,29,106,519
9673.46,11301.8,14041.2,251,154,557
14696.2,43754.4,-5576.58,60,278,1938
8994.03,12336.0,30116.9,206,117,519
5701.5,1782.08,-1240.9,39,71,103
8883.37,24757.3,-1648.13,30,177,1313
24626.8,566239.0,-10187.0,177,533,12198
8036.42,11714.6,-1345.05,114,128,693
9183.62,37880.4,-2274.88,38,180,2054
9062.27,12074.3,-1366.61,123,136,619
11845.8,33223.4,2868.4,56,210,1213
9224.76,12453.6,1942.6,40,152,693
4069.15,6083.74,-590.94,19,68,481
3428.43,724.799,314.15,6,31,53
3829.41,531.202,-263.03,8,43,52
10927.1,38774.5,505109.0,44,193,2118
4690.78,6436.28,-167.16,16,68,481
8526.61,13971.1,-2919.98,279,170,771
6401.56,22316.0,-160.315,82,128,1255
5193.8,3680.7,-445.65,21,82,289
8794.33,21761.0,574.4,101,139,1108
9703.28,39670.8,-859.902,74,196,1885
7885.42,5255.33,3305810000.0,21,107,346
15177.6,75481.8,129977.0,270,336,3302
13372.0,190854.0,-8983.0,252,350,7945
6857.96,5029.31,13863.9,219,107,346
9026.67,12441.0,1096.5,37,152,693
11548.7,56063.8,-1987.73,182,209,2967
23493.1,267673.0,-3514.13,283,540,8870
8416.73,14432.0,-1592.91,101,140,845
9517.86,30940.0,-3518.0,138,195,1633
20893.3,144606.0,34475.0,275,449,5537
8577.57,16383.0,-2204.0,24,154,891
14491.2,60356.0,-6140.0,64,300,2139
11017.3,41598.2,-3719.79,154,227,2059
5044.88,3134.44,-2719.4,4,65,202
11676.8,56515.0,-5334.0,160,251,2539
18513.8,158007.0,2977210.0,163,359,6068
13225.4,85468.5,-1896.5,57,291,3799
13772.9,53153.3,36215.0,185,288,2334
8832.43,12296.2,-1231.78,128,136,619
3995.06,785.499,-2547.7,8,54,64
19805.9,193607.0,-5891.0,56,390,5427
18668.6,62693.0,-3831.0,38,289,2193
11857.8,73966.7,25432.9,23,249,3630
25614.1,400734.0,-17442.0,207,546,12209
8187.12,9814.76,97062.2,14,123,621
4911.24,1566.6,-1367.1,5,70,131
5034.47,2082.34,-258.09,8,75,165
14785.6,174109.0,-6684.0,116,349,7338
7562.51,21660.0,-4538.0,78,139,1359
12337.2,37035.2,-1346.95,203,225,1755
10825.5,53595.3,-4623.52,128,224,2192
9278.3,17161.3,-2830.49,95,183,931
6131.0,5171.21,205.601,21,85,343
20307.1,205819.0,2565.6,157,390,7459
9665.51,12168.7,433.95,19,152,693
8514.97,4837.43,-1434.31,23,131,271
19839.5,179257.0,-9884.0,49,396,6076
19581.7,272772.0,1007890.0,281,420,9137
13793.7,98380.3,13897300.0,227,281,4061
17083.7,94618.0,-8497.0,92,365,3633
14504.1,104172.0,-1876.0,50,339,4439
8798.55,21968.8,70.802,35,143,1203
11534.4,41229.7,-1126.18,94,166,1414
20309.9,274684.0,537.346,41,420,9137
6813.61,3815.31,-700.998,48,86,205
3741.4,473.822,-787.72,1,36,35
13942.8,130000.0,-7850.0,263,367,5532
3763.59,2171.86,-1251.1,5,63,184
5159.07,2227.65,-161.75,13,75,165
9877.08,36986.0,-3936.4,42,196,1997
8204.35,27171.9,-1776.49,19,156,1521
7720.07,4917.0,-2807.0,2,107,207
22570.6,350996.0,-2323.3,260,440,10967
6332.17,7468.51,-1226.98,78,93,545
8910.31,12330.3,-94.7221,207,117,519
4482.86,1585.0,-2494.0,11,73,115
9892.62,37903.3,-4402.67,204,193,2118
8889.07,9674.13,9170360.0,18,135,587
7515.07,13589.8,-3271.72,118,170,771
7871.24,9053.88,2132.8,28,144,553
8827.17,20503.5,-3399.77,162,163,1162
10384.0,62945.0,-6996.0,132,225,2892
7266.54,12268.0,-1791.0,21,119,727
26337.6,624569.0,-17670.0,97,675,17898
5173.45,4138.96,-1147.51,18,79,317
5767.51,2531.97,448.15,7,81,169
4029.23,394.675,1203.2,11,54,28
8834.84,0.0,-1635.83,39,157,1519
11176.1,50956.3,3560.78,131,209,2534
7069.34,5586.58,-1140.47,44,79,292
3840.98,1214.66,-1068.9,9,55,88
3828.83,462.484,-822.49,3,36,35
4225.22,6226.44,-318.0,33,68,481
6797.18,13553.0,-1151.27,13,96,804
3345.32,628.213,113.97,11,51,45
9077.5,12782.5,-2612.35,81,136,619
12531.5,49541.9,-4556.35,226,262,2394
6419.03,10287.8,-1071.42,24,109,689
9228.32,24034.0,-5142.0,19,160,1022
6781.78,8827.25,-776.101,129,95,543
22752.6,284177.0,-475.802,71,468,9276
10528.8,44295.0,-4477.0,24,169,1467
10820.1,51530.0,-4836.0,22,238,2610
8693.41,15914.1,486342.0,42,160,976
4817.33,1893.23,-589.78,10,75,165
17921.3,190603.0,-7764.0,63,378,7461
17089.5,196214.0,-9613.0,75,409,7585
7788.48,8841.0,-2687.0,56,127,550
3949.34,1557.3,-850.54,9,61,134
15656.2,158267.0,2566.7,112,310,6737
6939.92,8320.0,-2453.0,8,100,552
4841.93,1547.39,-1333.1,5,70,131
9206.29,37729.0,-3780.19,38,180,2054
15383.9,100144.0,27121.3,46,281,3974
7833.52,26201.3,-441.707,15,156,1521
11570.2,61963.0,-5535.0,46,254,2898
15259.5,59436.0,-1722.1,137,215,2188
6038.97,5204.3,-1352.6,8,105,371
4345.21,697.564,141.05,16,58,43
4250.93,2237.83,-1266.4,28,63,184
9159.64,30523.4,-1279.45,27,132,1513
14032.8,86677.9,-1566.32,61,291,3799
4320.99,2696.07,-840.92,25,65,202
5564.61,7163.0,-1945.0,39,91,515
8718.5,38774.4,5885.28,75,196,1885
12250.8,37109.5,-1893.91,200,225,1755
4527.13,2197.47,-1648.6,12,71,188
12679.1,111316.0,-9156.0,57,290,4715
15158.3,75505.5,130101.0,269,336,3302
4574.62,2233.36,-1571.3,12,71,188
3383.36,628.561,297.22,17,51,45
3773.61,2172.16,-473.639,4,43,161
40236.9,1171530.0,-17529.0,148,829,29096
4313.83,440.988,-213.63,26,65,35
6836.55,13728.5,-1489.22,22,96,804
7881.38,18966.0,-3255.0,35,152,1108
4305.93,785.491,-1489.9,13,54,64
4060.17,1630.6,-354.73,8,61,134
14885.8,171881.0,-6364.0,59,298,6283
14039.4,135676.0,-1352.32,210,279,5626
12292.1,44644.2,1025.35,172,273,2061
4452.36,6697.83,-327.21,19,68,481
3696.64,526.508,-643.96,7,43,52
11479.0,52172.0,-4310.0,25,236,2747
3454.86,670.81,229.7,4,31,53
6389.16,3581.1,894.68,19,101,206
14849.6,144419.0,-164.636,277,308,6057
5779.38,1056.02,-1586.8,6,57,76
6083.69,1670.75,-955.59,40,71,103
14843.5,80013.0,-3943.29,126,223,2059
4654.82,2312.4,-1304.0,6,61,184
6178.26,5810.7,-1090.77,9,95,372
22268.6,350445.0,-119.801,241,440,10967
8972.92,25172.5,-2328.19,72,157,1519
6258.13,7950.65,-3413.1,4,106,549
9527.61,25180.0,-2843.0,29,186,1414
12780.2,79060.6,574.43,37,272,3539
15214.3,213328.0,-3017.77,273,336,8195
3626.19,557.002,-324.24,15,43,52
6717.39,7313.37,647.22,29,109,432
7441.62,13818.2,27143.6,25,120,809
3963.45,2050.43,-1714.3,4,63,184
4361.29,2505.98,-608.86,21,63,184
3756.74,552.848,-610.99,5,43,52
11843.3,50626.0,-5590.0,37,222,2190
15337.3,121624.0,-5856.0,35,299,4918
4641.63,1066.99,-575.34,28,62,102
5474.88,4049.53,-1004.7,12,85,267
5537.97,4912.0,-2938.0,6,91,343
9065.04,12215.3,-2605.8,137,128,693
8227.35,20642.1,167.99,37,143,1203
3945.44,2085.51,-1855.0,4,63,184
6899.88,7440.92,408.5,28,109,432
13570.4,77711.0,-6402.0,52,300,3452
10288.8,40039.8,-1252.75,75,196,1885
6055.86,2513.0,-1663.0,14,72,132
3783.99,466.931,-665.51,1,36,35
9668.71,21528.0,-3698.0,94,171,1160
12218.2,77338.6,-553.84,169,252,3882
4594.5,6306.25,-339.39,29,68,481
7737.01,9572.21,324195.0,82,138,554
16860.5,82827.0,2803.6,89,340,3632
4186.18,1682.69,-350.52,6,61,134
7284.26,13963.9,-1284.46,103,120,809
9031.81,22147.8,548.6,35,143,1203
4036.52,674.795,2.9302,16,58,43
12137.9,57811.0,-2369.0,51,219,2671
7996.71,11862.0,-3493.0,31,157,661
21245.6,278356.0,-10419.0,74,461,9551
14895.5,84297.5,-4170.77,116,223,2059
15252.0,77531.6,23322.2,268,336,3302
18267.4,143429.0,-6924.0,36,372,5220
3848.63,2207.0,-1027.71,20,54,165
11542.5,36002.9,-5188.04,131,234,1581
5206.09,4744.38,96734.0,9,79,342
7088.52,17547.1,-1661.5,13,128,1065
16237.8,161743.0,-7281.83,222,352,6744
6983.75,11459.5,-904.701,159,111,651
4529.24,1111.35,-1011.4,3,55,88
7541.56,13859.0,-3866.0,13,141,928
3816.02,1214.08,-922.46,9,55,88
4289.74,6097.8,-685.37,18,67,481
4204.18,2755.53,-972.53,29,65,202
12216.8,55211.3,-2682.1,50,220,2461
9214.21,20215.1,-1847.84,171,163,1162
13243.3,131868.0,-7651.0,37,316,5521
3753.2,1332.06,359.442,1,40,100
5764.57,5226.95,-1425.6,21,99,372
7899.32,12895.7,-1878.04,15,132,806
5514.86,1559.17,-1278.01,35,71,103
5563.41,7577.92,-947.37,103,104,457
5869.94,2594.71,-3098.5,11,87,166
6217.64,15280.8,-2010.1,15,125,1014
5182.55,3681.8,-379.08,21,82,289
9998.35,33857.8,2004.66,66,199,1696
6361.4,3892.08,-1221.48,50,86,205
15519.6,157429.0,2306.1,125,310,6737
22649.8,306701.0,-10449.0,139,461,10392
7799.12,9336.07,1350.9,25,130,515
15735.8,78375.9,1710.9,255,336,3302
6061.93,1096.1,-1545.8,9,57,76
15060.4,79188.2,586037.0,286,320,3466
3909.75,766.089,-1791.0,13,54,64
23515.7,181154.0,-8840.0,66,384,4725
3742.89,351.292,1361.9,15,54,28
21859.2,468861.0,-10019.0,101,442,12979
3240.42,620.127,-302.88,12,51,45
3728.58,538.471,-521.04,5,43,52
6340.12,3518.47,114.04,17,101,206
4887.31,2220.95,624.71,16,75,165
3231.7,583.706,-95.747,15,51,45
7240.07,4040.21,-1118.02,86,101,249
9916.08,33581.5,-645.172,127,176,1922
13577.2,135642.0,-4246.43,55,279,5626
17667.3,219815.0,-1116.07,260,336,8195
6199.32,8074.34,-3440.0,10,106,549
16291.8,137971.0,-8739.0,241,335,5636
4191.07,420.082,1032.4,8,54,28
3560.18,455.052,-915.73,3,36,35
7485.55,19541.2,-2091.07,34,119,973
6511.57,8111.0,-3585.0,20,112,518
4904.93,2884.67,-1053.86,109,67,224
10939.7,42173.0,-5095.0,37,197,2055
9354.93,12384.7,-1277.08,87,117,519
14709.5,59547.4,-3859.8,143,224,2192
13495.6,116247.0,-6978.0,48,330,4627
4313.45,2538.18,-996.48,21,65,202
22753.7,410864.0,2100140000000.0,61,473,14125
7996.39,25212.6,-3111.27,87,166,1414
3607.61,969.0,-1228.0,11,56,87
3708.84,541.127,-232.24,6,43,52
10256.3,28021.9,-201.514,52,194,1521
11972.3,19879.1,2554.36,37,167,973
3771.27,589.497,-570.7,2,43,52
15015.1,78971.0,9284.43,63,320,3466
5292.16,2487.68,674.59,5,81,169
8091.76,29645.5,-3877.32,145,179,1626
6513.41,13085.6,-1664.1,184,96,804
5943.74,2988.0,-1069.0,8,88,205
3933.61,823.836,-2236.0,15,54,64
9894.46,34690.2,299.506,32,208,1691
4030.75,2210.72,-675.07,7,63,184
3687.98,577.322,-433.24,15,43,52
5780.77,1054.62,-1386.8,7,57,76
15882.3,159468.0,369189.0,245,352,6744
4642.2,2683.6,-923.1,28,65,202
4427.24,511.467,415.43,26,65,35
9945.92,35192.4,-4727.97,185,208,1691
3785.73,596.483,24.536,16,43,52
3763.26,419.844,1008.6,13,54,28
6883.62,9535.0,-1855.0,24,125,590
3907.85,2190.52,-621.48,51,54,165
13624.2,66120.6,3384.0,37,279,2979
6066.53,7633.88,-751.63,99,104,457
4630.46,2946.53,-919.87,40,65,202
12924.3,96336.5,-2619.67,190,273,4429
6857.86,5327.93,223.831,49,79,292
8933.4,39562.6,-3938.1,75,196,1885
3982.29,1449.97,-803.49,160,52,133
6456.67,9625.77,624.048,217,101,584
13800.6,140599.0,1759.71,169,308,6057
10519.1,58694.4,1029.97,312,217,2904
6044.34,5566.73,-816.869,20,99,321
6133.22,5262.32,-1084.9,7,105,371
14719.3,79153.6,7488.21,74,320,3466
8588.01,25237.6,-2453.46,27,157,1519
3773.07,1436.3,-595.392,1,40,100
15399.1,87130.0,-5308.59,102,301,3369
8306.39,20884.5,-104.27,37,143,1203
10081.0,38566.8,-2343.94,44,180,2054
6186.24,8051.45,-2084.02,66,109,486
7789.9,14339.4,-109.39,16,127,802
6074.55,3459.0,-3028.0,12,110,228
7635.8,11168.5,-2224.6,21,121,622
6403.16,12851.0,-2249.0,27,97,619
6377.24,5345.78,10031.9,6,99,321
10523.2,43740.8,388.365,126,197,2257
4721.42,2125.84,446.18,20,75,165
9681.56,12122.3,51.723,21,152,693
3739.5,573.868,104.18,14,43,52
9932.0,42738.6,-2163.11,225,159,2181
4316.0,533.88,759.35,23,65,35
8497.12,9503.98,3001.82,200,130,490
3920.59,682.194,-620.59,9,58,43
10731.1,41677.0,-3621.91,143,227,2059
12597.4,60372.3,-5532.52,27,247,2754
4693.03,2876.33,-852.903,105,67,224
3837.74,768.999,-2444.6,12,54,64
7568.34,14128.6,-1470.16,31,120,809
20385.3,276193.0,11642.7,53,420,9137
3671.79,487.582,-705.74,3,36,35
4412.22,2654.76,-749.36,20,65,202
17709.7,178773.0,-4193.38,241,403,6746
4432.52,2704.74,-534.18,24,65,202
12856.0,95849.0,-6398.0,44,259,4146
6446.21,9157.0,-1169.0,17,111,617
16256.4,87714.2,-6388.63,102,301,3369
5916.47,3945.41,87.767,14,100,294
7559.54,14025.0,-1816.63,29,120,809
10924.4,69256.0,-5151.06,182,247,3373
6188.21,11850.4,-1238.95,19,105,765
7755.53,33114.1,594.202,97,148,1919
5348.11,3357.5,-1647.1,21,70,205
3336.49,675.143,258.52,6,31,53
10746.7,43935.0,-4229.0,107,213,2190
15552.0,166428.0,8311.18,40,320,6391
13685.8,134891.0,-1409.63,190,279,5626
6181.28,5250.52,-1641.6,8,105,371
9449.69,28680.7,-1438.92,144,179,1626
12031.0,69614.5,1475410000.0,124,247,3373
7245.23,12530.8,-1638.74,8,123,726
3870.99,768.873,-1806.2,13,54,64
3794.26,546.604,-507.82,5,43,52
9684.9,12344.3,3727.18,121,136,619
12175.7,60253.9,-2565.89,204,214,2600
10631.6,58263.1,-1021.92,315,217,2904
7107.56,5418.05,-904.996,47,79,292
5166.2,4627.45,143200.0,6,79,342
4421.49,2555.49,-857.39,9,72,205
24483.1,316185.0,3237.35,296,540,8870
4456.04,1919.84,194.25,16,75,165
4058.39,771.336,-1848.9,9,54,64
9335.62,16924.5,-3443.19,94,183,931
4828.0,2886.39,-958.604,19,77,244
11455.4,55565.0,-1577.18,30,209,2967
5756.12,7619.58,-1647.35,100,104,457
6880.94,7776.29,-2846.4,11,117,427
7188.02,9908.0,-2307.0,19,120,486
11307.9,41126.7,-5347.02,135,227,2059
10600.3,105701.0,-7005.0,48,244,5208
3895.3,548.083,-510.3,7,43,52
13638.6,141696.0,1029.32,305,308,6057
8934.33,13887.6,-3221.0,121,170,771
13849.8,55741.0,-6062.0,65,258,2327
9382.37,39183.9,-1162.52,69,196,1885
5417.1,3421.08,-765.787,137,51,132
5576.74,3223.12,-1926.03,45,86,205
12289.0,61731.5,586574.0,138,217,2904
9349.61,10156.7,5390780000.0,167,154,557
9785.84,25681.2,-2504.13,234,154,1252
8308.04,10987.6,-1214.62,14,140,590
6664.58,14725.6,-734.07,17,103,883
8394.2,23530.0,-4726.0,15,161,1312
8523.9,21710.1,612.44,37,143,1203
10199.5,37029.1,168696.0,39,196,1997
7925.77,17130.0,-2729.0,25,132,1021
6209.94,4095.08,-885.83,12,100,294
3244.89,581.69,-133.74,3,51,45
14796.5,53600.6,-427.026,52,288,2334
12869.6,62983.1,3420.6,55,279,2979
19555.2,505467.0,-10840.0,49,446,18060
11246.3,52726.0,-8662.0,147,245,2602
12764.3,58616.8,1139290.0,169,223,2822
15983.5,159951.0,1305.9,100,310,6737
7867.5,13457.6,348.02,116,170,771
4259.06,1685.02,-531.59,5,61,134
5487.55,1996.32,-1189.8,8,77,165
16756.8,137509.0,-6183.0,102,356,4919
12401.4,78872.0,-6412.0,85,241,3207
6026.29,13127.9,-954.42,16,103,883
11597.3,39536.0,-5602.0,60,229,2127
6910.47,9002.4,-952.365,11,95,543
8859.47,14018.9,-2229.11,272,170,771
12472.1,136842.0,-5712.26,192,279,5626
10364.7,37420.5,-2573.25,181,219,1875
15025.5,77663.0,-5382.0,55,289,3460
6752.48,6656.67,-1015.68,102,95,427
5221.27,1116.34,-1541.9,3,57,76
9426.34,29580.8,507535.0,213,171,1747
6060.86,5244.85,-887.79,9,105,371
10169.2,17622.3,-2757.39,151,172,973
15013.2,77194.0,45023.5,271,336,3302
3477.0,394.281,1235.0,11,54,28
3542.14,493.249,-928.9,1,36,35
13925.0,66674.1,20060.1,107,224,2192
5699.53,2571.05,-3105.2,10,87,166
6293.14,4200.1,-473.31,17,100,294
9537.03,37891.0,-4732.0,49,179,1929
10891.0,37108.2,-5246.54,196,225,1755
4324.69,1273.93,-254.15,15,55,88
5224.14,3314.39,-2039.6,21,70,205
5772.3,1701.63,-1181.12,50,76,147
3830.49,556.305,-504.81,5,43,52
3977.11,768.61,-1725.6,9,54,64
8522.87,14053.8,413.49,20,127,802
9679.26,25934.7,-2281.74,176,154,1252
7119.78,12584.0,-661.174,147,123,726
8914.8,26478.0,-3501.0,49,177,1471
10805.2,33169.5,-3226.29,159,199,1696
14563.3,91283.0,-7959.0,74,291,3888
4480.55,2189.88,-1012.5,5,61,184
3727.55,462.188,-729.98,1,36,35
8419.55,12591.9,38178.4,27,130,694
15712.7,223021.0,-8267.0,68,359,8597
4911.53,0.0,-815.912,110,67,224
17729.0,150376.0,-9982.96,331,449,5537
9729.58,10538.8,53006.1,37,154,557
9652.64,40231.5,2625.39,224,159,2181
8246.28,12064.5,430560.0,58,128,693
5891.4,5230.0,-310.356,80,86,367
16374.5,214421.0,-11567.0,154,390,8347
14527.0,59810.2,1476.66,75,305,2610
5007.09,2871.56,-1294.17,14,77,244
8735.86,16141.3,-1413.71,38,160,976
4510.26,2005.62,-708.6,13,75,165
4476.07,6287.42,6.0883,19,67,481
12801.3,60589.9,1438040.0,27,247,2754
14320.7,88355.9,-2397.65,64,291,3799
5797.79,3972.86,-722.61,17,100,294
5763.19,2503.21,365.65,9,81,169
10026.8,17481.1,-2453.29,31,172,973
7569.23,14682.1,172259.0,83,131,971
6118.5,4176.45,-1330.58,264,88,318
7477.74,13939.0,-758.74,22,127,802
11011.6,28530.8,-4277.85,68,214,1469
3446.51,685.967,176.03,7,31,53
5032.52,4044.41,-1255.8,10,85,346
7554.07,11201.5,-2937.6,14,121,622
3814.48,563.055,-611.66,5,43,52
14716.2,137799.0,86811.8,197,279,5626
7946.11,32851.8,2656.09,20,148,1919
4018.25,792.885,-2195.1,13,54,64
19868.9,164865.0,-8930.0,58,400,5025
3606.78,698.612,83.964,6,31,53
22831.9,354044.0,-430.621,91,440,10967
6702.77,7386.56,378.57,30,109,432
3461.98,571.72,-190.75,15,43,52
7452.27,12512.9,-1299.81,144,123,726
6052.33,11041.3,582.585,25,102,764
7612.96,10881.4,-1318.18,84,114,689
11994.3,52699.2,-662.653,151,218,2391
4005.99,2193.6,-1601.8,4,63,184
11976.5,53008.9,-694.547,155,218,2391
9239.49,33285.7,6578.22,113,176,1922
9501.53,39412.8,841146.0,75,196,1885
5938.78,5212.71,-1202.8,7,105,371
6471.37,1981.0,-981.346,32,71,103
9344.08,11448.7,2085120.0,35,156,654
9195.67,17476.2,-2540.81,262,183,931
4255.64,1703.86,-836.32,5,61,134
7492.79,8798.58,-2004.99,174,107,517
11357.4,51813.0,-3882.0,44,195,1997
5090.88,4427.37,-1366.38,15,88,292
7730.78,17994.7,-2147.9,10,128,1065
5884.05,10534.0,-1654.0,38,113,653
11127.5,37999.9,-413.835,31,205,1751
11881.4,60684.7,1011770.0,25,214,2600
4497.66,3115.56,-1263.3,9,62,245
10381.0,30065.1,3010.2,126,234,1581
7858.4,14244.0,-1943.0,10,125,807
4460.11,2760.09,-979.6,21,65,202
3655.1,535.388,-650.42,5,43,52
8032.1,12342.3,-2942.79,25,136,619
11366.5,37816.8,-2449.88,31,235,1818
12313.9,74705.3,-1978.71,32,249,3630
4749.91,1986.87,-853.13,3,75,165
21874.0,98011.0,-7816.0,92,436,3305
4237.07,544.866,1462.7,23,65,35
10700.4,43688.9,-707.991,121,197,2257
6135.51,4038.61,-910.16,11,100,294
13840.3,77654.4,-1507.05,191,262,3211
9259.84,20417.0,1561.47,99,163,1162
7475.03,18008.3,-888.98,13,128,1065
6635.17,9704.0,-1693.0,17,103,547
8237.86,9611.71,-2824.82,203,130,490
14798.5,102431.0,287550.0,47,283,3965
10248.4,37102.6,-3751.87,41,196,1997
4403.45,6515.97,-157.23,15,68,481
8730.66,12179.8,-1090.01,89,117,519
11828.0,52377.2,-233.466,116,224,2192
3919.75,2367.89,-714.94,17,63,184
8920.64,21225.0,-1671.77,107,143,1017
16400.2,108034.0,-9850.0,101,365,4071
4383.92,4147.0,-388.0,9,64,266
10104.5,26600.1,-1097.22,151,174,1415
4250.58,1012.06,-1308.3,22,66,101
11536.8,73455.0,-4385.29,28,249,3630
5758.84,3345.11,-980.043,65,75,166
13658.6,98155.4,-6171.69,239,281,4061
10909.3,102718.0,-5939.0,43,233,4712
15555.8,126948.0,-8516.0,137,316,4916
3853.35,804.292,-1906.1,13,54,64
3725.63,474.665,-920.88,3,36,35
3963.34,1451.17,-874.726,128,52,133
12703.1,73033.0,1043.1,52,201,3289
9686.21,12121.7,-2285.3,124,136,619
4751.83,4297.99,-1484.99,20,79,317
8178.91,12859.4,-1715.25,15,132,806
15035.1,94550.0,-7143.0,79,317,3382
4694.85,2274.25,249.12,26,75,165
4045.68,644.685,-471.8,16,58,43
11626.3,64482.0,-4866.0,25,198,2127
5233.89,4538.86,46803000.0,16,79,342
22522.1,254052.0,-11569.0,86,474,8352
17305.8,171334.0,-2947.0,84,368,6522
10812.2,48647.0,-4535.0,38,197,2460
9778.68,25805.0,-287.037,157,174,1415
3307.91,671.793,-236.67,6,31,53
8395.13,10645.4,-1602.46,144,139,587
4713.37,2202.11,-1281.4,12,71,188
3487.66,681.546,-331.1,4,31,53
4114.31,2311.25,-726.45,11,63,184
15469.6,163688.0,16140100.0,90,287,6171
8026.65,10896.3,-1802.18,119,106,553
5405.15,5607.66,-1426.4,6,89,425
5375.85,4291.84,-1509.55,15,88,292
12289.0,36898.2,-1960.99,9,225,1755
4880.07,4903.0,-2779.0,32,78,367
4416.6,1993.15,-880.727,114,66,166
4033.55,2222.08,-860.91,5,63,184
11312.3,50808.0,-3789.0,30,195,1753
5459.17,2420.58,548.49,2,81,169
6194.61,5254.37,-956.13,10,105,371
6702.88,5822.73,-659.35,13,105,371
4796.28,1897.31,-597.47,10,75,165
9165.81,34778.5,513782.0,63,148,1919
9211.73,13993.7,-672.817,118,148,729
3800.66,476.646,-821.38,2,36,35
13242.8,84999.8,-1467.28,51,291,3799
9136.61,11637.9,-63.3013,30,156,654
9464.5,13936.3,-1206.1,123,143,771
8071.09,13995.3,-3249.73,34,170,771
7675.38,11160.4,-2381.8,22,121,622
13755.9,63453.2,2661.4,47,279,2979
6594.93,6542.54,170263.0,121,95,427
12764.2,48389.0,-3600.0,76,250,1639
18752.0,167196.0,-6081.0,87,408,5435
4194.83,6294.09,-197.7,16,68,481
13533.3,93081.1,-1676.48,204,254,3885
12647.7,29072.0,-5773.0,44,235,1420
7340.04,11172.7,14133.4,98,114,689
4384.88,2727.36,-1244.5,18,65,202
10810.8,37710.8,541516.0,30,205,1751
3641.86,593.706,-339.52,15,43,52
10045.5,81141.0,-4308.0,33,225,3965
3863.11,1519.86,-473.141,41,40,100
4347.73,2491.26,-624.99,16,65,202
3637.06,342.443,1878.4,11,54,28
5494.56,2508.55,261.33,3,81,169
10686.5,57689.4,82.3565,319,217,2904
4989.62,3013.07,-2350.8,4,65,202
4391.02,2084.33,471.3,24,75,165
8223.57,20649.3,85.594,38,143,1203
10692.9,27045.9,288894.0,131,172,1412
14425.8,117536.0,-6756.0,63,293,4819
4042.51,6156.24,5.1258,14,68,481
9033.49,11610.8,-69.1189,39,156,654
4129.68,672.132,-147.8,10,58,43
19902.2,155726.0,-5961.33,325,449,5537
6241.74,13838.4,-1235.0,11,103,883
2961.22,49.2098,-306.599,101,25,5
6718.86,5912.99,836047.0,83,95,427
3952.05,648.825,-132.48,16,58,43
7503.73,8545.0,-3731.0,64,109,517
6019.41,10905.8,199395.0,90,102,764
16987.2,188194.0,-11085.0,57,358,7100
3321.87,687.085,187.88,7,31,53
8014.64,9417.05,-2170.34,183,135,587
16939.6,175944.0,-7546.0,54,391,7098
4365.44,1030.15,-1317.5,21,66,101
8335.38,10573.4,-746.06,142,139,587
3455.96,682.974,-258.66,4,31,53
8444.75,9920.0,-2065.0,23,137,551
9959.35,24630.7,-934.806,38,177,1313
9137.27,16652.0,-1355.0,35,116,767
3745.82,552.935,-393.8,14,43,52
10269.6,16502.0,-2878.0,70,194,941
4511.92,2191.4,-1408.9,12,71,188
3590.17,1353.88,-568.979,5,40,100
8283.25,14264.0,-1954.0,19,137,805
6234.61,1132.26,-1313.8,7,57,76
8506.45,25311.6,-1.29159,27,157,1519
10784.4,44218.4,-2519.33,27,197,2257
5970.0,5093.59,-1798.56,115,96,347
11959.9,30451.0,-4809.0,39,202,1522
5409.91,4106.54,-1912.8,12,85,267
7443.35,14427.6,-526.952,89,120,809
10136.1,49504.0,-4397.0,32,215,2678
9467.56,26234.4,-1702.31,29,174,1415
11792.4,54376.9,208323000.0,100,209,2534
5534.44,1383.6,-1192.78,37,71,103
11886.2,38736.1,993.49,27,235,1818
9879.29,27888.4,8393.65,155,158,1403
17508.1,159314.0,-1226.73,195,359,6068
12249.6,45839.3,-4790.6,148,223,2059
10469.9,27767.5,-3518.19,63,214,1469
4731.38,2897.18,-1069.5,25,65,202
11256.8,51030.0,-5522.0,88,164,2054
7244.7,9687.0,-2473.0,39,116,551
7040.37,4036.99,-1704.49,87,101,249
3959.41,767.87,-1983.5,9,54,0
11577.8,77379.4,1717.53,164,252,3882
5686.79,3964.88,-1744.83,120,85,269
5956.28,3981.95,-1124.7,12,100,294
4662.33,2485.42,-1252.5,11,63,184
3873.43,1386.32,-795.736,164,52,133
16841.0,117209.0,-9093.0,98,330,4342
8100.5,32960.6,-270.993,94,148,1919
12370.3,33740.1,1633.1,56,210,1213
4035.8,2079.29,-1783.2,4,63,184
3405.79,667.509,-244.85,3,31,53
10189.7,20853.5,-1270.14,40,157,1113
5758.95,7819.57,-1476.0,13,99,583
7735.51,12841.4,-1924.81,15,132,806
13536.8,85795.8,343.421,62,291,3799
13741.9,86115.0,-9409.0,22,251,2752
4757.98,1561.53,-1025.4,6,70,131
5173.13,3688.94,-415.3,21,82,289
5922.74,4117.38,-1325.56,82,88,318
21613.0,307180.0,-13905.0,99,565,10123
3781.39,1519.59,-1261.5,6,56,114
8242.79,10494.7,-1193.8,226,139,587
21332.6,480762.0,-17236.0,90,553,15691
9724.53,39742.0,-5417.0,21,177,1803
7102.67,7571.16,1513.0,43,109,432
14300.9,136406.0,-2675.94,191,279,5626
3891.89,492.809,1310.0,11,54,28
4978.85,6317.32,-175.38,15,67,481
10527.2,27400.0,-4357.0,41,188,982
12758.1,62379.0,-5684.0,46,237,2746
4716.41,2785.0,-3205.0,9,77,202
11135.1,26875.2,576.865,152,172,1412
13784.5,145538.0,-6033.11,311,308,6057
7229.51,14921.0,-3195.0,43,145,807
5205.31,4188.0,-2124.0,15,88,318
5527.85,7948.55,-242.87,17,99,583
5120.91,2415.91,-880.63,3,81,169
22272.8,414308.0,-374.069,69,473,14125
11103.6,35038.7,-3339.91,146,199,1696
12226.2,74583.6,-5102.79,33,249,3630
7128.39,10705.0,-2053.0,29,113,653
7400.93,14743.0,14031.9,74,134,970
6084.29,3499.45,-1318.0,17,101,206
6281.22,18698.0,-2943.0,30,118,1201
5064.88,1116.01,-565.09,15,62,100
6560.66,4315.0,-1056.0,36,104,316
16007.4,49115.5,532268000.0,167,273,2061
3578.12,586.154,-496.22,15,43,52
6156.28,5118.27,32711.8,10,99,321
14595.3,120076.0,-8354.0,46,323,4920
5964.72,4132.68,-1393.57,269,88,318
16358.9,155563.0,5459030000.0,171,352,6744
8447.94,13900.2,-2930.06,121,170,771
12022.3,70442.0,-5428.0,187,242,3209
9944.73,34911.0,-3899.0,121,172,1682
8854.26,19411.4,-3099.43,17,157,1113
4351.59,2368.0,-654.31,21,63,184
8454.89,22034.3,-703.48,191,145,1156
9532.9,28701.2,-1621.54,144,179,1626
8632.99,9145.44,1293.2,36,144,553
14855.3,164701.0,-3093.97,42,320,6391
3942.3,408.163,1630.6,11,54,28
5452.88,2712.95,-361.77,13,65,202
3432.28,682.15,253.59,6,31,53
6095.09,5042.46,-788.473,114,96,347
15143.3,94779.5,29098.4,201,283,4064
10255.7,66668.0,-6050.0,97,207,3048
19441.9,234035.0,-12222.9,281,537,8350
8465.83,10353.8,10480.8,140,139,587
4898.83,2826.54,-886.437,19,77,244
8994.51,12096.1,-671.238,122,136,619
3713.55,548.135,-574.93,5,43,52
11766.0,30892.7,-2766.27,113,166,1111
4085.56,396.905,1325.9,11,54,28
8045.85,10495.4,2868.79,210,118,621
5458.86,4046.52,-1150.9,12,85,267
7014.84,2633.0,-857.0,14,76,132
9406.71,43250.7,-4053.71,127,197,2257
5976.45,1843.17,-1353.73,38,71,103
6705.27,13120.2,-423.176,14,96,804
14030.9,73995.0,-5716.0,59,274,3213
13039.4,41073.9,-1560.75,251,278,1938
16177.3,110472.0,-6636.0,58,315,4343
3932.27,396.309,466.3,11,54,28
16184.2,214536.0,-7627.0,58,391,7711
14119.6,117576.0,-6711.0,65,286,4623
5983.93,5152.12,-420.919,12,85,343
4144.05,508.483,550.54,26,65,35
8778.08,13539.3,535885.0,109,148,729
13434.1,75057.0,-7018.0,202,310,3463
3818.39,369.724,1190.5,11,54,28
5335.93,991.983,-911.191,32,62,76
8155.07,22703.1,-2590.23,10,132,1258
11531.9,54310.0,-4786.0,79,216,2679
9309.07,72643.0,-4931.0,36,216,3454
6731.22,5529.54,-953.957,84,95,372
4372.61,494.032,144.77,20,65,35
14315.5,141095.0,-6434.0,195,297,5733
4690.82,6341.69,-94.515,23,68,481
4725.24,2216.88,538.41,28,75,165
9833.2,17183.8,25233.2,95,183,931
12230.4,70061.0,1790.3,47,201,3289
5680.58,2143.08,-665.51,17,82,185
3634.02,539.654,-203.25,5,43,52
25814.9,328900.0,3461.78,281,540,8870
5236.42,4737.0,-1805.0,5,51,184
17165.8,191399.0,-9671.0,79,413,7595
12963.4,122783.0,-6905.0,31,302,5413
15463.3,155701.0,2611.4,105,310,6737
4591.46,1977.34,-826.288,112,66,166
10853.9,69622.4,-5411.0,53,247,3373
7234.93,11152.0,-3760.0,59,132,657
7796.62,20588.3,-225.37,39,143,1203
13440.9,40660.0,141553.0,114,234,1581
3914.05,2225.22,-524.379,3,43,161
20734.5,526515.0,-13947.0,92,574,17322
16507.8,221001.0,-8896.14,297,403,7711
3632.42,562.027,-863.65,5,43,52
6781.47,3850.84,952.54,26,101,206
3707.95,564.272,-218.99,14,43,52
4602.12,1924.24,544.02,15,61,116
5215.77,3669.63,-494.32,19,82,289
17066.5,84250.7,4206.0,90,340,3632
9177.53,35130.6,-446.656,75,148,1919
4536.18,2608.22,-1516.0,8,65,202
14263.0,135802.0,-5247.55,54,279,5626
14218.5,47385.3,11181700.0,128,298,2196
9734.93,24348.5,-619.802,29,177,1313
21160.3,346612.0,-10276.0,78,424,10963
9835.86,25163.0,-3068.0,72,172,1468
3714.38,562.463,-495.31,5,43,52
3828.57,554.456,-675.83,7,43,52
4199.54,2951.73,-626.92,21,65,202
4734.37,3289.44,-1300.53,150,71,249
8634.29,13597.1,353.938,106,148,729
25895.3,345730.0,-16247.0,189,588,10404
7069.68,28342.6,-2396.6,12,131,1686
9199.72,17977.0,-3099.0,39,170,1109
12343.5,70392.6,-3663.32,27,203,2971
8211.88,29685.0,-3146.0,93,158,1745
6896.34,9540.0,-2352.0,41,115,582
5194.3,2781.63,-1229.2,22,77,244
3848.66,641.942,-336.88,33,50,42
17907.4,266541.0,-8833.0,90,479,9409
14427.1,57684.0,-6588.0,47,302,2537
4175.15,2287.81,-1367.7,11,63,184
11355.7,38052.6,-1522.8,155,235,1818
10224.7,34274.1,14152500.0,118,176,1922
3923.53,767.18,-1836.2,13,54,64
7454.82,21248.0,-2532.0,14,121,1156
8780.6,12141.4,-281.965,143,128,693
8426.92,26403.9,-538.368,130,156,1521
9422.89,20093.6,-1369.54,162,163,1162
16651.5,218056.0,-11329.0,62,431,8473
7033.93,5133.83,-1295.44,77,93,248
4279.96,3083.61,-918.21,9,62,245
5820.12,1063.86,-1372.8,6,57,76
5296.95,2226.63,-79.978,15,75,165
9629.9,17126.1,31125.1,96,183,931
3621.87,567.837,-300.98,15,43,52
9411.47,39624.0,86049.8,113,207,1995
23358.6,283917.0,1300.04,294,468,9276
6253.78,12755.1,1734.94,34,119,931
17513.4,215469.0,-2753.4,67,336,8195
3450.26,648.64,11.842,4,31,53
12983.4,57561.4,241488.0,165,209,2967
8066.08,45495.0,-4864.0,42,172,2455
3905.15,2175.37,-883.907,183,54,165
3357.56,569.459,43.082,12,51,45
16960.3,179968.0,-11634.0,68,452,7230
10523.0,46738.0,-5420.0,41,220,2391
4707.6,3845.66,-1652.37,26,79,317
5946.37,11070.4,-446.356,21,102,764
9807.82,29216.0,-4279.0,260,206,1692
4051.91,2199.28,-270.856,51,54,165
6045.4,13182.8,-1390.5,12,103,883
14916.1,78019.9,3412.69,253,336,3302
5773.69,1668.86,-1408.76,35,71,103
6108.9,6304.38,-1935.8,17,108,424
4834.25,1458.0,-1637.0,6,78,102
21073.4,274955.0,1897.68,327,420,9137
21141.7,346980.0,-1990.57,275,440,10967
11718.0,29056.0,-4217.0,182,185,1362
6873.62,7783.97,-2739.4,11,117,427
4249.4,792.727,-1349.4,13,54,64
3709.48,572.515,-403.79,15,43,52
7268.37,17310.1,-2241.6,7,128,1065
12820.4,80795.9,2928000.0,55,252,3882
6052.21,8202.52,-3243.9,9,106,549
4429.26,2176.31,-1307.7,12,71,188
5615.0,2546.92,106.84,7,81,169
6085.68,4189.21,-1462.98,81,88,318
11162.6,30961.0,-4284.0,12,212,1365
12807.8,63439.2,4816.9,43,279,2979
4199.49,2533.57,-1406.3,19,65,202
5641.87,7619.97,-790.419,12,104,457
6389.65,10004.0,-2301.0,8,91,551
11314.9,28795.1,-4190.75,87,214,1469
12736.7,75832.0,-5688.0,32,242,3060
7050.81,18069.0,-3814.0,53,125,1062
5876.49,7827.0,-2128.0,10,94,515
4082.51,637.527,-717.13,11,58,43
5714.37,7182.89,-1054.15,78,93,545
20290.2,182045.0,4656.15,238,403,6746
3642.84,478.249,-766.43,3,36,35
4436.52,2684.3,-672.41,24,65,202
3530.87,557.302,146.6,15,43,52
7414.44,9498.97,47183.0,84,138,554
6027.95,5249.51,-2146.0,22,88,370
3814.34,2141.06,-777.165,20,54,165
11308.3,51486.3,-2743.59,140,209,2534
4088.29,2095.35,-1917.8,4,63,184
9732.33,38311.2,-2075.76,36,180,2054
7030.81,4384.99,84.658,22,100,294
7844.36,18095.4,-1899.1,12,128,1065
5798.8,1109.94,-1442.4,7,57,76
13791.9,52926.9,5172.52,56,288,2334
10477.2,41440.0,-5742.0,35,188,2055
8694.8,29998.4,-1337.13,26,132,1513
5250.7,3631.43,-1182.11,61,85,269
8693.44,38636.4,23416.7,76,196,1885
7993.47,11969.5,65.5531,64,128,693
20931.5,204786.0,-11710.0,281,482,6638
16616.4,176609.0,93120.9,128,367,7087
6751.13,4587.82,109176.0,54,86,205
4207.64,6159.71,-224.3,31,68,481
11830.7,52024.0,-5818.0,138,276,2755
4399.76,6192.96,-632.1,16,68,481
3942.56,2215.15,-1349.2,10,63,184
4777.18,1896.57,-677.53,10,75,165
4918.71,1200.28,-982.62,22,66,101
4859.87,2032.99,-32.88,8,75,165
11010.5,38923.0,-3832.0,22,190,1870
7611.54,9556.16,-1463.2,96,123,621
16615.5,160019.0,-3144.3,239,352,6744
13386.6,156760.0,-6434.0,38,312,6727
7067.96,7230.21,-1429.62,61,109,486
11343.4,45787.3,1506.6,43,193,1994
7784.35,13312.6,-2554.2,2,125,694
4382.08,2705.23,-1571.5,13,65,202
6086.83,15151.7,-2306.2,16,125,1014
7928.05,12018.4,38219900.0,147,123,726
15842.3,135918.0,14937000.0,160,279,5626
10591.0,48558.1,-1824.59,82,190,2118
10610.2,29690.2,-3510.84,114,166,1111
7259.99,14228.2,-2176.6,7,127,802
3752.21,548.427,-565.6,8,43,52
17364.8,231627.0,-4317.0,60,344,7701
10039.7,40635.5,187886.0,113,207,1995
3999.07,766.077,-1565.1,13,54,64
4285.69,1023.04,-631.53,28,62,102
16862.9,158979.0,-8631.0,59,354,6405
7648.01,11484.5,5676.46,217,114,689
6753.94,7379.27,-275.87,34,109,432
20346.2,451497.0,-14199.0,113,581,15338
6268.63,8387.79,-1607.0,11,100,551
9523.82,38655.0,-5119.0,99,194,1933
8582.22,18330.8,-4563.5,16,146,891
4325.19,2693.37,-999.69,21,65,202
13211.7,96403.9,-798.637,138,273,4429
13096.0,82579.0,-6746.0,44,301,3293
4206.43,1639.41,-976.1,8,61,134
8786.86,34010.1,-2522.25,26,148,1919
9856.84,20391.0,-4116.0,22,182,1209
5413.43,3768.19,-907.7,9,89,249
21676.9,408626.0,-11500.0,66,412,10524
5268.25,4271.53,-929.116,17,79,317
11853.7,94359.0,-7039.0,31,293,4245
8979.86,14090.5,-858.794,116,148,729
4275.11,672.754,-811.59,15,58,43
9474.22,25740.0,1577980.0,25,174,1415
7092.99,9899.16,1510.6,20,115,547
11686.3,91434.0,-4859.0,56,258,3713
4170.59,1328.29,-1202.9,1,57,129
4695.96,6257.72,-253.53,16,67,481
4256.44,646.318,-503.51,18,58,43
4552.69,2376.38,-852.66,23,63,184
5625.1,5419.18,631780000.0,29,104,368
14443.2,91834.2,-2800.51,225,254,3885
16639.9,83804.9,5248.0,84,340,3632
5011.44,4289.73,-1534.52,19,88,292
13444.0,42127.5,-2629.27,241,278,1938
3737.14,471.103,-558.82,2,36,35
11763.5,38469.7,745.288,142,235,1818
18640.1,160509.0,10169.8,89,359,6068
7193.29,8968.79,-789.193,15,95,543
14133.8,73568.0,-8904.0,139,327,3223
6354.26,1904.64,-1444.36,7,84,136
15648.4,155614.0,2753.9,111,310,6737
7567.24,4632.73,-639.425,35,131,271
8820.34,13804.6,-2940.33,107,148,729
6359.94,10272.8,-1088.08,24,108,689
37483.9,1332080.0,-21065.0,161,954,35169
16295.1,165976.0,-1633.75,47,320,6391
10869.5,37399.0,-3637.0,32,230,1877
5401.68,5601.55,-1783.1,5,89,425
4883.0,3874.01,-1642.58,24,79,317
15785.5,123102.0,-8574.0,100,317,4724
4799.47,6455.42,-232.32,11,67,481
13048.6,61037.5,-4972.76,34,247,2754
8677.6,16206.3,-1517.09,114,160,976
3295.23,578.649,-415.49,13,51,45
4790.55,3005.61,204492.0,144,71,249
8561.08,10570.3,-570.032,226,139,587
11476.5,69110.4,-2829.44,43,247,3373
9814.68,19785.5,-1197.54,33,157,1113
5665.63,4591.46,1762550.0,74,86,367
15817.4,164933.0,5603930.0,55,320,6391
14701.5,90429.7,13925.6,218,254,3973
3703.47,582.233,-69.748,14,43,52
16546.4,266464.0,-2444.51,102,346,7851
7424.96,9193.9,-2159.15,85,138,554
3521.43,546.17,-583.47,5,43,52
20294.6,151831.0,-7449.03,343,449,5537
6710.3,9988.58,-2070.37,21,101,584
10024.5,10982.0,-2967.59,239,154,557
12065.1,57389.5,-781.18,49,220,2461
6398.82,3522.0,-2341.0,4,63,118
15171.5,50236.0,2836.24,187,298,2196
6408.77,7067.75,-1797.29,97,95,427
4479.52,1981.4,-32.478,17,75,165
13044.8,90516.9,-4744.96,211,254,3885
8082.38,12747.9,22334.8,111,130,694
17176.9,84539.7,3985.6,75,340,3632
3779.52,446.754,-675.81,3,36,35
15383.4,154456.0,1460.5,109,310,6737
9516.39,25829.4,44395.9,161,174,1415
3700.48,528.757,-734.55,2,36,35
3635.76,557.83,-11.947,14,43,52
4296.33,381.81,1291.7,11,54,28
7169.21,12622.8,-1152.61,12,123,726
8674.47,27815.5,-1494.56,129,156,1521
15543.6,79567.7,8656900.0,103,320,3466
15240.0,60347.5,411.684,91,305,2610
10170.8,39037.6,-528.573,208,193,2118
5615.07,2594.23,523.27,8,81,169
3471.81,685.101,56.861,5,31,53
10803.3,27930.6,-2051.88,40,214,1469
14676.3,87982.7,1390.07,71,298,3369
7943.13,12868.1,-2008.45,77,132,806
12383.6,38124.0,-559.874,34,235,1818
19469.2,227529.0,-8675.0,215,429,6760
5982.77,4058.46,1022.2,24,100,294
7878.39,25256.0,-2813.0,146,157,1408
7095.22,7539.0,-4593.0,16,131,454
3630.5,537.078,-543.93,7,43,52
7208.98,11303.0,-2790.0,9,124,767
10307.9,21380.0,-1870.48,156,163,1162
5841.67,8163.26,-2924.0,5,106,549
10981.1,67583.0,-5248.0,45,270,3146
4557.69,2757.31,-1354.45,103,67,224
6813.95,4089.3,-2473.72,89,101,249
9896.07,31484.2,444659.0,140,179,1626
12769.5,91025.2,-4700.17,216,254,3885
12062.9,40010.0,-2844.0,36,232,1872
6793.45,6067.0,-2743.0,4,76,318
4002.81,2173.81,-819.659,182,54,165
6169.82,13175.7,-924.21,17,103,883
10093.4,41491.0,-4313.0,19,181,2054
12397.3,73888.6,-2747.64,22,249,3630
9088.79,24009.0,-3705.62,126,166,1111
11627.1,35361.0,-4633.0,34,209,1690
6531.46,3794.16,392.64,15,101,206
13667.9,68134.0,-4419.0,72,238,2609
4180.54,676.822,238.46,18,58,43
11782.4,56330.7,383.844,23,209,2967
11930.1,52546.7,-1052.63,151,218,2391
3768.95,379.543,774.07,11,54,28
9758.15,30111.5,-590.579,251,171,1747
12901.9,63205.2,-323.702,116,224,2192
4074.81,1939.26,-13.5669,197,63,166
4315.83,6512.3,-553.56,22,68,481
5592.29,7611.03,-1475.51,50,104,457
10800.4,36152.2,44216.9,124,234,1581
8341.41,25652.0,-3056.61,39,157,1519
9026.36,20893.0,-4983.0,113,173,1158
4512.48,2704.75,-1161.8,31,65,202
21741.0,414800.0,-9079.78,59,473,14125
16155.2,105052.0,-23371.0,58,292,3632
7728.14,13327.5,-3339.7,3,125,694
6285.99,6798.98,-741.04,106,95,427
35558.1,767330.0,-12671.0,155,679,16966
7446.86,9442.0,-2257.0,43,123,487
3936.96,759.423,-2074.1,13,54,64
6172.85,5201.75,-1476.63,51,79,292
10958.0,58475.0,-6470.0,90,193,2523
3712.44,539.358,-701.08,7,43,52
3871.75,388.287,668.31,7,54,28
6632.62,11381.0,-3968.0,20,135,656
10182.7,29397.4,-3147.74,74,194,1521
20427.0,320484.0,-12276.0,295,451,11274
4755.02,2045.72,-326.39,10,75,165
5568.71,4125.41,-763.625,17,79,317
4413.96,5902.27,-209.16,22,68,481
12178.4,33600.0,2682.0,48,210,1213
6899.75,5142.35,12971.5,16,107,346
4594.18,3504.35,-884.23,34,75,269
5297.41,4031.48,-1597.81,40,79,292
16795.6,177114.0,-8712.0,55,342,6982
12959.5,50617.4,-4614.35,138,223,2059
4139.17,2322.85,-935.02,16,63,184
4011.94,415.556,1296.6,11,54,28
12306.9,54337.0,-1634.7,47,220,2461
3784.27,2508.44,-607.73,24,63,184
8520.7,19302.4,4928.7,205,157,1113
4566.54,1994.18,-28.16,13,75,165
8575.34,14229.0,-2421.0,21,139,692
10031.1,19832.2,6.89813,26,157,1113
7038.14,5310.65,-2310.74,222,107,346
11699.7,26065.0,-4220.0,49,205,980
12820.6,56824.6,-524.87,47,220,2461
4713.48,1731.02,68798.0,25,58,130
5037.34,1566.0,-1286.0,2,68,117
7058.96,18564.0,-4310.0,23,149,1109
6334.6,5014.09,-1788.2,13,87,322
4260.11,2563.91,-905.71,18,65,202
6944.11,17243.1,-2313.3,16,128,1065
15255.6,151648.0,-7653.0,54,362,6188
14694.0,95273.8,159170.0,256,294,4249
5360.17,3495.31,-849.92,137,51,132
4606.17,1011.33,-1002.9,28,62,102
3560.83,707.725,204.96,7,31,53
4862.47,2778.76,-793.411,51,67,224
3634.67,494.274,-781.47,3,36,35
9526.6,27445.5,-1174.94,102,166,1414
13453.8,83677.0,-8253.0,37,275,3455
10730.0,38118.1,2627690.0,27,193,2118
6212.76,8088.27,-2675.2,9,106,549
4452.16,2011.55,32.261,24,75,165
3674.99,483.034,-884.46,1,36,35
4742.43,2257.45,-1168.8,12,71,188
11254.6,68879.1,-4606.37,200,247,3373
6781.34,11760.5,-1725.33,137,95,645
16028.8,329302.0,-8654.0,286,376,11715
4593.29,1797.81,-793.49,13,61,116
6673.92,5673.55,875421.0,81,95,372
6570.75,6264.94,-1387.9,36,99,372
13645.8,41685.2,33454.6,242,278,1938
4925.94,2024.04,-604.04,3,75,165
4629.48,1841.39,-382.42,6,61,116
4188.39,416.756,750.4,5,54,28
4181.38,5713.69,-664.9,20,68,481
16767.1,169659.0,629.55,61,320,6391
4355.72,2416.43,-911.95,17,63,184
6411.13,9698.0,-2686.0,59,104,652
6216.52,6350.07,-2206.0,17,108,424
7880.81,13062.1,-1461.01,77,132,806
15173.6,154911.0,3458.2,119,310,6737
4743.63,2329.65,-216.79,4,61,184
10028.5,57270.0,-3892.0,12,207,2544
7191.85,11166.0,-2483.0,35,119,619
3864.56,575.252,-105.14,14,43,52
12065.7,38536.4,-2664.43,139,235,1818
7706.86,11582.4,-1182.65,93,114,689
5051.3,3083.6,-394.57,31,65,202
11507.2,31877.5,20186.2,67,203,1580
3968.71,2060.3,-1420.3,3,63,184
19089.3,156809.0,-4874.2,323,449,5537
6494.4,9705.0,-1880.0,16,114,620
15477.1,78491.0,-9026.0,46,361,3065
6977.2,5675.11,-985.79,9,99,321
10254.9,39993.0,-5223.0,32,192,1865
3678.91,551.962,-498.82,6,43,52
3903.04,494.892,672.82,26,65,35
12863.3,72612.5,-1227.3,163,262,3211
5915.35,5268.66,-1063.3,9,105,371
11803.3,56966.0,-7075.0,47,275,2683
10050.1,24527.5,-432.184,43,177,1313
3897.95,1636.0,-1156.0,9,66,148
11100.7,74089.0,-5664.0,129,230,3288
13588.7,102517.0,-6310.0,87,306,4342
14045.0,144613.0,3086.55,269,308,6057
6810.57,4994.07,271361.0,224,107,346
15630.8,87721.0,-7885.0,100,322,3553
15535.4,109697.0,-4531.0,81,276,4428
11486.2,34952.2,11249200.0,128,234,1581
3923.58,770.947,-2009.9,9,54,64
16412.9,166044.0,-10104.0,53,370,6400
14461.5,89055.6,289.152,54,291,3799
3765.76,550.65,-790.53,7,43,52
11958.3,53086.5,-446.737,150,218,2391
4941.2,1887.59,-341.96,10,75,165
13929.1,96712.6,-1.9239,55,294,4249
4727.87,2032.63,-114.93,12,75,165
5459.34,1809.09,-1395.13,180,76,147
10456.4,33669.2,51014.8,105,176,1922
4617.26,6512.17,555.75,11,67,481
10688.0,23143.4,19.8645,40,176,1313
4959.9,1564.6,-1093.3,6,70,131
4517.33,988.345,-834.68,19,66,101
5876.46,1095.43,-1325.8,8,57,76
6684.27,13502.5,-366.688,176,96,804
4899.54,6209.71,429.38,21,68,481
6006.78,3975.6,-556.753,10,85,269
6613.26,6545.0,-1724.0,6,77,366
6136.75,5250.87,-1107.1,7,105,371
21138.7,408618.0,-7542.04,63,473,14125
10426.2,19356.5,568451.0,48,157,1113
4597.38,6688.77,382.6,11,67,481
20468.2,256684.0,-7874.0,127,466,9262
3902.82,642.644,-681.69,8,58,43
13879.4,67826.3,-3325.8,118,224,2192
5511.94,4337.89,-1661.52,19,88,292
3446.87,655.0,-558.0,23,40,52
4835.26,1719.57,-1236.1,4,70,131
4514.94,2157.36,397.57,17,75,165
17556.2,107232.0,-7601.0,39,328,3806
7065.96,17229.4,-2141.9,11,128,1065
18802.9,215501.0,-10383.0,345,430,7959
4446.9,2266.26,-582.36,6,61,184
4431.62,2243.17,-1295.6,3,61,184
11731.8,68668.0,-4506.67,182,247,3373
5021.82,4383.61,-984.39,87,72,340
9588.33,36711.3,-4030.49,27,196,1997
9396.14,40062.5,-201.956,228,159,2181
6210.12,5244.54,-864.03,21,85,343
9406.9,12775.4,-2238.75,34,136,619
14111.3,142789.0,-4640.68,326,308,6057
14931.8,103878.0,314.254,245,281,4061
6207.92,1874.89,173.791,71,84,136
3547.39,564.412,33.505,16,43,52
3751.72,552.713,-556.15,5,43,52
7389.27,13973.1,-1331.74,27,120,809
4320.08,6398.65,-473.37,15,68,481
5545.38,4270.83,9859.54,18,88,292
7392.76,12909.7,-898.194,8,123,726
5071.11,4022.85,-1168.7,11,85,346
6002.84,5113.55,-629.975,79,86,367
3913.12,362.194,1695.6,11,54,28
3867.35,1203.57,-971.78,9,55,88
4373.19,6409.78,203.35,20,68,481
3752.67,597.396,-213.74,14,43,52
4395.55,1962.4,-957.02,6,63,166
4151.76,1324.4,-975.03,1,57,129
10514.2,37527.4,1162.26,57,219,1875
3683.19,562.931,-405.44,5,43,52
4281.2,922.0,-2398.0,5,66,76
13814.1,52970.9,803.111,53,288,2334
11264.1,82588.5,-4982.1,230,231,3457
24226.7,519895.0,1680310.0,368,540,18067
10702.0,43810.2,-1678.4,22,197,2257
6144.2,13307.8,-1349.1,12,103,883
3527.62,488.851,-759.71,3,36,35
8255.21,10942.9,650581.0,213,139,587
9147.95,34962.0,-3003.0,86,175,1573
6403.72,5283.58,-890.534,7,99,321
8235.22,20740.4,526.28,41,143,1203
16410.1,155712.0,3840.65,226,359,6068
6351.34,7188.67,-369.843,22,107,431
4872.2,2849.72,-1260.03,21,77,244
18184.3,244520.0,-9490.0,89,416,7955
11865.5,73532.7,-2573.55,25,249,3630
3902.09,409.444,829.17,11,54,28
12250.7,57494.0,-7835.0,136,288,2972
8050.65,20182.6,1201510.0,133,145,1156
17112.4,219956.0,-13390.0,19,366,8086
10292.8,37871.3,-1967.93,164,205,1751
9300.16,16363.0,-3766.0,66,154,889
10633.8,24262.0,-2786.0,63,177,1164
22439.1,285630.0,-563.957,306,468,9276
7015.14,7977.66,-2590.6,11,117,427
5974.36,4760.03,-1038.54,18,85,343
4826.38,4215.52,-1395.35,21,79,317
9496.35,28895.0,-4079.0,31,179,1523
10855.2,31938.1,-1973.05,133,203,1580
12269.4,57444.2,5057650.0,118,224,2192
7115.53,22924.0,-3079.0,11,156,1360
7016.69,9211.23,3723.29,133,95,543
3647.18,338.564,1900.8,11,54,28
5420.55,4329.51,-407.95,16,85,346
3570.62,555.338,-293.86,15,43,52
9623.19,24501.2,-1222.79,89,154,1252
3733.8,368.026,815.37,11,54,28
15150.0,102383.0,-3669.87,43,283,3965
11969.3,49265.9,-4612.76,224,262,2394
3758.82,381.688,1485.8,5,54,28
3975.02,2367.07,-819.44,17,63,184
9378.19,40084.6,-3097.5,64,196,1885
3905.27,625.422,-519.06,7,43,52
13215.5,61318.6,-3543.51,29,247,2754
3489.87,691.105,223.67,3,31,53
12494.6,57057.0,-9260.0,52,261,2536
8232.92,17069.0,-2522.0,29,159,853
9791.32,14846.6,-1202.38,137,143,771
6866.46,7856.5,-2318.9,11,117,427
5276.51,4427.75,-615.503,17,88,292
3813.34,1443.17,-757.303,128,52,133
7281.78,7843.0,-1599.0,21,133,488
8127.05,8724.59,2695.7,40,144,553
10994.8,43513.4,-82.3067,123,197,2257
6838.03,4037.72,-1417.75,9,101,249
10228.5,28376.8,177.887,47,194,1521
4263.09,2533.87,-475.78,28,63,184
4442.03,6537.51,-204.79,30,68,481
7948.69,26111.5,-1221.43,133,156,1521
3995.47,767.147,-1730.6,13,54,64
3809.9,2404.29,-1036.1,13,63,184
4821.9,3112.53,-940.139,156,71,249
7969.86,9668.24,-2315.07,110,123,621
7252.41,9239.59,1259.4,28,130,515
6943.69,13480.9,-925.939,20,96,804
4141.43,5985.33,-185.12,16,68,481
4423.37,1979.86,987.271,113,66,166
13668.6,80111.3,-185.275,45,272,3539
9975.6,27550.0,-4447.0,65,162,1209
15975.1,89555.3,5696.8,87,289,3710
9529.37,55288.0,-4134.0,28,193,2894
8559.19,20973.9,-153.84,33,143,1203
4290.17,2833.3,-225.38,24,65,202
5377.99,1010.6,-1513.0,6,57,76
8653.82,25158.1,-649.462,34,157,1519
12016.0,78920.0,-7044.0,190,261,3620
9124.6,18615.4,-5384.4,14,146,891
9245.81,26146.0,-662.833,35,157,1519
22252.2,515924.0,-3074.73,365,540,18067
3788.65,588.284,-795.54,5,43,52
10153.8,26216.1,-1837.13,150,174,1415
3431.22,669.9,92.559,4,31,53
9761.19,39992.8,-604.87,114,207,1995
4953.0,2631.11,-1086.6,14,72,0
5377.64,4290.38,-785.632,18,79,317
5676.13,4270.97,-895.71,14,88,292
5075.09,3338.0,-2380.0,18,70,205
12643.2,85141.0,-3831.47,53,291,3799
5084.31,4414.18,-1072.0,11,85,346
15956.3,164469.0,-8362.0,15,308,5115
15970.4,102960.0,1105710.0,39,283,3965
9593.49,26507.9,-242.267,24,174,1415
5960.01,7808.31,-1167.77,17,104,457
15547.5,67787.0,-6540.0,61,273,2129
14916.7,102392.0,-4157.84,38,283,3965
6421.68,3446.13,164.08,22,101,206
5058.04,1557.4,-1366.1,6,70,131
10910.0,23503.0,-5542.0,41,223,1209
7471.71,17385.4,-1450.9,10,128,1065
7750.3,15519.3,-198.506,92,131,971
12278.2,69048.8,-813.691,199,247,3373
5499.74,2715.72,-1103.1,2,65,202
14704.4,129820.0,-5613.55,52,294,5420
9254.28,20144.9,-3284.2,101,163,1162
4304.19,1351.84,13287.9,84,51,102
6153.5,8031.53,-2978.8,4,106,549
4268.92,2271.94,594348.0,184,54,165
5299.55,4413.37,22711.8,17,88,292
4331.6,489.327,782.25,20,65,35
16215.5,137806.0,1211400000.0,70,279,5626
4190.82,3035.82,-479.83,30,65,202
3805.08,2156.71,-387.41,15,63,184
14272.1,57841.0,-1772.71,135,215,2188
3761.46,1201.96,-890.1,9,55,88
4522.47,1645.73,-920.31,11,61,134
4849.47,6787.17,-583.64,18,68,481
13635.5,46634.6,-5685.03,161,273,2061
13004.6,63262.7,4816.5,48,279,2979
9043.8,16593.4,-1921.32,111,160,976
7559.73,19200.7,-1859.2,11,128,1065
4301.65,1666.58,-391.45,10,61,134
6646.47,8117.72,-2045.14,83,109,486
12174.0,56084.8,-1515.0,58,220,2461
11565.4,56304.8,-245.918,171,209,2967
8545.76,15478.0,-3906.0,24,172,894
3725.06,1445.88,781.455,6,40,100
9128.12,19001.9,-5293.7,6,146,891
15449.6,87921.1,-5737.36,94,301,3369
11586.5,99580.0,-8598.0,48,298,4428
12471.6,53908.0,-4079.3,158,218,2391
13537.8,95788.7,-908.341,198,273,4429
4541.98,1020.67,-1262.5,21,66,101
10777.1,25677.0,-4613.0,27,185,1116
7844.43,13495.7,192.571,115,170,771
12344.2,71231.7,72.0619,177,262,3211
18710.5,265252.0,-8982.0,66,434,9682
12118.9,38212.4,-1246.49,31,235,1818
22876.7,414869.0,-12806.0,95,509,13313
4077.13,2257.84,-1069.1,1,63,184
3880.64,0.0,-708.165,158,52,133
10153.5,18039.3,583064000.0,71,183,931
9382.15,32233.3,1244.63,154,199,1696
15225.8,157332.0,766.79,112,310,6737
6817.43,7815.05,-2178.6,12,117,427
14239.5,99843.5,-5558.74,241,281,4061
7199.77,7911.56,-2284.49,20,113,521
6898.05,13512.7,-3420.6,20,118,762
4566.24,2411.15,-1011.1,25,63,184
14746.7,48351.2,6494280.0,130,298,2196
12736.1,57397.7,-2798.5,45,220,2461
12208.3,33304.0,-3864.0,121,198,1580
14076.6,87447.4,461865.0,53,291,3799
5268.17,4043.46,-1225.5,11,85,267
5770.57,2674.0,-1725.0,3,73,150
6957.88,7276.47,743.81,28,109,432
3896.12,402.95,899.31,11,54,28
3703.25,470.765,-647.64,1,36,35
11457.3,37289.9,-256.754,188,208,1691
5772.24,1112.79,-1595.9,7,57,76
4445.77,2566.89,-1078.6,9,72,205
8099.97,33660.1,-2446.27,24,148,1919
13658.4,142597.0,-6074.06,305,308,6057
4224.51,637.449,-552.26,17,58,43
10999.1,44148.6,-4805.58,169,223,2059
5932.65,5194.3,-849.18,8,105,371
4320.82,1464.42,-503.493,160,52,133
15317.9,164687.0,-309.609,47,320,6391
13875.3,48849.3,20433.6,112,223,2059
9589.1,22863.4,88.2562,101,182,1212
9820.26,12516.1,43649700.0,40,136,619
4164.27,2338.53,-1200.4,15,63,184
4196.05,1324.9,-1139.4,1,57,129
8419.55,22622.0,-4161.0,63,161,1258
13661.2,86713.8,-797.491,70,291,3799
6751.46,9242.83,-564.374,4,95,543
6542.49,11292.7,-1135.14,165,111,651
13098.4,59506.1,122975.0,183,223,2822
4280.98,2474.94,-752.02,19,63,184
3537.38,588.81,-91.88,13,51,45
4711.54,554.959,-317.99,23,65,35
4935.43,2823.49,-1079.5,20,77,244
15573.1,195062.0,-799.515,55,286,7322
8521.28,16920.1,-698.363,28,142,844
29335.6,657611.0,-16818.0,122,688,17715
5132.36,3275.1,-961.227,13,71,249
8584.46,26488.3,-3350.91,177,158,1403
14351.3,65422.0,-1943.34,184,223,2822
6024.84,1104.63,-1606.4,8,57,76
8151.32,12886.2,9195.05,36,130,694
16459.4,160485.0,-3547.93,223,352,6744
4203.27,5891.87,-993.02,20,68,481
8078.58,13358.3,-779.579,25,132,806
3944.56,2417.49,-712.25,13,63,184
5669.59,3122.34,-1366.8,10,94,224
3528.81,684.113,-247.29,7,31,53
3246.46,584.782,-403.72,3,51,45
16855.1,161428.0,-7072.02,224,352,6744
3830.7,382.122,750.16,7,54,28
5036.95,2848.35,-1124.46,114,77,244
10074.5,16503.7,15342800.0,49,160,976
4976.47,1135.81,-958.656,247,64,90
16159.2,113629.0,-7506.0,72,378,4731
6356.04,11656.0,-1601.16,17,105,765
5774.78,7260.0,-3007.0,59,94,456
14001.2,133721.0,-1937.76,179,248,5018
4020.89,1189.09,-26.871,2,59,101
11440.6,37430.0,-2665.0,30,147,1210
5689.32,2402.41,478.04,12,75,165
7336.31,12644.3,-971.452,7,123,726
12150.4,35499.0,-5749.0,35,197,1808
10682.2,37570.2,-2443.15,179,219,1875
6639.92,6191.33,-865.614,15,95,372
12950.6,65022.7,-1154.26,182,223,2822
11324.4,31883.6,-20.3868,161,203,1580
16733.5,155718.0,-6300.0,53,370,5972
17395.6,162232.0,-8272.0,42,313,4343
4926.18,2910.62,-2447.8,4,65,202
7550.41,4171.36,-1441.35,87,101,249
17371.0,160863.0,1270.8,216,352,6744
11460.8,32465.9,3205.8,66,210,1213
16360.9,93514.9,99929600.0,45,283,4064
12665.0,85416.1,-3905.01,53,291,3799
11677.5,69099.5,-3227.19,50,247,3373
5713.88,4005.63,-876.309,83,88,318
4108.75,2441.56,-1125.5,21,63,184
8817.92,9940.93,-3348.82,15,154,557
6714.99,7583.07,542.09,30,109,432
11896.6,57950.0,-5010.0,101,209,2602
6153.85,1874.96,282.776,71,84,136
4283.22,1942.64,-705.714,195,63,166
4133.51,2485.0,-1233.0,4,65,202
16119.8,166266.0,20335.6,48,320,6391
16092.3,136041.0,-7722.0,53,325,5118
3977.35,621.273,-28.39,17,58,43
14107.1,79695.0,-6825.0,252,310,3464
5853.92,7687.37,-1357.8,9,99,583
6572.69,6776.0,-2235.0,12,120,429
13435.8,88831.0,-4810.0,58,250,3051
4480.47,1676.82,-556.34,12,61,134
25214.1,445229.0,-14896.0,144,661,13323
9402.6,20186.0,-2694.93,180,163,1162
4601.97,1042.6,-477.96,28,62,102
5867.27,13384.4,-1345.9,20,103,883
3591.61,552.403,135.15,15,43,52
7882.92,8247.12,-1617.38,60,109,486
3639.63,477.912,-756.83,3,36,35
4997.88,3209.66,-1045.38,10,71,249
4367.6,2643.96,-1286.8,28,65,202
12555.0,74235.8,1228.52,55,270,3373
4153.16,6205.69,10.276,14,68,481
11172.8,37930.0,-4017.0,51,212,1934
8415.94,10513.9,-2101.48,18,139,587
11930.1,69220.1,735276.0,185,262,3211
8813.36,12586.2,2887220.0,107,136,619
11968.0,29999.3,-2803.45,118,166,1111
5276.61,4254.62,-1777.51,13,88,292
7723.89,10650.0,-2493.0,31,137,555
12501.1,53685.6,-3760.28,153,218,2391
3650.3,567.429,-250.45,14,43,52
3638.56,400.918,1588.6,11,54,28
10318.5,47948.0,-3626.0,35,192,2123
10343.5,35212.0,-3669.0,124,210,1697
7088.49,8151.0,-4811.0,13,120,486
4640.24,3504.0,-1343.0,19,85,268
10380.4,15166.5,206809.0,129,143,771
6189.49,8616.0,-1915.0,17,113,585
5004.54,1073.0,-937.0,14,66,87
17907.0,164425.0,-12973.0,323,422,5539
12502.4,45550.0,25591300.0,164,273,2061
14785.6,86013.0,1357.97,87,301,3369
5422.82,4035.28,-1368.2,12,85,267
7118.49,14035.1,-1025.51,92,120,809
9245.48,25719.0,-3661.0,19,166,1408
6376.51,5260.59,-805.979,15,96,347
5409.65,2915.2,140110.0,26,77,244
4981.06,1141.92,-765.732,33,66,87
4463.45,2031.29,-41.0785,6,63,166
15363.1,78433.0,3024980.0,264,336,3302
4466.61,2532.7,-393.942,94,77,205
13062.5,79824.2,3070.0,56,272,3539
6650.64,3807.11,791.62,24,101,206
19405.0,191253.0,-10477.0,70,430,6866
9374.87,23967.3,-84.5798,177,154,1252
13309.7,42583.7,20248.8,58,278,1938
5046.9,2900.76,-1485.72,22,77,244
3641.37,519.135,-819.08,2,36,35
11617.4,56606.5,-3664.49,165,209,2967
7239.87,9839.37,-1233.18,136,98,651
7378.51,8098.0,-2667.0,26,112,431
7769.26,9401.89,-1352.76,99,123,621
4736.79,1824.49,53.797,9,61,116
4539.39,1042.17,26.562,28,62,102
10775.2,32291.4,-4368.83,132,203,1580
4881.06,2097.74,538.5,33,75,165
6310.94,5313.97,-716.7,7,105,371
4098.83,6215.39,-199.29,15,68,481
19808.4,275942.0,-11019.0,215,436,8996
4569.48,1956.68,-1179.72,110,66,166
12576.8,132848.0,-8284.0,165,285,5947
5315.6,4226.41,-915.289,12,72,340
7158.28,5846.69,255.47,21,105,371
6775.76,4233.83,-871.982,28,86,205
3581.43,711.564,86.098,4,31,53
4492.59,802.015,-2137.3,5,54,64
6146.01,5215.56,-1091.0,7,105,371
6502.11,5066.85,-1263.76,113,96,347
9326.1,21410.7,-1511.41,103,145,1156
13202.9,61458.0,-6027.0,27,250,2610
6852.49,3904.8,-649.075,36,86,205
6015.68,4986.38,-1004.86,18,85,343
17337.2,159335.0,-6296.28,87,359,6068
14773.2,102127.0,-3047.92,39,283,3965
11845.1,53957.4,-1975.9,44,220,2461
4237.5,1926.76,5848.04,88,63,166
3641.37,460.757,-478.71,3,36,35
3735.38,501.052,-1015.9,3,36,35
3356.43,662.142,159.42,3,31,53
7726.96,14344.3,-246.75,23,127,802
10353.4,37380.6,-2161.32,128,219,1875
10016.9,47223.0,-4420.0,21,206,2252
5938.87,1077.69,-1194.2,8,57,76
4453.47,1296.8,-855.32,13,59,101
6230.81,8013.54,-3404.6,4,106,549
12162.4,64497.6,-3652.72,268,245,3058
7705.79,12790.2,-1832.91,15,132,806
11761.9,68964.5,-3498.71,199,247,3373
9151.48,29331.1,-1476.07,149,179,1626
6965.93,4245.33,-1252.91,22,75,248
8344.03,8893.84,2080.5,34,144,553
4645.87,2121.4,-82.185,11,75,165
6922.84,7873.17,-3191.5,11,117,427
4899.6,563.046,534.32,26,65,35
6219.35,1654.12,1751.1,37,71,103
22256.1,352007.0,-2770.12,241,440,10967
4077.48,2362.94,-632.13,28,63,184
6563.4,10332.1,-1298.93,23,109,689
11266.5,23460.4,-1752.68,39,176,1313
8996.7,16826.0,-2802.46,32,172,973
6700.81,5170.2,-415.745,17,96,347
17173.0,139969.0,-8960.85,313,449,5537
8402.96,8750.79,2513.9,40,144,553
8080.24,11424.0,-3396800.0,23,129,583
14038.6,51496.5,139019.0,141,298,2196
3765.93,491.623,-650.95,2,36,35
14577.5,101948.0,-3548.83,47,283,3965
12915.7,73771.2,-3858.22,179,264,3217
4531.71,2695.0,-786.7,35,65,202
6112.56,5168.29,-1420.3,8,105,371
5474.06,7483.87,-1462.7,14,99,583
8676.19,29689.0,-1164.44,106,132,1513
8878.11,21849.5,959.68,36,143,1203
15815.4,163506.0,25496.6,50,287,6171
4338.11,2071.06,430.46,21,75,165
7836.06,10914.0,-1779.0,26,148,689
15265.3,156259.0,5253.0,111,310,6737
4303.41,2615.97,-690.48,31,65,202
4259.37,727.833,-682.99,5,58,43
12469.9,71569.7,-608.454,186,262,3211
5909.72,6042.0,-913.0,26,104,396
3727.06,567.348,-521.36,13,43,52
10665.4,79696.0,-6138.0,64,263,3794
5438.02,1051.02,-980.41,7,57,76
8737.25,22538.6,-3447.59,12,168,1210
3991.37,2397.42,-1233.0,17,63,184
4987.94,1134.49,-949.551,247,64,90
15203.6,65870.5,-758.849,133,215,2188
16057.9,126304.0,-7734.0,210,282,4620
3915.46,2058.75,-1598.9,3,63,184
19805.1,315037.0,-11862.0,155,414,10385
8656.61,21479.6,706.67,33,143,1203
6785.53,7290.64,253.5,29,109,432
18002.6,159457.0,-6743.46,100,359,6068
4075.95,2689.99,-535.04,18,63,184
8387.72,16781.6,243021.0,21,142,844
7807.25,9423.2,-1962.61,199,130,490
14492.6,74877.0,-9693.0,58,349,3135
12689.6,86072.0,-3899.0,11,242,3621
8328.6,21021.0,-175.0,40,152,1157
14262.0,94973.5,747.689,47,294,4249
8467.85,12015.3,-1670.67,64,128,693
11722.5,33366.4,-2659.9,125,234,1581
5880.88,12951.7,-1900.5,21,103,883
11877.8,55103.0,-2601.9,49,220,2461
3727.44,438.984,-653.09,3,36,35
4262.77,2566.83,-1170.4,33,63,184
9361.86,28589.4,13106.8,131,179,1626
10303.0,35072.0,-2220.19,204,208,1691
3999.07,421.599,1341.9,11,54,28
3789.15,537.73,-972.12,5,43,52
6083.46,10838.4,198181.0,90,102,764
4824.25,2081.24,36.663,8,75,165
6162.4,3975.37,1055.0,32,100,294
9990.53,50924.6,-4720.93,126,224,2192
11565.6,56000.3,-59.6028,179,209,2967
4414.83,520.77,125.37,19,65,35
12716.3,94474.0,-6013.0,172,339,4243
5003.6,1321.81,180.36,13,59,101
4697.09,533.799,209.7,26,65,35
12619.7,55649.3,-2133.9,59,220,2461
9037.65,13455.1,1922.47,66,132,806
10943.1,27206.0,-114.714,118,166,1111
4510.64,1032.37,-481.25,28,62,102
11196.1,44169.6,-1513.58,68,196,1885
4348.61,2102.83,32.423,24,75,165
22050.3,413907.0,-8978.44,68,473,14125
4733.95,3979.56,-1687.02,16,79,317
6704.25,3326.0,-2370.0,10,109,225
3749.32,497.421,-930.57,2,36,35
7884.63,17015.9,-2557.57,19,142,844
12371.0,59223.8,825.796,185,223,2822
5374.03,4039.61,-1109.1,11,85,267
7358.33,12531.8,8681.94,118,130,694
6832.67,9038.78,-1224.46,6,95,543
7806.97,5563.73,292816.0,27,96,347
12206.3,36668.7,1372440.0,13,225,1755
5247.27,2752.86,-857.11,11,72,205
4325.69,2692.36,-889.51,39,65,202
11603.2,35463.5,-2099.67,118,166,1111
13469.7,82920.0,-6493.0,88,230,2825
4307.12,2110.66,-1170.3,8,71,188
12292.0,49572.4,-4242.57,226,262,2394
8018.17,15195.0,-3919.0,14,145,847
6232.97,8090.33,-3948.4,9,106,549
4720.68,2687.84,-357.8,24,65,202
11917.8,38126.1,-399.942,152,235,1818
4347.73,2119.58,-1524.7,10,71,188
20698.0,248377.0,-11965.0,275,537,8350
6393.29,4910.59,-1867.4,14,87,322
5745.73,4424.91,-1614.39,16,88,292
4526.55,1027.67,-704.91,30,62,102
3695.8,551.83,-236.52,13,43,52
4146.68,2324.02,-1651.4,6,63,184
13271.0,59917.5,-1162.08,196,223,2822
9114.15,37808.5,773.137,40,180,2054
3936.29,2080.55,-1959.5,3,63,184
7421.47,25905.5,223945.0,85,166,1414
3941.24,1183.82,-863.58,9,55,88
4423.66,3089.76,-1020.0,9,62,245
7112.43,9228.11,-794.061,17,138,554
8192.91,13900.0,-3499.69,124,170,771
3651.62,507.13,-786.85,0,36,35
11304.9,60098.2,-1932.8,229,214,2600
13106.3,82418.0,-7527.0,47,325,3465
5922.47,1729.92,-514.598,20,76,147
7920.56,8800.05,-1580.9,18,144,553
9075.62,35728.7,-669.771,92,148,1919
4004.02,1571.01,-1059.9,9,61,134
16440.4,164360.0,782.615,202,352,6744
3912.98,2199.51,476.7,51,54,165
11651.0,73949.0,-7148.0,48,285,3298
6795.4,17184.2,-2014.3,7,128,1065
5319.5,4465.5,133710000.0,9,79,342
11352.6,34837.0,-4481.49,113,234,1581
13544.7,59228.5,-4224.89,137,215,2188
6655.65,7824.02,-3114.9,11,117,427
10278.8,23934.0,-320.608,121,166,1111
10066.6,33529.5,-560.593,33,199,1696
4003.36,717.24,-857.89,24,58,43
15580.2,211637.0,440473.0,277,336,8195
8367.59,27703.9,-2001.01,34,156,1364
8129.07,13920.0,-2883.39,278,170,771
6021.92,4325.65,-977.246,18,72,340
6003.01,13886.0,-2800.0,22,93,841
6198.28,5226.61,-1345.69,49,79,292
6459.31,1116.6,-1434.3,7,57,76
18011.2,198454.0,-6466.01,153,390,7459
10837.1,50217.0,-6917.0,97,192,2118
6144.19,1142.69,-1470.2,6,57,76
10466.2,38197.0,-4910.0,18,213,1875
6088.5,4159.84,-634.3,12,100,294
9237.05,20487.7,-1857.88,104,163,1162
5677.09,7633.45,-1483.29,103,104,457
13906.3,146888.0,-8413.0,70,333,6061
5115.46,3129.34,-2368.6,4,65,202
6033.52,5280.19,-970.6,8,105,371
12156.2,49703.2,-3760.22,103,262,2394
4597.74,1979.91,13997.0,109,66,166
6830.04,6529.04,-885.799,88,95,372
6625.14,12108.5,-859.79,224,105,765
5483.4,3685.49,-1043.22,64,85,269
7910.84,10936.0,-2176.0,21,132,586
6832.06,5887.0,-2236.0,39,115,373
4109.29,408.417,1415.1,7,54,28
7785.09,13304.9,-2897.6,2,125,694
4002.81,2173.81,-819.659,19,54,165
12103.8,39620.7,-823.353,204,193,2118
11113.3,46006.6,-3505.87,120,197,2257
17925.4,139687.0,8119.63,307,449,5537
8302.45,4625.94,195030.0,96,131,271
25215.1,760488.0,-20120.0,149,753,24015
5268.31,3346.22,-1917.4,21,70,205
5942.64,4245.07,-1315.54,82,88,318
4265.07,684.365,-623.9,20,58,43
4232.53,1680.76,-625.09,7,61,134
6920.48,8797.63,-1467.05,25,98,582
8845.32,9170.65,198059.0,44,135,587
5249.83,4789.5,-1438.95,19,85,343
11911.2,77427.1,413.235,160,252,3882
3875.1,1233.12,-889.53,8,55,88
16171.4,109979.0,-8090.0,65,351,4633
5847.03,7596.52,1473.57,103,104,457
9771.2,26388.4,22340.5,108,174,1415
12089.6,31917.7,65949.2,113,203,1580
11723.6,52744.9,-1105.29,152,218,2391
4074.72,487.633,643.02,24,65,35
6001.51,4081.85,-43.989,12,100,294
7880.97,12198.6,-2974.01,22,136,619
12444.5,85210.3,-3807.14,50,291,3799
6534.86,9168.24,-789.42,14,95,543
3771.11,466.32,-847.4,3,36,35
6323.72,8361.44,-2118.4,11,100,551
7958.65,9085.31,552.75,18,130,515
6213.99,6715.0,-1333.0,44,95,484
19799.8,235543.0,-12554.4,298,537,8350
9916.32,39991.1,425076.0,196,159,2181
4232.71,5766.69,35.368,25,68,481
6721.91,7302.37,646.41,22,109,432
4176.66,1567.42,-505.774,9,40,100
7352.32,9577.27,53246.8,15,123,621
4776.68,2315.7,341.72,36,75,165
23587.7,414973.0,-13037.0,74,510,12351
15255.3,156296.0,2773.4,103,310,6737
14488.6,75016.5,617.455,159,223,2822
12608.3,37940.5,-1479.95,150,225,1755
13383.1,88629.4,-1634.62,221,254,3885
3313.87,686.771,290.61,3,31,53
12771.4,94939.7,2496.42,54,273,4429
4160.99,698.631,-519.39,17,58,43
13526.9,104073.0,-4535.0,49,274,4249
7315.62,9130.83,-978.547,132,95,543
6285.1,12580.0,-2693.0,15,118,842
11542.0,54205.0,-3909.0,38,190,2180
9477.91,16706.4,-1189.73,111,160,976
6511.84,4179.69,-878.283,139,101,270
10955.0,27047.9,-2255.75,55,214,1469
5968.85,11780.4,59999200.0,78,102,764
4363.71,698.045,-555.61,19,58,43
13394.4,60238.6,-3828.26,183,223,2822
7310.57,2802.74,243650.0,10,99,167
24588.1,205667.0,-15102.0,107,498,6418
12479.7,68088.0,-7615.0,42,260,3137
5572.45,1735.2,-1297.24,175,76,0
9662.35,20556.0,-5101.0,103,161,1068
5037.15,2849.18,-721.559,102,67,224
10879.0,27558.4,-2717.82,74,214,1469
4553.99,1048.11,-927.79,21,66,101
5588.3,2582.88,-3442.6,11,87,166
7968.82,9104.0,-967.0,23,123,491
6472.58,1943.56,-932.195,32,71,103
8269.86,12165.0,-3472.0,25,150,729
7175.6,5759.0,-2562.0,13,118,402
7554.68,9269.14,-1241.12,98,138,554
22368.6,516395.0,-3999.3,330,540,18067
18299.7,202098.0,-6708.8,159,390,7459
11008.3,48544.2,-1243.31,75,190,2118
7146.77,12730.1,-919.555,22,123,726
4913.3,2825.39,-517.63,12,65,202
3871.53,391.502,1359.5,11,54,28
13967.8,51972.9,1137.24,137,288,2334
3713.43,546.221,-777.62,5,43,52
4046.97,1192.93,-497.19,2,59,101
9854.81,43089.0,-5623.0,15,189,2122
6707.21,12036.8,-748.322,8,105,765
12605.8,70635.9,874.44,55,201,3289
13645.3,134916.0,-3223.34,208,279,5626
4223.02,1688.23,-694.03,7,61,134
5824.87,1824.92,-1296.76,45,71,103
7882.96,11532.0,-2832.0,117,139,696
4373.17,2092.02,500.57,23,75,165
6295.0,8169.47,-3702.0,5,106,549
11427.8,38355.6,-1535.71,33,235,1818
7860.02,12846.8,-2562.4,77,132,806
4442.94,2879.1,-789.73,17,65,202
7250.24,13911.0,20389.4,23,120,809
6193.63,1907.38,-379.774,8,84,136
17541.4,85964.5,4032.4,71,340,3632
12823.3,28831.0,-4290.0,25,208,1313
3896.05,2105.27,-1211.9,5,63,184
3966.1,2088.82,-1616.0,4,63,184
10750.8,47504.3,177116.0,76,190,2118
3790.53,643.254,-396.97,24,50,42
7545.26,11106.7,-2358.6,20,121,622
3615.91,473.282,-853.93,3,36,35
5781.74,4323.06,-893.299,20,84,318
13232.2,41662.0,-3124.0,100,157,1415
6252.06,12928.5,-792.29,16,103,883
4399.52,679.097,-253.48,21,58,43
15259.9,158635.0,2093.7,109,310,6737
14022.9,83509.0,-4536.32,37,252,3882
6631.98,10360.2,76471.2,21,109,689
12805.8,74656.3,-1197.42,34,249,3630
4477.07,2336.47,-979.15,17,63,184
25496.6,411969.0,-12520.0,167,563,12827
21076.3,347253.0,-2873.54,295,440,10967
4604.96,2620.97,-1199.0,23,63,184
10989.5,41819.4,-2970.74,143,227,2059
10029.0,12069.6,-2361.03,46,136,619
10144.5,35574.1,-1746.7,23,208,1691
3823.61,430.15,629.93,11,54,28
14794.5,209266.0,-8057.0,46,342,8074
6659.25,13576.3,-697.648,172,96,804
3646.31,477.522,-867.7,3,36,35
18551.6,236433.0,-11996.0,235,439,8735
9456.79,30433.3,-2083.8,34,171,1747
4247.24,1920.41,571.582,199,63,166
3894.13,589.06,94.659,15,43,52
7858.61,12438.5,-1252.98,214,105,765
8955.07,20590.9,-1868.62,103,163,1162
7496.88,12675.4,-919.937,10,123,726
10504.7,41275.5,-5587.89,143,227,2059
9485.39,28588.7,-3244.39,88,172,1412
6954.06,5251.06,306631.0,195,107,346
5609.78,7002.95,-555.076,17,95,549
4615.87,2081.94,-392.18,12,75,165
4216.06,5955.66,-365.32,18,68,481
4294.99,2108.65,-1029.1,8,71,188
9919.78,27021.2,-558.18,148,174,1415
13155.3,60788.8,-1290.09,30,247,2754
4393.8,6834.4,-129.08,26,68,481
7154.45,11539.6,-735.419,247,102,764
9726.58,26232.9,-119.228,152,174,1415
12040.9,33624.0,1708.4,53,210,1213
3747.56,585.377,-168.38,14,43,52
6592.62,5260.34,-772.078,63,96,347
6790.12,14592.0,-2935.0,31,116,928
5498.82,1998.86,-1323.1,8,77,165
12991.6,68308.1,414175000.0,63,272,3295
4991.92,1121.64,-327.88,13,62,100
4348.95,2771.01,-967.24,18,65,202
12659.6,72025.5,-1286.92,188,262,3211
14274.7,70276.0,-7360.0,36,284,3218
7000.3,5629.76,-1399.87,42,78,292
4994.25,6692.9,-343.67,19,68,481
9424.29,17399.7,-2397.69,39,172,973
4071.79,2142.46,-1810.2,4,63,184
8719.83,14141.0,-3068.26,104,143,771
8730.35,30605.0,-3693.0,67,186,1806
5672.7,3073.16,527.511,55,75,166
6278.16,8370.15,-2031.1,11,100,551
12524.8,53025.0,-2506.78,146,218,2391
15134.0,99835.0,-3767.54,41,281,3974
4421.99,2665.48,-811.49,22,65,202
8065.18,20388.8,-1880.85,34,119,973
4266.77,6183.28,-437.42,21,68,481
11771.6,44695.9,-4649.75,140,223,2059
7704.32,9251.34,426.71,20,130,515
13038.0,64127.0,36455.5,42,240,2751
8626.26,21900.0,-3695.0,17,147,1018
5596.93,3114.61,-1261.5,10,94,224
5355.77,3471.63,-659.202,136,51,132
4066.13,2824.49,-1431.8,29,65,202
8767.22,4768.08,66.2224,31,131,271
3857.49,2192.48,-842.511,183,54,165
6015.04,4741.27,153040.0,2,79,342
6605.12,3505.68,59385.0,32,101,206
4725.95,2827.88,-794.58,16,65,202
4405.85,1043.99,-814.19,28,62,102
14760.8,39741.0,-3247.0,37,206,659
5388.83,3355.0,-1810.0,18,83,270
15480.3,48895.0,-4972.0,39,256,2064
4349.52,656.16,71.32,17,58,43
7333.47,8785.0,-3057.0,15,106,552
4714.03,2223.31,46353.0,24,76,165
3831.53,562.61,-598.81,5,43,52
23086.6,281132.0,407674.0,312,468,9276
4602.1,2283.82,-749.41,5,61,184
6835.49,11272.9,21588.7,150,111,651
6464.94,3807.0,-2202.0,41,90,205
13822.7,51744.1,-1199.15,189,288,2334
4817.84,3057.49,-120.25,36,65,202
4083.12,1616.37,-697.62,9,61,134
5575.68,3529.0,-2491.0,6,62,182
4909.01,4048.01,-1291.1,10,85,346
4562.58,4068.02,-671.865,81,72,340
8158.75,12057.3,-412.738,28,130,694
13303.6,53556.4,175202000.0,139,218,2391
4731.92,1933.7,6949100.0,197,63,166
5940.5,11283.7,189308.0,17,102,764
9497.47,25588.9,-225.97,157,174,1415
12014.8,54540.6,-3069.9,44,220,2461
4570.98,2342.83,-643.56,3,61,184
14536.4,135839.0,-1450.69,204,279,5626
9443.45,34590.4,-4772.13,189,208,1691
15095.2,79274.3,2591.64,251,336,3302
20645.6,246932.0,-10224.0,77,421,8208
8046.11,18701.0,-4411.0,21,153,1068
4178.06,390.704,1069.6,11,54,28
8807.78,4933.63,-1859.12,109,131,271
3995.46,2268.26,-487.96,28,63,184
6904.17,7795.11,-2620.3,12,117,427
5552.6,1412.6,-1216.99,34,71,103
9079.9,13551.0,-3675.0,27,144,693
8630.04,27294.6,-2330.49,133,156,1521
12285.5,73339.7,-2084.89,28,249,3630
9177.56,12438.5,12953.7,119,136,619
4265.9,2574.91,-1007.6,19,65,202
14942.8,90908.1,58009.5,295,254,3973
8429.74,25516.4,-1281.66,33,157,1519
4237.55,515.702,505.51,22,65,35
5795.08,1110.74,-1447.0,7,57,76
8310.46,8814.37,2671.8,37,144,553
11909.4,54043.0,-6089.0,70,210,2255
6734.26,4511.73,-2570.87,119,114,291
6590.22,5766.74,-611.53,16,105,371
4580.58,2587.77,-739.35,31,63,184
9614.96,30171.9,91718.9,36,171,1747
6207.7,5225.01,-492.75,7,105,371
16281.7,123351.0,-13313.0,261,434,4732
4951.0,6064.09,-143.38,25,68,481
3766.94,438.829,-783.53,2,36,35
7815.69,5313.23,-861.824,44,86,205
3925.13,767.776,-2423.1,9,54,64
12152.5,49519.1,-3951.16,227,262,2394
8335.98,25181.0,-657.853,26,157,1519
13898.2,137146.0,-1226.16,209,279,5626
8172.5,8674.98,1151.8,38,144,553
18042.4,122935.0,-7823.0,74,383,4349
7727.33,9436.2,-1860.84,198,130,490
12385.7,71889.5,-1985.22,160,262,3211
9469.12,26447.0,-339.259,162,174,1415
18657.9,159241.0,265759000.0,187,359,6068
4841.28,1238.86,-87.432,11,59,101
3679.27,579.329,-451.29,7,43,52
4512.0,2169.12,-1457.4,13,71,188
4381.0,537.912,17.63,24,65,35
9977.52,24465.0,228.167,32,177,1313
7734.47,9366.45,-2442.59,201,130,490
16140.2,117340.0,-9147.0,146,309,4433
9242.65,14274.1,-974.992,112,148,729
4852.73,2717.38,-1008.3,15,72,205
4665.33,2249.38,-1116.4,6,61,184
3716.13,1959.86,-441.17,5,43,161
12951.5,90628.1,-4032.5,243,254,3885
16058.6,161357.0,-4717.32,203,352,6744
9468.11,6943.0,-4057.0,68,165,400
15193.8,78093.7,1551.32,152,336,3302
3650.77,464.644,-832.95,3,36,35
19382.0,275579.0,1431.36,53,420,9137
14710.0,198080.0,-7237.0,85,336,7949
5032.62,4027.67,-1169.3,11,85,346
12559.9,70116.0,-6262.0,277,252,3376
8797.99,48530.0,-3266.0,32,208,2528
4389.17,2548.0,-1143.3,15,65,202
9133.87,13579.3,-1081.42,18,148,729
6644.73,7318.17,747.25,26,109,432
3812.06,476.274,-1053.3,1,36,35
5625.27,7565.56,-1049.6,103,104,457
8894.86,10783.7,1598.55,115,156,654
13342.4,143207.0,-7120.0,32,258,5830
5943.09,5311.62,-1179.0,8,105,371
5799.93,6030.0,-1152.0,12,80,316
8327.71,10040.4,6006.12,26,123,621
9828.79,24732.4,228995.0,43,177,1313
12267.4,88963.0,-5225.0,27,277,4421
7016.86,5271.79,-1080.12,198,107,346
7494.15,15106.0,-4572.0,10,133,807
6392.3,4295.74,-1199.1,14,106,318
9048.5,23978.8,18781.9,106,154,1252
4620.96,1154.2,-1125.41,46,62,88
4246.9,2431.73,-892.38,21,63,184
3689.2,587.596,-26.599,16,43,52
5591.24,3305.22,-691.352,157,71,249
5651.91,4591.12,-1412.2,17,98,294
7623.59,10868.6,-927.356,82,114,689
3648.05,583.943,27.571,14,43,52
4345.27,6276.68,-90.533,32,68,481
4390.03,995.266,-760.31,27,62,102
3590.14,566.467,-368.74,14,43,52
11449.4,32473.9,-1974.36,163,203,1580
3407.7,687.126,127.55,3,31,53
15901.9,167625.0,-2520.06,48,320,6391
4274.05,702.701,-705.27,18,58,43
15315.6,167383.0,-9745.0,79,387,6747
12678.4,129029.0,-6523.0,32,282,5419
6041.38,5257.2,-1912.3,23,88,370
3311.67,598.719,-488.36,19,51,45
5707.23,2610.49,-3140.6,14,87,166
8062.49,26969.0,165.031,102,166,1414
10418.4,23189.0,-3524.0,26,186,1167
7182.8,16412.3,632.523,91,134,970
4807.45,2157.95,509.46,7,75,165
8356.23,21113.1,239.8,44,143,1203
3754.88,480.396,-750.45,2,36,35
3375.61,691.474,394.28,7,31,53
4992.37,1444.68,-1253.3,19,72,115
4683.84,1947.8,-555.92,8,76,165
9034.36,22273.2,-1342.5,121,166,1111
22775.9,410847.0,-160.189,60,473,14125
15914.8,106208.0,-8473.0,7,237,2329
5832.68,7649.55,-395.884,102,104,457
6195.99,15164.6,-2495.2,17,125,1014
5562.27,7711.59,15.821,22,99,583
11075.5,41248.0,-3253.0,24,183,1807
5100.91,3044.96,-2570.8,4,65,202
4443.44,2345.08,-139.85,11,63,184
4188.56,6053.07,-614.45,13,68,481
3605.57,457.804,-731.71,1,36,35
4314.41,6186.78,318.26,18,67,481
9275.53,11710.6,-2664.57,123,156,654
38405.3,1857700.0,-19959.0,200,807,40369
20378.7,277026.0,-8123.0,87,420,7714
4679.6,1676.83,-1483.6,5,70,131
3403.65,645.335,344.37,4,31,53
4330.53,6334.77,447.13,18,68,481
8021.56,12865.9,1881.85,77,132,806
17863.9,117320.0,-5667.0,58,305,4162
3675.1,430.273,-817.76,2,36,35
6483.79,3833.11,148.44,23,101,206
10527.5,38104.5,8788.98,34,196,1997
6781.29,7341.33,8166.89,13,93,545
10719.1,55379.0,-3185.0,39,192,2601
18333.7,202634.0,-7220.21,162,390,7459
3776.12,484.422,-641.07,1,36,35
6418.5,10366.4,-1259.27,24,109,689
4206.67,2340.84,-1176.1,16,63,184
3506.97,717.322,218.05,4,31,53
9117.37,13575.8,-1881.14,116,148,729
3548.94,365.999,2189.2,11,54,28
7472.96,18433.7,-2172.5,13,128,1065
10673.0,43319.2,-1217.0,25,197,2257
15968.4,167230.0,-937.984,40,320,6391
13815.1,96031.0,-7380.0,94,301,4067
12998.8,44231.0,-3698.0,128,225,1642
5588.59,1636.23,1488840.0,63,84,136
3889.28,2099.8,-1247.7,4,63,184
10524.9,33117.8,-5413.7,140,234,1581
6266.27,6973.0,-3852.0,58,98,426
9487.69,29958.4,-1155.95,228,171,1747
4174.01,2504.99,-975.43,7,65,202
9598.42,14659.2,6581.06,111,148,729
3687.29,463.352,-829.61,2,36,35
6609.33,7456.66,1234.7,29,109,432
14733.4,147058.0,-2436.84,316,308,6057
5728.45,7706.91,-904.191,102,104,457
10251.2,41624.0,-5599.0,162,213,2058
5843.5,4290.23,-1613.7,17,90,317
3697.26,483.688,-649.57,2,36,35
3966.89,2103.63,-1362.6,4,63,184
7614.02,13893.4,-94.241,18,127,802
3761.95,2505.54,-745.16,18,63,184
10551.9,36554.1,-3339.38,162,225,1755
13906.4,85748.0,-7038.0,57,291,3629
6868.28,17075.6,-1695.7,10,128,1065
3979.86,2537.73,-1088.3,13,63,184
12643.6,60984.1,-4416.55,31,247,2754
9336.5,29214.2,21389.3,32,179,1626
6612.17,7117.3,-204.498,11,118,426
5653.13,6614.48,6812.33,60,109,486
13727.0,78200.2,-3801.41,227,336,3302
3533.88,466.104,-646.65,1,36,35
8504.05,13863.0,-5049.0,105,149,807
6922.14,11061.0,-3037.0,18,120,691
8354.29,10575.2,-1373.48,138,139,587
20507.6,163043.0,1301570000.0,118,359,6068
14104.3,99530.4,-4236.96,39,281,3974
6613.57,4262.06,-785.95,19,100,294
17674.7,201592.0,-7906.0,74,389,7582
6941.45,6823.1,-1229.62,11,118,426
3880.7,2050.95,-1704.7,3,63,184
8877.71,38663.3,-338.005,69,196,1885
6079.87,5296.64,-363.94,11,105,371
3915.97,2146.44,-973.627,20,54,165
7959.24,23789.0,-2861.0,40,145,1358
7133.86,18281.2,-2082.7,16,128,1065
3879.42,1444.97,-745.865,156,52,133
6217.54,8301.27,-1915.9,11,100,551
9209.94,12798.6,64236.3,123,136,619
7564.5,7627.0,-1351.0,15,130,519
5055.57,4112.0,-2146.0,46,81,293
18622.8,205471.0,-8641.0,176,380,7457
15062.9,134097.0,-8653.0,86,361,5642
11981.9,33423.9,1318.5,41,210,1213
13869.1,66809.9,8416.82,107,224,2192
5989.51,7623.57,-1914.04,103,104,457
14241.9,86619.0,-604.216,65,291,3799
13316.9,90144.0,-5879.0,49,277,4151
6162.32,4333.51,-548.47,14,106,318
11162.9,33083.0,-4655.0,22,192,1583
15361.3,60328.4,1981860.0,146,305,2610
4048.97,2099.65,-1531.9,16,63,184
15299.2,64979.7,-2388.15,128,215,2188
9881.53,30861.5,-1317.04,43,171,1747
9854.06,43705.0,-4264.0,131,193,2254
7516.36,17907.0,-2209.0,45,158,977
22239.4,434123.0,-11925.0,103,507,14148
11628.3,85672.0,-4267.0,16,235,3217
8041.42,10194.2,-1264.28,95,123,621
11482.5,67909.0,-4368.0,33,231,3128
4470.58,1600.0,-1309.0,6,58,134
9264.09,26873.9,11202.8,95,214,1469
6099.41,2552.29,-292.35,8,81,169
5312.44,3707.06,-763.553,65,85,269
17812.5,138602.0,-8252.18,310,449,5537
13521.4,154519.0,-7404.0,53,245,4334
6986.17,11233.3,-819.453,155,111,651
3945.64,672.764,-131.27,19,58,43
3876.74,1091.22,362402000.0,66,51,102
12548.3,71630.2,494819.0,175,262,3211
7428.85,10558.0,-4187.0,82,146,588
6592.11,11568.7,-1144.33,86,102,764
3702.9,439.908,-822.48,2,36,35
13198.0,63141.6,4233.0,48,279,2979
25488.7,674161.0,-23313.0,92,725,20240
8805.17,4931.63,10644.6,36,131,271
4949.7,4490.34,-1062.9,13,85,346
10787.7,39822.0,-589.224,199,193,2118
4370.71,2377.83,-587.05,18,63,184
8242.99,30391.0,-4940.0,70,170,1805
3693.47,431.764,-797.71,2,36,35
13552.2,59400.0,-4576.0,23,220,2261
5248.03,1100.22,-589.37,7,62,100
3975.32,1227.71,-860.51,9,55,88
5994.24,4196.69,-1370.21,11,88,318
15922.1,72783.0,-3842.0,44,287,2976
5596.0,7618.4,-589.68,30,99,583
5627.21,3530.39,-857.764,119,85,269
6213.17,7565.73,-1179.92,80,93,545
9004.28,29024.5,-503.607,135,179,1626
6013.75,15105.0,-1785.4,15,125,1014
3860.16,421.204,1070.3,18,54,28
4690.93,4194.68,-1685.89,22,79,317
4165.04,790.827,-1986.6,13,54,64
4106.16,2250.05,-889.093,183,54,165
11100.4,76049.0,-7498.0,46,244,3706
8090.05,8806.03,1322.3,41,144,553
9985.46,40709.4,187.565,113,207,1995
4036.85,686.494,-469.76,16,58,43
7647.12,21574.0,-5327.0,29,128,1065
4062.94,377.765,1074.1,11,54,28
9374.7,25781.5,-1342.19,29,174,1415
13191.3,100055.0,-5441.0,83,284,4061
6561.02,5276.77,29782.2,10,99,321
11878.1,36779.1,-1831.16,9,225,1755
8552.04,13784.8,-1452.92,73,132,806
12401.4,49751.3,-3906.71,224,262,2394
21126.6,344450.0,-14064.0,68,476,11423
5531.06,4913.21,-1873.4,47,86,367
7538.44,9446.14,-1046.66,15,123,621
4417.82,685.994,-836.61,24,58,43
7726.89,13506.8,343.035,27,132,806
6847.7,7074.0,-1933.0,18,110,455
8388.05,9533.37,-3019.8,183,135,587
5882.05,4738.99,32.9625,71,86,367
9399.43,10367.0,-3923.0,34,159,584
8991.45,23368.5,-1495.09,113,154,1252
9581.91,56722.0,-4688.0,31,215,2893
16139.8,100150.0,-6516.0,77,399,4359
8869.38,14044.0,-3366.02,124,170,771
12747.8,78767.7,-2478.42,39,252,3882
8105.41,14261.9,-1972.81,17,140,845
13044.6,79949.3,760.862,64,272,3539
10668.0,25489.0,-521.516,130,172,1412
6005.79,5283.91,-1182.06,9,99,321
6012.85,4014.8,-105.94,15,100,294
17628.1,156944.0,219612.0,199,359,6068
6858.59,13324.0,-988.392,180,96,804
4262.45,494.624,338.12,22,65,35
4290.53,2759.9,-1323.1,23,65,202
6909.62,3800.92,976.2,35,101,206
3442.59,668.588,-324.63,6,31,53
11505.3,56607.6,306333.0,23,209,2967
12094.3,80670.6,-4091.24,81,272,3539
9283.62,26786.1,-518.484,146,158,1403
5104.33,3029.76,-1977.8,4,65,202
7114.29,9112.82,-913.662,120,95,543
14909.8,87945.4,4442.5,78,289,3710
3787.84,1197.58,-740.33,9,55,88
8194.88,9700.68,-2172.81,15,130,490
4356.66,3945.18,-821.546,92,72,340
9645.41,26312.0,-3273.34,33,174,1415
4464.89,6494.93,-335.87,14,68,481
12286.8,45138.5,1258.7,152,273,2061
3224.22,573.418,-384.31,3,51,45
16092.9,87834.5,5113.1,81,289,3710
3661.36,362.565,1358.0,11,54,28
5164.79,1064.34,-1042.8,3,57,76
4416.63,6008.51,516.2,14,67,481
3360.16,685.123,-228.4,3,31,53
22107.3,514846.0,-4355.03,367,540,18067
6238.02,8103.78,-3532.2,11,106,549
11124.1,41457.0,-3248.32,145,227,2059
8132.15,13756.4,-1208.47,38,170,771
19335.2,443793.0,-11134.0,75,447,15151
4861.61,1891.11,-678.23,10,75,165
17268.8,217864.0,-6873.0,256,371,8983
6850.91,7833.7,-3002.5,11,117,427
3791.16,2165.48,-479.736,4,43,161
4178.45,733.523,-385.7,16,58,43
12415.6,38300.5,-2354.53,36,235,1818
6172.97,6302.79,-2180.3,17,108,424
9784.66,10565.4,737.257,256,154,557
11736.5,49587.8,-6267.09,228,262,2394
14040.8,191664.0,-8384.0,116,318,7457
4454.33,2302.84,-926.19,8,61,184
13663.9,92319.6,-5056.89,210,254,3885
4283.98,6441.53,-375.58,14,68,481
3644.08,1446.96,-798.446,159,52,133
3340.29,657.944,-344.88,3,31,53
23086.6,281132.0,407674.0,258,468,9276
8068.33,12852.8,-1982.33,15,132,806
16551.9,259786.0,3766.39,101,346,7851
8376.4,9815.6,1234.1,49,144,553
29522.8,762649.0,-19830.0,146,718,22296
9645.85,30878.0,-3372.0,46,174,1687
13215.8,94141.0,-9388.0,155,234,3456
4515.6,545.18,298.28,22,65,35
21264.1,413904.0,-7898.82,97,467,14125
6154.45,7405.25,-1253.64,10,93,545
5032.96,2434.03,-907.62,4,61,184
3733.47,439.797,-919.5,3,36,35
6207.34,8042.91,-3715.6,4,106,549
6002.82,12453.0,-1883.0,42,102,881
6559.89,11278.0,-1114.44,151,111,651
10553.4,21405.2,-1374.73,105,163,1162
14133.3,87500.1,11658.5,52,291,3799
5770.99,4299.71,-1951.8,17,90,317
4336.83,1038.24,-485.4,28,62,102
20518.1,377744.0,-13820.0,100,483,12829
16157.8,136302.0,676416.0,165,279,5626
20953.3,347055.0,-2885.84,295,440,10967
6767.29,12039.4,-824.407,223,105,765
11824.3,37495.0,-4997.0,38,224,1697
5167.56,2193.77,-661.46,8,75,165
10011.9,10342.1,-3047.53,99,154,587
4154.01,503.521,-730.57,15,65,35
5395.15,4242.41,-826.55,17,79,317
18255.9,149420.0,-10334.0,62,368,5545
13012.9,86927.0,-5746.0,67,282,3801
3820.99,451.748,-694.03,3,36,35
5509.82,9909.2,-456.825,17,98,651
7483.49,10115.6,-1922.25,10,123,621
8083.72,14353.9,-2665.8,91,140,845
5916.76,6905.86,-3771.9,22,92,485
21617.5,275975.0,-1656.18,287,420,9137
5418.51,4106.79,-1441.79,78,88,318
7706.44,9671.7,-2905.2,182,135,587
8238.27,9048.05,648.76,38,130,515
5018.21,3015.95,-2292.1,4,65,202
6013.42,10976.0,-758.41,22,102,764
13860.9,85963.8,706906.0,65,291,3799
11393.4,49205.8,-1564.51,16,190,2118
4698.27,1990.23,-847.04,11,75,165
9246.92,12341.9,243.54,28,152,693
13984.8,100456.0,-5020.39,174,281,4061
8055.58,8743.53,2187.2,35,144,553
6657.51,10487.3,-1877.88,25,109,689
9743.4,32887.1,-914.89,117,176,1922
12837.3,38601.7,-1030.8,37,235,1818
6658.1,9344.0,-2047.0,41,107,583
7202.24,5274.66,-1105.61,193,107,346
13400.0,139912.0,909.825,181,279,5626
7649.64,14088.7,573.72,13,127,802
10046.8,55584.0,-4588.0,19,181,2385
3744.85,450.442,-724.6,2,36,35
9838.19,27872.0,-4257.0,47,181,1418
6659.1,6428.13,612.66,175,108,428
4667.31,2131.15,1037.4,24,75,165
12580.7,56135.0,2356.2,51,220,2461
6042.76,5261.06,-2012.4,23,88,370
9968.79,8248.0,-3528.0,35,142,402
4965.82,519.055,520.45,22,65,35
3477.65,663.462,89.488,3,31,53
10407.2,38932.9,3097.78,84,193,2118
15123.7,99961.8,-4276.34,39,281,3974
6396.46,6030.86,-1262.75,86,95,372
6503.85,10226.4,189612.0,34,109,689
15793.5,216990.0,-9819.0,44,338,8323
13967.8,95741.9,-1016.66,179,273,4429
10766.0,55136.1,-905.819,168,223,2822
22769.1,280014.0,2754.0,314,468,9276
13243.6,90867.7,931.769,223,254,3885
9441.33,39285.3,-1155.55,73,196,1885
9220.76,17567.3,1217970.0,27,133,890
7003.9,4497.25,-2097.2,10,110,294
7330.76,6635.0,-3036.0,67,100,366
6137.74,4082.59,-472.4,16,100,294
8548.27,8895.11,1580.2,39,144,553
10832.4,39550.0,-1040.66,30,196,1997
7050.14,12212.0,-2869.0,41,130,732
6618.71,3711.59,533.82,23,101,206
21930.2,303848.0,-15328.0,182,497,10398
7780.57,13795.4,-3030.68,40,170,771
3568.78,446.374,-834.56,1,36,35
10887.1,86516.0,-6323.0,38,232,3883
13421.9,59982.9,-981.639,190,223,2822
9576.24,16278.0,-4055.0,73,192,845
10032.3,21665.0,1930540.0,144,152,1165
5580.99,4255.66,-900.142,17,79,317
8836.33,16300.0,-5021.0,36,154,932
6049.43,5195.0,-1383.0,77,104,398
14548.7,137231.0,-3954.08,209,279,5626
12508.1,49954.1,-4243.17,223,262,2394
5611.1,2608.97,352.23,9,81,169
6955.78,6983.11,-487.875,103,95,427
10421.3,26092.9,3639.18,35,214,1469
17569.8,122933.0,-6499.0,76,365,4729
12997.8,68261.5,190084000.0,53,272,3295
12292.2,78661.5,782.235,166,252,3882
14194.4,101990.0,-6909.0,33,314,4521
4099.93,2485.37,-471.01,5,65,202
10304.9,32520.0,-6419.0,96,205,1637
15466.3,87993.7,3386.0,87,289,3710
6883.34,7944.03,-2672.3,11,117,427
6237.33,7781.26,-2231.6,18,102,517
3183.34,575.794,20.573,3,51,45
13913.3,60103.0,-7561.0,82,320,2198
12977.7,63519.0,4624.7,45,279,2979
12991.8,73808.5,-2113.12,33,247,3630
4376.35,6033.55,515.52,13,67,481
14603.1,78523.5,19882300.0,92,320,3466
15041.5,102263.0,-2945.11,45,283,3965
3849.19,2528.46,-752.03,17,63,184
8909.87,9915.89,66.5759,237,154,557
4502.94,491.858,-169.07,19,65,35
5634.47,2898.7,-538.8,4,65,202
4926.05,1066.74,-1252.2,22,66,101
6088.14,7529.48,-992.022,80,93,545
8003.87,6054.0,-2601.0,69,112,294
3655.09,567.558,-464.33,5,43,52
3931.84,794.655,-2154.4,13,54,64
12398.8,74831.0,-1932.12,32,249,3630
6747.67,10371.4,-1010.58,23,109,689
3476.77,540.766,426.46,13,51,45
6951.99,9513.69,-961.487,126,95,543
9887.45,24191.8,367534.0,42,177,1313
3573.29,700.382,167.81,4,31,53
12841.1,73562.0,-7306.0,66,294,3380
12768.1,62152.0,-6806.0,213,274,2760
8943.62,39563.2,-3934.67,75,196,1885
3633.01,596.563,-12.858,13,43,52
6575.11,9665.12,-1338.83,23,105,652
7817.05,12856.0,-1974.53,77,132,806
5343.19,2234.7,373.43,43,75,165
3844.53,1445.74,-862.152,160,52,133
17594.8,154979.0,-7682.0,187,348,5322
4639.53,2213.48,-826.18,11,71,188
4808.27,1892.16,-986.33,12,75,165
6998.47,18063.7,-2071.3,13,128,1065
4040.08,795.425,-1661.1,13,54,64
10312.3,35611.6,-4250.71,119,208,1691
7750.82,19685.0,-3099.0,89,167,1206
11130.3,26875.4,562.876,152,172,1412
9158.0,36915.0,-4694.0,105,174,1806
14422.3,102632.0,6564.99,246,281,4061
4364.71,3092.35,-1319.2,9,62,245
6082.16,11551.5,-1085.55,17,102,764
3249.04,668.112,170.74,6,31,53
22854.2,281623.0,-1211.71,310,468,9276
24237.1,273048.0,-665.291,289,537,8350
27131.4,459698.0,-14239.0,226,524,13149
5775.92,2561.87,1056.1,9,81,169
12469.1,91964.0,-5394.0,33,275,4062
6661.38,3896.67,990.14,22,101,206
4581.75,2024.13,-581.06,14,75,165
15555.7,99670.9,-1180.17,44,281,3974
13659.3,47191.0,-1018.04,180,273,2061
6761.89,11651.3,-118.548,156,111,651
4231.85,6559.23,12.587,20,68,481
8665.47,11544.0,-3663.0,59,127,653
3652.35,519.807,-291.59,3,36,35
6929.5,10332.6,-1819.54,24,109,689
23576.6,282276.0,2194.41,310,468,9276
4202.5,735.933,-205.18,20,58,43
3711.35,482.844,-620.29,3,36,35
5952.51,2648.66,795.27,20,81,169
11396.5,90104.0,-6823.0,43,268,4063
7619.86,15570.2,-2807.7,80,134,970
21989.7,349310.0,-1137.98,271,440,10967
7343.2,4088.74,-1454.36,70,101,249
3982.36,754.126,-1839.9,9,54,64
11939.9,28364.0,-174.12,42,178,1410
4598.75,6357.14,-606.75,18,68,481
12139.0,62968.0,-6787.0,85,272,2828
9203.28,11370.0,1098320.0,39,156,654
5503.45,3225.0,-1465.0,8,94,224
13149.2,121366.0,-6203.3,202,281,4717
4525.38,2116.05,41.156,13,75,165
9495.69,19397.0,-3532.0,69,137,975
7435.39,11426.8,-1272.16,59,114,689
6869.32,7166.06,-1132.47,13,118,426
22124.8,351810.0,-1984.56,277,440,10967
11090.9,15341.1,-387.843,94,143,771
14960.1,78290.2,1991.15,272,336,3302
6170.48,8084.75,-2665.0,5,106,549
17514.8,270319.0,-9333.0,310,401,9680
3872.86,1754.0,-1530.0,8,58,130
3985.09,2236.93,-979.13,3,63,184
10145.3,38089.0,-3786.0,163,207,1811
3594.64,441.354,-628.23,3,36,35
21038.7,466494.0,-14581.0,305,497,16216
6453.45,4335.57,3806.09,136,101,270
4433.28,976.981,-1296.5,14,66,101
11934.2,62337.0,-5325.0,129,243,3050
3642.33,567.9,-592.14,15,43,52
15420.5,182696.0,-8513.45,265,367,7087
12675.8,138905.0,-5233.0,153,279,5626
3684.77,551.327,-517.74,6,43,52
10773.2,41426.5,-2840.2,134,227,2059
22243.9,515906.0,-3233.2,140,540,18067
5152.98,7211.0,-1977.0,35,80,546
9899.03,17413.8,715555.0,95,183,931
5950.63,4126.49,-1281.93,7,88,318
10324.7,47998.0,-6436.0,66,191,2250
7287.89,8851.5,-1190.34,135,95,543
7853.09,7527.0,-2901.0,28,124,371
4033.21,768.669,-1923.7,9,54,64
8350.99,8718.59,2255.0,33,144,553
5848.39,10981.6,-2031.04,251,102,764
6585.84,4156.73,538908.0,145,101,270
3591.67,546.536,-494.41,16,43,52
6407.46,4954.32,-1046.01,103,96,347
9393.36,14035.3,-578.666,68,132,806
4482.98,1074.66,-612.22,14,62,100
4761.41,2080.28,522.73,36,75,165
20685.1,277931.0,2660.01,286,420,9137
34811.4,1245850.0,-21687.0,211,872,30795
8590.52,6355.81,-2192.13,79,109,346
5571.67,7789.19,-1147.7,10,99,583
7278.41,11327.0,-2507.0,33,125,689
5698.52,4330.24,-1593.7,17,90,0
8109.34,13340.9,-1291.17,115,170,771
6585.98,7046.89,-154.982,16,118,426
4441.97,2657.52,-911.67,21,65,202
12907.1,90323.0,-6766.0,52,277,3719
8027.83,20879.2,1686.7,55,143,1203
12522.3,114735.0,-7592.0,116,302,5318
4450.45,569.873,326.08,21,65,35
3894.17,703.172,-424.84,4,58,43
5021.61,1935.84,-479.91,5,66,164
6486.33,11148.9,-991.915,144,111,651
7045.51,9216.5,-1321.15,6,95,543
9013.78,25127.8,-466.381,38,157,1519
5202.93,7708.81,814.44,67,99,583
15671.3,156303.0,2539.2,100,310,6737
10374.5,23343.1,104133.0,33,176,1313
4839.94,6634.9,95.025,14,67,481
4157.19,2559.19,-790.75,20,65,202
6200.85,3888.75,-680.522,73,88,270
3739.94,445.519,-630.78,1,36,35
5370.81,4517.36,-1002.1,15,85,346
5592.17,1032.65,-1524.3,6,57,76
10776.5,71879.0,-3766.0,29,214,3291
8241.88,20790.4,1100.4,37,143,1203
3299.42,645.593,373.2,4,31,53
16034.4,80372.0,38144.1,252,336,3302
5988.43,4012.44,-327.3,16,100,294
18650.6,379797.0,-12273.0,79,477,13306
9938.05,27002.6,-1538.86,154,158,1403
10379.4,39071.0,-4039.0,24,193,1995
3681.82,458.87,-1023.9,2,36,35
8996.56,35056.2,-3728.39,95,191,1582
6498.17,6793.4,-702.023,21,107,431
3601.47,560.19,-455.55,14,43,52
3572.94,1416.5,-832.675,159,52,133
4851.92,6851.11,-242.85,17,68,481
17874.3,218017.0,129575.0,81,336,8195
13749.4,59648.0,-5627.0,32,275,2753
10567.7,41159.0,-5549.01,143,227,2059
21595.6,411712.0,4668780.0,96,473,14125
9457.11,36538.1,-4076.58,29,196,1997
7582.51,14157.8,-270.13,15,127,802
3969.91,2130.55,-1339.3,4,63,184
17224.3,141954.0,-8455.0,52,368,5329
14184.5,78848.6,3400.93,158,320,3466
15150.4,88583.4,5882.4,81,289,3710
9794.16,41357.8,-2171.24,225,159,2181
18376.7,126957.0,-7409.0,77,376,4723
4244.31,6286.27,-894.69,35,68,481
22523.5,278241.0,4950.56,321,468,9276
5677.73,4575.61,-1351.7,15,98,294
3921.86,814.114,-397.42,7,56,61
3776.4,596.888,-326.39,14,43,52
6985.92,11451.4,-1032.6,16,111,651
5130.58,3117.9,-2531.3,4,65,202
14519.2,173915.0,-5790.0,61,276,5625
17800.6,198032.0,-2508800.0,78,383,6636
5358.95,3690.72,-1632.2,7,89,249
15362.5,165783.0,2427.02,42,320,6391
16262.1,460901.0,-9455.0,63,433,17675
17178.4,216748.0,-2486.9,277,336,8195
9832.15,38953.2,-2724.38,41,180,2054
5202.42,4216.29,-1054.46,17,79,317
4160.84,2251.31,-464.94,3,61,184
7633.63,15783.4,709.098,97,134,970
11746.2,34576.3,1122.2,48,210,1213
6301.5,8210.35,-728.31,15,108,549
22937.9,441558.0,-12300.0,120,565,13977
16931.9,162162.0,-7411.15,197,352,6744
5153.45,2103.43,-192.72,10,75,165
3565.72,567.583,-396.11,14,43,52
4076.91,1191.96,-462.86,2,59,101
11083.6,56225.3,1335.3,163,209,2967
8198.62,10114.0,-2249.0,52,115,486
8749.89,30412.8,1214.93,52,132,1513
3614.27,476.817,-710.6,1,36,35
4515.98,2692.21,-734.14,25,65,202
9112.09,36395.4,5073180.0,82,148,1919
14688.0,108935.0,-7495.0,29,338,4347
11024.5,58583.0,-5384.0,36,224,2825
10445.2,16845.0,-5198.0,17,160,732
13846.1,91755.4,-2151.27,216,254,3885
6448.42,6740.0,-2464.0,51,120,426
8676.48,11936.7,-2482.22,63,128,693
6221.55,1612.59,15492.6,36,71,103
5690.65,7615.24,-1006.56,12,104,457
3997.17,770.942,-1763.3,13,54,64
7306.08,14103.2,-523.105,27,120,809
8354.22,20749.5,548.82,28,143,1203
8291.13,13740.4,-1750.62,17,132,806
3920.65,574.851,-665.61,7,43,52
5260.28,3125.58,-2285.2,4,65,202
4751.59,664.746,-398.53,7,58,43
4063.32,2239.72,-1149.1,9,63,184
11732.1,57055.8,-1043.78,157,209,2967
21837.0,412517.0,-2465.29,64,473,14125
3739.67,547.837,-680.76,5,43,52
5787.36,11155.2,-624.975,17,102,764
6785.58,5176.73,-332.371,23,107,346
9938.14,14648.2,499536.0,43,143,771
3567.25,690.436,300.18,5,31,53
5369.15,4330.73,737572.0,24,88,292
3738.66,1193.84,-775.06,9,55,88
6286.58,8071.92,-3520.7,10,106,549
6619.28,1889.11,11104.6,10,84,136
11789.2,57992.2,54384.0,315,217,2904
3668.87,573.593,-391.72,14,43,52
7252.88,12704.7,-209.831,19,123,726
6443.27,6333.0,-1889.0,9,104,397
4710.28,2950.97,-594.04,32,65,202
9358.59,11774.1,-2279.57,231,139,587
8072.64,13714.8,-1720.95,117,170,771
6352.67,8991.0,-2161.0,11,121,616
3667.96,508.705,-223.26,5,43,52
6088.4,1547.48,-1073.23,34,71,103
3889.06,2057.32,-1445.6,3,63,184
6366.8,2459.0,-1312.0,8,68,130
15558.4,156196.0,2612.3,97,310,6737
12938.6,75295.0,5351.79,167,262,3211
10577.7,28563.0,-1630.84,57,214,1469
4838.37,2193.64,-1076.6,12,71,188
9602.04,17199.3,-1394.11,27,142,844
5970.21,4926.44,8371.97,24,85,343
8076.67,20382.7,1721.2,49,143,1203
7969.25,12336.0,-2980.78,22,136,619
32603.3,582855.0,-7488.0,321,600,11904
3922.56,2152.57,-898.589,20,54,165
7522.43,19289.0,-2584.0,28,136,1108
3277.71,585.245,190.17,13,51,45
3385.57,668.173,229.08,4,31,53
7091.19,13932.3,28286.6,93,120,809
8879.44,24402.2,-2429.75,28,177,1313
4449.21,2353.84,-567.15,8,63,184
4405.51,2314.44,-239.18,4,61,184
6314.0,5166.39,-2646.5,13,109,317
17853.0,163356.0,1559.76,219,352,6744
15145.7,54614.0,-6787.0,41,253,2129
8746.46,29128.6,-920.168,149,179,1626
13972.3,151807.0,-7866.0,50,331,6285
25348.3,512776.0,-12626000.0,286,580,15345
4215.96,2718.26,-1304.0,18,65,202
9539.64,33213.9,-433.857,113,176,1922
8846.38,13900.3,-1628.53,272,170,771
13366.0,71552.0,-4972.0,63,251,3130
6571.66,4032.0,-2315.0,49,111,271
7729.33,26693.0,-3277.0,20,133,1569
14384.4,90607.2,-2248.56,227,254,3973
6021.49,15192.1,-2001.6,14,125,1014
11037.7,29559.0,-5554.0,30,256,1419
8860.67,28107.4,-3447.84,107,166,1414
4264.79,828.62,-2377.3,6,54,64
4333.79,704.196,-433.58,17,58,43
8269.83,27001.0,-3714.69,104,172,1412
8911.92,28625.0,-1334.05,150,179,1626
8580.52,14183.0,-2421.0,28,118,845
10002.3,25223.0,-4545.0,100,168,1409
3656.97,365.698,750.92,11,54,28
23006.1,350879.0,-13508.0,241,458,10540
6331.28,11469.0,-279.937,267,102,764
4734.45,1890.81,-326.17,5,61,116
6950.88,13281.3,-725.592,193,96,804
21634.1,199813.0,-10447.0,61,408,6413
4561.29,415.902,885.85,8,54,28
16647.8,196595.0,-9495.0,64,382,7958
6039.92,1863.31,-1221.54,10,84,136
4007.34,2302.69,-634.85,22,63,184
3859.88,1229.58,-799.58,9,55,88
3575.0,481.413,-991.58,3,36,35
13159.4,90520.9,-4699.55,213,254,3885
4490.77,1963.97,-303.23,17,75,165
14814.3,100396.0,337287.0,249,281,4061
4510.19,1987.91,-578.341,114,66,166
12144.6,36826.1,20720.2,149,225,1755
3498.22,1387.89,-442.121,5,40,100
12091.9,49727.7,-3915.25,36,262,2394
9196.33,12332.0,1845.0,33,152,693
4913.22,1900.14,-746.0,10,75,165
6118.01,4971.29,149958.0,64,96,347
13924.8,180839.0,-10393.0,150,384,7221
6718.85,7382.78,40555.5,26,93,545
4345.06,3152.65,-1470.0,9,62,245
12288.7,74334.5,1647620.0,23,249,3630
3767.86,2236.45,-950.13,17,63,184
14530.6,249838.0,-2695.31,102,346,7851
11098.9,64611.0,-5063.0,46,231,3053
4456.2,2799.52,-1348.3,26,65,202
6852.74,6102.71,-990.41,29,99,372
3490.54,710.348,106.57,3,31,53
25831.0,470347.0,-17250.0,78,659,13162
9793.43,31373.0,-4940.0,38,190,1529
6629.94,5200.78,-117.772,187,107,346
3603.8,582.036,-566.61,15,43,52
23186.3,519586.0,6240780.0,320,540,18067
11563.6,27546.5,-4006.47,43,214,1469
3703.45,556.354,-291.95,16,43,52
10009.6,17414.0,-3689.0,19,181,894
8073.26,31541.0,-5869.0,22,169,1690
3495.95,678.177,77.516,3,31,53
7401.26,13898.8,257.13,22,127,802
10138.9,37821.0,-5426.0,66,205,2124
3816.81,592.072,-768.25,2,43,52
10536.5,42914.4,-1780.77,20,197,2257
8956.84,12276.4,-1364.38,124,136,619
6708.93,15223.0,-2617.0,23,115,806
4773.54,3238.45,-497.483,156,71,249
7476.19,8881.23,1021.0,26,130,515
5959.74,5250.9,-1928.3,22,88,370
8452.17,9496.1,-2351.19,200,130,490
7334.55,6854.13,-832.438,99,95,427
14414.3,177180.0,-3939.15,263,367,7087
4347.56,1663.69,-820.75,10,61,134
3436.7,682.387,239.74,4,31,53
3773.47,428.737,1134.9,16,54,28
14509.2,98560.7,-203.399,41,281,3974
22606.4,347413.0,40462300.0,101,440,10967
20189.4,237798.0,-12360.7,305,537,8350
4448.8,1848.9,-734.83,8,61,134
5132.69,1066.53,-1317.5,2,57,76
5913.98,4958.31,-623.071,75,86,367
8947.56,23763.0,-3870.0,42,184,1409
3968.36,1212.64,-555.69,13,55,88
3564.24,707.809,198.51,5,31,53
3783.61,431.773,-871.98,3,36,35
5654.43,7626.79,544.963,103,104,457
9644.81,27813.0,-3546.0,23,183,1367
8210.23,17627.0,-3871.0,167,135,888
22483.8,353735.0,-14115.0,71,533,11885
9198.5,22409.0,-3054.0,33,186,1262
3770.48,549.56,-574.99,5,43,52
5298.1,4196.8,-978.771,18,88,292
4156.96,2683.41,-568.89,33,63,184
6991.73,8668.17,-760.064,134,95,543
12738.1,58747.0,-7221.0,92,201,2528
8515.24,21612.2,-170.37,39,143,1203
14136.1,49985.0,-7186.0,119,254,2066
10762.5,29601.0,-4072.74,74,214,1469
4610.7,2532.45,-1409.7,23,63,184
7259.2,13137.0,-2001.0,33,133,728
9200.26,35157.0,-2650.0,26,136,1626
5801.7,3275.31,-749.167,12,71,249
3318.26,671.554,258.3,6,31,53
4692.33,2096.46,204.85,33,75,165
14683.6,87812.9,-6110.31,94,301,3369
5984.23,7675.44,43579.0,23,104,457
8767.89,28030.5,-963.647,137,156,1521
6023.33,4043.31,393.91,26,100,294
5972.08,13055.9,-822.1,14,103,883
16813.9,157256.0,516.35,201,359,6068
12622.1,85246.3,-3873.18,52,291,3799
22860.5,162868.0,-10739.0,97,431,4260
4120.74,678.866,-183.61,10,58,43
24188.9,280121.0,-9744.17,282,540,8870
11172.4,55912.0,-1861.19,173,209,2967
4415.46,6399.95,121.88,21,67,481
3829.38,1214.64,-890.95,9,55,88
4731.68,2265.22,675.74,36,75,165
5203.84,3236.46,-871.472,14,71,249
4725.02,2258.35,-1259.3,12,71,188
4800.77,2823.78,-1114.41,20,77,244
17795.4,197314.0,-8360.0,68,360,6752
8268.16,9713.31,-1019.75,20,138,554
3831.76,1203.22,-1201.1,9,55,88
15658.8,167431.0,-1626.46,62,320,6391
20630.5,169649.0,-10645.0,67,408,5856
9964.56,28537.4,-2834.41,44,156,1364
13179.3,73661.9,-1414.14,42,249,3630
9537.87,30067.0,-5280.0,36,179,1469
14520.8,185944.0,-7460.0,166,307,6856
3784.67,472.128,-930.27,0,36,35
10780.5,36199.0,-5038.0,106,192,1691
4645.9,6349.07,-652.89,15,68,481
4412.06,2566.63,-1536.5,9,72,205
8344.06,14278.1,26285.6,11,140,845
10469.6,22938.0,-4595.0,39,186,1113
3323.61,678.661,136.77,6,31,53
5617.0,1069.24,-1548.4,6,57,76
26265.3,406590.0,-7807.0,70,483,10683
8608.53,23982.0,-4126.0,20,156,1309
6829.38,11443.3,2760.8,149,111,651
6296.16,5161.98,-1676.32,110,96,347
36924.6,1557190.0,-18151.0,178,819,34369
12681.5,41313.6,321.665,227,278,1938
8492.9,30261.3,-1946.23,56,132,1513
11447.1,48426.3,-887.824,70,190,2118
11995.8,68184.8,3367.7,67,201,3289
18598.4,276713.0,-11365.0,67,504,9413
21265.3,293912.0,-14710.0,105,517,10114
9338.48,39554.7,-3436.2,69,196,1885
13294.0,45502.4,-2594.1,112,234,1581
3746.11,512.033,-675.49,4,43,52
7929.02,8877.0,-3570.0,14,129,521
23831.7,234683.0,146041.0,290,537,8350
4418.83,2816.12,-619.47,11,65,202
3443.19,695.548,214.97,3,31,53
10889.4,18157.3,-1315.83,148,141,850
5091.94,2193.56,-1282.1,5,75,165
4593.34,2083.08,85867.0,24,76,165
13087.9,85792.1,-1854.56,56,291,3799
6697.88,7771.0,-2869.0,55,92,369
5053.75,2866.62,-914.69,32,63,184
3542.38,559.476,-168.47,14,43,52
6391.95,4406.62,360.25,22,100,294
5389.66,5070.06,-1555.71,23,85,343
3376.82,324.671,1520.6,11,54,28
4796.03,1953.37,-119.56,8,75,165
13412.4,90687.0,-7771.0,50,291,3883
6714.52,5000.77,24681.5,224,107,346
3669.63,366.81,364.74,7,54,28
4270.84,2819.41,-1063.4,30,65,202
4312.04,2390.99,-613.99,22,63,184
20398.5,327394.0,-11656.0,97,458,11268
4286.31,6311.3,378.42,32,68,481
12564.3,58223.6,-3781.05,180,223,2822
6336.07,8226.0,-1936.0,53,108,553
21183.2,324568.0,-13759.0,323,482,10983
17164.7,113200.0,-11026.0,211,364,4157
3641.32,564.435,-602.8,15,43,52
15828.2,165455.0,-1244.46,43,320,6391
13180.6,46334.6,854397.0,131,273,2061
11707.9,38709.3,602.868,153,235,1818
3745.59,2144.58,-205.55,12,43,161
3675.84,566.094,-698.32,5,43,52
14202.9,71256.5,-3825.38,119,224,2192
10518.1,26472.9,-1739.63,118,214,1469
5799.08,4878.6,67264.3,182,86,367
11083.7,52300.0,-3622.0,16,176,1936
6642.87,10329.0,-1354.0,23,109,689
17533.1,165772.0,-6866.0,57,374,6628
11660.4,49219.0,-4217.47,149,215,2188
9673.57,27929.3,-793.135,36,156,1364
15845.8,157452.0,103.1,101,310,6737
6082.83,5222.91,-648.63,7,105,371
3337.42,589.576,-307.7,13,51,45
7542.62,5111.0,-2959.0,37,118,316
11326.5,37324.0,-3800.0,52,199,1752
12686.5,45928.7,364578.0,168,273,2061
12204.1,71037.8,5118.41,191,262,3211
12307.5,73589.5,-4537.7,26,249,3630
12434.4,62065.8,7465.4,53,279,2979
12608.2,57126.0,-1315.3,46,220,2461
13557.7,155807.0,-5761.0,52,299,6966
4500.27,1090.75,-5.9429,28,62,102
4321.44,521.175,272.61,22,65,35
4821.79,1546.81,-893.37,8,70,131
11305.5,39496.9,133.816,147,193,2118
12053.8,38470.6,487.327,41,235,1818
4642.13,2909.69,-582.31,19,65,202
5215.59,4254.21,-1465.32,21,79,317
3916.97,1228.0,-1243.0,7,53,102
8257.72,33361.9,1768.47,97,148,1919
14130.3,52524.6,84.9825,47,288,2334
7627.04,3722.0,-2012.0,10,90,168
12384.7,73323.1,-1589.87,28,249,3630
9786.61,31563.4,-2284.37,149,203,1580
11790.0,28337.7,-2741.48,99,214,1469
4288.16,2559.26,-1266.4,9,72,205
6642.33,3920.82,555828.0,45,101,270
4925.95,2795.74,-1640.55,117,77,244
4052.88,1320.92,-1158.1,1,57,129
5249.22,3700.6,-1323.2,8,89,249
10521.7,13824.0,-6019.0,19,167,693
14220.2,115403.0,-7946.0,46,323,4920
3845.11,2169.95,345652.0,20,54,165
6924.67,9687.33,928.35,23,115,547
25112.1,298654.0,-481.181,292,537,8350
4823.56,529.619,202.09,22,65,35
24599.9,278618.0,-1884.54,299,540,8870
4151.16,2297.55,-949.867,183,54,165
4657.13,1547.69,-1259.5,6,70,131
8998.94,4862.8,-1410.59,37,131,271
3721.18,390.409,1222.6,16,54,28
13703.7,68600.9,73262400.0,132,325,3143
22269.7,462388.0,-9009.0,89,450,12658
5016.92,2146.92,-836.42,4,75,165
6280.41,5375.53,-829.373,12,99,321
15422.5,116573.0,-6940.0,56,337,4919
6330.01,7811.05,-2165.1,23,102,517
15096.0,81257.8,2043.82,259,336,3302
9557.42,39287.2,-1301.92,224,159,2181
5260.48,3462.14,2166.95,2,51,132
6345.44,8380.49,-1864.7,11,100,551
8159.48,9542.68,-1244.13,104,123,621
5781.25,2538.09,333.96,11,81,169
20285.5,278444.0,-8942.98,293,420,9137
4201.91,1932.93,2891.67,72,63,166
5008.47,2331.15,219.26,12,75,165
8459.22,21000.3,961.89,44,143,1203
9994.25,12021.8,2551740.0,101,136,619
5675.65,2582.74,-3637.2,13,87,166
17042.6,215919.0,-1110.95,258,336,8195
14436.3,90704.1,-2239.95,281,254,3973
5802.96,2386.74,689.26,11,81,169
18144.6,218780.0,-12032.0,88,447,7233
3612.27,447.051,-874.8,3,36,35
22434.8,350678.0,-2452.94,241,440,10967
4524.33,2665.16,-986.84,21,65,202
3838.8,2067.27,-1447.4,4,63,184
9828.56,46654.0,-6641.0,83,200,2457
9658.8,30492.3,-432.324,222,171,1747
8567.75,10218.0,-3462.0,37,161,659
5655.9,4345.49,1628.99,16,88,292
3275.38,674.471,230.3,6,31,53
3797.01,552.887,-634.79,5,43,52
5437.55,1052.98,-1347.1,3,57,76
4739.95,1040.65,-701.7,27,66,101
4420.56,448.371,360.14,22,65,35
7337.11,6098.0,-1753.0,27,104,344
6245.11,3696.62,1031.0,23,101,206
6026.18,1668.93,4208.78,35,71,103
11759.9,33928.4,-4639.54,124,234,1581
8527.17,9390.89,80794.8,12,135,587
16752.2,268037.0,-12578.0,216,386,9670
17237.6,283372.0,-12391.0,84,450,10381
10023.1,24580.4,-805.416,62,177,1313
8812.49,17096.3,-2622.07,18,142,844
3841.7,1209.97,-933.02,9,55,88
4460.53,1051.64,-496.0,28,62,102
4611.55,2324.83,8983.5,43,76,165
4306.07,2410.15,-1680.6,21,63,184
8940.96,31361.0,-4011.0,92,178,1806
4593.46,2199.87,623.39,14,75,165
4989.56,1974.15,-793.86,4,66,164
8325.66,9825.0,-4439.0,32,142,589
3769.81,2140.08,-573.607,4,43,161
4137.48,1527.69,-1076.1,4,55,133
11879.5,78911.3,-1729.12,167,252,3882
12047.6,77124.0,-5173.72,59,247,3371
23800.5,266221.0,-3702.63,296,540,8870
8523.83,9377.65,12641.7,182,135,587
4059.59,685.693,-429.69,9,58,43
4349.04,6508.23,-857.52,34,68,481
9448.61,26548.7,-266.766,147,174,1415
3902.78,379.476,1235.4,6,54,28
4651.51,2063.7,-67.979,18,75,165
6113.52,10362.7,-2084.23,21,109,689
9565.85,18248.0,-3596.0,96,182,981
7903.91,13417.0,-1334.0,91,144,692
15666.6,87378.5,1519.46,102,301,3369
6441.15,5623.18,-706.21,78,86,367
8549.11,14508.0,-1363.86,102,140,845
6380.68,11691.0,-1943.0,48,95,688
6797.83,13189.8,51509.6,19,96,804
11835.7,47049.4,-4421.6,119,215,2188
4289.24,1759.13,-642.84,8,61,134
4036.92,2330.36,-654.85,18,63,184
16983.2,262240.0,533.432,115,346,7851
5048.42,2998.93,-2356.9,4,65,202
10182.4,22366.9,188973.0,116,182,1212
8045.61,17284.0,-3525.0,49,172,853
4967.63,4170.07,-1346.33,18,79,317
12076.5,80416.1,-6509.09,51,272,3539
4398.27,6076.45,-62.464,13,67,481
3478.11,714.585,-233.0,3,31,53
22191.4,516130.0,-254.874,336,540,18067
11202.1,35439.0,-5864.0,41,270,1643
11643.2,73774.8,-4901.01,23,249,3630
3457.88,663.522,90.237,5,31,53
15598.8,88146.5,4856.3,85,289,3710
13778.0,136567.0,-1714.28,209,279,5626
3795.81,586.495,-271.02,14,43,52
6077.52,6643.0,-3353.0,48,109,376
7203.07,9320.97,314.182,24,138,554
3728.43,428.262,1152.6,11,54,28
7966.06,9360.0,-3263.0,18,139,553
4639.05,1031.63,-544.21,28,62,102
11894.2,32396.0,-1382.52,115,203,1580
5329.22,5941.3,-923.95,6,89,425
6709.68,5455.49,-1157.61,49,79,292
4864.21,1891.6,-658.6,10,75,165
6537.69,1845.1,408.638,35,71,103
3382.01,690.98,111.92,5,31,53
8297.11,10076.3,-511.611,144,139,587
5515.77,7557.83,-912.318,101,104,457
3651.77,478.989,-776.57,2,36,35
4033.79,769.866,-2390.8,9,54,64
7136.5,14579.1,1572940.0,89,134,970
9984.25,34590.0,-1324.98,19,208,1691
3838.04,741.77,-381.02,6,58,43
6739.25,9828.56,1377.1,20,115,547
5478.47,1102.65,-1016.3,6,57,76
14031.2,99628.9,-4053.34,46,281,3974
9455.71,46342.0,-5722.0,136,184,2319
13135.5,98597.4,-7491.22,33,316,4341
4807.53,2884.19,-1325.2,10,72,205
6389.45,15129.0,-2802.0,18,123,1012
8998.16,16628.0,-4142.0,13,157,933
15732.2,60021.1,18052.1,151,305,2610
4071.62,1450.73,-680.732,160,52,133
9263.5,22821.0,-4929.0,55,228,1168
13240.2,38563.2,-1458.13,182,225,1755
23620.9,516760.0,36728900.0,307,540,18067
14793.9,142726.0,-8163.0,239,371,5742
7891.08,27703.9,-3184.6,23,156,1521
8769.59,13472.1,103411.0,111,148,729
5917.04,8555.03,-1119.72,177,98,520
7214.34,12691.1,-2267.91,145,123,726
3599.85,574.402,-471.48,15,43,52
9117.46,25077.5,78919.6,33,157,1519
6685.34,13417.1,-1167.47,179,96,804
12602.0,45784.4,258432.0,178,273,2061
6757.68,16043.2,-1798.5,18,125,1014
3191.26,582.6,-371.86,3,51,45
4749.31,4414.0,-2567.0,9,81,317
14208.2,136035.0,18629.3,207,279,5626
3721.4,468.494,-850.75,2,36,35
11575.6,45815.0,-4397.0,22,218,2186
5047.04,5751.54,-1889.3,6,89,425
3383.5,671.888,304.53,6,31,53
8862.58,18382.0,-4782.0,62,164,1019
3808.05,1198.28,-822.92,9,55,88
4244.95,2283.95,-411.29,21,63,184
3720.17,1914.06,-418.179,6,43,161
15621.0,75976.9,8839.19,69,336,3302
3525.49,557.313,-60.336,13,43,52
14405.8,73996.0,-3841.0,40,303,2901
14237.9,89672.7,-935.379,222,254,3973
4565.47,1040.55,-663.32,28,62,102
11423.1,55320.0,-5042.0,143,242,2607
6818.86,13292.9,-468.332,16,96,804
3463.53,711.084,-322.44,3,31,53
8114.01,33112.3,-832.442,92,148,1919
5065.5,3107.09,-2497.4,4,65,202
3733.71,587.609,-241.15,14,43,52
14829.4,88404.6,550.875,67,298,3369
12892.9,78736.1,72.7097,55,272,3539
12614.2,71174.6,2858830.0,158,262,3211
4766.02,2584.4,-1041.7,27,63,184
6309.34,3478.25,883.74,19,101,206
14878.3,139130.0,-8896.0,349,321,5528
5207.93,3374.04,-2101.0,21,70,205
10085.7,25574.3,7526.07,25,174,1415
4068.75,806.213,-1799.6,13,54,64
9002.89,30062.4,-1782.2,231,171,1747
6212.84,3454.21,479.46,16,101,206
3500.98,1909.66,-474.032,8,43,161
25814.7,613420.0,-13770.0,112,585,18847
15275.6,116938.0,-12641.0,76,418,4717
9022.61,27385.6,-260.14,102,166,1414
5753.14,2238.61,-1121.62,12,82,185
5146.6,2239.47,-67.156,17,75,165
9876.77,12132.0,-3185.0,92,162,622
15655.9,165179.0,-1236.98,46,320,6391
4349.31,1970.39,-344.87,20,75,165
8236.97,14526.8,-2477.72,101,140,845
3978.84,764.512,-1532.1,9,54,64
4964.97,6106.21,-326.62,17,68,481
3978.61,1193.2,-180.75,2,59,101
9506.2,40882.0,-2770.0,35,205,2192
4479.29,1059.55,-358.33,28,62,102
15846.1,167008.0,-476.452,61,320,6391
22632.8,515831.0,-988.573,345,540,18067
21120.3,343053.0,-2010.8,286,440,10967
9758.98,38970.4,-2240.9,177,193,2118
6887.17,7818.23,-2543.8,12,117,427
6517.45,10287.3,-939.135,24,109,689
4163.37,564.437,-94.571,26,65,35
3567.99,1414.0,-743.291,120,52,133
3778.93,473.01,-674.49,3,36,35
8318.05,39857.0,-4819.0,25,166,2178
10965.3,44240.7,-2106.93,30,197,2257
4267.61,2737.01,-768.76,16,63,184
15744.2,80370.5,-288.98,253,336,3302
5666.76,4800.9,595540.0,8,79,342
4067.24,695.017,75.103,18,58,43
12109.2,49402.6,-3632.04,34,262,2394
19873.7,307124.0,-11899.0,299,521,10399
4609.11,3060.4,-379.413,21,71,249
5480.09,5616.47,-1347.6,5,89,425
14528.6,69197.6,15911500.0,156,325,3143
8149.12,14148.7,786.24,46,127,802
11907.2,70867.3,-4114.06,161,247,3373
4203.58,2357.21,-1152.2,4,63,184
5007.73,2849.48,-1385.27,21,77,244
5828.16,1117.45,-1735.4,3,57,76
10191.9,31456.0,-2542.86,169,203,1580
11184.4,86290.0,-6738.0,38,235,3970
3611.97,306.532,1858.0,11,54,28
4757.28,2204.45,570.69,20,75,165
16734.1,174094.0,-11808.0,105,376,6866
8398.54,26080.0,-3730.0,32,157,1411
6730.38,3413.0,-2873.0,40,91,205
9239.41,28311.0,-4117.3,61,194,1521
6900.37,16939.5,-1985.6,12,128,1065
5170.71,1807.17,-1379.9,2,70,131
12605.8,63099.2,4135.6,39,279,2979
9922.53,26618.0,-1721.41,32,174,1415
6173.62,1096.84,-1447.1,8,57,76
5918.27,8184.49,-1780.1,27,99,583
14274.2,57692.0,-7205.0,82,258,2330
22792.7,516473.0,-1972.73,344,540,18067
9948.72,30795.4,-1124.07,230,171,1747
5067.84,3120.89,-2590.2,4,65,202
8044.61,26234.2,119215.0,73,194,1521
7859.97,9479.92,2662.83,103,123,621
6287.5,13138.2,-1269.3,13,103,883
5558.91,4741.35,651890.0,17,79,342
13261.2,94210.8,1426800.0,181,273,4429
8651.67,24525.1,8408640.0,32,157,1519
5510.63,1995.86,-1359.2,8,77,165
13008.7,78799.0,657525000.0,38,252,3882
13080.6,58502.0,-7207.0,45,289,2683
9921.6,33505.9,-1430.18,119,176,1922
9452.47,50759.0,-6298.0,48,213,2604
7096.96,7333.25,-2427.51,106,122,429
3848.94,2526.5,-876.4,40,63,184
4819.78,2423.6,1839.6,18,76,165
5923.59,4863.0,-1367.0,49,86,315
9219.9,11981.0,25401.1,9,117,519
7796.7,9991.3,-1397.8,83,123,621
10699.2,27355.0,-1327.0,18,224,1217
4835.54,2218.02,1015.6,38,75,165
18064.2,358717.0,-5779.0,70,404,13943
10717.0,47142.6,397121.0,66,190,2118
5937.31,1037.64,-1439.1,6,57,76
8936.95,34976.3,-1141.26,28,148,1919
6766.37,7326.0,-2343.0,57,108,517
16052.9,172561.0,-8666.43,218,403,6746
5411.61,3687.39,-1349.7,10,89,249
6721.15,5328.69,-893.057,51,79,292
5577.14,4738.24,-1461.78,19,85,343
9861.33,54723.0,-4455.0,26,211,2753
9545.74,26700.8,-358.949,138,158,1403
4371.66,665.425,-810.14,12,58,43
23256.0,282723.0,-12717.4,301,540,8870
33218.7,1332590.0,-24325.0,194,866,36765
3387.8,675.709,149.23,5,31,53
11272.7,56197.3,-570.982,174,209,2967
5479.64,7595.05,-499.66,14,99,583
5734.35,7674.82,-1116.58,102,104,457
6951.33,6822.71,241.616,103,95,427
7214.29,8242.0,-2144.0,16,117,457
4598.09,4038.0,124.478,27,88,292
5573.14,1008.3,-1925.4,6,57,76
4273.97,2339.97,-247.19,22,63,184
8086.1,11855.2,5787.08,60,128,693
24603.2,239187.0,-3498.42,291,537,8350
4247.45,414.461,975.92,17,54,28
18253.1,468081.0,-11762.0,75,460,16386
5093.46,4032.37,-1268.8,11,85,346
13968.7,154726.0,-5951.0,56,292,6169
9742.43,24780.8,-1081.64,35,177,1313
9759.68,33060.1,-3556.23,127,166,1414
4314.05,2364.52,-1177.9,13,63,184
3631.15,604.719,-21.388,12,43,52
6944.51,13554.9,-3956.7,19,118,762
4742.91,6615.04,-706.1,19,68,481
7924.27,4795.08,-2648.18,33,131,271
15716.1,100116.0,-3549.1,128,281,3974
7068.04,8774.83,-774.577,8,95,543
11457.6,56631.1,-4698.56,25,215,2394
6345.2,3420.44,1526.5,21,101,206
13877.8,112508.0,-8213.0,221,279,4813
9328.68,11101.0,-1383.28,17,117,519
4597.81,1040.13,-1016.8,28,62,102
8894.64,12177.1,-1677.53,66,128,693
15057.5,85240.0,-7338.0,65,328,3464
4934.9,3395.31,-887.067,33,71,249
5994.63,2633.11,348.46,16,81,169
6878.13,12083.0,-3072.0,23,126,727
13734.2,66410.0,-1611.47,164,223,2822
16561.0,270663.0,-7965.0,65,374,9816
5018.16,4249.7,-936.49,12,85,346
11218.9,68430.3,-1902.15,196,247,3373
4006.1,1628.27,-212.28,8,61,134
4494.56,1877.41,-66.675,11,61,116
6042.7,3197.0,-3861.0,15,127,270
11499.6,38186.9,939.788,122,219,1875
11701.0,49489.7,-4443.95,225,262,2394
8491.57,14231.0,-3652.0,54,135,732
5435.23,4066.9,-1306.7,11,85,267
7629.46,12650.0,-3142.0,18,134,733
7211.53,15929.0,-768.0,24,132,936
5369.69,4013.44,-1564.3,34,79,292
4939.42,6152.76,190.06,21,67,481
13034.6,64172.8,3893.7,42,279,2979
8268.01,4429.32,2651990.0,30,131,271
4641.42,7041.04,-360.15,17,68,481
12338.5,36608.0,-6731.0,100,204,1638
15163.7,88310.7,4228.7,81,289,3710
12268.7,33464.2,3183.3,68,210,1213
6382.26,5518.18,-1756.32,82,86,367
13055.1,69229.4,90490600.0,49,247,3373
11470.4,31982.8,4883630.0,147,203,1580
13708.4,80575.1,-6158.7,64,340,3632
7297.08,9230.0,-2616.0,21,116,522
5153.54,4788.35,-1438.92,19,85,343
5253.85,3681.62,-1286.7,8,89,249
9776.25,30641.5,466.066,33,171,1747
11690.0,32139.6,846742.0,62,203,1580
5076.25,3004.33,-1616.1,3,65,202
9139.68,37724.9,-2825.85,39,180,2054
6670.72,7286.99,-506.094,60,90,405
7516.5,12494.2,106509.0,142,123,726
6318.26,5164.85,2035.57,12,99,321
3339.15,650.866,-14.478,6,31,53
12162.9,68474.0,-4482.0,54,214,2533
6955.01,9017.57,-943.827,6,95,543
7712.03,9367.71,-2932.6,200,130,490
23127.0,519410.0,16966400.0,317,540,18067
4070.92,2203.91,532.47,180,54,165
8794.92,16848.0,-2877.33,95,183,931
6327.27,11127.9,-1089.49,22,111,651
3760.4,576.589,-53.641,15,43,52
5124.87,2998.73,-1884.4,3,65,202
6176.53,2644.98,310.21,14,81,169
4784.94,2575.92,-376.72,10,72,205
15179.2,72177.0,-6459.0,143,280,2398
4772.43,1924.59,-173.41,14,75,165
4126.56,2543.01,-1061.8,33,65,202
8260.54,10455.0,-2182.0,23,136,584
5045.24,1995.33,-1050.71,9,66,166
16399.2,258182.0,-10008.0,80,413,9680
5298.81,9500.88,1109.12,139,98,651
7474.26,7338.0,-2444.0,28,106,483
11604.4,58383.6,-424.089,326,217,2904
4977.14,4338.83,17.7781,18,85,343
8490.77,9015.03,1343.5,39,144,553
12066.3,33703.0,1692.0,50,210,1213
11550.0,30945.0,-4057.0,102,184,1417
10508.8,24043.0,-5652.0,59,140,1061
4229.43,2355.27,-270.67,18,63,184
11308.9,45343.2,1881.47,140,215,2188
13654.1,141379.0,836083.0,49,308,6057
16091.4,215876.0,-431.666,266,336,8195
12925.8,81599.0,-6817.0,62,265,3292
4454.01,1399.0,-1112.0,8,61,101
8804.47,12311.2,-976.596,128,136,619
15454.8,59742.8,1418560.0,148,305,2610
4777.65,6123.8,511.3,14,68,481
3565.61,351.759,1097.5,13,54,28
5969.54,7038.84,-1034.26,78,93,545
4128.6,6667.76,-539.65,20,68,481
7495.62,9485.88,-1043.48,14,123,621
4945.69,4304.51,-1512.29,21,79,317
3615.86,498.163,-1053.8,2,36,35
3810.63,2314.32,-1201.0,11,63,184
23267.8,277014.0,224370.0,313,468,9276
11374.7,31673.9,181952.0,127,203,1580
7034.45,13834.1,-905.606,28,120,809
9225.06,38163.9,-2778.39,37,180,2054
7422.43,11288.3,-918.263,90,114,689
17318.1,321115.0,-9575.0,60,415,12186
4937.01,2881.56,-1068.08,108,67,224
17121.7,85336.0,-7587.0,58,242,2125
8786.99,12064.1,-1148.68,59,128,693
6480.0,5322.73,490355.0,106,96,347
12997.9,63036.8,-771.346,297,233,2897
10412.0,28222.9,-2580.59,166,158,1403
6624.12,7307.86,-481.055,68,109,486
11705.3,56217.9,-431.053,174,209,2967
14811.7,87053.1,3503.2,83,289,3710
14830.9,287465.0,-8539.0,63,352,11258
11487.4,46860.1,101398.0,136,215,2188
5250.87,3712.02,-953.73,6,89,249
13224.7,59283.0,-7792.0,175,285,2542
11982.9,77556.9,121945.0,35,252,3882
4237.28,1018.18,-797.49,28,62,102
6751.72,10607.0,-2710.0,18,96,580
5402.39,2473.96,486.96,3,81,169
4410.21,978.079,-1457.2,14,66,101
9209.78,17092.9,-2400.96,26,172,973
18609.3,300553.0,-12391.0,73,464,10829
5739.69,3544.91,-720.25,1,51,132
3916.82,420.481,1539.9,5,54,28
14595.3,144702.0,428.815,204,308,6057
5067.94,3129.03,-188.414,22,71,249
22255.2,349162.0,-991.112,256,440,10967
3908.22,2219.21,-577.58,13,63,184
5989.58,3949.63,55.716,13,100,294
3490.79,703.864,170.55,7,31,53
13346.2,49372.0,-3259.0,53,274,1813
3689.24,401.079,966.3,11,54,28
16155.8,176822.0,14857800.0,234,367,7087
6733.64,5954.3,-1087.4,48,95,372
4234.4,6295.15,445.46,33,68,481
7814.82,7682.95,676736000000.0,98,95,427
21257.5,276816.0,177654000.0,268,420,9137
12494.5,70854.7,1455240.0,161,262,3211
11014.3,37935.9,-1786.9,34,196,1997
14998.5,118362.0,-9850.0,287,353,4722
11940.2,66792.0,-5781.0,45,240,2980
6291.36,13356.0,-2877.0,13,104,844
3779.48,536.656,-378.33,5,43,52
4497.15,5988.02,227.1,10,67,481
3440.17,539.962,-504.92,14,43,52
12369.5,60324.0,-7202.0,196,291,2825
11270.7,69620.6,-5138.83,190,247,3373
3703.58,2336.0,-1309.0,13,63,202
12177.9,56574.4,-2377.6,51,220,2461
10245.9,27628.7,-1283.13,54,194,1521
4452.2,2218.13,-1760.4,5,63,184
10374.0,50431.0,-5036.0,94,221,2254
8713.7,9618.1,1185660.0,203,130,490
11845.2,28100.5,561.65,39,178,1410
11467.8,55077.6,1717.96,161,223,2822
14161.3,59472.7,1102.99,147,305,2610
7071.76,4026.62,-933.732,81,101,249
8387.74,28099.2,-1054.84,21,156,1521
5802.25,3728.32,-739.627,24,51,132
8081.75,13840.2,-3458.03,120,170,771
3522.56,509.639,-514.12,3,36,35
5710.87,2853.61,-585.73,3,65,202
11497.0,59081.7,-4298.72,179,223,2822
4231.41,6739.28,-58.336,21,68,481
8117.85,13683.7,-2516.84,122,170,771
4554.61,2137.3,-94.977,18,75,165
10754.8,43884.0,-1325.66,139,197,2257
12619.3,49381.0,109913.0,165,262,2394
14020.7,141292.0,510.771,301,308,6057
4152.31,2175.29,792838.0,183,54,165
10626.8,33599.0,-1497.25,142,199,1696
6020.87,7600.05,-1677.75,95,104,457
9550.66,50295.0,-3878.0,24,194,2520
7746.51,14249.1,2695.7,29,127,802
10697.9,61948.7,147.612,189,214,2600
5400.55,12154.0,-1857.0,10,93,842
17751.3,139747.0,9859.04,305,449,5537
12682.7,63287.3,3815.9,50,279,2979
7842.0,14417.3,-130.12,39,127,802
4642.95,2437.72,-466.53,11,61,184
7529.15,4505.0,-1210.0,92,116,296
5348.75,4490.61,-932.627,17,88,292
7604.06,14379.5,987.29,35,127,802
6305.54,2596.82,305.38,11,81,169
13006.2,154790.0,-6283.0,129,280,6508
4094.63,637.956,142.16,21,58,43
5510.38,4052.8,-490.325,85,88,318
8437.93,21213.0,-3414.0,34,164,1214
4850.13,2725.55,-694.63,13,72,205
21799.3,563835.0,-14129.0,92,621,17517
6518.46,17442.3,-3362.7,7,128,1065
14471.5,137907.0,-8858.0,56,360,5743
7836.77,9241.43,14493.4,69,107,517
4299.54,559.986,449.49,23,65,35
20349.7,169656.0,-8002.0,200,396,4534
9382.42,17161.1,-4059.91,93,183,931
9946.2,40051.3,50.4029,113,207,1995
9912.1,34300.6,-2426.02,195,208,1691
9334.14,11754.2,-629.972,132,156,654
17739.2,159026.0,79697.0,181,359,6068
5484.07,1998.51,-1665.4,8,77,165
3900.1,772.513,-2192.8,9,54,64
4629.73,6266.13,-522.86,17,67,481
10439.9,53985.0,-6036.0,29,188,2458
6878.48,7442.93,682.52,35,109,432
14924.2,159825.0,-2876.22,190,352,6744
14318.2,54357.0,-5977.0,81,268,2536
17630.5,164419.0,-7752.0,57,344,5849
7743.07,14454.1,-461.5,32,127,802
4336.44,833.843,-1651.9,13,54,64
3691.72,568.372,-437.65,9,43,52
10371.5,22588.9,-764.574,52,176,1313
10125.2,34968.9,-3733.1,113,176,1922
4864.65,2062.0,-285.21,7,75,165
7281.72,5407.98,-982.187,44,79,292
18617.2,200155.0,-7116.0,90,444,6644
8244.4,13385.6,-1770.82,25,132,806
7490.27,7506.0,-2734.0,11,116,399
26007.7,797757.0,-16135.0,76,601,20021
3477.21,579.824,-346.39,16,43,52
7213.98,34609.8,-2893.26,80,148,1919
18098.8,202590.0,-7715.0,82,386,7339
10246.1,14961.8,-1961.87,38,143,771
22655.8,222642.0,-12356.0,82,451,7707
4210.5,785.372,-1764.2,13,54,64
5111.6,5899.0,-832.0,10,81,396
12077.7,103272.0,-6803.0,204,300,4619
9520.39,40177.8,-1443.17,126,207,1995
12487.2,79271.6,400643000.0,152,252,3882
10939.3,41452.4,16578.2,211,227,2059
9300.68,21028.6,312918000.0,65,163,1162
15423.3,157042.0,3835.9,114,310,6737
13887.2,140767.0,-509.839,57,308,6057
4302.55,2110.96,-1358.8,8,71,188
6258.69,7778.76,-1801.7,24,102,517
5431.77,4239.3,18657.6,20,88,292
9500.3,50262.0,-4365.0,35,190,2743
5903.71,4007.79,-348.79,14,100,294
3321.57,704.708,342.56,6,31,53
3735.94,493.419,-889.6,2,36,35
4769.73,1825.96,63.344,4,61,116
14175.7,61001.4,-3425.69,141,215,2188
11019.0,28457.0,-4289.02,74,214,1469
6567.62,10486.0,-2194.0,10,116,725
11964.3,48695.9,-3512.28,137,215,2188
8038.37,8656.45,1833.5,39,144,553
10758.3,28734.5,97075.4,58,194,1521
12580.0,39278.7,3316050.0,133,234,1581
9424.81,39095.3,-2160.98,212,193,2118
6147.55,5093.22,-995.575,68,86,367
5934.2,4361.63,-941.35,23,72,340
9367.82,17336.1,-3203.77,35,183,931
4783.73,2947.26,299.05,37,65,202
5121.32,3121.55,-2515.9,4,65,202
7121.3,4042.03,-1138.81,10,101,249
10177.0,40110.0,-4292.0,21,195,1993
7368.59,11313.0,-3070.0,24,130,693
9442.55,27087.6,-2958.85,108,166,1414
19649.0,371626.0,-8177.0,49,443,11717
6589.8,15744.6,-2210.64,110,118,971
8354.67,12009.4,-1639.51,64,128,693
6805.09,5796.14,-352.713,13,95,372
3796.12,516.806,-431.04,10,43,52
8109.34,12018.1,24310800.0,27,130,694
4955.82,4217.28,-1335.21,21,79,317
4005.9,755.89,-1840.7,13,54,64
12880.9,73224.7,-2430.0,35,262,3211
10509.0,36124.4,-4666.78,188,208,1691
3943.82,433.883,1765.5,11,54,28
6895.68,11504.2,-746.468,159,111,651
9088.34,17760.6,-347.168,193,133,890
11980.3,70319.7,861.167,171,262,3211
7690.75,9263.49,347.29,13,130,515
10239.5,14920.1,-1333.06,42,143,771
8799.3,8941.56,2104.5,36,144,553
12442.2,79718.1,1811.86,58,272,3539
3600.72,1954.22,-401.778,6,43,161
5006.31,6506.71,13.244,19,68,481
3964.89,767.882,-2016.1,13,54,64
7534.22,12762.2,906.069,69,132,806
5641.7,8208.0,-2231.0,8,75,397
7931.15,15277.0,-2424.0,19,143,771
4504.32,3329.18,-383.296,15,74,269
13170.5,93576.1,328.671,149,273,4429
4163.68,2289.28,-678.2,24,63,184
8226.14,21719.0,-2917.0,79,157,1258
6043.07,2771.93,642.44,9,81,169
7974.36,9420.71,5725.93,198,130,490
7830.87,6054.8,-2182.43,14,110,294
4074.06,2182.6,1902620.0,184,54,165
10901.7,81601.5,-4096.82,208,209,3705
3357.16,675.264,56.84,4,31,53
12897.7,111016.0,-6278.0,29,305,4428
4569.09,2332.39,-632.26,3,61,184
5959.03,7232.32,-477.36,174,93,545
14194.9,73977.0,-5182.0,36,299,3379
4996.28,1599.93,-1785.3,6,70,131
6894.81,12385.3,-794.298,7,123,726
4643.41,2343.25,-503.36,4,61,184
14449.5,74013.0,-6235.0,37,308,3128
12350.8,54597.0,-1285.6,47,220,2461
10191.8,29056.1,-1231.54,96,166,1414
3842.61,578.198,-641.1,15,43,52
7148.17,4151.96,-2405.52,70,101,249
4480.88,2766.73,-681.1,18,65,202
4105.5,2550.84,-684.41,16,63,184
4357.02,2470.06,-1372.0,19,63,184
9731.18,18757.0,-3036.0,77,157,657
5336.49,4455.68,-806.692,16,72,340
6463.15,9940.98,8982.18,32,101,584
21557.5,284368.0,-16745.0,52,513,9696
21748.8,410106.0,-8631.62,57,473,14125
6478.01,4162.98,-996.631,141,101,270
4444.01,2408.64,-419.08,35,63,184
5955.72,13106.7,-878.2,13,103,883
9034.85,28128.2,-2609.77,95,156,1521
10736.9,51211.0,-7770.0,128,249,2391
11287.7,71531.0,-5459.0,51,197,2965
8422.47,25302.3,-110.543,33,157,1519
7795.78,9226.97,-2057.13,17,138,554
4219.95,2799.14,-106.37,21,65,202
6660.31,7532.44,1089.3,34,109,432
8714.06,25341.2,-1874.52,28,157,1519
22650.6,414002.0,-15714.0,124,580,13153
5359.6,4415.19,-1710.56,22,88,292
15447.4,155976.0,1313.7,107,310,6737
11724.8,35923.0,-4267.0,74,226,1526
5550.83,1806.0,-2489.0,46,85,151
3832.11,1512.13,-787.24,6,56,114
14058.2,52659.6,-5209.39,51,288,2334
7454.61,14254.7,-952.089,85,120,809
5303.37,3345.97,-1968.2,21,70,205
7378.37,14231.8,300415.0,26,120,809
13503.3,49511.5,-3731.25,130,215,2188
9009.22,35605.0,-3924.0,18,166,1575
22308.6,433155.0,-19270.0,114,577,13655
4661.29,2230.95,-1442.3,13,71,188
6646.52,10322.2,-1970.16,21,109,689
11747.8,47734.0,59705.4,132,215,2188
9042.57,11827.7,-200.416,7,117,519
3789.95,524.216,-707.84,4,43,52
9625.52,25719.4,-2640.87,234,154,1252
12084.0,57667.0,-5223.0,39,218,2675
11146.6,48617.6,34636.2,92,190,2118
6325.85,4788.18,-1793.0,15,107,319
7342.72,7311.09,-786.802,66,109,486
11308.3,39851.4,-981.355,105,207,1995
5952.83,13292.8,-1202.5,14,103,883
4513.37,2507.26,-1110.1,14,65,202
4852.24,2815.57,-1429.8,18,77,244
9145.92,27822.6,-2601.11,133,156,1521
9136.11,13362.5,1093.98,64,132,806
7733.84,16384.0,-3084.13,150,139,848
8716.44,16485.8,-1115.3,68,160,976
7489.6,12231.0,-2556.0,18,126,689
9955.62,30178.1,-3001.39,242,171,1747
8129.93,32981.8,-531.364,22,148,1919
4489.4,2611.29,-1064.9,19,65,202
4132.54,2269.66,-714.24,4,63,184
14788.1,102056.0,-3843.51,47,283,3965
3989.03,2196.91,-1443.2,9,63,184
6021.48,6959.33,1138.6,45,93,545
6473.56,22790.9,-2195.8,89,128,1255
3412.75,1301.03,-363.526,7,40,100
10019.3,34845.2,-3719.38,90,176,1922
7336.7,7955.4,-2061.42,58,109,486
4203.03,2416.45,-831.87,30,63,184
4098.17,705.06,-744.67,17,58,43
8751.25,15066.6,314028.0,22,140,845
17528.0,157261.0,-10142.0,38,407,6409
3194.87,664.857,57.655,6,31,53
3691.2,568.638,-268.86,15,43,52
7197.35,8066.41,-2956.9,13,117,427
4335.49,716.452,-577.81,24,58,43
11944.1,82419.0,-6162.0,41,298,3716
9337.36,29178.7,-3338.85,129,179,1626
8496.36,16083.3,-1067.88,50,160,976
3736.53,425.476,-728.22,3,36,35
13568.1,85155.8,-6621.79,106,301,3369
4552.69,2810.11,-1108.9,29,65,202
5640.97,4287.75,-1445.08,13,88,292
4664.85,557.634,1105.1,26,65,35
3621.97,550.816,-580.18,14,43,52
14514.9,77777.0,2289.77,77,336,3302
7550.08,10015.6,2586.57,203,118,621
4884.25,530.179,-68.089,22,65,35
5095.51,3200.21,332910.0,157,71,249
14440.1,209136.0,6546.85,272,336,8195
4235.3,1706.16,-591.22,7,61,134
3410.23,704.281,-48.282,2,31,53
11776.8,28540.5,752.49,48,178,1410
16372.6,169373.0,-10092.0,79,407,6634
6320.43,11363.8,-738.699,24,102,764
14948.1,90908.1,58004.5,295,254,3973
6771.09,8981.52,-1069.18,130,95,543
3820.67,655.179,-693.88,28,50,42
10911.3,31797.8,-1481.47,97,166,1414
6054.63,10689.4,1291280.0,231,102,764
5961.41,7492.67,5301.79,65,90,405
12015.9,81386.0,-4906.0,47,235,3794
4175.03,2603.82,-599.66,14,65,202
20309.9,291719.0,-11688.0,242,487,10978
7195.76,6616.0,-1917.0,28,106,344
3233.62,669.848,277.34,5,31,53
6458.46,5699.43,-690.65,19,99,372
5662.92,7585.97,-1627.77,103,104,457
13023.9,95238.0,-6347.0,88,275,4429
19999.5,298364.0,-13328.0,346,526,10686
7129.54,7732.83,251059.0,59,109,486
12807.5,31462.0,-5742.0,40,236,1264
14933.2,90146.8,863.893,202,254,3973
15535.3,80357.0,-1046.63,256,336,3302
8942.14,25042.9,-703.596,35,157,1519
10352.6,37828.0,-2472.61,33,196,1997
13769.8,98597.5,-5283.88,234,281,4061
9399.11,36062.8,8447.71,32,196,1997
10791.6,27700.5,-643.458,22,174,1415
14907.6,89522.2,-786.842,104,301,3369
7208.7,10347.5,55163.4,211,101,584
10240.9,23211.0,-3569.0,23,171,1062
7378.11,8545.15,-1965.31,198,107,517
12955.0,62415.5,5432.3,50,279,2979
10482.4,56658.0,-6180.0,55,187,2596
3966.13,5918.93,-734.41,22,68,481
5688.23,1773.48,-869.264,178,76,147
3973.4,426.917,1615.3,15,54,28
7205.61,11338.8,28263.8,90,114,689
5684.05,7489.4,-960.624,10,104,457
9888.35,12278.4,1225.9,29,152,693
11765.6,36719.0,855441.0,14,225,1755
8092.19,12422.0,-3513.0,24,145,733
11892.2,39483.3,-1178.91,33,205,1751
6421.67,5389.54,-953.457,9,99,321
11630.4,52652.9,-2017.81,139,218,2391
22392.5,313332.0,-8892.0,97,462,10529
6381.51,8081.12,-3501.1,5,106,549
31080.7,888006.0,-20637.0,103,700,26711
5129.36,3198.03,-1967.2,16,70,205
7688.92,9312.0,-1966.0,21,106,485
7700.4,18030.0,-1884.0,51,138,1024
4677.26,2285.53,-1217.0,11,71,188
13034.4,61087.0,-6752.0,113,290,2980
11777.0,39217.0,-2064.11,157,205,1751
4571.93,830.0,-865.0,9,55,54
3858.85,466.029,-615.46,3,36,35
5445.46,2533.59,1023.6,2,81,169
6381.75,3521.4,216.51,15,101,206
10739.7,52746.0,-4828.0,188,244,2677
3577.61,345.525,1190.3,11,54,28
5158.48,4365.68,-1330.39,91,72,340
15498.1,156042.0,2968.1,99,310,6737
6942.14,9145.91,43.8519,22,138,554
11087.8,45026.9,-816.573,31,197,2257
5448.51,3693.57,-1004.98,64,85,269
21298.0,174771.0,3082590.0,309,449,5537
6144.1,8000.0,-2769.4,4,106,549
21353.2,346225.0,11678.3,269,440,10967
9934.85,14838.2,167.157,92,143,771
14723.3,250643.0,-3207.15,102,346,7851
8395.76,9479.0,-2327.0,26,141,553
16749.1,144739.0,-2543.11,199,362,5847
10831.3,27178.0,266960.0,36,214,1469
4149.79,1637.18,-426.46,8,61,134
16948.0,72085.6,-5262.38,49,273,2464
4009.57,563.92,-439.12,12,43,52
12510.7,54230.4,-3771.3,43,220,2461
3426.99,537.494,-851.5,13,43,52
8204.68,17699.0,-3108.0,31,159,938
9857.07,40141.2,-3937.84,64,196,1885
8438.53,9506.18,-2358.94,17,135,587
10837.6,26015.2,6747250.0,100,172,1412
8498.28,11120.6,-1839.55,35,156,654
7688.68,33435.9,117688.0,74,148,1919
15154.0,95591.9,-1962.43,240,254,3885
5074.07,3220.97,-933.357,14,71,249
9328.02,28716.8,-1398.56,134,179,1626
14886.6,91087.4,-4495.57,213,254,3973
13085.0,61252.1,-4700.7,32,247,2754
12113.0,65296.0,-6327.0,89,257,3207
5735.51,3990.67,-1128.01,118,85,269
6079.03,5313.21,-974.6,13,105,371
10517.7,28538.2,774.912,49,194,1521
7089.67,11446.2,-1134.67,150,111,651
4515.21,2282.0,-1382.8,3,61,184
7074.11,3092.34,-1502.83,110,85,204
10179.4,26707.9,2690.55,27,174,1415
3293.36,673.964,302.97,6,31,53
4196.61,602.932,-669.12,17,58,43
11731.4,37903.8,-1596.18,36,219,1875
12351.2,61371.8,-5547.55,38,246,2754
9155.26,38995.5,-767.009,68,196,1885
21190.5,409934.0,479.025,90,471,14125
16963.4,162710.0,-5835.0,106,368,6632
9416.25,12198.7,3368.13,117,136,619
4857.62,3793.96,-1647.02,24,79,317
11975.2,49405.5,-3366.38,223,262,2394
18389.5,125450.0,-7255.0,75,363,4437
23900.7,471266.0,-12026.0,124,641,14152
8601.89,9618.43,-993.804,16,138,554
16624.0,214124.0,6766390.0,66,336,8195
6832.46,7850.29,-2909.9,11,117,427
4980.96,6129.0,-1645.0,4,81,454
6880.94,7795.29,-2764.3,10,117,427
7072.64,5328.79,-1380.22,42,79,292
6690.3,2641.59,35511000.0,10,99,167
7499.88,20869.0,-2949.0,8,144,1158
14189.4,135012.0,-2748.43,51,279,5626
4426.88,2377.51,-683.74,20,63,184
9296.75,38657.5,-3754.41,68,196,1885
9849.05,17161.6,26095.6,97,183,931
14399.7,178939.0,-5346.0,211,372,6983
14510.6,145694.0,-9219.0,48,325,6063
6972.92,19967.0,-2203.0,26,115,1107
17765.0,76543.0,-8164.0,435,267,2130
15728.2,88617.7,546.122,106,301,3369
4593.77,2227.39,398.83,34,75,165
25379.7,541796.0,-13545.0,120,558,15867
8306.63,12230.5,198591.0,67,128,693
4299.04,1716.24,-870.94,6,61,134
5033.87,1683.06,-1436.49,177,76,147
10640.9,33803.0,-3810.0,34,207,1699
15155.6,78520.8,1023370.0,262,336,3302
6695.32,4858.41,-1881.96,79,93,248
14099.4,95005.3,1907.86,248,294,4249
11100.9,27263.1,8684.91,113,214,1469
11484.0,51534.1,-3205.25,130,209,2534
9198.08,37549.1,-263.729,39,180,2054
4602.2,2691.01,-351.6,22,65,202
4997.78,2182.45,635.62,21,75,165
9334.85,38069.1,-2096.14,37,180,2054
14905.6,122455.0,-5752.0,55,330,4534
9055.49,20303.6,-3312.69,101,163,1162
8150.71,8903.0,-2398.0,11,144,554
11809.3,60703.9,98.1969,196,214,2600
6629.8,8690.0,-2010.0,14,122,519
7125.87,12630.0,-922.372,18,123,726
20292.9,429516.0,-10257.0,296,479,11578
24943.1,317341.0,-13404.0,132,493,9974
11413.4,67756.9,-2676.44,197,247,3373
4602.55,1059.07,-1099.4,25,66,101
6046.74,4104.16,507.16,41,100,294
12346.6,37110.8,-2852.38,14,225,1755
3252.22,642.194,265.87,4,31,53
10904.6,26967.2,77187.9,147,172,1412
8114.45,25353.9,-2950.05,30,156,1364
7696.55,8906.53,45.129,14,130,515
3565.04,586.81,-96.956,15,43,52
6898.82,8003.2,-2696.9,11,117,427
3434.72,693.809,167.78,8,31,53
23806.1,298153.0,3295.72,282,537,8350
12214.7,49204.2,-4427.54,107,262,2394
12033.0,34003.2,2627.1,53,210,1213
5458.08,2883.1,-391.71,5,65,202
12740.0,62790.3,-4603.0,44,245,2754
13214.5,78461.0,-7165.0,41,283,3462
5757.99,4584.53,-1450.2,15,98,294
13176.5,68745.5,3837.93,169,325,3143
15230.1,94747.0,-6792.0,80,322,3889
21466.7,361472.0,-10697.0,49,425,9547
6973.58,13775.1,-1429.19,13,96,804
12548.2,71677.8,-1543.89,182,262,3211
4422.26,6324.37,-591.5,20,67,481
10394.3,44251.1,7000.8,146,197,2257
14051.0,240480.0,-3984.0,55,308,10216
5088.15,3118.68,-1667.0,16,70,205
6090.08,5295.34,-1228.5,8,105,371
9432.26,25734.0,-4786.0,24,165,1411
16989.9,158236.0,1630.95,193,359,6068
8136.69,17344.0,-2977.0,54,125,849
4215.37,1453.43,-791.485,162,52,133
8065.92,12935.5,11944.7,19,132,806
6842.02,24034.1,-3033.15,28,154,1407
5099.68,3139.66,-2462.2,4,65,202
8736.53,31754.0,-3047.0,104,160,1691
7897.77,4695.0,33451.6,103,131,271
3870.99,556.549,-273.75,15,43,52
11022.8,41824.5,19890.4,160,227,2059
3578.39,1989.41,-449.477,8,43,161
8545.74,15570.0,-3387.0,29,152,930
9025.97,19909.4,19723.3,202,151,1023
3590.03,495.349,-927.49,2,36,35
6760.0,5629.73,-963.584,16,99,321
6007.64,4077.73,801.38,16,100,294
9257.04,36892.8,-4042.1,42,196,1997
4196.0,714.425,-822.91,4,58,43
14014.2,141347.0,-540.672,265,308,6057
8214.93,14346.5,-1478.69,116,140,845
4888.14,2195.36,55.264,10,75,165
5182.04,3692.19,-268.23,19,82,289
15048.7,92541.9,-4817.91,293,254,3973
4290.56,494.527,339.47,21,65,35
6675.67,9544.47,-2419.25,28,118,621
11057.4,41431.0,-2154.93,151,227,2059
9442.41,11107.0,2010470000.0,36,156,654
4623.28,2324.98,-412.04,8,61,184
6294.74,4119.98,-1252.06,83,88,318
15260.0,166084.0,1255.4,40,320,6391
6988.29,7795.85,-2827.3,12,117,427
4431.61,1975.6,875.12,21,75,165
7997.83,9398.52,-1895.2,16,135,587
3899.45,2086.28,-1975.1,3,63,184
4953.83,2826.94,-1072.84,19,77,244
4811.09,4721.0,-1441.0,9,75,339
4559.11,2204.84,-1514.2,13,71,188
9711.63,30625.6,-1409.37,227,171,1747
9644.4,38082.4,-671.498,38,180,2054
6299.34,10423.8,-1520.79,137,98,651
19440.9,238010.0,-12172.0,126,509,8482
12391.7,50492.0,-6285.0,36,243,2395
4808.28,6920.0,-1776.0,6,83,484
10129.0,14688.6,1433350.0,53,143,771
7379.69,12629.0,6004.8,143,123,726
13432.7,63286.0,-6229.0,10,211,1691
8040.81,38924.0,-2926.0,12,157,2309
7269.36,14086.2,-1290.17,94,120,809
9555.33,24135.0,-1477.98,90,154,1252
23513.1,688644.0,-7686.0,66,456,13149
8861.06,27344.7,-2496.49,32,156,1364
19176.5,299930.0,-10794.0,87,407,10820
16648.2,149348.0,-8617.0,49,302,5522
11916.1,48451.7,-4378.22,138,215,2188
7044.8,10584.5,1556.11,230,101,584
10276.3,29870.4,-806.851,32,156,1364
6045.26,8033.05,-3065.8,10,106,549
12278.3,60078.0,956.691,142,233,2897
8909.82,8575.89,-2324.34,99,145,520
13412.5,46970.3,548.199,188,273,2061
4600.68,1030.37,-1184.3,21,66,101
7035.37,12443.0,-2279.0,17,120,768
15427.2,101873.0,7473.38,39,283,3965
7996.53,9065.35,1086.7,27,130,515
4573.3,2021.7,12886500.0,114,66,166
4121.64,5699.76,-494.58,20,68,481
4269.33,5981.31,115.42,27,68,481
10444.9,58205.2,2082.8,299,217,2904
4569.31,498.514,59.385,23,65,35
13631.6,57465.0,-1720.93,118,224,2192
3506.51,313.826,1637.7,11,54,28
10350.5,32061.0,-5004.0,77,171,1466
9439.78,12319.5,444.65,23,152,693
4320.15,1982.51,179.06,16,75,165
6925.52,13347.0,-3578.0,67,140,807
4146.82,1421.85,7917060.0,118,52,133
12095.6,36685.0,51560.2,18,225,1755
3603.19,372.399,151.64,7,54,28
9414.01,12100.9,132.63,26,152,693
7222.89,5456.48,581101.0,64,86,367
4186.24,2423.72,-1135.8,19,63,184
12183.3,47983.7,-4303.72,125,215,2188
3711.54,437.282,1406.0,11,54,28
4663.85,1917.23,-465.47,15,75,165
8388.94,27901.7,-1357.05,128,156,1521
9930.45,30163.9,4126.89,234,171,1747
11626.1,54237.0,-2280.0,97,193,2257
3344.81,662.874,143.21,4,31,53
22660.8,350844.0,-501.185,254,440,10967
11960.6,60238.0,-8040.0,41,280,2899
5421.08,1259.62,-601.623,19,64,90
6373.84,12986.9,-1691.86,175,96,804
3618.47,597.404,-71.339,15,43,52
5185.82,2586.86,-1215.1,14,65,202
10508.5,35637.0,-3479.0,28,205,1692
4933.46,1054.56,-417.83,11,62,100
8719.84,10860.4,-1015.93,39,156,654
7480.95,11013.2,-2219.2,25,121,622
15745.3,188669.0,-10522.0,39,400,7584
4168.32,2001.59,29803.1,197,63,166
3838.08,1400.73,-762.169,163,52,133
39428.4,1220430.0,-21623.0,246,815,18867
13195.0,56114.7,-99.4943,130,224,2192
8179.43,20553.4,-306.23,36,143,1203
4402.26,1031.52,-694.04,28,62,102
4795.97,3014.7,-380.0,36,65,202
19041.9,226347.0,-9737.0,79,397,8735
17116.1,309463.0,-9899.0,67,427,11120
11015.1,27117.0,-4772.0,40,210,1364
12721.3,62338.4,-5459.76,35,246,2754
12758.3,77882.0,-6310.0,164,279,3543
6313.53,5366.66,-1314.63,8,99,321
4561.81,2259.35,-1139.4,12,71,188
9027.88,12381.7,-645.76,89,117,519
10488.0,17784.0,-3384.0,29,181,658
12499.8,138985.0,-5436.04,170,279,5626
9315.41,10953.5,-1138.99,144,139,587
3437.46,677.033,-179.24,5,31,53
5933.32,7576.47,-753.67,18,99,583
11753.2,37578.4,297372.0,167,235,1818
5271.37,4282.38,-955.161,18,79,317
15163.6,60845.5,-2748.42,73,305,2610
6715.9,6713.55,20522.6,106,95,427
6136.47,5244.85,-1367.5,7,105,371
11229.4,39569.7,64.1882,171,193,2118
8165.5,16990.1,-848.012,99,134,970
7484.27,13942.2,-537.45,20,127,802
7765.17,6523.11,-1238.13,94,113,399
10533.8,43593.2,-934.561,127,197,2257
15326.2,84615.2,-5763.43,45,272,3539
7607.03,13845.3,-333.22,17,127,802
18599.1,178407.0,-7651.0,73,438,7216
9357.87,11330.4,107889.0,130,156,654
8108.12,16838.0,-3341.0,36,159,974
12389.4,82759.0,-6260.0,98,253,3976
4921.97,2000.67,-736.38,10,75,165
7012.53,7825.28,-2382.1,11,117,427
4044.52,663.84,-143.76,17,58,43
6266.23,4112.73,-187.75,12,100,294
6441.79,5068.08,-992.341,113,96,347
8037.16,13988.3,41.969,21,127,802
19512.2,158770.0,-5467.17,329,449,5537
15461.3,156198.0,1952.9,114,310,6737
15804.5,156044.0,3217.2,101,310,6737
16200.9,139317.0,-10029.0,161,362,5742
11487.4,36070.9,-1166.17,187,208,1691
5708.63,2506.5,399.27,1,81,169
4711.65,1587.87,-1564.8,5,70,131
11567.0,65527.0,-5329.0,136,225,2900
20796.8,346759.0,-3086.59,295,440,10967
13034.6,93334.2,-1916.39,197,273,4429
7669.19,15376.0,-3014.0,14,134,933
13128.5,62900.1,4471.3,61,279,2979
4145.69,379.461,1635.0,11,54,28
6840.55,5239.04,-2379.81,204,107,346
22454.4,228036.0,-13850.0,103,499,7348
4485.54,2698.95,-949.45,29,65,202
4360.32,1023.77,-1010.9,28,62,102
10783.2,68790.2,-4810.77,193,247,3373
3456.7,2185.74,-571.504,11,43,161
11544.1,39560.7,241.747,145,193,2118
8771.13,16134.0,-1621.23,113,160,976
22810.5,411253.0,1104030.0,67,473,14125
7305.8,7603.48,-2714.66,97,133,489
5888.63,5216.35,-1330.7,8,105,371
8594.68,5504.7,-1925.49,93,107,276
3760.2,469.435,-870.88,1,36,35
3657.36,556.535,-484.56,5,43,52
11542.8,17747.0,-4193.0,44,204,776
8610.27,8962.31,1482.6,32,144,553
4755.78,1891.82,-562.79,11,75,165
3609.52,578.362,-354.7,14,43,52
15592.2,88623.4,724.928,104,301,3369
5694.99,7578.44,-651.83,11,99,583
9790.44,14205.4,-1086.68,22,148,729
5849.32,4670.0,-2029.0,46,95,344
6762.03,3744.1,1140.5,21,101,206
4135.33,6283.78,-448.1,28,68,481
5590.56,3200.62,-1902.08,47,86,205
13761.0,42464.2,-893.939,59,278,1938
4429.05,2552.18,-799.14,22,63,184
12735.3,83277.0,-3551.0,35,224,3532
6931.23,12602.7,-2126.58,150,123,726
8929.99,10919.6,-650.761,119,156,654
4204.82,510.275,77.175,26,65,35
4862.83,2908.8,-244.18,38,65,202
11705.1,28710.4,-393.57,40,178,1410
11998.2,32940.9,3182.8,49,210,1213
5613.57,2548.71,440.95,15,81,169
3997.0,768.735,-1932.9,13,54,64
11838.5,56651.9,-1906.32,132,209,2967
8355.23,14524.0,1398.7,41,127,802
4246.94,478.125,-0.88595,26,65,35
5316.48,4568.42,-1535.2,16,85,343
7503.83,14034.3,-1530.37,99,120,809
4531.04,3116.0,-687.0,18,70,247
9285.3,26638.3,-2063.99,185,158,1403
8185.54,33447.5,-2961.24,20,148,1919
13541.0,79623.4,55480.1,57,272,3539
3677.89,433.143,-845.67,1,36,35
4304.14,2670.4,-471.64,23,65,202
9759.86,39853.1,55810.8,104,207,1995
19892.5,407788.0,-1857.7,89,459,14125
8515.84,20911.0,-4048.0,50,159,1206
16391.9,128161.0,-7331.0,46,324,4626
5481.83,2673.58,688.49,12,81,169
7057.47,17477.5,-1180.7,10,128,1065
7752.61,8907.54,341.12,19,130,515
6214.93,5091.24,-1720.52,106,96,347
14995.6,252655.0,-7040.81,119,346,7851
8987.66,10604.8,-1549.73,214,130,490
6994.37,4161.58,18070.7,13,101,249
4358.75,1009.6,-1236.7,22,66,101
7341.2,13947.7,-1535.2,26,120,809
12651.9,118196.0,-8045.0,25,313,5428
13957.4,78795.3,1546.8,63,320,3466
9195.17,20594.1,-1783.88,107,163,1162
24082.5,250216.0,4736.59,273,537,8350
9582.97,25600.8,-818.822,22,174,1415
21039.9,480715.0,-12220.0,182,459,14984
7690.8,13574.7,-1013.4,117,170,771
8366.43,4793.26,1393.21,27,131,271
8454.71,14456.0,171164.0,24,140,845
5303.36,3693.12,-1045.7,9,89,249
11964.3,54731.0,-7620.0,50,278,2607
16582.5,161885.0,-9175.0,74,384,6403
4691.36,2511.71,-1026.7,4,61,184
8983.41,21147.6,3585.9,37,143,1203
13887.7,136328.0,-609.698,211,279,5626
4750.46,6334.33,334.35,18,67,481
7843.9,25202.2,-3865.17,125,172,1412
9033.8,28573.6,35.1878,44,179,1626
9076.02,12512.4,8993.27,123,136,619
5033.03,4282.99,-1617.75,18,88,292
9934.25,12406.4,-2425.9,32,136,619
12507.6,54348.7,-1359.6,43,220,2461
3312.92,678.408,172.31,7,31,53
8891.53,14539.3,-3013.47,96,143,771
23274.1,284324.0,2555.28,68,468,9276
9531.29,39866.8,-3622.11,74,196,1885
11967.4,76136.0,-5349.0,22,200,3448
7969.59,9476.65,-2539.67,199,130,490
31846.8,663727.0,-17891.0,149,788,18861
12563.7,85092.1,-4090.09,53,291,3799
13406.0,82382.6,-4915.45,154,252,3882
7217.41,11557.5,-1334.67,155,111,651
10114.0,33666.0,-4477.0,35,210,1698
6240.8,8101.15,-3627.3,11,106,549
4991.61,2820.46,-900.23,13,72,205
6004.11,5104.18,-1436.16,45,79,292
13169.7,107906.0,-11311.0,180,312,4717
4654.01,1215.01,-1528.11,36,71,103
4446.96,1776.77,-657.78,8,66,164
10112.0,49389.0,-5687.0,25,183,2389
21552.7,350587.0,55963.5,92,440,10967
5162.82,2653.11,-549.28,9,72,205
14670.1,250521.0,-7607.37,103,346,7851
3827.16,2147.56,-375.682,13,43,161
7113.52,9784.43,-2285.8,104,123,621
6514.7,1664.6,-985.849,38,71,103
3288.7,691.978,290.87,7,31,53
3859.04,6196.06,-132.22,17,68,481
6779.48,9117.09,81676.2,131,95,543
3466.85,530.019,-680.48,4,43,52
10121.6,16627.0,-4990.0,196,137,889
4191.75,5965.7,22.836,21,68,481
3867.99,497.226,429.63,18,65,35
5105.45,3130.64,-2435.6,4,65,202
4063.07,2157.76,-1475.2,24,63,184
6537.18,7943.0,-2738.0,13,101,516
3648.98,491.646,-657.68,3,36,35
15417.6,191230.0,111417000.0,81,286,7322
6054.95,12984.9,-964.41,12,103,883
4092.78,1212.41,-656.96,1,59,101
5639.58,7567.99,-1088.59,101,104,457
23541.7,280589.0,40134000.0,87,468,9276
10811.2,46750.7,-2395.96,28,197,2257
5633.71,8152.31,-365.21,30,99,583
7748.45,12609.0,-2209.68,22,130,694
14111.4,135001.0,-3256.49,211,279,5626
18116.6,143758.0,83181900.0,320,449,5537
4348.59,2117.59,-1454.1,13,71,188
7872.88,9620.32,-2607.22,202,130,490
3940.22,1197.85,-746.63,10,55,88
3542.37,466.252,-806.45,3,36,35
4672.58,1788.54,-519.99,10,61,116
6860.63,17637.2,-2172.6,15,128,1065
4401.78,1983.38,-801.173,111,66,166
3998.33,770.556,-2217.0,12,54,64
5019.77,4383.61,-1001.36,87,72,340
21875.5,406247.0,1956.18,59,473,14125
6971.36,8079.2,-3606.3,13,117,427
4629.82,1692.11,-673.858,28,52,133
9956.9,29408.0,-3095.0,72,150,1311
12754.2,93322.0,-876.139,189,273,4429
15738.1,89527.5,4712.0,78,289,3710
18002.2,222483.0,-8470.0,48,433,8338
3982.01,377.803,1202.4,15,54,28
4032.16,2174.35,-1467.4,4,63,184
4347.15,810.124,-1495.2,13,54,64
12124.6,53932.6,-1668.1,50,220,2461
4290.83,469.127,696.06,18,65,35
8819.39,18598.4,-4834.0,15,146,891
11664.2,53523.4,180.129,268,215,2394
16759.7,59814.7,12301000.0,147,305,2610
8707.77,31938.0,-5842.0,35,159,1691
3958.5,1953.77,-498.583,3,43,161
7155.43,6948.18,-2358.73,71,118,426
7058.07,13983.2,22163.0,104,120,809
4919.68,4412.5,-980.21,87,72,340
14154.6,50705.5,8879840.0,56,262,2394
4630.41,398.561,622.02,11,54,28
12329.5,56190.1,-979.4,44,220,2461
17470.7,168513.0,2719520000.0,58,352,6744
8097.09,11971.6,-205.903,98,128,693
3395.39,650.543,-235.08,3,31,53
6823.43,11999.0,-1374.0,43,106,688
3983.72,6158.73,-155.65,36,68,481
8347.99,8840.02,1091.6,36,144,553
5720.23,16122.0,-2347.0,14,123,932
9410.85,37816.4,7564.42,49,180,2054
18602.5,161133.0,453535000.0,206,352,6744
7326.25,6728.0,-3337.0,12,114,428
7868.5,7877.05,786828.0,48,107,431
14396.4,58874.6,-3922.47,144,224,2192
9900.63,24878.6,9077450.0,132,172,1412
7066.65,14293.5,-787.631,100,120,809
9222.33,9766.2,585.969,31,154,557
8908.57,11256.4,155693.0,227,139,587
3746.81,2116.86,142108.0,171,54,165
7247.74,12680.3,-936.132,9,123,726
17952.0,186946.0,-8692.0,248,354,7097
12015.6,36666.0,-1700.87,151,216,1932
4798.72,2945.19,-1446.57,138,79,184
16688.1,167683.0,-4386.72,55,320,6391
6310.7,7822.57,509.515,105,104,457
21234.0,318054.0,-11829.0,107,535,10831
8761.67,20103.2,1596.07,145,163,1162
3984.77,2373.43,-1172.9,16,63,184
13988.3,83500.0,-7650.0,59,295,3218
18598.2,219143.0,-11177.0,66,452,8092
5384.26,4475.05,349820.0,9,79,342
7789.58,13726.0,-2818.84,116,170,771
5579.71,5153.97,-1605.18,10,99,321
13356.6,143955.0,-7836.0,255,314,6057
9610.83,22964.3,-2793.44,36,176,1313
12019.5,56430.7,-2287.0,29,209,2967
3747.29,481.089,-728.19,2,36,35
8867.23,11990.0,1538.2,29,152,693
15310.2,162594.0,-10039.0,73,411,6075
3663.68,584.613,97.881,13,43,52
19628.5,151385.0,-7118.38,334,449,5537
8087.76,4674.0,305193.0,114,131,271
19822.6,274850.0,2417.89,313,420,9137
9331.67,26922.0,-6214.0,84,179,1468
17655.8,190578.0,-6091.0,63,317,7454
9803.48,24615.3,-938.467,37,177,1313
5629.13,1740.87,-683.092,184,76,147
11396.7,33213.1,2063.5,66,210,1213
7709.97,15371.3,-636.64,26,127,802
3996.9,1191.88,86.121,2,59,101
6837.65,7812.33,-3120.1,11,117,427
18252.2,174643.0,-6918.0,152,364,6072
6438.45,1881.28,-1075.78,14,84,136
6158.89,8052.07,-3161.5,10,106,549
3558.03,707.767,-156.11,5,31,53
4876.45,6383.92,515.92,14,67,481
14199.5,92142.0,-8044.0,46,295,3974
8640.43,9219.56,218.53,32,130,515
9453.3,27990.0,-4427.0,32,200,1582
4002.66,1470.1,1343.19,159,52,133
8636.65,20925.0,-2647.0,44,152,1161
7866.24,9529.72,-2447.34,203,130,490
5522.8,2659.98,-484.074,130,53,133
6068.47,5701.17,-1335.4,18,85,343
8004.06,11003.0,-2763.0,34,119,588
16800.3,175534.0,-8594.31,233,403,6746
22311.3,411276.0,30081.1,68,473,14125
10844.1,38368.0,-6204.0,129,211,1809
13527.4,122181.0,-6998.0,319,343,5220
7948.28,9379.07,-1940.2,183,135,587
6149.15,6350.0,-2145.0,15,91,426
13598.6,60157.6,-1525.07,169,223,2822
4322.37,1668.27,-376.87,12,61,134
4912.84,1937.07,173283.0,73,63,166
13312.7,56629.0,-7808.0,127,292,2612
4356.68,2614.81,-1088.0,25,63,184
4568.66,1103.68,-572.48,28,62,102
16243.4,121704.0,-4862.0,19,283,2543
11094.6,31372.0,-3698.0,28,207,1026
7404.94,6400.84,-1451.29,94,113,399
7514.8,9282.9,-1521.21,18,138,554
6168.31,15118.5,-1895.5,14,125,1014
4280.29,686.45,-278.28,16,58,43
4800.68,1575.71,-1660.6,5,70,131
9478.44,11350.5,-1255.2,130,156,654
8779.69,8844.13,2529.3,37,144,553
9277.61,39095.3,-1213.43,73,196,1885
5620.55,3112.37,-1185.8,10,94,224
6019.84,4356.55,-1642.67,23,88,270
6199.84,7523.34,-1714.14,80,93,545
10875.2,44735.0,-4333.0,86,192,2189
11820.9,56738.1,-1108.54,178,209,2967
7064.17,7701.56,815.02,35,109,432
5452.3,2626.63,204.61,2,81,169
4920.24,3404.89,-1280.97,141,71,249
12636.4,55614.8,-4106.9,66,220,2461
16097.4,164289.0,-7518.99,257,352,6744
6109.18,1927.88,-137.11,12,84,136
4532.4,520.073,186.78,22,65,35
5718.86,1707.91,-1155.25,48,76,147
11010.2,30151.0,-3268.0,33,208,1362
13016.9,60868.2,-4500.56,165,223,2822
4006.09,2069.92,1682510.0,24,43,161
10792.8,38592.1,1432780.0,39,193,2118
11899.1,59288.0,-6406.0,22,194,1874
12916.6,63122.1,6695.6,45,279,2979
4218.88,2634.0,-1846.0,15,62,202
5501.88,4296.31,-1081.77,21,88,292
4125.58,5862.23,-189.17,7,68,481
4618.49,2857.76,-1321.0,25,65,202
8374.78,8344.0,-3229.0,33,153,491
24750.6,840317.0,-16753.0,99,646,26239
12881.8,65222.0,-5748.0,23,237,2605
19690.6,206794.0,-11565.0,55,352,6063
3863.27,1215.18,-830.57,9,55,88
10068.8,34473.9,-1599.06,22,208,1691
11503.3,52809.0,-168.445,132,209,2534
8959.47,18891.6,-4805.1,9,146,891
9446.66,25609.0,-2785.0,16,151,977
5873.36,7080.71,-1162.4,76,93,545
6848.46,7754.5,-3332.1,11,117,427
10286.7,65727.0,-5087.0,26,218,3127
8555.58,9445.88,53005300.0,37,138,554
5119.04,2768.6,-994.856,22,77,244
5215.56,3331.09,-285.921,15,77,244
4717.65,2744.21,-810.24,20,65,202
12050.1,61203.4,-5279.69,29,247,2754
10961.8,39866.0,-1299.46,104,193,2118
8052.38,9881.98,-1871.85,25,123,621
4928.43,6540.27,613.9,9,67,481
11666.7,47445.4,-2694.77,127,215,2188
11665.1,49324.9,-4668.91,224,262,2394
14951.1,103447.0,-10049.0,37,315,3975
18037.2,197109.0,-7971.46,166,390,7459
7114.82,5054.06,-2082.38,182,107,346
6370.86,5447.91,-770.29,27,99,372
5630.69,10965.8,546.191,22,102,764
7063.16,7042.41,-651.166,20,118,426
5773.05,7186.74,12439.1,72,93,545
14559.1,142126.0,-4615.03,320,308,6057
4449.13,985.886,-1509.5,14,66,101
8157.67,9523.39,-2824.52,198,130,490
7371.96,12984.5,-1566.8,14,105,765
10523.7,22625.8,-983.474,27,157,1113
6059.57,12923.3,-1690.8,11,103,883
6192.54,5008.68,161434.0,85,96,347
7964.41,26449.8,-910.424,134,156,1521
13483.5,55617.3,3873840.0,109,224,2192
18193.8,285486.0,-12022.0,123,446,10395
11020.6,35953.0,-4783.0,82,194,1582
13057.7,78783.7,-4294.95,273,320,3466
9010.54,27440.2,-1410.43,164,158,1403
3451.27,666.725,84.603,2,31,53
15164.4,63345.0,-1479.47,133,215,2188
3990.0,763.503,-1777.1,13,54,64
4627.85,2655.27,-571.8,20,65,202
12729.1,78699.7,-392.425,42,252,3882
4401.86,1217.04,-393.06,10,55,88
4149.27,660.425,-903.13,24,58,43
6320.7,8338.67,-1553.9,11,100,551
3816.87,395.188,1203.0,5,54,28
15544.5,85537.2,3179.4,85,289,3710
3590.12,479.982,-771.82,3,36,35
9161.81,17378.0,-3864.0,28,155,932
3632.09,492.888,-650.48,3,36,35
13775.1,62344.1,-5403.32,25,247,2754
19957.5,273141.0,7734.65,252,420,9137
7716.66,9347.69,-245.662,197,138,554
7713.85,13308.8,-2937.8,2,125,694
20419.4,233797.0,-10732.0,50,456,7708
15386.8,95685.2,-1428.86,240,294,4249
5174.97,2154.36,-446.14,7,75,165
5235.05,2393.75,-1193.1,16,65,202
7568.27,9280.98,-1277.73,96,138,554
21553.3,291807.0,-2034.2,281,468,9276
4529.36,2458.2,-860.62,27,63,184
4736.36,1630.63,-1043.4,5,70,131
8967.3,16887.3,-2852.6,35,183,931
17750.4,113290.0,-9224.0,114,329,3978
11444.5,37857.7,43.6028,33,208,1691
10855.4,68264.8,-5200.65,199,247,3373
6422.44,4885.4,148040.0,173,107,346
22769.7,251647.0,-10564.0,93,480,8610
11020.3,46781.0,-5876.0,38,216,2060
4433.28,536.693,413.18,23,65,35
4866.13,2845.81,-885.669,104,67,224
5764.17,3828.22,37.1085,30,82,245
8389.8,20834.8,1056.1,37,143,1203
4498.14,2687.78,-894.12,28,63,184
4872.27,6693.29,-178.65,16,67,481
17383.1,85787.3,3472.3,85,340,3632
10809.2,51727.0,-6057.0,17,236,2608
13077.9,59655.6,5193.9,28,247,2754
3676.71,430.145,-655.99,2,36,35
10529.1,16657.0,-4065.0,19,174,807
22382.1,520542.0,-4289.69,363,540,18067
5530.33,4966.47,1051.61,192,86,367
12479.3,79980.8,-6168.45,35,272,3539
5975.64,10069.0,-3987.0,5,140,688
9518.19,42777.0,-4746.0,15,199,1990
4023.2,2374.09,-751.45,11,63,184
10861.9,43273.0,-8498.0,112,231,2188
6157.24,2412.16,-523.214,18,82,185
4888.88,1656.01,-248.156,175,76,147
9167.01,37850.9,-2149.65,37,180,2054
5271.02,1710.13,-1508.8,11,77,165
4344.93,1022.93,-1165.3,20,66,101
9803.83,17314.7,691383.0,95,183,931
9036.22,28819.3,-2558.22,22,179,1626
12227.0,53900.1,-2769.5,44,220,2461
24629.5,685978.0,-19624.0,82,644,21043
7159.51,24153.0,-3204.0,31,158,1361
12905.3,66038.0,-8059.0,60,286,2901
21830.4,282330.0,-12443.0,36,461,9412
8629.0,9476.3,-2714.28,86,135,587
4918.51,2867.34,-863.46,11,72,205
17197.5,135838.0,4569.91,289,449,5537
15590.2,79536.7,1429.97,128,336,3302
6899.16,7355.65,1090400.0,84,95,427
8070.75,4726.55,-1200.92,91,131,271
13915.1,142748.0,14167.4,311,308,6057
14700.0,87816.3,293.12,102,301,3369
14484.6,136793.0,-2361.9,190,279,5626
6839.39,4069.0,-1561.0,30,89,268
8747.81,22860.0,-3547.0,25,114,809
4996.71,4269.01,-1753.26,15,88,292
5336.33,4391.7,-966.607,19,88,292
4665.23,4958.0,-1804.0,9,74,369
11413.1,55972.4,468.58,178,209,2967
23053.2,198487.0,-4339.85,91,367,7087
6343.79,7816.16,-2395.8,23,102,517
8376.1,15636.5,-2958.1,31,141,932
10708.2,47673.8,-830.599,85,190,2118
11295.5,31952.8,-1584.8,161,203,1580
4533.22,2273.0,-1244.8,4,61,184
4147.57,2177.29,1444.57,183,54,165
4505.52,2506.19,-814.53,27,63,184
3707.32,466.968,-781.76,2,36,35
7746.55,10157.7,-1292.94,102,123,621
6144.94,5668.35,-1101.2,23,105,371
8491.19,19718.3,-1216.11,29,142,1025
6092.6,4137.34,-1367.53,88,88,318
9148.87,14822.7,20435.2,143,143,771
6311.19,1767.81,-63.4212,11,84,136
4195.74,6376.02,345.49,20,68,481
11343.2,56568.0,-1958.03,177,209,2967
6255.22,11141.6,-674.263,249,102,764
9063.3,23613.0,-3635.0,24,158,1258
4174.53,6249.12,-337.06,36,68,481
7087.46,4120.7,-1149.67,10,101,249
21618.1,349762.0,-1693.76,258,440,10967
6294.18,8181.21,-3767.5,10,106,549
12709.1,79167.1,-3625.0,81,272,3539
11202.2,57790.5,28214.0,165,217,2904
7307.28,5466.64,-1427.02,192,107,346
8552.57,21948.1,7738570.0,114,139,1108
10772.8,24905.9,156437.0,107,182,1212
10527.3,34852.2,-737.32,29,208,1691
3705.84,1197.28,-656.51,9,55,88
7251.47,11178.5,-643.371,81,114,689
12601.5,70843.0,-4933.0,38,248,3296
11967.3,39180.3,-2131.13,114,166,1111
9278.09,28766.7,-1163.35,137,179,1626
5815.13,12690.0,-1871.5,20,103,883
8126.36,9666.0,-3569.0,24,142,554
9203.73,28023.9,-769.213,30,156,1364
3861.48,2210.73,-495.001,5,43,161
14715.3,173010.0,-7374.0,46,313,7578
3863.64,2219.17,-474.881,3,43,161
4215.63,692.973,-555.68,12,58,43
13665.7,80738.7,82802.7,67,272,3539
16386.3,144218.0,1212130.0,70,362,5847
4541.78,1997.19,166.49,18,75,165
14250.0,135040.0,-5198.93,210,279,5626
11322.7,38121.9,-663.22,30,235,1818
4215.36,384.999,815.37,11,54,28
4605.43,2820.78,-1396.5,17,65,202
9761.3,33157.5,357.078,91,176,1922
3530.37,559.798,-556.65,10,43,52
5064.86,2292.92,-1287.8,10,71,188
3800.92,1190.79,-1145.3,9,55,88
4053.71,768.155,-2336.6,9,54,64
14069.9,135035.0,-5404.27,52,279,5626
3670.26,544.575,-675.44,5,43,52
3491.22,668.034,-384.21,6,31,53
13192.1,138812.0,-5526.01,174,279,5626
4512.42,1002.4,-1275.0,20,66,101
12472.3,54197.2,-3785.21,155,218,2391
8159.12,12864.8,137699.0,34,132,806
5969.6,5248.57,-1166.1,7,105,371
6321.91,8336.58,-1378.0,11,100,551
16516.2,122916.0,-10382.0,147,381,4924
13814.9,102502.0,2339.03,251,281,4061
4253.55,461.89,369.58,23,65,35
11218.3,41607.8,3770.01,156,227,2059
13680.0,53628.0,-4975.0,143,230,2196
11951.0,73778.1,62255400.0,28,249,3630
20729.4,277966.0,4220.79,297,420,9137
4510.94,1000.79,-808.01,18,66,101
3879.08,808.011,-1505.8,13,54,64
4337.27,6409.01,154.78,26,68,481
8058.96,14685.0,-2836.0,10,152,849
11790.5,68785.0,-2354.1,197,247,3373
4317.82,2017.0,-586.524,73,63,166
4405.73,511.642,3289.9,22,65,35
4189.63,6188.92,-621.53,28,68,481
15681.1,195825.0,-4100.54,82,286,7322
5515.73,5516.0,-1765.0,13,89,371
5431.46,7755.79,-2021.7,13,99,583
3709.29,1530.11,-967.01,6,56,114
12572.9,72018.0,-1282.41,190,262,3211
6157.8,15109.6,-2439.8,17,125,1014
3398.0,1251.23,-414.454,8,40,100
3860.29,2340.53,-565.08,34,63,184
14303.8,79463.3,826.503,87,320,3466
9495.15,29260.1,3106030.0,146,179,1626
9308.91,17019.0,-3708.12,29,172,973
10563.4,26639.2,18942.4,27,174,1415
4683.25,6147.6,-372.4,23,68,481
5470.89,5448.0,-2013.0,32,103,372
13008.3,82389.8,7444170000.0,145,252,3882
10071.0,39038.3,-2049.81,239,193,2118
5824.11,7514.77,-1253.71,78,93,545
9166.97,21664.0,-643.472,209,145,1156
8119.55,9434.07,-1114.47,16,135,587
8551.22,20262.6,-1218.86,113,163,1162
8535.84,12377.4,1229.2,40,152,693
4944.69,6321.07,-524.08,10,67,481
8590.38,18477.4,-4870.7,15,146,891
10834.0,32899.0,-3485.0,10,142,1308
4728.78,1213.19,-1546.51,34,71,103
7445.45,11353.5,-1402.49,208,114,689
4059.89,2309.76,-1516.0,12,63,184
6113.36,7765.38,-1887.5,24,102,517
11226.1,56422.4,-3718.31,169,209,2967
17623.8,204870.0,-6392.0,94,258,3209
15037.0,252471.0,-3396.46,104,346,7851
6790.65,11296.4,-656.809,144,111,651
5677.8,3371.57,3299.36,16,71,249
6968.61,11653.3,-1114.61,152,111,651
6817.5,10250.0,-1268.0,32,103,583
10300.9,39557.0,-4979.0,23,184,1261
15323.9,102702.0,-3203.62,40,283,3965
6416.91,5918.87,-1459.69,9,95,372
4885.3,5091.0,-1661.0,14,83,367
11832.4,48768.3,-4068.47,224,262,2394
12001.9,70743.7,-4436.15,182,247,3373
14283.4,204471.0,-7007.0,63,329,8077
5071.72,2813.26,-1007.14,116,77,244
4543.98,7016.32,-299.86,21,68,481
6947.71,14047.1,-1069.76,102,120,809
17532.1,136911.0,-7290.0,37,310,5121
6343.39,7276.84,946.38,29,109,432
9071.09,12272.2,1892.1,36,152,693
12071.6,71437.6,-3298.2,127,247,3373
9694.38,38918.9,-1822.96,111,193,2118
10771.8,52569.0,-6399.0,84,225,2747
8542.65,11884.4,-2116.36,8,128,693
12622.6,50195.9,-4614.65,33,262,2394
4078.69,702.535,-640.95,24,58,43
3823.17,1224.34,-1110.5,10,55,88
10021.9,30119.8,-801.791,224,171,1747
18934.5,116515.0,-8724.0,109,373,3896
4152.06,5950.16,-199.58,14,68,481
14281.0,99567.0,1206760.0,208,281,4061
9253.1,28958.4,-637.865,102,179,1626
13127.1,92755.0,-7859.0,43,303,3806
7110.92,6881.74,727.68,27,108,428
12731.0,77451.0,-7762.0,24,316,3216
10997.4,41856.0,-1794.6,62,180,2054
6082.44,9156.0,-3039.0,17,100,651
15796.0,194197.0,-8008.43,156,390,7459
8981.91,12211.2,-1453.27,12,117,519
9716.36,42871.0,-4349.0,26,196,2128
6038.98,4939.18,-1147.27,112,96,347
3655.3,391.661,983.31,7,54,28
9556.66,39280.7,320.7,69,196,1885
7750.77,9515.01,-2794.2,15,135,587
6418.46,5169.5,739.409,9,99,321
11205.9,78141.2,-6328.73,38,272,3539
14892.7,184652.0,1488.81,46,286,7322
20635.8,276004.0,34699300.0,310,420,9137
9325.7,19910.0,-4048.0,66,143,1111
4509.63,1766.5,-434.83,8,66,164
11092.9,38314.0,-6539.0,38,233,1998
12386.8,54193.3,-4094.56,144,218,2391
11173.7,53283.8,309.571,49,215,2394
7484.15,13677.0,-800.959,120,143,771
3367.33,709.599,-41.829,6,31,53
9967.05,30057.3,173.448,218,171,1747
9922.36,24337.8,-3471.79,124,166,1111
10516.3,22435.2,275212.0,116,182,1212
3628.31,490.872,-899.34,1,36,35
8473.88,14385.1,-674.177,93,140,845
10734.1,35985.1,-408.431,44,208,1691
13228.4,83975.2,859796000.0,0,252,3882
4172.12,659.021,-756.61,17,58,43
11651.5,38293.8,-1282.23,28,235,1818
3957.86,1189.61,7.4633,2,59,101
9724.54,29851.0,-4175.0,108,183,1524
3807.04,345.236,1237.9,11,54,28
3206.59,578.384,-389.04,3,51,45
19837.6,387848.0,-6805.0,51,391,10104
13178.4,96392.0,-6243.0,99,266,3891
5749.2,4082.03,-367.091,83,88,318
12096.2,70403.5,23985.0,189,262,3211
4893.91,4154.99,-445.353,26,79,317
19127.5,395122.0,-10316.0,62,483,13616
12324.2,79417.4,-1263.62,163,252,3882
9106.81,28146.0,-4178.21,55,194,1521
9531.69,24385.5,3603510.0,42,177,1313
5368.15,0.0,-720.849,135,51,132
8714.47,20058.4,-1837.71,160,163,1162
20363.8,167977.0,-8604.0,187,374,5026
4198.83,1693.49,-495.27,4,61,134
4328.73,2636.03,-1027.2,17,65,202
9607.09,17866.8,69624.9,192,133,890
14667.5,53744.3,1174.73,111,215,2188
16117.0,141951.0,-7254.0,39,331,5532
7613.18,11155.9,-2273.9,22,121,622
4110.41,5773.2,-434.87,19,68,481
8999.67,28190.3,110.005,136,179,1626
9797.19,15412.0,-2835.0,247,154,811
6810.29,13324.0,-1007.37,180,96,804
4388.25,522.815,506.29,24,65,35
13952.2,69272.1,5153.3,161,325,3143
3610.49,561.124,-465.74,14,43,52
8085.86,11998.9,-1683.18,120,128,693
6013.21,5249.86,-2084.6,23,88,370
7878.5,4526.3,-1781.53,93,131,271
3339.56,696.537,52.557,7,31,53
7055.19,5657.88,-1084.07,17,99,321
7194.35,7088.19,-744.564,111,95,427
7057.27,4460.09,-2378.2,10,110,294
5122.07,679.359,-237.52,5,58,43
4235.78,5992.11,-399.79,15,67,481
4354.14,1706.93,-747.41,5,61,134
6701.1,7155.28,-1181.05,13,118,426
19391.9,146844.0,-11314.0,72,382,4918
22797.0,515822.0,-2137.08,137,540,18067
10178.4,29594.0,-6113.0,114,191,1632
5240.83,4189.72,-450.15,17,79,317
11664.2,60313.5,-1256.98,310,217,2904
11030.4,52130.8,-83.0694,143,209,2534
7639.4,15450.0,-3204.0,286,146,890
9219.46,28616.6,30951.9,135,179,1626
8834.57,7257.0,-1484.0,32,105,319
10966.3,33847.9,-5053.36,124,234,1581
12530.7,29450.0,-5413.0,159,198,1369
6088.35,13242.0,-1765.8,14,103,883
21534.9,291763.0,-3675.98,258,468,9276
9547.0,12190.9,480.84,22,152,693
12211.1,37021.8,-1502.32,203,225,1755
8091.74,9530.12,629165.0,30,138,554
20371.5,185478.0,-1171.16,228,403,6746
4078.86,473.637,3050.8,21,65,35
12294.8,36614.7,431481.0,13,225,1755
5277.56,4243.83,-1177.29,17,88,292
5836.84,2644.18,491.67,8,81,169
4800.7,538.61,-15.548,26,65,35
10629.0,25820.0,-5638.0,30,200,1311
4637.25,1051.38,-1739.2,21,66,101
9877.51,38441.8,-1866.52,15,193,2118
9512.53,37632.5,-1915.93,38,180,2054
7060.45,7466.14,649.67,34,109,432
7180.14,13105.0,-1713.66,22,105,765
3866.81,2183.91,-720.509,51,54,165
11566.2,53824.5,-1598.31,183,209,2534
9036.75,13772.0,-2089.56,119,148,729
11080.2,38338.4,-3226.41,35,235,1818
12158.3,54143.0,-1069.4,47,220,2461
3939.58,2182.71,-964.749,183,54,165
8498.08,9115.4,724062.0,180,135,587
9212.04,20353.0,-5027.0,14,179,1116
9939.49,61095.0,-4701.0,46,218,3134
4057.74,433.571,1137.9,11,54,28
15517.7,165589.0,-3932.99,39,320,6391
10036.9,54932.6,97477.4,57,247,2754
9277.84,48316.0,-3717.0,23,190,2596
8764.12,35280.0,-5615.0,51,180,1992
6308.88,4784.6,-1841.3,15,107,319
6677.44,8064.93,-2254.7,12,106,549
17823.9,197002.0,-8784.0,58,399,7458
16077.3,67923.0,-7447.0,56,320,2757
4100.69,715.645,-208.55,20,58,43
4308.64,6583.88,37.247,28,68,481
12325.8,69203.5,817.83,45,201,3289
7826.62,14164.2,-771.55,14,127,802
5216.9,2918.61,-1558.9,11,72,205
20911.2,411278.0,76523.4,57,473,14125
3977.16,401.758,813.77,15,54,28
4303.6,2674.49,-851.31,15,65,202
4426.51,1762.31,-754.25,8,66,164
13234.7,136071.0,-5054.2,206,279,5626
7417.3,34428.8,-3049.73,87,148,1919
13138.7,94512.1,2290740.0,146,273,4429
20026.0,591959.0,-14770.0,191,457,16028
15411.5,163988.0,-10272.0,48,385,6516
8659.1,14490.3,-2072.64,20,140,845
3728.29,482.14,-543.16,2,36,35
4780.98,2193.63,324.53,17,75,165
8429.74,15698.0,-3230.9,30,141,932
5090.11,3123.49,-2115.9,4,65,202
8981.26,21183.4,-1855.05,108,143,1017
4808.71,4417.42,-1495.29,23,79,317
4648.91,3294.57,-306.166,158,71,249
11318.2,56146.5,-1124.77,162,209,2967
6018.45,11006.3,260.886,21,102,764
4708.08,2081.32,-28.661,36,75,165
23605.4,497327.0,-15490.0,117,624,15343
3769.08,644.369,-615.49,24,50,42
4269.79,551.361,559.47,26,65,35
5433.29,5186.0,-2792.0,12,98,397
3548.88,578.997,-133.49,13,43,52
7678.78,12467.0,-3029.0,10,133,803
4633.97,2066.31,234.12,27,75,165
10462.5,36869.6,-2753.08,37,196,1997
6488.5,11450.0,-1832.88,248,102,764
23423.1,281461.0,109441000.0,91,468,9276
14094.5,165040.0,-146.477,49,320,6391
4570.82,2245.61,-1476.1,12,71,188
8278.32,14548.2,-1513.68,107,140,845
11016.2,41716.0,-2606.15,159,227,2059
6049.44,15096.6,-2235.2,16,125,1014
5819.48,5853.65,-1109.9,14,89,425
4001.06,2476.46,-695.16,14,63,184
10794.4,132319.0,-6067.96,177,279,5626
10294.2,33709.5,132.312,55,176,1922
4606.28,3397.19,-814.484,6,60,243
14577.5,144068.0,-536.648,313,308,6057
5670.98,3675.21,-783.077,9,85,269
4031.09,1194.05,-397.49,2,59,101
12521.0,90443.0,-5203.37,230,254,3885
7313.35,11330.1,-2977.3,18,121,622
4074.28,2504.35,-669.54,6,65,202
12598.5,38166.5,-893.718,32,235,1818
8063.86,12833.3,108912.0,31,132,806
3302.19,688.899,124.41,3,31,53
5219.67,2973.84,-923.897,106,67,224
4393.77,2568.75,-970.13,9,72,205
3429.5,686.836,233.66,6,31,53
13098.7,59170.0,-6046.0,40,288,2826
7775.25,11044.0,-1893.0,18,131,694
6893.12,5461.73,-1746.77,17,99,321
8954.76,12115.7,2098680.0,118,136,619
12888.0,46113.5,194790.0,155,273,2061
15700.9,158192.0,1878.1,101,310,6737
13972.6,96593.0,-7286.0,42,277,4245
6019.8,5190.26,-355.54,74,86,367
7329.4,14890.7,39108.7,72,134,970
6306.32,8176.64,-1365.7,16,108,549
8197.15,16553.2,105.731,30,142,844
5705.03,1135.94,-1787.1,6,57,76
5376.85,1344.75,-842.82,11,62,100
11830.4,37415.0,-3077.0,32,230,1937
5895.31,11195.9,-1105.26,94,102,764
3956.76,2345.11,-991.04,26,63,184
22734.9,516214.0,-261.733,340,540,18067
7580.71,9014.61,468.99,27,130,515
7008.23,12709.3,1596.65,63,132,806
3614.44,391.715,1130.5,3,54,28
4490.42,1047.43,-784.86,28,62,102
20947.8,146924.0,-1098.32,341,449,5537
7425.95,17061.2,-1982.0,20,125,1014
7392.96,14840.0,-2080.0,50,124,768
11287.4,12939.0,-1870.0,44,101,457
6307.22,13558.0,-2895.0,22,122,927
5761.59,5200.64,-1601.5,17,99,372
17485.7,168466.0,2122700000.0,58,352,6744
12782.4,60116.5,-3367.89,29,247,2754
4222.7,5805.61,-422.05,5,68,481
5876.21,6892.26,-3374.0,23,92,485
7634.5,14395.8,-989.159,29,120,809
6726.0,7718.24,-3591.7,13,117,427
6061.26,5335.98,-936.29,8,105,371
5232.86,4079.1,-1319.29,18,79,317
5323.78,1821.0,206.724,174,76,147
9793.81,31848.0,-3534.0,41,201,1691
5438.05,5584.86,-1437.9,5,89,425
8229.59,8839.41,2752.4,34,144,553
13235.2,70016.0,-6748.0,60,282,3218
8664.9,21422.0,-4481.0,31,165,1305
8007.4,6141.0,-2091.0,14,105,297
13087.8,79526.0,-6609.0,33,268,3380
9732.25,18600.6,35987.1,184,133,890
3718.25,487.021,-600.17,1,36,35
12579.5,49950.3,-4084.19,172,262,2394
5359.57,1074.66,-1418.3,7,57,76
6394.47,4260.75,6457840.0,46,88,318
6381.62,8208.72,-1358.9,14,108,549
6248.94,5027.11,-2513.8,15,87,322
9803.29,20838.0,-3429.0,129,172,1116
3704.13,563.869,-456.79,5,43,52
6916.11,4539.0,-2176.0,4,107,270
5603.55,1070.11,-1586.1,6,57,76
3442.31,682.522,204.96,3,31,53
16075.2,192851.0,-8006.99,149,390,7459
15917.6,219977.0,-3782.46,296,336,8195
3525.46,596.067,-192.71,14,43,52
4816.49,2844.22,-1118.03,20,77,244
10077.9,28473.8,-1593.73,176,158,1403
4450.17,6392.07,229.05,16,67,481
5182.09,1192.49,-25.478,7,62,100
9422.85,31780.7,-1934.58,43,132,1513
16877.6,162690.0,-712.888,223,352,6744
4842.92,2697.57,-781.63,10,72,205
3608.21,2084.04,-429.294,3,43,161
7984.71,8805.35,1867.4,39,144,553
4143.86,6416.43,-443.9,28,68,481
8994.93,12144.2,5818.05,11,117,519
8905.39,17280.9,-2220.91,20,142,844
11885.9,37736.0,44640.7,166,235,1818
12625.8,105613.0,-5668.0,31,249,4156
8134.29,17137.1,-1883.07,176,133,890
9575.3,31295.0,-3013.29,211,171,1747
4607.65,1040.64,-1312.2,21,66,101
11654.6,73529.8,-2445.12,24,249,3630
10085.8,38684.3,354.172,195,193,2118
3755.3,563.831,-458.77,15,43,52
8683.2,12072.0,-4986.0,27,168,728
11013.5,58012.2,-1376.62,162,217,2904
3428.65,3794.88,-1398.7,26,60,291
5553.66,3593.84,22367.4,111,85,269
4154.91,1687.02,-773.24,5,61,134
7845.55,12820.7,-2011.57,77,132,806
7323.02,5395.69,-632.599,42,79,292
4102.94,5944.86,-85.735,16,68,481
3750.9,381.482,1461.1,11,54,28
8143.19,20803.9,616.76,37,143,1203
12016.8,52113.2,16469.3,120,224,2192
3727.81,544.268,-616.29,7,43,52
12707.5,57407.7,-1018.0,49,220,2461
7982.99,13787.1,-3429.71,119,170,771
8164.65,34434.5,-2669.38,96,148,1919
4731.27,1890.0,-1300.0,13,74,135
8389.01,26208.0,-3019.88,34,156,1364
11337.3,58405.5,-5020.58,193,223,2822
10531.8,105416.0,-4725.0,34,245,4999
10018.0,36583.6,-3388.26,31,196,1997
23371.1,516465.0,423709.0,312,540,18067
3365.38,652.484,133.41,3,31,53
8782.23,12270.2,-2513.65,119,136,619
6762.22,12150.2,-713.655,223,105,765
5025.14,1515.0,-2452.0,26,98,134
3621.68,553.168,-800.73,4,43,52
7636.87,9368.0,-2372.0,28,106,553
3878.27,435.982,-829.7,0,36,35
15295.0,90866.2,73198.2,283,254,3973
14713.3,65468.0,-5430.0,48,273,2762
4645.28,2533.07,-635.13,36,63,184
3932.17,850.022,-1797.9,9,54,64
5496.19,1107.47,-1702.1,3,57,76
4666.89,2756.68,-340.51,23,65,202
15255.6,100168.0,-2987.04,41,281,3974
3537.69,395.348,1552.6,4,54,28
22495.6,822542.0,-15757.0,91,633,27862
23662.2,210146.0,-10607.0,92,505,6761
15987.6,167936.0,-2541.76,50,320,6391
5510.87,2449.12,755.25,8,81,169
14208.9,144197.0,-6929.0,71,322,5739
4907.42,2821.68,-707.7,13,72,205
6673.75,1857.57,741.691,15,84,136
5008.06,1166.32,-537.22,13,62,100
6937.67,2673.07,322980.0,13,99,167
14723.8,80178.8,836.946,282,320,3466
15849.6,137662.0,1699430000.0,69,279,5626
12420.8,57137.0,-5170.0,41,263,2396
10007.1,35661.5,-916.798,22,208,1691
13836.0,88776.0,-2782.0,44,160,1692
4017.55,6665.14,436.24,29,68,481
4624.68,557.317,109.14,24,65,35
3635.54,523.718,-528.76,7,43,52
9144.97,35799.8,-71.4573,106,148,1919
9058.77,12024.6,-1540.41,211,117,519
3830.27,1447.86,-748.611,159,52,133
11980.8,32791.3,1877.0,55,210,1213
3748.09,465.76,-782.11,1,36,35
13538.9,55887.5,-3693.7,48,220,2461
13842.6,99564.1,-3984.34,46,281,3974
16263.1,124352.0,-10921.0,92,424,5029
8392.86,9126.79,1364.1,32,144,553
3244.79,658.915,-288.21,6,31,53
3959.57,391.534,590.79,11,54,28
11196.0,57621.6,-4447.93,197,223,2822
14746.8,102004.0,-4413.14,48,283,3965
5727.36,7663.07,-1539.1,14,99,583
9369.8,12548.2,1205.6,30,152,693
4378.83,1760.53,-677.18,10,61,134
5597.75,2933.29,-598.57,7,65,202
6438.37,5017.36,318198.0,11,96,347
7216.96,9719.0,-2440.0,16,129,655
4538.29,6338.81,6.6038,29,68,481
4395.92,6220.83,10.54,18,67,481
6121.48,8009.63,-2801.7,4,106,549
6615.08,4418.0,-3204.0,54,111,269
5770.96,5090.29,-331.779,75,86,367
3985.67,2096.61,-1610.9,5,63,184
18239.2,338709.0,-10900.0,86,483,11264
19228.1,231145.0,-12336.4,298,537,8350
5939.53,8625.0,-2332.0,14,108,585
4479.88,1004.52,-766.3,20,66,101
6124.7,2503.39,493.18,8,81,169
9490.41,19596.9,268651.0,34,157,1113
4416.97,1322.61,-236.05,12,55,88
11250.6,43140.8,-4389.82,111,223,2059
12898.9,80366.7,-5924.57,51,272,3539
18406.7,401106.0,48946.0,79,473,14125
3449.09,726.477,-215.86,7,31,53
11650.7,68943.4,-2812.87,198,247,3373
3891.02,503.046,-475.53,1,36,35
8387.46,20518.0,-4445.0,40,174,1164
8188.74,25571.0,-3347.0,57,139,1254
5608.0,2658.58,706.3,3,81,169
3804.12,1966.41,-508.77,7,43,161
14919.9,79829.2,6254.06,200,320,3466
6791.56,10569.0,-1259.0,19,132,586
7808.97,13976.0,24821000.0,30,120,809
15614.5,178927.0,-8576.0,60,345,7214
14310.0,78902.7,-171.445,156,320,3466
3843.85,566.562,-805.37,14,43,52
3649.76,437.764,-851.6,2,36,35
6521.38,4673.72,38523.4,45,86,367
10696.9,48279.0,-6560.0,98,212,2460
4954.03,1204.06,38.369,11,59,101
5432.0,5338.0,-2290.0,9,78,345
13826.7,142646.0,176382.0,202,308,6057
13269.6,91516.0,10783.3,218,254,3885
8546.9,8734.36,2259.6,48,144,553
9921.43,26617.3,-1720.55,32,174,1415
13920.4,63931.0,205103.0,190,223,2822
8255.31,20153.0,-2989.0,101,174,1165
4214.47,2353.17,-547.68,9,63,184
10937.2,46593.3,-2309.95,31,197,2257
9959.17,28656.0,-3032.0,11,141,1259
3472.49,671.963,233.77,6,31,53
4167.57,777.901,-1867.5,13,54,64
10130.2,12377.3,55045500.0,27,136,619
8334.84,9630.49,-1246.77,89,138,554
4488.45,2566.93,-1370.8,10,72,205
5993.3,4806.0,-1941.0,18,111,345
7024.29,4522.75,-2178.4,5,110,294
4641.5,1652.93,-1063.7,4,70,131
3720.62,559.064,-169.71,5,43,52
3474.46,668.377,-171.39,5,31,53
3998.92,389.839,1783.7,11,54,28
7158.94,11097.4,-1308.0,42,114,689
13153.3,32392.0,-6684.0,32,217,1581
6457.81,5102.45,-2501.4,17,109,317
7352.39,15320.0,-3916.0,32,149,934
6737.62,13291.0,-2455.0,24,137,850
9241.29,17207.5,-3081.11,94,183,931
20594.5,234763.0,-11250.0,86,468,8473
9990.85,27235.2,-32.2509,18,174,1415
13328.4,60737.8,-657.267,189,237,2672
4822.44,2967.91,-754.951,104,67,224
20676.4,244148.0,-6136.0,48,368,5025
9465.34,29071.2,-651.91,31,156,1364
24662.1,254585.0,-3110.32,295,537,8350
30148.1,870065.0,-17384.0,104,737,26039
9635.36,24316.1,687857000.0,34,177,1313
23798.5,409224.0,-14081.0,105,552,12996
4090.34,781.0,-581.0,15,57,45
3637.74,542.374,-138.82,13,43,52
5636.43,2488.66,-113.9,8,81,169
13424.3,139083.0,-8246.0,150,326,6508
5040.96,4279.41,-1629.66,19,88,292
5120.57,3129.34,-2783.5,4,65,202
6408.13,3515.66,771.54,18,101,206
11085.1,26777.4,16628600.0,96,172,1412
7173.86,5114.69,-734.049,21,107,346
13093.0,73230.5,-580.168,195,262,3211
7107.36,13767.8,-3858.4,21,118,762
14243.2,92503.3,2113.08,228,254,3885
6126.11,10915.6,-118.581,23,102,764
27777.9,752786.0,-13265.0,101,576,18650
4392.23,2429.09,-499.95,18,63,184
11879.9,73170.0,-7014.0,62,253,3623
20859.3,224605.0,-9724.0,48,433,8218
6245.49,6404.9,1381.44,22,118,426
5630.07,2512.9,535.05,5,81,169
3413.97,675.36,377.69,4,31,53
15277.1,107642.0,-10052.0,244,357,4623
15503.6,59527.6,-1351.23,136,215,2188
14490.6,143436.0,-5893.61,317,308,6057
22420.1,280874.0,330.977,59,468,9276
18336.7,104428.0,-8698.0,124,362,3552
5688.23,1773.48,-869.264,14,76,147
5354.87,2924.9,330527.0,28,77,244
5095.1,4092.88,-1066.36,26,79,317
3909.75,331.249,830.17,11,54,28
25886.1,278345.0,-1459.75,301,540,8870
13925.3,85355.1,24640.0,50,291,3799
6773.79,9169.0,-2038.0,24,102,618
4788.77,1555.7,-1004.7,5,70,131
8907.03,17623.1,-1509.26,29,142,844
10838.0,27355.4,-1787.64,129,172,1412
9625.02,26985.1,-3225.51,110,166,1414
4234.42,2410.84,-1324.7,33,63,184
8368.98,26567.0,-3618.0,28,165,1524
4046.27,2515.71,-959.94,14,65,202
11812.7,33824.6,2808.2,52,210,1213
9092.99,19003.0,-3380.0,21,163,1018
4621.93,3123.49,24.4223,155,71,249
9377.95,11777.9,-696.186,133,156,654
13758.7,51414.7,-2396.99,225,262,2394
5699.17,2575.02,-3081.0,13,87,166
6178.98,7775.41,-1811.0,23,102,517
7999.52,9959.13,-1957.76,21,123,621
3589.63,573.6,-513.0,14,43,52
5094.29,1832.7,-1468.6,3,70,131
14036.3,59502.0,-6391.0,53,282,2133
10513.9,26535.7,-953.913,148,158,1403
16304.3,167185.0,-562.183,50,320,6391
13939.9,52711.7,415468.0,179,288,2334
9505.04,27727.2,74553.9,173,158,1403
5682.22,12713.6,-1789.1,20,103,883
25675.8,596368.0,-18085.0,377,635,19049
12033.3,37680.8,-391.133,159,235,1818
9890.0,17482.0,-2680.0,24,137,886
15865.3,156012.0,1401.5,98,310,6737
7732.04,9536.42,-1391.28,100,123,621
8273.23,12182.8,5665460.0,92,136,619
4027.07,2246.76,-731.0,23,63,184
17509.0,113266.0,-8194.0,81,388,4344
6857.04,13795.6,11123.2,100,120,809
3872.18,1193.33,-1134.8,10,55,88
7227.12,28389.8,-2742.0,13,131,1686
9084.41,29210.6,1618.2,36,179,1626
16750.4,180076.0,-1335.12,83,367,7087
22350.5,351509.0,-1468.16,255,440,10967
19195.2,139734.0,-10685.0,28,273,2610
4665.2,1962.86,-297.0,14,75,165
4665.03,2339.85,-1439.6,23,63,184
13020.1,79684.0,-918.0,126,274,2834
9756.63,12582.9,-17.992,22,152,693
5845.27,4331.2,-1657.0,17,90,317
15023.9,162328.0,-5000.0,104,340,6860
11987.9,73924.7,58265.5,26,249,3630
6878.28,7636.77,-2310.9,11,117,427
6961.05,7410.79,563.75,21,109,432
8660.57,9951.57,-3485.53,105,154,587
22806.9,278255.0,-391.512,313,468,9276
4313.81,2729.56,-1432.6,8,65,202
4130.35,1528.15,-1071.2,6,55,133
14254.2,71099.9,194077.0,56,325,3143
3363.62,653.263,-189.77,4,31,53
23192.1,279240.0,1427240.0,67,468,9276
3784.33,571.065,-562.83,14,43,52
10382.8,32600.0,-3300.21,91,176,1922
8378.31,4688.34,-1417.51,104,131,271
16553.9,257928.0,12489.3,130,346,7851
11728.3,35976.2,-2234.67,196,225,1755
7476.86,13837.0,-169.96,12,127,802
4489.4,526.405,-142.63,23,65,35
5278.68,7006.0,-1344.0,5,87,479
11541.4,42322.5,-5024.38,156,227,2059
8501.96,14968.9,-1227.03,23,140,845
9604.72,11044.4,-2720.41,248,154,557
7056.89,12705.9,-1186.61,147,123,726
14919.1,154154.0,-9347.0,42,374,6081
8344.76,18864.0,-4671.0,59,170,1110
4589.01,1933.0,-1706.0,10,61,148
7830.02,9822.56,-1201.95,97,123,621
11962.8,37899.4,4421.11,27,235,1818
10745.2,31970.2,-1915.49,133,203,1580
13188.3,142133.0,197.662,203,308,6057
3641.46,486.09,-1023.2,2,36,35
17980.7,229556.0,-9004.0,102,366,7956
6381.0,7979.0,-2636.0,7,96,485
5127.9,1043.66,-1440.3,8,57,76
9488.45,26856.9,-2832.88,100,166,1414
13252.2,62708.0,376060.0,121,224,2192
11337.5,47700.9,-1268.94,61,190,2118
5982.53,5250.95,-520.15,12,99,321
4786.1,1904.92,5.2508,10,61,116
9156.18,30629.2,-1432.58,64,132,1513
14702.9,101934.0,-9408.0,170,348,4438
3632.89,580.036,-338.98,13,43,52
22002.8,346858.0,17790000.0,101,440,10967
5206.54,2252.2,748.4,24,75,165
12230.7,33626.0,583.5,51,210,1213
7722.62,9214.03,150.14,24,130,515
7918.1,16349.0,-2410.0,83,128,848
3489.9,697.549,60.38,4,31,53
3846.04,338.422,941.71,7,54,28
27380.3,742906.0,-18695.0,74,628,22089
13951.4,135890.0,-3223.05,204,279,5626
8105.85,13876.6,-2370.14,277,170,771
6069.8,13207.4,-1359.4,14,103,883
4355.93,2493.71,-740.08,24,63,184
4260.31,5926.97,-428.38,8,68,481
4620.38,1953.73,-858.12,114,66,166
14948.3,55315.0,-5058.0,33,236,2063
4053.34,700.663,-944.48,16,58,43
9593.3,12138.6,256.99,21,152,693
4985.88,563.148,-110.06,20,65,35
3915.71,2275.1,-612.9,18,63,184
5678.14,4616.48,-1675.8,15,98,294
6846.32,11927.7,82.7977,217,105,765
4633.04,2837.16,-738.8,40,65,202
10975.0,18567.0,-5421.0,29,214,982
35949.3,1209910.0,-22993.0,146,902,32818
3824.69,2186.23,117.917,183,54,165
5993.03,7083.26,65364.7,17,93,545
7302.51,13691.4,5327.2,40,96,804
3795.08,487.157,-665.07,0,36,35
11394.1,73692.9,-5125.81,29,249,3630
11430.4,66073.0,-5077.0,26,237,2822
10752.9,45012.0,-5164.0,30,190,2054
4424.6,2508.89,-1232.8,10,65,202
6329.12,8152.72,-1506.4,12,108,549
9215.86,17210.4,-3265.28,35,183,931
10645.1,37616.0,-5401.0,26,190,1523
9068.93,56799.4,21423.1,243,217,2904
6950.01,3992.92,-908.803,86,101,249
4650.69,6480.77,-122.77,11,67,481
8562.34,22305.6,8457.23,59,177,1313
17449.4,165324.0,5039.11,217,352,6744
4104.23,2244.96,-1087.72,51,54,165
10412.2,15017.2,-1419.06,81,143,771
12379.9,69765.0,-8529.0,150,278,3378
10224.9,44653.0,-4063.0,104,208,2324
4050.96,5938.6,-1116.3,7,68,481
3653.37,449.347,-914.43,0,36,35
7480.07,7522.0,-2951.0,65,121,455
5062.14,1839.29,-1103.7,3,70,131
9384.29,27627.7,-2249.12,175,158,1403
15970.8,186170.0,-8294.0,47,340,7696
19659.1,409670.0,-10264.1,61,473,14125
6103.07,13272.9,-1060.8,22,103,883
6843.81,5138.49,106023.0,19,107,346
5199.59,5099.0,-2109.0,9,93,367
5022.89,1257.7,-1433.05,32,71,103
4749.06,3340.79,-483.809,154,71,249
10809.4,37881.7,1387.71,35,205,1751
6505.27,12110.0,-2084.0,12,129,767
12653.6,60840.5,-2936.63,208,214,2600
3814.98,364.924,987.81,11,54,28
5725.28,5209.32,-1726.4,20,99,372
4053.7,799.477,-1582.2,13,54,64
4579.48,6744.9,378.13,22,68,481
17312.6,192845.0,-8370.0,151,372,7096
4934.1,1902.38,-1091.9,9,75,165
11713.6,39404.0,-3140.0,36,209,1314
5315.6,2738.07,-845.22,5,65,202
4883.25,3228.0,-1698.0,11,72,226
18282.3,308912.0,-11053.0,108,438,11122
4338.73,2727.74,-1145.5,22,65,202
4437.54,2114.64,1050.3,25,75,165
4185.22,2445.71,-711.41,10,63,184
4027.4,2120.42,-1747.8,4,63,184
9177.29,17200.1,-2965.27,95,183,931
3801.85,501.517,-1054.4,3,36,35
14882.3,242467.0,-7374.0,70,331,9131
5699.93,7733.24,-1523.9,17,99,583
8384.06,8704.22,1720.2,34,144,553
7809.12,9083.53,3350.1,46,144,553
11448.7,69147.1,-1994.89,49,247,3373
9152.56,23807.4,812.495,102,154,1252
12249.4,55267.1,-1779.5,53,220,2461
8096.65,13960.0,-2420.0,35,178,812
14357.9,125073.0,-6850.0,42,285,5212
5426.87,2472.82,265.8,4,81,169
7906.49,4586.83,-1014.27,31,131,271
10814.1,17137.0,-2182.0,66,149,731
3800.81,479.869,-879.9,2,36,35
9468.98,38531.8,-2353.69,216,193,2118
15357.7,102245.0,-1792.5,123,283,3965
7251.95,5380.79,-1039.29,42,79,292
8126.19,12862.0,-1835.86,77,132,806
8337.61,20943.4,437.41,35,143,1203
5810.83,4240.82,-61.41,34,83,268
7180.39,6250.0,-3088.0,29,121,404
8157.81,26179.2,-3130.41,35,156,1364
6246.21,4224.17,-1303.57,85,88,318
8943.03,29027.0,-3757.0,34,167,1628
15678.7,162786.0,3594.1,99,310,6737
14227.0,52666.7,10060.8,175,288,2334
3939.49,469.238,-914.92,1,36,35
6435.75,5269.95,-897.861,186,107,346
15469.8,177788.0,4222.77,69,367,7087
15584.2,246354.0,-6758.0,64,360,8725
4606.8,2177.66,-1554.2,11,71,188
4707.74,1073.21,-454.87,11,62,100
4550.36,3051.46,-1288.14,157,71,249
7054.56,13805.5,36892.9,86,120,809
6164.49,8051.26,-3612.0,10,106,549
13907.9,91896.1,7599.54,240,254,3885
5107.33,2177.67,-766.38,3,75,165
10671.7,39295.5,563.209,203,193,2118
15331.3,102357.0,-1835.85,128,283,3965
14190.2,94592.3,1086.32,40,294,4249
3576.14,587.726,-107.9,13,43,52
4321.4,3061.1,-1258.5,9,62,245
10528.5,16169.0,-4360.0,127,166,770
3766.06,395.402,891.25,5,54,28
12723.2,45905.4,125770.0,168,273,2061
8265.97,7893.67,235258.0,61,109,486
23006.3,318240.0,-10326.0,108,493,9419
9024.11,22263.3,106.59,36,143,1203
6174.0,11360.5,-2285.64,160,111,651
9543.6,24499.6,-227.719,31,177,1313
15715.9,158736.0,1315.0,118,310,6737
3857.29,523.601,-632.34,10,43,52
11007.1,79305.0,-3456.0,33,227,3704
7565.93,14268.0,-1795.0,28,128,806
10952.8,47518.9,-2856.28,38,190,2118
14369.7,126702.0,-4821.0,102,291,4915
4716.89,1941.03,-1009.13,31,66,166
4824.97,1101.85,-262.34,15,62,100
9389.33,30515.1,-3047.42,34,171,1747
9046.16,20858.9,16119.2,111,163,1162
3642.71,536.612,-410.03,7,43,52
21842.4,351554.0,-9613.0,96,513,12668
17927.0,160388.0,59132.3,99,359,6068
12660.6,79920.2,-4862.58,52,272,3539
20332.0,371342.0,-12248.0,94,526,12505
21223.9,411354.0,18748.1,58,473,14125
4727.21,2489.94,-872.46,25,63,184
11886.3,47536.2,32003.5,136,215,2188
17452.0,82723.0,-4515.0,86,297,2471
10191.7,27998.0,-3089.0,41,151,1163
4212.77,2195.34,-927.719,20,54,165
6013.08,11087.7,2519310.0,255,102,764
4479.97,2805.68,-594.1,17,65,202
3673.19,460.806,-920.39,2,36,35
11918.4,38691.7,252.142,32,235,1818
4374.42,1024.47,-762.71,28,62,102
21540.2,366511.0,-14834.0,93,529,13154
12171.6,36803.1,-2060.77,194,225,1755
8501.74,16866.5,1876030.0,23,142,844
3990.37,6383.71,86.365,33,68,481
11406.7,68350.9,-2367.21,193,247,3373
12781.6,152051.0,-4562.7,95,310,6737
3351.89,646.774,-78.065,6,31,53
6959.17,17373.4,-2088.3,14,128,1065
5622.88,3545.77,-653.018,133,51,132
3749.81,524.438,-572.77,5,43,52
5985.16,7394.56,-1741.97,80,93,545
9624.83,27605.0,-1199.74,157,158,1403
9222.65,12254.2,1379.1,19,152,693
3925.41,326.449,2050.0,11,54,28
12511.5,52735.4,-2514.08,211,288,2334
19801.3,282968.0,-9881.0,112,572,10117
7341.5,7802.25,-1984.34,56,98,429
4026.29,5734.1,-501.08,19,68,481
8689.7,25552.4,-832.609,42,156,1364
4427.96,1031.43,-936.21,21,66,101
3982.38,6621.67,500.21,15,68,481
10861.9,37959.0,617.001,156,205,1751
21338.1,277762.0,-8012.24,226,468,9276
4077.25,1527.19,-986.93,4,55,133
8425.42,15149.0,-4270.0,123,166,850
3642.55,556.108,-412.8,16,43,52
4956.61,4271.69,-876.833,20,79,317
3736.51,507.946,-416.88,7,43,52
6531.39,6987.78,2754.47,74,118,426
7460.9,14163.4,11923.4,98,120,809
8379.02,9545.98,-1157.38,188,138,554
8077.7,9180.48,1674.5,41,144,553
4051.67,1563.91,127.403,117,52,133
4374.27,992.572,-1102.3,23,66,101
3919.35,398.268,1385.7,11,54,28
17336.0,206087.0,-6446.0,53,313,7214
9061.42,24938.1,-4178.48,17,177,1313
7467.2,9077.73,377.23,30,130,515
3593.47,486.188,-849.99,3,36,35
11877.3,69636.2,-2342.42,196,247,3373
6445.23,4256.05,729.935,146,101,270
13343.8,80311.4,-5846.92,40,272,3539
4054.75,773.551,-2045.3,9,54,64
4670.06,2094.02,-0.76121,14,75,165
3816.69,471.103,-1005.2,2,36,35
3314.98,681.237,319.39,6,31,53
16959.0,162707.0,-3268.2,250,352,6744
9252.95,12070.5,14497300.0,115,136,619
11411.3,56147.1,-1125.23,170,209,2967
8330.38,20571.5,309.15,35,143,1203
3824.27,469.287,-656.74,1,36,35
7116.55,6511.99,-1012.53,6,95,372
5182.86,2576.52,-833.14,11,65,202
10021.4,37824.9,-4008.52,38,196,1997
3749.14,488.28,-822.82,3,36,35
7985.69,7551.51,216153000000.0,53,109,486
12014.3,56491.0,-6593.0,122,247,2464
3586.27,567.74,345.18,14,43,52
3595.85,555.966,-747.48,5,43,52
4286.43,2322.23,-1387.6,19,63,184
16818.1,159161.0,-9435.0,94,381,6293
4110.27,451.512,47.756,32,65,35
6062.89,2589.29,388.27,8,81,169
7667.32,26676.7,403581.0,32,156,1521
16432.7,112274.0,-5308.0,32,335,4248
5323.86,3626.0,-650.883,118,85,269
12245.7,73541.5,-850.377,32,249,3630
7960.03,4515.97,161749.0,33,131,271
7696.66,26320.3,-2884.79,125,156,1521
9660.16,12475.7,637.75,22,152,693
5839.13,6932.17,-2999.8,22,92,485
16827.2,106979.0,-9409.0,55,357,4346
4789.37,2834.18,-2225.6,4,65,202
12345.7,129127.0,-8041.0,47,297,5838
4272.07,6723.33,-381.07,24,68,481
8322.11,12035.3,-1446.27,64,128,693
6568.9,5419.0,-2355.0,10,101,345
7589.4,9576.31,-1193.07,14,123,621
9060.01,12559.3,105669.0,69,128,693
7378.54,10077.0,-1937.0,10,112,585
4583.46,1052.0,-151.97,28,62,102
8009.55,8777.03,2293.7,37,144,553
8524.9,18113.0,-3508.0,9,127,888
6275.58,7452.76,-1142.72,12,93,545
12946.0,41774.2,-2452.4,240,278,1938
15916.4,165684.0,-1126.54,47,320,6391
11880.2,63118.0,-5779.0,64,237,2901
4522.32,2039.24,138.33,28,75,165
7949.95,12857.4,-2547.67,77,132,806
9571.69,55193.0,-5465.0,182,193,2810
11366.8,55567.0,-6302.0,122,237,2679
5139.55,2868.76,-601.89,8,72,205
5515.95,3320.51,-533.873,17,71,249
4923.79,3392.61,-1259.44,142,71,249
6532.54,11366.3,-2560.0,20,114,691
4339.96,6516.89,279.05,31,68,481
4104.47,500.589,546.1,26,65,35
15214.0,102674.0,-3798.99,39,283,3965
7326.44,5925.0,-3035.0,4,88,294
9036.52,20834.2,-43.5155,221,145,1156
9094.12,26834.1,-1566.28,32,156,1364
3714.6,575.899,213.44,13,43,52
12721.0,71877.0,-6051.0,32,254,3372
16974.4,180047.0,-257.915,75,367,7087
4604.28,6005.39,196.24,16,67,481
8458.24,8875.08,2431.8,33,144,553
4469.61,1126.63,-884.08,7,55,88
9293.42,14120.0,-4559.0,24,213,736
14411.7,141789.0,-682.959,274,308,6057
8368.57,14280.5,-2080.97,23,140,845
10036.8,24215.7,-3449.07,124,166,1111
5608.89,2539.58,827.9,9,81,169
8226.24,8875.03,2280.3,38,144,553
7343.79,14178.6,-1071.59,25,120,809
5438.68,5596.42,-1503.1,6,89,425
7135.58,13768.2,5172370.0,90,131,971
8494.6,22292.0,-4997.0,105,162,1308
10617.2,55531.5,-4258.91,121,224,2192
14355.2,37287.0,-3819.0,36,204,1526
7128.52,7375.68,936.32,26,109,432
17076.1,159082.0,-7512.63,198,359,6068
4047.23,2517.47,-792.0,12,65,202
4062.22,2460.15,-773.86,29,63,184
21988.6,243998.0,-8438.07,291,537,8350
11643.5,32207.2,100005.0,39,203,1580
7602.36,20276.0,-2677.0,22,135,1114
14936.4,54714.5,-1830.31,143,215,2188
3931.07,1459.79,-1057.66,128,52,133
6014.02,1762.26,51077.5,34,71,103
9237.73,10029.9,-1308.78,102,154,587
5345.41,3429.8,-665.711,136,51,132
11711.8,64548.0,-5332.0,57,259,3052
5628.93,4794.22,-1270.32,17,85,343
9750.37,16966.6,-2613.24,157,172,973
13075.9,72489.8,165324.0,34,262,3211
15562.8,90020.0,-7767.1,225,327,3888
10237.7,37007.9,-3220.29,29,196,1997
6004.96,5256.95,-2096.0,21,88,370
4606.23,2800.85,-1378.54,115,77,205
3847.67,2167.58,-559.86,5,63,184
12005.1,57294.0,-5166.0,34,244,2970
13745.6,49955.0,-6365.0,42,260,2196
4840.31,6880.0,-2819.0,16,80,515
13184.1,46598.5,31.7367,173,273,2061
6290.21,8367.09,-1704.0,11,100,551
4002.27,1617.84,-358.32,9,61,134
9596.77,58559.0,-5867.0,112,209,2968
14059.2,101667.0,-2876.82,44,283,3965
13833.9,86772.7,-3740.59,60,291,3799
5727.93,7135.37,1709.96,52,93,545
6020.4,5228.36,-953.0,7,105,371
8248.93,15337.5,-1031.0,30,127,802
21416.2,497075.0,-14524.0,108,584,15863
7719.63,13267.1,-3047.3,2,125,694
7913.21,13697.7,-2691.78,36,170,771
6661.2,2238.0,-2309.0,16,118,186
8385.31,8451.74,2321.1,44,144,553
9384.53,17156.1,-3753.2,94,183,931
6792.59,17202.0,-2524.3,7,128,1065
13236.2,68501.4,25978800.0,142,325,3143
6220.39,7994.88,-3331.9,9,106,549
5687.22,4731.87,-726.4,9,85,346
3711.39,507.066,-770.18,3,36,35
15415.0,164280.0,-1202.74,43,320,6391
5377.32,4351.97,1035590.0,16,88,292
6531.28,5814.42,-852.885,6,95,372
6454.24,7111.02,-712.19,60,90,405
7206.59,9408.3,-2123.86,201,138,554
4101.02,768.583,-2298.0,13,54,64
10089.3,26789.5,71215.4,28,174,1415
6788.34,7794.01,-2711.8,13,117,427
6785.41,9790.93,-1175.65,138,98,651
22302.8,539834.0,-14014.0,86,582,17882
8468.54,10462.9,-1463.23,141,139,587
10072.6,18386.0,-3683.0,22,175,1020
10339.4,38697.1,-1028.9,205,193,2118
5975.03,5277.6,-1207.2,9,105,371
9903.27,13936.4,819726.0,93,143,771
14010.6,164689.0,-4499.88,46,320,6391
4273.54,2640.19,-844.25,27,65,202
3810.83,544.35,-216.14,5,43,52
10104.6,10510.1,-2123.32,103,154,587
27093.0,1005950.0,-20576.0,198,715,30042
12134.0,39778.0,-3428.0,43,216,1877
3550.5,488.309,-705.52,4,36,35
13165.7,91482.2,-2558.66,218,254,3885
8591.13,21607.0,-1178.67,201,145,1156
11577.0,37767.7,38576.8,30,235,1818
14182.4,69120.1,-4004.98,113,224,2192
6349.34,7311.0,226.735,45,93,545
23393.9,612936.0,-12921.0,155,536,19034
5150.03,4211.54,-823.803,19,79,317
6312.55,5432.27,-1432.14,42,79,292
6204.84,7992.01,-3534.0,4,106,549
6576.4,10291.9,-1232.64,24,109,689
5044.5,2354.97,-1284.0,12,71,188
5370.22,1776.78,-981.136,26,76,147
5746.94,2605.54,-3516.5,14,87,166
15123.4,67198.7,-3486.46,127,223,2059
3814.45,651.76,-587.03,21,58,43
4008.68,6442.37,-233.03,36,68,481
4912.55,3485.93,-922.003,136,51,132
15280.6,99791.8,-1214.7,42,281,3974
6183.86,9644.05,-677.786,132,98,651
14250.5,86210.4,-6429.66,88,301,3369
4733.69,1041.96,-1012.8,21,66,101
8161.99,12565.1,56985.0,29,130,694
3672.46,456.814,-699.72,3,36,35
7316.78,14284.6,-659.886,27,120,809
6095.49,4130.92,-1363.29,268,88,318
4237.77,2542.45,-764.36,7,65,202
3993.25,2194.49,-488.294,51,54,165
3756.49,489.522,-766.46,1,36,35
21013.3,256026.0,-11927.0,91,537,8483
5407.0,4581.0,-2669.0,10,82,344
10078.2,40387.6,-3910.2,68,196,1885
4482.74,549.771,-78.733,23,65,35
8270.54,16290.7,-930.654,88,131,971
10189.8,26350.9,55894.3,124,172,1412
9411.26,22695.2,-3613.88,121,166,1111
8501.38,33336.8,307.539,95,148,1919
21491.5,115017.0,-10443.0,65,447,3813
4647.54,2225.35,-1232.8,6,61,184
7250.42,12590.3,-946.767,139,123,726
5235.44,4283.91,-1022.15,20,79,317
11511.5,88007.0,-6440.0,50,275,4708
10316.9,20902.0,-5109.0,67,194,975
9671.7,47872.0,-4565.0,43,234,2460
23112.1,280625.0,-1075.9,276,468,9276
9283.1,20634.5,514239.0,136,152,1165
4686.57,3881.47,-1492.23,19,76,317
12901.9,63797.9,4469.4,61,279,2979
9572.44,33602.5,392901.0,94,176,1922
11309.4,60046.1,-2321.31,234,214,2600
11101.9,55658.7,-462.706,172,209,2967
11617.0,68804.5,-3289.57,49,247,3373
20431.6,454817.0,-10879.0,83,486,14809
7799.87,16190.0,-2635.0,22,137,810
24334.1,495991.0,-16696.0,130,564,16233
5864.04,7577.67,-1656.75,95,104,457
16488.7,166518.0,-1825.89,57,320,6391
18470.5,277973.0,-3437.47,99,346,7851
6550.35,11900.6,-495.232,8,105,765
13299.1,62514.7,499.183,306,233,2897
6823.26,7291.25,44199.6,17,118,426
8030.71,16518.0,-889.272,30,134,970
11331.7,27356.6,-1300.11,110,214,1469
9300.46,26868.8,-2225.75,182,158,1403
8664.95,38828.1,-4713.97,127,207,1995
6694.07,21711.9,-168.653,93,128,1255
13848.5,146770.0,-8772.0,52,305,5635
21749.0,374162.0,-14448.0,230,515,13303
5836.76,11326.5,784.306,259,102,764
12137.7,71581.3,-2176.36,156,262,3211
9115.27,12113.9,-1966.3,207,117,519
15942.2,170459.0,-9141.0,42,340,6402
8815.24,27352.5,-1299.55,180,158,1403
8394.13,12990.6,7071.53,15,132,806
5080.41,4052.72,-1485.3,11,85,346
13741.1,65467.4,-4625.55,168,223,2822
9748.41,35152.8,-3233.1,26,208,1691
4773.99,3094.36,-249.01,38,65,202
9398.74,20078.9,-2472.55,35,153,1021
10687.3,67100.9,-2963.6,50,201,3289
5427.57,3456.15,26.7686,118,51,132
9051.24,14315.3,209494000.0,65,170,771
7039.42,28733.6,-2963.5,11,131,1686
12251.0,42698.0,-6334.0,45,260,2001
6725.24,4945.65,181816.0,168,107,346
5217.71,2754.31,-996.15,12,72,205
11802.4,29115.8,374.86,39,178,1410
8621.97,11758.0,-2474.15,56,128,693
10975.6,27642.5,746662.0,36,214,1469
10098.7,43197.0,-4534.0,46,190,2318
6514.82,7008.55,-1289.5,76,118,426
16268.3,281082.0,-10064.0,181,377,9958
19731.7,555144.0,-10219.0,108,509,20216
10087.8,24391.0,-2504.0,42,208,1313
8279.51,15471.9,1368.7,34,127,802
7741.02,13323.0,-3031.9,3,125,694
4535.32,2045.43,-49.224,17,75,165
15657.9,160580.0,3024.6,110,310,6737
7664.5,13238.6,477.463,276,170,771
10469.3,71968.0,-9358.0,26,241,3453
5764.3,4165.81,-1407.9,10,88,318
4735.82,1043.86,-1020.6,21,66,101
6923.54,4055.13,-982.16,12,101,249
20434.1,258287.0,-11966.7,287,540,8870
11033.8,41618.0,2651.98,159,227,2059
14135.2,165019.0,-160.732,49,320,6391
9445.16,17184.9,-2954.12,93,183,931
3602.99,618.347,123.465,37,35,35
3778.3,461.445,-977.93,2,36,35
5294.17,4225.36,-1372.83,14,88,292
6323.83,7774.27,-1658.65,49,93,545
9444.42,38991.8,-1210.61,75,196,1885
10039.6,61194.0,-5987.0,26,216,3281
14184.3,94688.6,-3454.56,43,294,4249
6103.78,5214.05,-948.16,7,105,371
3985.69,2294.19,-1021.1,22,63,184
9154.37,17078.0,-3216.48,33,183,931
6211.7,1874.89,213.522,71,84,136
8095.8,9323.0,-899.0,27,135,556
13286.5,62631.9,-1746.1,309,233,2897
6731.24,10313.9,-807.971,24,109,689
15824.7,190186.0,-6763.0,34,310,6508
11050.2,47893.0,-6782.0,31,213,2255
5409.44,5712.0,-2009.0,6,87,422
11191.9,48974.9,-2796.41,70,190,2118
10370.3,57372.2,-4904.75,182,223,2822
4495.32,2432.43,-465.15,3,61,184
5532.22,3305.93,-594.12,156,71,249
6898.15,7854.08,-3536.8,11,117,427
8861.51,27778.9,-2604.4,132,156,1521
18218.5,260837.0,-10300.0,61,403,10236
4675.68,2042.36,53.114,7,75,165
6440.17,1887.86,-1170.81,35,71,103
10431.4,67813.3,-5623.38,48,247,3373
23598.2,280625.0,2770420.0,302,468,9276
13447.3,81984.7,-6123.38,43,272,3539
18950.7,507291.0,-8707.0,96,432,14619
9871.51,27749.0,-3675.0,64,193,1632
9605.11,39378.8,-326.231,69,196,1885
8267.92,9530.18,-2689.86,201,130,490
15873.8,171874.0,-8792.81,234,403,6746
12121.5,91699.4,-4828.34,217,254,3885
4949.74,6389.19,-140.42,25,68,481
14816.5,250545.0,2378.26,104,346,7851
6184.42,5337.51,1542.76,6,99,321
8765.84,17093.5,2420.62,225,133,890
9237.11,32186.6,591158.0,89,176,1922
8082.96,12868.0,-3989.0,28,151,767
11690.6,70908.9,-6115.25,159,262,3211
9143.02,13600.1,-510.292,106,148,729
5911.0,12881.8,-1102.7,17,103,883
23463.7,292027.0,79.0593,300,468,9276
5982.29,8128.82,-3436.8,10,106,549
3927.56,2054.71,-1308.2,3,63,184
3633.14,484.396,-878.32,3,36,35
4409.31,1775.32,-516.67,7,66,164
12955.4,79834.2,-1120.05,74,272,3539
6977.76,8027.76,-2613.7,12,117,427
3875.95,1195.71,-926.11,9,55,88
14990.5,141105.0,-7924.0,51,296,6061
17996.5,216679.0,-9942.0,51,443,8095
7184.81,4447.97,-1722.83,134,101,270
8977.38,14822.6,-3060.7,151,143,771
4366.08,6107.56,-103.73,17,68,481
8288.48,14772.0,335.61,43,127,802
28613.4,511752.0,-13566.0,39,553,12845
8784.33,25107.7,-1149.94,33,157,1519
9781.46,32730.0,-6605.0,34,179,1631
8771.64,21691.5,135.35,41,143,1203
4542.65,2497.17,-700.71,25,63,184
7144.59,8836.02,212411.0,123,95,543
22846.4,346933.0,-10351.0,122,513,11712
5993.32,5235.76,-2214.6,22,88,370
13340.0,90678.4,-5072.93,209,254,3973
12611.1,54580.4,-2629.3,57,220,2461
3695.07,516.427,-566.43,5,43,52
11515.4,32218.0,294.333,33,203,1580
9986.87,39903.4,-2405.64,50,180,2054
13187.0,94969.3,74420800.0,172,273,4429
9030.74,25612.0,-2887.0,27,161,1306
4222.68,1358.0,-1940.0,4,63,117
7481.13,3167.62,-1788.21,96,95,190
13652.0,165927.0,-7525.0,76,321,7208
9331.73,11717.2,-1059.27,135,156,654
21734.8,418722.0,-15975.0,105,593,14481
4123.4,678.745,-610.97,19,58,43
11913.0,38824.3,-270.096,142,235,1818
9331.02,20509.0,-2462.55,168,163,1162
17738.4,160101.0,1296.4,202,359,6068
12756.0,68486.0,-4464.0,38,264,2681
8939.27,25457.0,-3798.0,28,154,1409
5187.75,2612.36,483.48,8,81,169
15321.1,124995.0,-6173.0,81,336,4731
6435.97,6980.31,-1049.22,77,118,426
9421.29,18862.1,-1975.5,181,133,890
4957.82,6430.45,-419.11,17,68,481
13449.2,116076.0,-2709.0,47,271,4919
4819.32,2247.83,-1768.7,13,71,188
4945.86,3028.57,-2176.3,4,65,202
11998.8,78029.1,1674.34,37,252,3882
14472.2,75937.2,-3226.44,172,234,2897
5393.05,3829.04,-992.21,12,92,248
8141.24,12092.5,-281.308,126,136,619
5128.37,2999.84,-838.97,101,67,224
20903.3,149092.0,-6540.0,174,419,5429
10339.6,33791.0,-4031.0,52,230,1693
8878.09,27349.0,-5099.0,96,172,1629
13120.0,60608.3,-2934.58,39,247,2754
4659.07,1120.7,-830.6,15,62,100
7717.76,14133.8,-2282.3,118,140,845
15405.4,95640.4,-5986.55,49,283,4064
5529.73,4472.03,-1031.22,17,88,292
12458.8,48937.3,1693830.0,191,262,2394
9206.07,19799.0,-3222.0,22,157,1108
20979.0,315988.0,-11799.0,88,446,9827
10513.8,42083.9,9998400.0,84,159,2181
6964.13,12524.0,-614.879,13,123,726
5659.02,4574.17,-1157.8,17,98,294
12894.8,77900.0,-7732.0,81,266,3704
4939.41,3105.36,-1609.4,16,70,205
8895.79,12073.7,876.37,10,117,519
10330.3,38043.1,-1231.12,165,205,1751
23904.4,276650.0,-1820.53,298,537,8350
4101.41,2670.24,-675.07,12,63,184
9698.77,29895.0,-4613.0,64,174,1632
4091.99,638.306,-522.5,12,58,43
3345.44,723.335,140.13,6,31,53
6019.07,5034.09,6767.8,18,79,342
15534.4,87368.2,3349.7,76,289,3710
13492.8,85407.5,-525.63,66,291,3799
12131.2,36646.5,2371.22,201,225,1755
7877.16,20859.5,1434.71,110,139,1108
9539.96,27295.7,-1129.97,174,158,1403
4566.08,2798.68,-18.828,37,65,202
11789.3,36431.0,782042.0,18,225,1755
23726.2,267505.0,-779.552,279,537,8350
6386.31,6298.31,262015.0,29,92,459
3759.43,420.095,629.47,11,54,28
16838.9,378797.0,-14414.0,91,482,14635
6922.19,5451.88,-1041.1,57,107,346
11953.1,54320.9,-1944.3,45,220,2461
19859.4,227435.0,-13357.0,63,432,7588
9479.7,11471.4,31343.0,23,139,587
3812.26,759.041,-1810.8,13,54,64
4050.75,2096.55,-1729.1,4,63,184
9663.58,14070.8,4629.36,117,148,729
13057.5,80033.0,-5281.68,48,272,3539
15687.7,91124.4,4946.0,78,289,3710
5402.66,4403.06,-1032.64,18,88,292
3572.85,555.533,-480.32,6,43,52
7522.82,14852.2,62078.7,96,131,971
19389.3,246617.0,-11450.0,73,387,8080
11127.5,37999.9,-413.835,159,205,1751
13047.5,49759.4,-2321.62,216,262,2394
6073.27,5328.38,2920460000000.0,12,99,321
3733.74,596.595,-537.62,5,43,52
5464.19,1992.17,-1259.7,8,77,165
6075.99,4134.36,-1425.57,264,88,318
5764.13,10801.8,735.867,260,102,764
8858.04,19934.9,-1776.8,178,151,1023
6057.99,4354.71,-1709.7,14,82,273
11624.0,92106.0,-5656.0,40,236,4059
4076.15,1540.45,-955.72,4,55,133
4068.56,2385.72,-1268.9,17,63,184
10155.6,27080.9,-866.604,151,172,1412
3352.55,682.631,72.662,5,31,53
3472.31,548.106,-261.3,14,43,52
4475.5,1012.94,-1374.9,21,66,101
4357.19,2661.36,-596.46,36,65,202
8004.08,7714.0,-2038.0,75,126,458
3985.71,1563.39,-855.83,9,61,134
13760.3,67126.1,-882.187,164,223,2822
14655.5,77912.6,2105.79,288,320,3466
9626.08,40151.0,509.695,225,159,2181
5709.89,6968.55,-321.0,12,95,549
14089.8,47926.5,-738.083,173,273,2061
18306.4,196636.0,-1.79794,155,390,7459
6091.01,1065.9,-1504.3,10,57,76
10540.8,43162.1,-1505.02,130,197,2257
3378.78,668.33,-350.92,5,31,53
11200.4,43835.0,-1264.15,22,197,2257
5381.75,4246.37,-1368.29,19,79,317
6277.07,5248.37,-1275.53,7,99,321
22075.1,201800.0,-9148.0,101,467,7223
9945.83,26670.5,-570.89,159,158,1403
8983.84,10560.2,171052.0,19,139,587
11988.4,59211.0,-5768.0,27,222,2327
4344.46,2432.01,-603.82,27,63,184
6921.6,7784.74,-2512.6,11,117,427
5739.43,4971.15,140907.0,23,85,343
4397.49,2343.71,-125.584,94,77,205
11137.4,23310.5,-1243.74,36,176,1313
7873.06,9304.32,-1231.11,182,107,517
17755.3,188960.0,-13032.5,287,498,7108
4889.58,2965.96,-267.28,32,65,202
12044.9,49263.2,-4494.2,223,262,2394
16753.7,157814.0,3525.04,196,359,6068
4490.11,2019.9,-73.184,23,75,165
4694.66,1983.21,-681.263,113,66,166
3963.16,1452.75,-759.814,159,52,133
12164.9,36867.5,-2291.65,13,225,1755
4701.54,6775.0,72.076,35,68,481
5246.75,2780.5,435.323,22,77,244
8708.28,21326.0,-2007.0,31,136,1110
20404.9,249306.0,-12530.9,291,537,8350
6168.04,1181.3,-1367.0,3,57,76
10686.3,43507.0,-4075.0,98,182,1993
12470.6,72870.0,8144.57,188,262,3211
7022.92,17753.1,-2047.8,9,128,1065
10256.7,23732.5,-1131.63,76,152,1165
7603.62,8922.63,-17.926,21,130,515
8592.29,37612.0,1852.35,184,193,2118
8714.45,37866.6,-3477.47,43,180,2054
8396.05,10864.4,327164.0,29,140,590
6933.84,8838.43,27053.5,79,95,543
9003.93,11437.6,338.735,127,156,654
33310.4,617204.0,-19392.0,168,701,15881
12868.7,141237.0,-150.684,55,308,6057
19646.0,267704.0,-5990.0,77,357,8465
7927.88,12959.2,-1997.91,14,132,806
13028.3,80036.4,-4908.75,42,272,3539
5954.18,7304.41,-847.659,76,93,545
8821.69,10552.6,-792.386,136,139,587
12005.9,37143.5,-1872.05,115,166,1111
14623.4,74917.0,-8472.0,55,314,3057
4643.19,781.107,-1966.0,8,54,64
12921.6,49574.4,-3327.45,221,262,2394
10245.2,12148.7,384823000.0,35,136,619
9141.66,16149.0,-2614.0,18,155,845
4679.52,2306.14,950.0,25,75,165
3850.5,1457.8,-778.258,162,52,133
7505.63,15335.4,483.856,107,134,970
4611.0,1085.24,-101.11,12,62,100
19567.0,274282.0,5681.9,309,420,9137
3338.33,677.182,-425.16,7,31,53
4063.34,6332.76,592.97,37,68,481
5065.16,3126.55,-2464.8,4,65,202
11137.3,48337.2,-3724.85,85,190,2118
13565.4,87069.0,-6351.0,48,293,4245
8841.55,28463.2,-1492.11,116,132,1513
16667.0,161776.0,157893.0,175,352,6744
16790.2,186612.0,-8862.0,190,360,6978
6586.2,5243.29,239243.0,55,79,292
11957.7,53948.8,-859.41,51,220,2461
5027.02,3128.27,-573.522,151,71,249
13000.5,98019.0,209.293,179,273,4429
5794.94,7334.88,-951.76,80,93,545
8171.24,15980.0,-4727.0,63,166,980
4610.07,2347.21,-1297.2,3,61,184
4492.86,2474.33,-842.13,3,61,184
5359.77,5616.9,-1341.0,5,89,425
13327.9,99497.5,-5176.73,174,281,4061
10395.4,10366.4,-1569.11,102,154,587
7189.14,13897.0,203749.0,31,120,809
10892.9,41214.8,318.443,160,227,2059
4361.17,2025.5,677.84,27,75,165
16318.3,137623.0,-10812.6,338,449,5537
3470.55,706.175,245.82,6,31,53
4057.04,2366.99,-1001.8,24,63,184
4618.16,2963.56,-923.96,23,65,202
6295.24,7771.56,-2229.5,23,102,517
7980.65,7686.05,124813.0,56,109,486
6493.59,13159.1,-1653.96,183,96,804
9963.74,32932.1,6437.43,116,176,1922
7132.41,5616.03,-967.265,42,79,292
13150.3,40374.7,-4676.35,125,234,1581
6150.42,6357.78,-2175.4,17,108,424
10606.5,37249.6,575.726,34,205,1751
23482.0,280574.0,323436.0,308,468,9276
4750.02,2150.43,-294.03,21,75,165
14868.9,107516.0,-8033.0,53,306,4717
17599.6,161204.0,-3882.49,243,352,6744
7719.36,8935.28,201.1,14,130,515
9170.52,27512.3,-3246.47,106,166,1414
8859.16,13635.4,224408.0,117,148,729
4042.09,2194.64,-878.918,181,54,165
6863.8,7729.78,-2575.6,11,117,427
12170.8,112477.0,-5962.0,30,294,5218
6488.52,8111.49,-1534.5,12,108,549
11316.0,84042.0,-4844.0,52,267,3971
10878.2,39382.8,-1029.54,159,205,1751
15770.8,89251.4,24097000000.0,93,289,3710
11500.7,46807.0,-756.0,31,229,2463
4208.01,2294.0,-403.41,15,63,184
11366.4,53829.0,-2356.0,13,216,2329
6239.9,9634.24,-966.475,24,104,652
25120.8,289032.0,-3137.18,292,537,8350
6301.48,17731.0,-3406.0,18,125,1106
6501.29,4261.38,-874.653,22,101,270
5598.91,1102.0,-826.0,24,66,63
17571.5,262096.0,-10118.0,53,381,9528
4140.46,1395.0,19975.8,153,52,133
13094.8,61047.0,-4966.09,34,247,2754
4234.54,381.262,1073.6,11,54,28
9338.26,16534.1,-482.142,112,160,976
7743.86,13411.5,416.2,116,170,771
12340.6,36718.5,-1249.67,138,225,1755
7595.99,13985.6,-491.84,9,127,802
3207.59,1871.14,54347.5,8,43,161
3967.4,4031.06,-677.88,79,72,340
4434.46,1037.2,-632.83,28,62,102
3928.2,2188.49,-1164.26,51,54,165
11636.8,37173.9,-5424.87,162,225,1755
10505.2,47495.1,1010.87,65,190,2118
4635.28,2198.65,-1581.4,11,71,188
6271.01,11710.2,-634.374,89,102,764
11171.4,125214.0,-4446.0,77,247,5830
10857.7,41083.0,-5391.0,56,194,1872
16823.4,202504.0,-9091.0,87,432,7464
17446.8,117724.0,-8942.0,60,371,4347
7566.74,11164.1,-2247.1,19,121,622
14615.1,48902.1,2768.88,146,298,2196
12394.9,55797.7,-1931.4,61,220,2461
6290.34,4800.87,-1778.2,15,107,319
7052.55,9797.13,884.54,21,115,547
6246.33,2230.07,-829.113,163,82,185
12258.6,68529.0,-5709.0,59,268,3290
8181.61,4503.45,7944.68,90,131,271
9051.81,16479.2,-1610.42,50,160,976
3617.73,585.612,-855.32,4,43,52
5345.31,4244.03,-1228.0,17,88,292
4113.11,1532.9,-1006.5,4,55,133
9735.02,39462.4,9585.27,219,159,2181
15257.5,218754.0,-11806.0,91,434,8475
4961.85,1199.41,-492.47,15,62,100
7869.98,4806.75,-1037.51,101,131,271
18127.6,206348.0,-7679.0,143,383,6080
6078.13,4149.47,-1143.24,266,88,318
14600.6,109954.0,-7245.0,48,323,4253
24161.7,363088.0,-13063.0,369,604,11142
12606.5,51416.0,-8133.0,181,295,2263
11933.6,34396.1,2369.2,48,210,1213
14621.1,102028.0,280092.0,45,283,3965
6226.32,4178.11,-1421.39,80,88,318
14500.5,86511.4,-731.867,53,291,3799
6132.72,3843.0,-2042.0,11,100,248
11718.7,55384.0,-6353.0,349,273,2603
5454.6,3424.95,-633.1,136,51,132
15947.4,236801.0,-11443.0,450,384,9123
3444.16,667.619,147.38,6,31,53
3338.66,662.875,146.48,3,31,53
6630.27,6490.83,-1854.94,23,100,485
14303.3,86256.1,-757.107,55,291,3799
14848.1,52804.0,-5029.0,36,250,2062
14453.3,93126.0,-9233.0,53,290,3803
8407.73,4725.64,-834.903,29,131,271
21268.5,168238.0,482374.0,332,449,5537
9244.1,39125.5,-798.791,69,196,1885
7835.56,12661.8,-494.149,32,130,694
4537.39,2871.79,-285.11,19,65,202
7344.57,13663.5,201123.0,16,96,804
3789.6,524.911,-727.4,7,43,52
6849.81,16163.0,-1955.3,21,125,1014
9966.12,19698.0,-4183.0,55,193,982
9036.52,20834.2,-43.5155,134,145,1156
6365.69,5133.62,-2562.5,13,109,317
20560.9,273564.0,6056.17,295,420,9137
5632.47,11884.0,-1308.0,102,96,801
10077.1,14797.3,-1352.9,44,143,771
9503.19,30629.4,523842.0,141,179,1626
17763.7,160111.0,1660720.0,213,359,6068
12980.5,63271.3,10313.0,42,279,2979
7604.96,10728.4,86514.6,176,114,689
5530.95,7126.37,-753.618,15,93,545
5890.73,4549.72,-878.385,84,72,340
3392.3,672.504,118.33,3,31,53
6635.31,16776.3,-2340.0,7,128,1065
9611.58,12257.9,1000.6,21,152,693
5041.05,2811.0,-922.445,117,77,244
17435.0,172004.0,-9250.0,75,371,6516
7640.7,15608.1,-2108.91,93,134,970
8902.44,12778.7,130.419,122,136,619
3512.45,664.344,137.74,4,31,53
6053.03,12784.6,-714.54,13,103,883
5496.61,2499.11,339.02,1,81,169
7903.32,13670.4,55.634,35,127,802
3784.4,462.435,-657.93,1,36,35
3485.02,652.776,418.45,5,31,53
6884.18,7868.16,-2288.7,11,117,427
4327.24,2404.82,-845.21,6,61,184
14124.2,95898.0,-6454.0,58,282,3978
4512.81,1038.05,-316.03,28,62,102
6400.93,1929.27,-1169.93,37,71,103
14495.8,145377.0,-378.036,204,308,6057
3673.45,2508.4,-1187.9,28,63,184
8383.06,16050.0,-3858.0,8,169,892
11966.2,25915.0,-4701.0,139,201,1066
5764.54,12742.4,-1944.7,20,103,883
7413.56,14763.3,1885.21,73,134,970
19595.3,411179.0,-6934.27,57,463,14125
4179.22,2247.95,-816.915,51,54,165
10981.0,23540.8,-1501.29,46,176,1313
14388.9,95079.3,1149070.0,50,294,4249
12494.2,85396.4,-3868.63,56,291,3799
13200.9,91204.3,-1263.01,214,254,3885
6899.39,7915.09,-2077.2,12,117,427
9789.43,17039.7,-3691.02,23,172,973
7135.89,12424.8,-1173.9,131,123,726
7891.32,5394.16,-608.589,41,86,205
11362.7,29042.7,-3292.24,93,214,1469
12973.2,50791.0,-6804.0,151,288,2328
7375.64,5731.0,-1290.0,16,95,343
5441.75,3972.88,-1099.02,120,85,269
8326.85,14275.8,-985.383,92,140,845
11803.2,82563.0,-5875.0,36,229,3792
3762.5,515.023,-860.17,7,43,52
7504.03,9344.92,549.986,18,138,554
14800.2,63884.0,-6647.0,29,249,2899
4816.0,2135.33,-66.691,16,75,165
9107.27,27297.4,-3536.88,120,172,1412
4733.09,2561.82,-889.78,28,63,184
3654.11,464.326,-782.7,3,36,35
17883.0,159892.0,-6749.95,96,359,6068
15391.2,223571.0,-8300.0,88,333,8334
6705.08,2361.52,-37.812,6,76,165
3627.24,497.21,-637.67,3,36,35
7759.06,15665.0,-1678.73,94,134,970
15552.8,177506.0,-1428.94,217,367,7087
4809.48,2228.07,-1703.0,11,71,188
8002.74,16577.0,-2570.0,19,129,928
4175.67,2836.9,-698.8,29,65,202
20277.8,275472.0,11136.0,52,420,9137
21907.7,410943.0,5882130.0,72,473,14125
23940.4,588085.0,-11491.0,141,616,16961
19919.7,274817.0,8011.92,318,420,9137
9347.44,37924.6,-2471.9,40,180,2054
13854.5,52665.7,22.0344,48,288,2334
9715.44,38207.0,-3087.0,151,191,1989
12606.1,64422.3,-4842.64,47,240,2751
6977.86,9223.56,-1047.19,130,95,543
3699.66,537.419,-926.54,5,43,52
16777.8,161050.0,-3867.89,227,352,6744
3387.17,666.334,216.76,6,31,53
3839.63,1203.14,-868.83,9,55,88
6603.14,5069.53,-1069.45,12,99,321
11995.3,61105.0,-5288.25,29,247,2754
17450.0,120164.0,-7539.0,66,347,4535
4934.29,6386.74,-431.69,23,68,481
4406.54,2569.25,-663.8,13,63,184
20769.2,413816.0,797.103,59,466,14125
7686.51,13271.0,-2939.5,2,125,694
5994.58,6892.23,-3621.2,25,92,485
5024.28,1842.96,-1496.2,3,70,131
4372.06,2222.78,-1259.8,3,63,184
4202.86,646.536,-758.59,17,58,43
12340.8,85364.0,453221.0,116,301,3369
7136.9,11434.2,-753.873,132,111,651
6346.72,7181.79,-1066.6,78,118,426
6017.14,5331.24,-717.05,9,105,371
5823.06,4325.84,-1451.4,17,90,0
8535.77,13612.0,-2839.0,60,162,844
8920.44,25745.0,-4448.0,85,168,1358
3251.51,662.843,403.21,6,31,53
8139.72,12663.0,-2774.0,77,132,735
16946.0,157799.0,1147.99,204,359,6068
13173.2,87209.6,-2333.59,57,291,3799
6318.89,5122.95,-1164.66,14,96,347
6830.9,6359.58,20957.8,114,95,427
3713.09,397.681,1614.3,11,54,28
5533.73,2001.06,-1199.5,8,77,165
4879.29,2786.52,-627.45,15,65,202
13591.7,51944.5,958.21,61,288,2334
4201.24,1333.31,-1264.7,1,57,129
7622.19,5186.21,50509700.0,25,96,347
15695.0,60371.0,-5513.0,53,307,2468
3787.18,458.519,-697.38,3,36,35
7770.21,14298.4,784.82,28,127,802
12939.8,42689.0,-7420.0,155,264,1873
10700.9,23652.0,-785.819,45,176,1313
16977.7,405596.0,-11372.0,94,439,14806
14597.3,231850.0,-7548.11,110,340,7359
5412.73,2898.8,-1019.6,6,65,202
8603.15,53427.0,-4363.0,17,192,2964
4327.93,2690.68,-313.45,26,65,202
6114.22,4368.0,-2367.0,2,62,133
10602.0,35209.8,-1368.87,33,208,1691
5043.76,2336.24,-1553.0,12,71,188
4877.97,2218.05,373.35,37,75,165
4152.84,489.132,497.57,23,65,35
4979.3,3219.61,-1000.22,14,71,249
22456.9,350437.0,69273.9,262,440,10967
6474.22,5309.06,-1099.15,54,79,292
6919.57,9022.11,-1068.05,4,95,543
18192.0,296485.0,-14178.0,373,512,10113
5444.52,1127.71,-1565.7,2,57,76
19362.4,430144.0,-12026.0,340,494,14646
8675.28,4860.28,-1248.23,35,131,271
8265.65,32933.8,-1071.29,21,148,1919
4982.97,1738.93,-1072.2,2,70,131
16580.6,143577.0,101627.0,77,362,5847
8921.63,16699.0,-3202.0,17,108,486
7663.67,9024.2,-11.672,23,130,515
9033.12,11982.0,-143.355,13,117,519
6666.03,1724.25,-837.98,31,71,103
8776.79,16302.3,17644.4,47,160,976
6607.5,12301.7,-1038.64,17,123,726
3367.45,665.769,170.98,4,31,53
10984.0,43581.0,-6839.0,191,230,2061
19822.9,471164.0,-12695.0,78,531,16585
14894.4,135983.0,-99.7335,199,279,5626
11468.8,42301.0,-5005.94,156,227,2059
6188.47,8177.77,-3529.1,7,106,549
8831.96,25518.0,-3394.0,28,150,1355
4569.99,2873.69,-1426.3,24,65,202
14505.4,185774.0,-7643.0,59,335,7099
7297.16,17837.2,-1404.0,8,128,1065
12134.3,79074.2,-5215.27,38,272,3539
11415.1,53379.0,-6903.0,114,237,2607
4670.71,2033.57,411.91,27,75,165
13868.0,68890.9,6117.2,171,325,3143
9129.88,25326.5,-3529.51,115,166,1111
6804.19,7764.94,-3293.2,12,117,427
9036.13,17215.3,-3097.38,35,183,931
20225.9,276098.0,2565.9,37,420,9137
4294.7,1688.14,-535.45,10,61,134
11960.0,33511.4,1558.0,59,210,1213
10073.5,23619.0,-4336.0,29,175,1308
12284.0,79279.3,-4387.2,43,272,3539
6146.41,4011.58,-347.27,13,100,294
5125.98,3760.26,-1038.43,120,85,269
7159.83,5454.07,-1017.48,41,79,292
4727.05,1826.56,-241.25,11,61,116
4325.39,643.465,-934.76,16,58,43
3556.3,658.339,219.31,4,31,53
4059.45,2305.89,-857.68,12,63,184
3371.25,700.661,232.71,3,31,53
6078.46,11214.5,-2118.63,5,105,765
4591.21,1047.92,-1401.7,19,66,101
11993.7,48511.1,-3890.08,130,215,2188
4310.13,674.45,-506.49,16,58,43
10459.2,33487.9,233.301,225,171,1747
21346.9,516904.0,-5297.25,313,540,18067
7899.36,12983.4,-2041.39,15,132,806
12642.6,49691.4,-3092.67,222,262,2394
8234.58,9393.25,-2828.83,16,135,587
4083.39,2310.6,-908.917,185,54,165
6725.32,5383.21,-792.445,50,79,292
10405.7,58812.0,828.827,302,217,2904
4171.93,2158.09,16779.0,20,54,165
5907.15,3857.99,876.98,34,100,294
12838.8,89600.0,-8601.0,31,289,3546
10626.2,40092.2,109638.0,215,159,2181
4131.23,634.29,-417.63,16,58,43
4653.24,550.165,184.51,20,65,35
8828.36,12154.8,2168.33,109,128,693
3599.41,1435.1,-874.637,155,52,133
5238.34,3428.73,-690.509,137,51,132
8924.53,12203.7,2379.3,35,152,693
6888.95,10446.0,-2584.0,46,112,689
7373.28,9229.25,-403.029,19,138,554
9260.08,16743.2,194031000.0,85,142,844
9088.79,25322.0,224254.0,27,157,1519
3536.35,552.99,-329.78,15,43,52
7143.43,17970.0,-3996.0,2,110,806
14658.5,87763.9,-6121.49,94,301,3369
8427.75,26482.7,-396.609,123,156,1521
4359.2,539.597,223.4,26,65,35
11426.4,36350.6,-5226.07,199,225,1755
8747.08,11965.5,-932.464,64,128,693
9426.55,12427.0,-5505.0,31,220,661
6305.26,4342.0,-2608.0,17,100,270
12962.5,73896.8,-668.434,28,249,3630
3626.14,469.906,-1039.0,3,36,35
6984.04,7115.31,114771.0,13,118,426
12696.0,49791.0,-6624.0,53,288,2258
7664.39,9918.2,118139.0,207,107,517
17038.2,158398.0,1209.2,199,359,6068
16062.3,188174.0,-9328.0,54,321,7328
21592.6,399506.0,-15413.0,105,502,12822
12193.3,54999.1,-1027.2,44,220,2461
3465.23,579.516,-817.1,13,43,52
9820.09,24293.0,-3108.0,32,180,1360
10744.4,36398.0,-5427.72,166,225,1755
9875.26,26181.6,-755.613,37,174,1415
8410.34,11166.5,-1693.06,181,156,654
11730.0,29321.5,-3669.3,11,179,1212
3597.44,444.404,-792.46,3,36,35
12864.1,72522.8,79265.1,33,262,3211
6086.89,5215.34,-1516.3,8,105,371
5197.06,3842.0,-1612.0,22,86,268
15302.5,89798.6,100540.0,84,289,3710
3781.81,461.775,-616.01,3,36,35
7878.97,26613.6,-2907.87,147,156,1521
7292.73,9366.19,-977.766,23,138,554
7572.74,9130.03,-965.671,211,107,517
7217.76,5265.63,-1144.08,194,107,346
12998.6,138685.0,-5435.48,142,279,5626
6381.04,5072.71,-1179.58,113,96,347
4092.41,1391.76,867460.0,115,52,133
3767.33,544.387,-519.7,7,43,52
7419.06,7846.0,-1990.0,15,115,457
11538.8,38492.7,2489.58,38,235,1818
8063.98,14985.9,-38.918,20,127,802
11096.8,55707.9,-1283.3,174,209,2967
9340.01,20473.4,-3027.5,111,163,1162
8110.61,8621.56,1355.0,40,144,553
11332.2,41591.0,-3043.62,135,227,2059
3703.52,495.741,-626.6,0,36,35
10398.1,37471.9,-3386.73,32,196,1997
15579.1,99985.0,-4230.0,133,309,4069
11946.0,54027.1,-34.798,48,220,2461
13425.3,98176.2,3892.38,187,281,4061
15456.4,165029.0,-1496.0,47,320,6391
12574.2,60940.6,-726.659,208,214,2600
10193.3,35235.1,34474.9,192,208,1691
4336.56,2115.41,-1558.6,10,71,188
7700.06,13268.0,-2840.5,2,125,694
4148.06,347.864,1034.4,11,54,28
6116.53,4001.11,-907.8,12,100,294
8692.08,21348.9,-171.98,36,143,1203
8794.18,19426.0,-4277.0,32,164,1069
6147.81,10952.5,58497.9,19,102,764
3782.15,433.816,-764.3,3,36,35
11845.1,34203.6,1669.3,52,210,1213
4302.85,2472.48,-1324.1,16,65,202
7690.91,14003.4,306.88,21,127,802
8739.03,25322.2,-230.934,36,157,1519
4971.98,1583.81,-1090.1,6,70,131
6014.49,15297.3,-2163.1,13,125,1014
12975.3,36364.7,-1385.62,150,225,1755
15495.0,157578.0,3000.9,122,310,6737
5192.44,6542.65,-29.059,17,68,481
3505.96,525.025,-440.73,4,43,52
7603.68,12582.9,-1273.8,116,130,694
4618.97,2121.46,513.15,14,75,165
6404.48,5855.0,-1791.0,29,83,369
12182.8,38985.2,-1899.35,115,166,1111
9907.24,38167.9,9953.77,43,180,2054
8186.08,9430.75,-2739.07,183,135,587
8353.36,8722.92,2491.1,36,144,553
15706.9,76086.0,-7846.0,47,306,3062
5528.27,4595.4,42677.0,14,79,342
5028.69,3199.75,-1774.2,16,70,205
4844.38,2860.81,-1121.71,18,77,244
4230.38,424.123,672.35,11,54,28
4157.75,1325.04,-1168.1,1,57,129
3723.73,426.981,634.12,11,54,28
10423.0,58986.5,2076.75,308,217,2904
9592.1,32863.7,6142.57,110,176,1922
10666.2,28656.1,-937.309,60,194,1521
6410.8,7012.0,-2129.0,18,113,483
24332.2,248069.0,25398.6,312,537,8350
13420.4,41549.1,-2385.97,236,278,1938
12229.9,48393.0,1183860.0,89,166,1414
3804.65,2277.22,-983.42,12,63,184
11786.7,45083.2,-4128.11,156,223,2059
4942.28,2491.79,-1086.6,17,65,202
9009.75,12611.2,-2590.0,101,136,619
21498.0,410689.0,-7372.0,66,473,14125
8087.36,21649.0,-5202.0,23,148,1205
6188.39,1082.74,-1349.2,7,57,76
8371.16,9432.37,-630.623,16,135,587
12055.9,41302.0,-4261.0,114,222,1876
8448.12,13295.0,-2510.0,16,110,618
11931.9,54134.6,-411.71,45,220,2461
3703.12,444.568,-810.87,3,36,35
12138.7,64057.0,-2971.0,40,229,2750
14185.6,59440.8,1560.14,148,305,2610
11806.2,146406.0,-8457.0,36,287,6283
9761.2,34220.0,-4547.0,23,188,1991
10406.8,23635.6,1561.34,108,182,1212
4482.08,2346.3,-1262.3,7,61,184
10820.9,52155.9,553.284,181,209,2534
14904.8,60452.2,8887.7,155,305,2610
8246.7,9240.44,-1249.92,95,138,554
17079.9,258219.0,-10581.0,61,437,9683
8558.66,10569.0,-3857.0,42,140,551
14429.2,78801.0,4416150.0,279,320,3466
12826.5,55250.6,261051.0,150,218,2391
20124.1,146034.0,-5113.58,331,449,5537
9810.81,29305.0,-5126.0,32,197,1420
4468.23,1679.5,-614.14,5,61,134
3978.24,2297.21,-1284.5,18,63,184
3776.39,544.548,-812.93,7,43,52
11293.7,37432.5,-528.604,165,219,1875
4009.44,6148.4,-728.73,33,68,481
8861.52,11511.0,22510.1,130,156,654
5416.16,7560.53,-600.66,15,99,583
5902.43,3597.76,-637.278,130,51,132
7314.86,12236.0,-2798.0,49,123,691
22061.1,256686.0,191801000.0,268,540,8870
9979.91,27154.2,-3383.19,130,172,1412
21467.1,276230.0,-4.41918,287,420,9137
5662.5,6699.0,-2874.0,30,92,456
15618.5,87972.0,-294.344,89,301,3369
6400.82,9159.26,-1887.4,25,100,551
10347.1,28286.0,-1428.67,52,194,1521
12738.3,70459.9,5757230.0,176,262,3211
9447.34,25763.7,9234.81,152,174,1415
6189.45,6287.48,-1833.0,16,108,424
10127.6,47418.0,-6411.0,24,222,2254
3432.51,669.047,-313.66,6,31,53
4463.73,6729.86,205.75,32,68,481
14093.4,52579.3,-1542.87,188,288,2334
8114.37,8825.36,887.91,37,144,553
14396.3,144534.0,-118.126,302,308,6057
6401.68,3980.33,-673.38,12,100,294
3611.28,494.288,-916.33,3,36,35
9252.19,14009.0,-2288.0,13,164,770
7974.83,9998.42,-1298.9,15,123,621
17828.8,195418.0,-2183.86,156,390,7459
11202.0,37896.9,-1417.24,126,205,1751
4237.0,2211.14,-1379.2,4,63,184
4520.84,2131.51,-1178.2,3,61,184
8732.83,37780.9,-3090.77,46,180,2054
12128.2,108562.0,-5961.0,99,302,5020
6204.57,7989.69,-3020.6,4,106,549
16486.3,264212.0,5911720.0,112,346,7851
4104.36,2323.15,-1043.2,6,63,184
7537.74,9274.98,-1223.66,96,138,554
4357.52,1988.11,-724.105,114,66,166
15269.1,124305.0,-9160.0,66,327,4632
13005.1,93830.8,-843.88,193,273,4429
12020.4,34032.7,-530.632,127,234,1581
6876.55,7884.25,-3403.8,12,117,427
4320.46,2597.09,-1139.7,19,65,202
4070.86,2462.18,-662.38,37,63,184
4355.11,2695.93,-1364.7,20,65,202
12111.6,38388.0,2871.84,46,235,1818
14663.7,91533.4,-1810.25,213,254,3973
3737.41,592.438,-732.89,5,43,52
8363.93,9132.52,812.91,39,144,553
29772.3,844064.0,-12720.0,134,745,21699
3354.45,614.937,310.14,13,51,45
11126.9,47950.0,-3592.0,30,187,1997
4425.42,2589.56,-464.45,17,65,202
9967.21,36667.8,265140.0,35,196,1997
4845.89,2852.97,-1154.04,20,77,244
8196.45,11759.7,-1810.58,60,128,693
5290.76,4255.04,-131.811,21,79,317
8471.36,16923.2,-2753.69,21,142,844
7017.13,4458.68,-1852.5,5,110,294
12002.0,56308.1,-2259.64,29,209,2967
8923.31,26962.4,-3682.41,125,172,1412
3923.77,712.891,-855.23,14,58,43
13097.5,60734.0,-2188.26,32,247,2754
4444.86,1262.84,-95.03,11,59,101
3379.89,706.206,158.43,4,31,53
23359.7,515803.0,174486.0,312,540,18067
6702.51,8128.52,-2071.63,83,109,486
7162.64,4139.57,-1400.02,11,101,249
5400.68,2173.77,410.23,23,75,165
6458.54,13652.0,-2561.0,64,109,887
6424.64,5064.79,-1180.22,113,96,347
4306.94,2756.16,-807.4,31,65,202
20116.0,250425.0,-12163.0,281,540,8870
3908.54,2365.79,-1451.2,19,63,184
6583.61,17018.7,-2672.0,12,128,1065
13276.1,72383.8,22044000.0,159,262,3211
3791.84,2257.98,-547.39,28,63,184
10637.8,43630.6,-728.375,125,197,2257
10552.5,34485.6,-118.026,30,208,1691
3573.18,467.41,-574.0,3,36,35
12359.9,95573.0,-6850.0,197,256,4156
10732.0,76700.0,-5893.57,32,252,3882
4889.01,1035.28,-789.17,23,62,102
3684.2,388.242,1433.7,11,54,28
13240.6,94419.0,-1092.59,188,273,4429
5981.63,2685.79,282.55,9,81,169
13172.3,90527.0,-4731.08,213,254,3885
7097.59,4502.6,-1948.2,5,110,294
6123.87,2104.08,-885.267,15,82,185
12791.7,57341.1,-36.618,42,220,2461
3435.22,574.419,-581.43,14,43,52
5224.65,4231.68,-1449.14,14,88,292
4477.0,6349.15,412.26,15,67,481
16899.1,98475.0,-6292.0,65,299,2605
14435.7,191551.0,-9974.0,93,324,7817
15330.6,200847.0,-6703.0,58,332,8071
12266.9,55772.6,-3126.4,48,220,2461
5934.42,2563.27,477.17,11,81,169
19078.9,115932.0,-8056.0,63,405,4071
3990.81,2137.59,-614.62,4,63,184
7376.34,9414.47,2097.51,102,123,621
6244.94,1969.38,-638.395,13,84,136
15489.1,165689.0,918040.0,48,320,6391
10203.0,30253.8,-793.187,45,171,1747
7021.51,6268.72,-1066.96,83,95,372
24145.2,277786.0,-705.206,289,540,8870
8855.42,15999.9,12711.9,104,160,976
4439.58,2717.7,-910.83,21,65,202
10644.4,37710.8,-2486.53,30,205,1751
13158.6,39255.0,-5186.0,50,273,1695
11559.4,43948.9,577075.0,92,166,1414
4523.67,475.053,192.61,22,65,35
12130.4,78703.8,-203.43,41,252,3882
7927.31,9248.03,-1363.88,21,138,554
22043.5,236918.0,-6127.0,55,382,4631
20645.9,170888.0,11517400.0,288,449,5537
3858.37,1433.37,-454.103,2,40,100
12263.8,63476.0,-3788.0,141,232,3132
6131.04,10362.3,-2079.18,21,109,689
5428.84,2637.81,681.95,4,81,169
10181.4,67471.0,-6430.0,29,206,3203
11383.5,37936.4,-1757.03,84,166,1414
10409.4,25348.3,-1227.47,45,189,1361
5635.71,2256.0,-1618.0,53,97,171
15113.2,76156.3,242209000.0,208,223,3131
5511.18,4804.95,205980.0,8,79,342
6586.15,11428.0,-1041.46,87,102,764
9383.91,8760.0,-2413.0,21,119,344
12106.4,60134.0,-9203.0,126,263,2535
27564.9,473966.0,-13486.0,73,609,14484
12622.8,79552.2,2377.75,38,272,3539
4599.96,2832.64,-779.76,30,65,202
11495.6,41065.5,-1833.2,83,166,1414
14002.6,53529.3,1985320.0,118,215,2188
7533.98,9478.59,-2959.82,196,130,490
4312.05,957.363,-447.03,4,55,88
5253.72,4305.6,-911.505,19,88,292
6935.33,4579.13,-2180.1,18,110,294
8050.05,9500.2,-2223.53,206,130,490
10031.8,40276.0,-463.515,133,207,1995
26606.0,438191.0,-8733.0,92,482,7114
15338.7,86158.5,447879.0,98,301,3369
3364.68,669.607,26.033,3,31,53
10029.0,43070.4,-962.508,120,197,2257
12443.6,75380.0,-5810.0,38,252,3212
8835.86,12478.4,-1148.99,67,128,693
11316.7,31063.0,-4898.0,55,209,1468
11276.7,57250.0,-6695.0,148,229,2604
7676.98,14009.9,-1468.02,96,120,809
3747.51,1137.0,-872.0,10,52,101
3746.42,761.06,-2090.6,13,54,64
24033.6,270512.0,12740.4,287,540,8870
4174.34,6022.94,-113.92,18,68,481
6943.55,17346.0,-1834.0,31,136,1022
13085.9,76162.3,809.632,170,262,3211
6887.54,11511.8,-828.899,161,111,651
6329.92,10247.8,3633.36,24,109,689
14737.9,68217.1,3300.15,49,325,3143
4565.7,2537.93,-936.49,33,63,184
5678.86,5254.81,-1505.2,17,99,372
8958.15,12297.2,76814.4,69,128,693
6615.02,12131.5,-245.862,214,105,765
28334.2,515966.0,-14286.0,114,651,15005
5356.66,4458.23,-773.213,15,88,292
3806.18,1191.03,-921.04,8,55,88
3856.14,1986.45,-300.401,5,43,161
4759.77,2570.98,-864.05,33,63,184
4761.32,1636.93,-1661.6,6,70,131
4117.99,2847.95,-414.97,40,62,222
10362.8,26794.3,-830.224,121,172,1412
3336.39,706.466,208.27,6,31,53
10052.4,22843.9,331034.0,40,176,1313
4554.62,1009.61,-719.34,28,62,102
7483.49,10701.1,5381.8,47,101,584
6171.32,6900.0,-1596.0,6,99,454
14156.5,87086.0,-7748.0,77,293,3625
13289.6,49328.0,-5124.0,66,251,2062
4622.05,6337.22,-171.71,12,67,481
5044.38,3017.0,-1693.0,5,72,223
4404.81,2026.1,327.52,19,75,165
4799.63,2854.56,-1138.23,120,77,244
6631.09,10245.0,-2231.0,36,121,619
5734.06,7736.04,-903.675,94,104,457
4730.32,4498.0,1413.5,9,79,342
9786.99,17278.0,-5395.0,97,182,892
4027.89,415.439,1266.2,11,54,28
11504.4,43687.1,23037.6,152,223,2059
6241.84,8164.46,-3747.2,11,106,549
7595.18,4175.55,3175.42,34,86,205
4021.34,653.002,-335.26,21,58,43
16156.4,125054.0,-7554.0,179,330,4821
6478.3,5893.47,-1351.66,86,95,372
11991.9,53123.3,52718.6,146,218,2391
8674.76,9164.83,1055.0,42,144,553
5223.34,1380.06,-1413.66,42,71,103
14312.0,68733.0,-8257.0,63,307,3062
5132.79,2480.0,-1802.0,7,78,166
5204.55,1803.84,-1271.8,4,70,131
8668.16,12270.3,-404.595,128,136,619
7459.61,13954.6,1576.94,25,120,809
3667.84,611.923,-522.66,14,43,52
4392.78,6451.45,173.08,38,68,481
4143.13,490.202,534.88,22,65,35
4801.6,1974.4,-215.29,11,75,165
6649.0,5238.04,-1077.42,50,79,292
4542.39,6445.18,1009.6,13,67,481
14331.9,67587.9,-2947.68,119,224,2192
15360.8,160561.0,3762.9,112,310,6737
4724.31,1611.92,-1079.8,5,70,131
4430.61,646.248,-720.76,17,58,43
6303.03,5276.32,3073.39,106,96,347
3661.27,2339.0,-1937.0,18,67,168
6211.79,8140.68,-2682.7,11,106,549
18112.1,219938.0,-11279.0,80,380,7226
15156.7,202367.0,-8665.0,55,388,7588
12460.2,79840.0,-5845.0,94,234,3131
4471.27,507.312,-294.08,22,65,35
4444.66,2111.91,245.83,11,75,165
5160.11,1027.61,-1574.0,3,57,76
50895.5,2352450.0,-25390.0,302,962,38971
8046.35,15511.0,-515.375,92,131,971
10414.9,69386.0,-4704.0,74,220,3530
4058.82,2511.86,-462.36,35,63,184
15892.3,254272.0,-7411.36,110,346,7851
3755.89,549.165,-544.63,5,43,52
17760.9,163647.0,20584.5,208,352,6744
3956.37,6153.17,185.53,36,68,481
9203.42,14199.0,-3623.0,27,193,774
18443.4,148692.0,-5050.76,327,449,5537
4601.15,6361.86,-473.31,9,68,481
11823.3,71223.4,-6146.24,163,262,3211
3633.53,442.625,-497.2,4,36,35
9011.15,20828.0,-3285.0,48,179,1162
15817.0,81124.3,-1880.59,130,223,2059
4295.02,6568.44,-79.349,24,68,481
3785.62,520.102,-522.33,5,43,52
5911.14,7822.25,-768.26,25,99,583
11875.6,52851.3,-3056.49,125,209,2534
21338.0,276786.0,1.97007,288,420,9137
7084.13,4490.4,-2013.6,5,110,294
8676.28,9918.52,-3502.34,105,154,587
12242.1,71698.9,-5648.19,191,262,3211
11293.3,27883.5,166758000.0,79,214,1469
9942.52,17099.7,-2368.2,154,172,973
10605.2,40295.2,-1477.98,41,207,1995
4924.94,2107.4,73.555,12,75,165
17884.2,160592.0,-1563.44,97,359,6068
4394.19,1985.37,-822.417,111,66,166
10161.1,16629.0,484676.0,28,172,973
13738.4,87213.2,-1275.95,50,291,3799
10499.8,58030.5,-256.914,163,217,2904
8252.45,15360.9,-2361.8,38,141,932
8394.05,25649.7,-1028.35,27,156,1364
10787.3,43054.0,-5552.0,45,215,2060
3838.0,408.919,666.87,11,54,28
6191.16,13003.9,-1239.6,10,103,883
3996.78,664.004,259.17,23,58,43
16318.0,191669.0,-8499.0,230,358,7337
3843.06,553.378,-652.32,5,43,52
9518.26,28346.8,-4216.32,67,194,1521
24236.6,582468.0,-10073.0,92,540,19224
16438.5,189878.0,-9723.0,71,350,7587
14822.4,54955.0,36463.4,132,215,2188
3836.93,405.851,786.29,4,54,28
5788.74,7495.05,-625.18,103,104,457
4619.28,2643.35,-411.51,15,65,202
27980.6,579140.0,-8230.0,130,628,14318
12939.2,74769.0,-5990.0,38,247,3295
3491.66,707.503,249.87,4,31,53
3948.63,2400.92,-770.75,16,63,184
5450.71,4375.36,930540.0,6,79,342
5123.46,3615.0,-1011.62,123,85,269
8143.2,7649.0,-2771.0,42,144,456
11692.2,54267.8,-2867.8,54,220,2461
8761.07,11361.6,-162.149,128,156,654
16002.9,201826.0,-7738.0,41,324,7204
4691.87,2192.92,-1519.2,13,71,188
14814.6,131366.0,-7171.0,54,363,5639
7957.76,9406.06,-2418.9,183,135,587
11660.4,67476.1,-3052.71,188,247,3373
7397.05,8386.0,-1087.0,24,121,485
4448.39,2880.2,-899.18,36,65,202
6114.87,8130.95,-3563.7,11,106,549
3960.32,2515.18,-1154.7,18,63,184
8257.41,26603.0,-4922.0,10,142,1109
31805.6,298088.0,-5023.0,117,322,4160
4215.24,2778.38,-648.13,20,65,202
4961.86,2006.72,-861.77,14,75,165
6436.1,18889.0,-2737.0,24,123,1207
5415.45,4041.24,-932.33,14,85,267
8278.32,14548.2,-1513.68,18,140,845
12195.0,36679.4,-2669.8,16,225,1755
8658.02,16032.4,4813.84,106,160,976
3874.28,2238.34,-1082.07,182,54,165
8251.97,27451.5,1998.92,19,156,1521
23048.4,280847.0,1499.42,241,468,9276
6256.41,5516.2,-1908.38,18,99,321
11607.5,31959.8,1566150.0,39,203,1580
5652.44,8801.0,-2067.0,15,100,653
17067.9,139083.0,-8100.6,311,449,5537
14977.0,99576.5,-3791.14,44,281,3974
5850.64,4165.8,-1256.0,82,88,318
10835.4,41783.0,-7339.0,146,249,2067
4289.95,2099.55,-1582.6,10,71,188
12296.7,55074.4,902.298,152,218,2391
5507.34,1758.25,-1236.25,11,76,147
4205.46,2720.07,-654.06,19,65,202
5737.33,2023.0,-1661.0,53,83,131
9649.86,39735.6,-3383.22,65,196,1885
6813.74,11963.6,10234100.0,33,105,765
5685.59,7121.77,6051.01,70,93,545
13239.3,51962.0,-6367.0,129,272,2468
8039.75,12543.4,43575.2,27,130,694
12561.6,58455.0,-6627.0,127,250,2534
14202.6,52721.2,-506.782,214,288,2334
17099.9,164392.0,-463.772,222,352,6744
6509.7,5260.19,-825.37,17,96,347
6275.5,1791.2,-1030.87,38,71,103
4546.03,6694.37,-244.62,15,68,481
20382.5,151759.0,343986.0,301,449,5537
8285.68,11978.8,-1274.32,64,128,693
18146.2,198005.0,-854.689,166,390,7459
14770.5,103154.0,-9006.0,55,363,4536
6736.58,7061.08,82238.5,22,118,426
9528.57,10088.7,2287450.0,203,130,490
4288.17,705.215,-518.49,17,58,43
9264.53,11244.0,29642.4,127,156,654
8021.5,9422.24,-2919.42,16,135,587
13557.4,62237.6,134950.0,303,233,2897
5615.42,4566.68,627.308,68,86,367
3659.79,391.227,735.71,2,54,28
8671.31,14079.3,796085000.0,65,170,771
6112.95,8124.14,-3359.3,10,106,549
4877.88,1919.89,-525.69,5,66,164
6273.89,4067.9,-474.32,28,100,294
4408.2,2721.83,-853.55,19,65,202
9608.7,12291.6,-346.42,24,152,693
9852.21,37903.0,-3665.0,151,195,2118
3749.5,381.106,583.84,15,54,28
9886.06,32724.0,-4422.0,97,191,1692
4395.2,1939.15,-767.575,197,63,166
15361.9,157268.0,2020.3,124,310,6737
8263.85,16622.7,293.37,24,142,844
9178.0,17163.6,-3025.57,94,183,931
5702.15,8722.0,-1378.0,11,94,581
11368.1,74421.0,-6095.0,28,252,3291
6349.92,2092.0,-1710.0,18,112,152
12590.9,49856.9,-3909.87,34,262,2394
9963.93,22923.2,-8.10595,114,166,1111
9860.28,34489.0,-4138.0,33,184,1577
16166.3,165624.0,-304.172,45,320,6391
6748.7,7155.46,-1083.88,17,118,426
11039.0,36820.8,-4111.53,193,225,1755
7261.38,13103.0,-3057.0,19,144,768
10774.9,60252.0,-7011.0,25,273,2754
4447.11,2231.8,-804.6,11,61,184
7785.33,13902.1,306.31,27,127,802
8766.68,37885.2,-2890.44,41,180,2054
12695.6,52981.0,-6376.0,34,267,2541
3953.2,1223.93,-785.29,10,55,88
7256.53,10719.0,-2008.0,24,126,658
11924.0,41682.5,22206.7,168,278,1938
9618.57,32579.0,-4902.0,46,170,1689
3990.44,557.138,-1169.5,24,58,43
13425.2,61383.7,24967.8,295,233,2897
6793.89,6846.0,-2313.0,10,107,483
21803.0,202458.0,-10895.0,87,470,6758
3673.83,404.074,541.32,5,54,28
20712.1,163376.0,-9807.95,334,449,5537
14373.8,130397.0,-8112.0,54,324,5635
8685.76,18484.1,-4925.7,16,146,891
14433.5,70563.0,-4833.0,29,246,2680
3958.22,2042.63,-1646.8,3,63,184
15063.4,102328.0,-3641.52,46,283,3965
6185.5,8152.44,-2823.6,5,106,549
8425.36,9338.88,1810.8,38,144,553
9051.53,23420.0,-3110.0,27,179,1312
10030.0,20527.0,-2033.0,36,146,974
4350.47,2168.95,-1429.1,13,71,188
13032.4,52033.6,-2710.56,239,288,2334
8044.71,15336.0,-3084.0,21,137,852
5256.39,4218.52,-1481.82,85,88,318
19252.1,454805.0,-12489.0,321,431,15329
33130.7,745484.0,-17674.0,120,750,21046
7467.5,14101.5,-2206.23,100,140,845
7639.79,58695.0,-5861.0,1,181,3216
6184.71,1593.98,-1001.26,33,70,103
7692.03,8978.42,-956.802,209,107,517
11706.8,56090.2,-2218.94,183,209,2967
18828.7,220684.0,-7117.0,67,345,7333
9121.65,16653.9,-450.338,24,142,844
10499.9,26433.7,-939.405,23,174,1415
13777.3,135830.0,-2425.19,217,279,5626
3833.96,1198.16,-594.26,9,55,88
10772.6,43593.1,-768.53,123,197,2257
11951.3,60335.7,-5499.75,34,247,2754
3487.21,702.332,93.33,7,31,53
4097.73,1629.19,-593.87,8,61,134
8383.39,10145.0,-2080.0,29,128,620
4775.01,6381.14,507.75,19,67,481
12050.1,48336.0,-5349.0,40,250,2395
10468.1,35534.0,-1313.0,59,202,1870
8597.65,4738.19,7623.2,27,131,271
5564.3,7845.93,-1158.4,15,99,583
7226.94,10434.0,-3162.0,8,137,656
17875.5,246721.0,-9404.0,286,422,8995
4898.84,2276.39,-1454.1,11,71,188
5452.75,1090.08,-1629.7,3,57,76
13840.9,80409.0,-7526.0,37,317,3384
14744.6,136351.0,509.692,212,279,5626
18053.9,181843.0,1729920.0,80,367,7087
9149.05,20794.0,-3950.0,17,168,1111
14491.3,87622.8,1936.21,72,298,3369
10784.3,41619.0,-6288.0,54,213,2194
9800.25,74190.0,-5107.0,38,218,3534
10807.0,27160.8,-1801.73,36,214,1469
12094.6,29284.1,903.09,47,178,1410
4268.79,2582.66,-1322.3,10,65,202
6158.57,6137.0,-1644.0,52,93,428
9861.33,32352.5,1298.57,33,199,1696
8606.7,21935.8,1112.2,36,143,1203
7751.76,13284.3,-3000.1,3,125,694
9713.99,64663.0,-4476.0,34,220,3284
12303.2,36784.8,-1282.87,17,225,1755
17313.4,263464.0,-9186.0,182,391,9816
3839.63,2042.75,-1873.0,3,63,184
3388.9,664.323,340.53,3,31,53
3771.15,668.0,-1399.0,8,53,53
4131.69,6355.87,173.22,26,68,481
11393.8,29304.0,-3706.0,17,183,1162
6174.22,4468.37,-1884.62,52,86,205
4752.69,2943.55,-623.52,36,65,202
8786.37,16220.9,-1231.67,114,160,976
9602.23,25769.5,51225.9,163,174,1415
8745.78,30168.9,-1848.26,50,132,1513
6447.14,6827.22,10669.4,66,118,426
8716.21,22099.0,10817400.0,116,139,1108
6341.12,5166.51,-2898.4,17,109,317
10996.5,28150.2,262882.0,63,192,1467
6456.04,5578.59,-714.937,80,86,367
4115.19,6366.83,-6.7701,21,68,481
8044.52,14511.7,22.844,29,127,802
11590.3,32053.3,2859.46,35,203,1580
3923.4,1200.24,-827.17,10,55,88
7840.38,9384.22,-1787.94,183,135,587
14930.5,77055.0,3667.33,74,336,3302
13686.1,88139.0,-7833.0,76,301,3715
3709.7,544.165,-509.27,5,43,52
9581.38,29231.0,-4549.0,122,220,1637
9314.89,27428.0,-1348.41,168,158,1403
22161.7,409583.0,-1119.52,58,473,14125
8350.53,4565.62,-1886.21,92,131,271
5066.57,3143.79,-2718.8,4,65,202
9698.23,37502.0,-4882.0,57,204,1935
8074.57,12864.2,-1915.2,77,132,806
6253.96,8117.61,170.26,17,99,583
3276.94,662.908,253.52,5,31,53
4246.65,2782.67,-1225.8,27,65,202
12299.7,86305.0,-6213.0,186,245,3968
6490.39,6538.0,-2743.0,38,113,425
8910.9,20472.6,-878.656,173,163,1162
14289.2,103927.0,-795.425,184,273,4429
5547.83,7912.77,-2363.2,16,99,583
11735.4,37047.4,-3887.63,42,205,1751
16370.1,207550.0,-10863.0,56,405,7718
11947.8,36539.8,20737.8,157,225,1755
6889.86,17228.8,-2494.3,12,128,1065
12780.6,70303.0,-5343.96,186,258,3058
5521.03,4576.89,-144.16,61,86,367
5650.12,7625.5,-1236.59,102,104,457
15277.2,78903.4,1025550.0,142,320,3466
4393.54,3097.06,-1259.2,5,62,245
4447.91,3058.58,-244.41,40,65,202
5636.08,2648.0,-1341.0,6,80,226
21064.6,273912.0,-10288.0,69,428,9134
9263.17,14197.0,-864.873,107,148,729
22172.2,410654.0,662.123,74,473,14125
3581.73,544.146,-548.17,4,43,52
19272.8,211880.0,-12631.0,279,465,7599
4163.79,2266.58,-457.72,13,63,184
6068.66,1889.3,-728.996,41,71,103
6591.07,5304.13,-1001.0,54,79,292
12022.1,93624.0,-6505.0,84,247,4241
9004.63,29197.2,3081.31,36,179,1626
18857.5,184122.0,-6999.0,229,439,6991
10351.5,42931.0,-7379.0,15,191,1933
6884.72,12508.8,-1241.52,7,123,726
8633.3,14354.2,1195480000.0,65,170,771
7256.68,12383.9,-2613.83,27,123,725
4753.93,2218.65,156.06,20,75,165
6764.87,7736.9,-3224.6,11,117,427
14061.1,85909.0,-1747.02,51,291,3799
10885.9,39042.0,-4182.0,27,194,1636
24701.1,281528.0,154969.0,293,540,8870
8012.64,10998.9,-2120.49,124,156,654
10117.5,34002.0,-3828.0,27,175,1577
5291.96,4276.55,90119.6,20,79,317
11289.7,31819.5,4338.13,46,203,1580
15128.3,75426.3,129792.0,269,336,3302
6076.25,1783.3,-1277.02,30,70,103
20375.1,198417.0,783.498,219,403,6746
3849.8,1215.3,-425.78,9,55,88
4500.68,1994.72,-686.35,110,66,166
3981.95,2500.71,-1403.8,22,63,184
4483.87,1774.09,-428.56,8,66,164
4926.04,2179.33,-1132.7,6,75,165
7182.97,11307.0,-1738.0,25,127,694
20669.6,294545.0,-11767.0,124,534,10401
5593.8,2549.5,499.12,3,81,169
5863.01,13067.3,-1702.8,10,103,883
6797.84,5901.48,-1175.0,30,99,372
3537.51,1962.3,-451.062,7,43,161
4649.61,2213.6,-1190.3,3,61,184
11981.6,52241.0,-4987.0,37,214,1637
12332.5,60063.4,368319.0,198,214,2600
14586.4,94869.4,-2268.21,238,254,3885
7335.61,12507.3,3806.01,141,123,726
6343.61,8143.23,-3161.6,10,106,549
7507.47,9064.08,-364.6,9,130,515
3538.27,674.285,-347.6,7,31,53
3539.18,544.577,-381.64,14,43,52
5685.78,7235.22,-708.942,96,104,457
6291.49,5274.16,-443.88,11,105,371
8372.22,21600.8,33727400.0,78,139,1108
13255.6,60740.1,522.741,203,214,2600
4775.17,6360.42,585.08,20,67,481
5358.17,1430.27,-1439.79,42,71,103
5088.1,3134.01,-2562.7,4,65,202
10555.2,27580.2,-2375.78,30,172,1412
9776.61,40945.0,-5056.0,29,222,2125
11934.4,40793.3,-936.94,150,205,1751
9351.27,28616.9,16289.6,160,179,1626
12014.2,38392.6,-959.898,144,235,1818
14498.7,104133.0,-5402.51,181,281,4061
12819.1,93868.0,-6065.0,135,248,4057
18052.1,314550.0,-10434.0,95,419,11869
6215.81,5307.84,-1386.94,49,79,292
6931.82,4037.5,11765.9,13,101,249
20073.7,368507.0,-11947.0,348,492,12985
3430.93,667.228,103.93,6,31,53
9182.77,25382.2,-3514.36,115,166,1111
14925.2,210733.0,-6562.58,91,336,8195
5876.7,11109.3,-409.726,41,105,765
22078.4,352313.0,-694.379,256,440,10967
5613.6,1795.39,-1325.74,178,76,147
13918.4,106178.0,-8856.0,50,308,4156
18270.5,159138.0,71486.3,198,359,6068
7374.26,12623.8,-2166.07,15,132,806
4317.28,638.141,-591.23,16,58,43
8828.68,12094.6,1193.2,31,152,693
8525.26,15717.5,107939.0,49,160,976
4809.64,2167.17,-38.469,13,75,165
9177.95,16353.4,-2869.06,87,154,889
6432.88,8792.0,-2015.0,39,102,515
6141.52,7242.0,-2269.0,9,63,244
8250.61,33015.8,-427.981,21,148,1919
4810.32,2025.36,-788.89,3,75,165
6212.36,10182.9,-2181.72,27,109,689
28243.6,743884.0,-10156.0,104,532,17682
4795.35,3056.07,-859.793,104,67,224
19285.3,171885.0,-10018.0,276,389,6068
11295.7,56015.8,-1192.09,29,209,2967
7246.03,14334.1,-1538.34,30,120,809
10622.4,27523.1,24692.0,34,214,1469
5165.8,4544.09,158030.0,21,79,342
20893.5,155753.0,-10325.4,313,449,5537
6397.49,3540.83,321.948,47,86,205
4995.18,4058.52,8171.49,11,72,340
9907.5,14487.2,-15.9469,87,143,771
3966.41,1563.0,-386.38,11,61,134
14808.9,251173.0,-7294.14,113,346,7851
5728.77,2637.63,479.37,14,81,169
11898.2,46156.3,-4352.21,130,215,2188
15256.8,138485.0,-7998.0,64,317,5630
4581.31,1804.09,-449.98,10,61,116
4040.07,2425.07,-1274.4,26,63,184
11289.3,44904.0,-6153.0,45,211,2192
13873.9,91032.2,5895480.0,212,254,3885
7539.93,14408.8,101.04,9,127,802
11786.8,88315.0,-6958.0,52,262,3624
7555.7,9606.19,-1654.62,16,123,621
7621.89,23241.0,-4366.0,14,179,1413
6569.77,10073.0,-2982.0,257,109,587
8662.92,14532.0,-3487.0,7,131,732
5061.55,3885.0,-1611.0,42,84,292
10374.7,57307.7,-4862.92,139,217,2904
11146.6,67957.2,-4127.29,194,247,3373
8410.22,14475.2,-1161.94,17,140,845
13898.0,142183.0,56975.9,312,308,6057
7819.24,9376.97,-2410.25,201,130,490
10744.2,26824.8,-1384.77,149,172,1412
6917.34,4492.75,-1836.3,11,110,294
14883.9,113041.0,-8358.0,37,311,4910
8574.18,13922.2,-2264.19,278,170,771
4498.82,6396.39,-966.42,10,68,481
4583.02,1945.68,-385.06,2,66,164
11157.5,91690.0,-7129.0,170,262,4337
12134.0,60640.1,-5447.72,34,247,2754
10433.5,57935.0,-4304.0,23,221,2824
13151.9,96686.2,-1266.74,179,273,4429
13456.9,53207.9,68290.6,169,288,2334
11910.2,48886.9,-1773.97,226,262,2394
10984.6,35189.9,75.4219,201,208,1691
4368.83,1979.17,-1090.81,76,63,166
11097.1,47352.0,-6153.0,42,211,2248
12798.0,86091.2,-1653.44,218,247,3711
4073.44,1930.39,-676.803,198,63,166
9468.38,23415.4,-1723.72,32,176,1313
5097.76,3124.39,-2657.7,4,65,202
10556.4,35268.7,-2940.76,29,208,1691
4120.23,760.745,-1870.2,13,54,64
12324.6,143889.0,-6949.0,322,298,6285
8157.47,20894.3,929.48,56,143,1203
18345.6,158509.0,7729410.0,138,359,6068
4813.68,2034.4,-4.9254,14,75,165
11110.6,48754.2,-1686.21,78,190,2118
11891.7,119400.0,-4885.0,29,266,5413
12506.8,61336.1,-370.091,214,214,2600
3362.85,641.801,9.0678,5,31,53
3492.46,557.945,-213.35,15,43,52
12551.4,32408.6,54.804,45,210,1213
3687.08,549.267,-454.4,5,43,52
8524.35,8744.56,2367.5,38,144,553
13946.3,87248.1,-1366.94,55,291,3799
4316.49,6401.05,71.792,18,68,481
3989.67,756.139,-2046.3,13,54,64
5426.92,3578.37,-915.085,45,85,269
6495.09,8049.69,31.237,25,99,583
5433.1,4107.0,-1627.0,12,85,318
9020.04,28025.4,645594000.0,120,166,1414
3466.16,479.346,-684.98,1,36,35
14233.6,53523.1,-354.131,46,288,2334
3948.44,1525.93,-520.362,4,40,100
5045.95,3015.07,-2312.1,3,65,202
9852.74,12648.3,1345.4,31,152,693
8397.8,20928.1,-2436.34,179,145,1156
9485.37,37252.7,-3969.24,36,196,1997
4188.42,5936.57,-397.98,10,68,481
3740.83,2199.71,14.2324,12,43,161
10992.0,36421.5,-1693.3,95,166,1414
15363.1,85729.8,-609.697,86,301,3369
11401.3,48775.3,-1491.13,70,190,2118
13268.5,60773.9,-2158.97,31,247,2754
8023.08,20719.1,-409.0,36,143,1203
3970.64,2105.89,-1907.5,4,63,184
13856.7,117929.0,-7260.0,35,285,5111
4853.7,2999.9,-944.194,105,67,224
20363.1,277472.0,10123.5,291,420,9137
6983.26,10830.2,-2042.44,19,109,689
9380.26,26717.1,-251.155,159,174,1415
7500.29,7192.0,-3588.0,83,129,400
5993.45,11122.5,-358.539,252,102,764
8231.27,16360.0,-4554.0,24,120,803
4392.22,1319.21,55.443,8,59,101
5872.35,4784.56,-795.595,21,85,343
23460.2,284819.0,1832.54,303,468,9276
10832.2,36375.4,-2949.43,160,225,1755
12150.2,55520.0,-6168.0,68,236,2397
4465.85,1176.43,-677.42,29,62,102
8534.77,9455.1,-1700.99,86,135,587
9074.46,12262.0,-2786.0,43,157,622
7412.03,9506.14,-1295.37,11,123,621
9647.23,17154.7,25585.6,92,183,931
4483.11,1000.94,-1127.2,20,66,101
4349.83,1066.71,-1062.6,14,55,88
6565.84,13590.6,-1130.68,9,96,804
17662.6,220185.0,-6346.0,46,367,7344
11977.7,62135.0,-4375.0,229,216,2396
4368.21,1056.7,-823.29,4,55,88
5281.12,3827.0,-2712.0,0,71,224
14678.8,96482.7,142502.0,212,294,4249
8306.6,9710.22,-2341.22,179,135,587
13523.1,79116.0,-4672.0,30,328,3714
6097.88,2340.0,-1099.0,42,86,184
5832.15,4719.61,89545.0,23,85,343
16373.4,162174.0,-3630.53,222,352,6744
4194.33,3356.0,-925.0,10,68,270
12862.5,41020.8,-3391.19,41,278,1938
4256.49,2279.44,-1204.8,10,63,184
4428.69,976.822,-1349.7,14,66,101
9680.45,27496.3,-3937.19,66,194,1521
3490.46,693.29,296.19,7,31,53
4981.65,2844.69,-829.72,14,72,205
7705.49,10056.7,-982.828,22,123,621
4542.15,1047.71,-545.82,28,62,102
14108.4,143080.0,-770.936,317,308,6057
4005.03,2182.14,-968.919,183,54,165
16760.5,162080.0,-1740.8,215,352,6744
4879.64,1981.95,-738.81,8,75,165
4146.93,363.761,1002.6,5,54,28
9155.07,26530.1,-1709.84,34,156,1364
3563.09,674.441,35.332,5,31,53
9691.61,12274.1,650.51,23,152,693
4336.43,541.076,25.414,18,65,35
14422.1,59520.7,354.064,149,305,2610
10780.8,27273.2,-1571.58,109,214,1469
11661.6,75946.0,-7403.0,40,254,3545
8761.85,26761.0,84650.6,26,156,1521
20554.4,407353.0,-866.007,95,461,14125
3601.76,479.143,-722.06,3,36,35
12153.6,45838.0,-4403.0,88,218,1996
9981.74,40076.1,659.857,225,159,2181
11265.7,60754.0,-5331.0,138,232,2602
9024.81,28790.1,15628.8,152,179,1626
10440.0,37842.3,4175.91,34,205,1751
11099.3,23131.7,345476.0,54,176,1313
22062.0,410269.0,99611.5,64,473,14125
7680.12,14965.9,656.147,103,140,845
8141.16,27162.8,-884.927,18,156,1521
4807.58,6308.83,-278.28,10,67,481
3474.35,587.597,-376.99,17,51,45
6304.83,8062.52,-3553.0,9,106,549
12871.5,60080.4,-3817.65,196,223,2822
26500.5,493345.0,-16684.0,113,661,14492
11958.3,33744.8,2068.4,48,210,1213
5997.16,5211.88,-820.44,7,105,371
12953.4,94941.2,-2287.52,189,273,4429
17351.2,157137.0,-9498.0,87,427,6406
11634.8,40508.0,-5543.0,31,257,2061
9929.97,33109.2,-257.461,109,176,1922
14874.8,148334.0,-8943.0,43,285,5840
5727.79,1202.61,-1513.6,4,57,76
6925.68,9256.21,-986.284,134,95,543
14903.0,59906.8,-2010.35,78,305,2610
4097.88,694.049,-797.3,11,58,43
5089.54,3006.52,-2486.6,3,65,202
5688.66,5146.01,-1511.12,20,85,343
4091.51,2245.46,-1086.08,51,54,165
3845.45,1200.68,-610.2,9,55,88
14436.2,141208.0,1897.95,312,308,6057
9416.08,24505.7,-1696.92,39,177,1313
3952.55,2197.27,-1071.93,35,54,165
15354.8,178483.0,2638.61,65,367,7087
6651.93,13067.3,-1032.34,73,96,804
8342.37,10540.6,-1653.21,18,139,587
9928.82,49921.0,-3879.0,30,216,2601
4527.87,2082.14,653.5,18,75,165
4329.46,1989.4,-503.786,113,66,166
6529.44,1886.19,-1084.84,7,84,136
5306.06,3105.29,-615.76,156,71,249
12590.7,60881.8,47259.6,176,223,2822
6940.2,9799.44,687.92,24,115,547
3313.56,688.732,144.72,5,31,53
4360.04,507.155,621.12,26,65,35
9856.65,53747.5,782021000.0,121,217,2904
5627.63,7621.09,-1204.29,102,104,457
9185.43,26866.1,-2141.63,179,158,1403
9590.08,22703.0,-5147.0,98,178,1113
7955.13,14587.6,-526.76,22,127,802
5835.42,1174.24,-1301.7,2,57,76
4398.25,6780.68,-470.27,28,68,481
6474.6,4148.16,-1343.03,8,101,270
4030.0,404.07,1017.4,7,54,28
14222.6,51993.7,306.942,62,288,2334
4903.04,4243.74,-1638.66,21,79,317
16436.4,161412.0,-1838.96,221,352,6744
5817.31,7592.46,-1136.5,10,99,583
3980.53,2191.8,-1473.7,4,63,184
10740.2,26813.8,91268400.0,132,172,1412
9133.45,12343.2,131082.0,67,128,693
9072.01,16872.3,63507.8,98,183,931
12260.4,39182.0,-4420.0,33,236,1813
7198.45,8795.07,1111.88,137,95,543
7342.87,14122.6,109838.0,95,120,809
20119.3,413056.0,-7826.25,56,465,14125
4219.26,1323.16,-966.79,1,57,129
3793.79,448.204,-689.77,1,36,35
7997.46,15166.7,-2578.03,116,134,970
10237.5,33967.8,14897.4,45,176,1922
5048.12,1993.33,2615.7,7,75,165
9338.9,39210.7,-1590.0,120,207,1995
6551.82,10328.8,-2023.75,21,109,689
4439.1,1029.62,-806.46,28,62,102
9409.0,18788.2,-4617.3,8,146,891
4160.57,2460.3,-826.9,28,63,184
10108.4,12224.4,1271250.0,90,136,619
9399.6,22725.8,-1225.23,212,145,1156
3424.62,665.245,-240.82,8,31,53
8758.63,21264.9,27010.1,110,145,1156
5607.81,3574.45,-105.996,62,85,269
4282.45,2476.54,-563.66,25,65,202
6183.83,5105.5,-963.16,14,96,347
14779.6,104331.0,-7776.0,49,333,4529
14048.3,196975.0,-10482.0,42,378,7462
13947.6,52331.0,257.416,177,288,2334
14847.5,253184.0,-8040.29,101,346,7851
7582.83,32958.0,12018500.0,92,148,1919
8438.0,26292.0,-1957.0,17,159,1573
4484.54,6123.98,138.68,17,68,481
3554.36,1201.33,-881.172,67,51,102
12833.8,75368.4,-423.959,178,262,3211
9153.18,17485.2,-2961.59,260,183,931
7519.72,14286.4,-974.966,77,119,931
5103.52,4220.3,-393.227,18,85,343
3658.96,518.632,-314.72,7,43,52
14960.3,73323.9,193228000.0,202,223,3131
4255.33,1323.8,-1048.0,1,57,129
13633.2,86656.2,1836.51,63,291,3799
6943.87,16037.4,-2153.2,22,125,1014
6527.04,6702.55,-1335.61,79,118,426
6930.05,12532.5,11546.6,133,123,726
7184.82,2877.34,2004000.0,5,99,167
3703.35,2150.99,-410.542,4,43,161
19209.1,269628.0,-15222.0,214,429,9549
6785.06,17158.1,-2350.8,7,128,1065
10040.0,32183.6,755.782,126,176,1922
7224.57,4022.96,516.053,88,101,249
5650.83,4574.81,-1192.9,15,98,294
3789.38,553.962,-730.19,5,43,52
4003.84,5690.15,-530.25,20,68,481
13879.7,95559.3,3014.88,255,294,4249
5935.96,4830.26,-750.28,21,85,343
6190.82,5131.02,-643.249,5,99,321
5230.43,4645.26,113130.0,10,79,342
9429.65,36096.1,-1431.35,38,196,1997
21907.4,411592.0,-1517.8,67,473,14125
6166.8,1162.83,-1239.8,7,57,76
8642.45,23652.2,6142980000000.0,135,154,1252
3780.88,1203.2,-981.66,9,55,88
5811.56,1042.02,-1524.7,12,57,76
9227.25,12402.7,10423.2,93,136,619
6251.57,2015.0,-2135.0,13,88,133
19199.4,154948.0,-5967.0,75,345,5534
11173.3,70030.3,-5188.9,191,247,3373
7516.15,14664.4,245.91,23,127,802
4965.43,1680.88,-1708.4,5,70,131
5021.87,1785.97,-525.792,176,76,147
8646.72,16053.4,-1123.79,45,160,976
6449.1,1870.96,-1187.12,15,84,136
21421.7,279173.0,-3812.05,284,468,9276
10953.8,48039.4,-1917.11,60,190,2118
14077.5,91120.2,-2293.69,213,254,3973
6508.53,6383.0,-1795.0,26,91,426
7868.81,22361.6,924.105,75,139,1108
14838.6,98678.8,3509.5,248,281,4061
8542.06,13431.2,183957.0,99,148,729
4460.59,1783.15,-471.68,8,66,164
11568.9,52970.8,1987.23,276,215,2394
3535.73,679.414,61.304,3,31,53
4462.06,2681.56,-1054.9,10,65,202
11550.6,46660.1,822.46,74,196,1885
8336.35,11748.7,6971.49,60,128,693
17251.0,85153.2,1366.8,74,340,3632
6008.03,4506.0,-2124.0,14,101,317
6892.76,6633.12,-1009.86,24,118,426
7842.5,13788.6,-2920.7,115,170,771
8737.02,8884.72,1734.9,36,144,553
8047.83,10544.2,-2785.86,144,139,587
5869.66,5514.0,-2186.0,13,87,341
5704.33,4818.5,-653.409,20,85,343
6033.63,4218.73,505.93,15,100,294
4769.59,1560.69,-1370.1,5,70,131
9158.11,26365.0,-3488.0,18,150,1114
4864.69,1578.49,-1167.1,6,70,131
6439.15,5190.48,-919.371,12,99,321
4022.74,2176.59,117846.0,179,54,165
15496.8,128042.0,-8414.0,251,325,5739
8995.02,16482.2,49190.8,49,160,976
4456.21,6739.94,-380.36,20,68,481
14135.1,66510.3,831241.0,148,254,2904
10532.6,18028.7,1200080000.0,71,183,931
9681.38,17489.0,-3214.0,93,159,936
4913.13,2363.47,-372.7,4,61,184
8057.78,16019.3,-973.149,99,134,970
8016.1,9714.74,-2837.18,188,135,587
10214.4,83983.0,-4047.0,141,244,4151
11102.1,27532.9,286889.0,47,214,1469
8826.07,25189.9,-2093.69,27,157,1519
15656.3,102638.0,315.026,38,283,3965
7991.83,4368.29,-2252.63,89,120,251
5214.47,2147.0,317.26,9,75,165
9012.03,28587.2,-611.557,22,156,1364
14275.7,104518.0,-8010.0,37,312,4345
9116.3,12158.9,1718.3,29,152,693
11698.4,47035.6,-4353.98,131,215,2188
9575.4,26349.8,-750.762,150,174,1415
6589.94,7229.24,-1095.6,16,118,426
9759.5,27193.6,-1809.73,90,158,1403
4304.59,655.275,-98.374,16,58,43
10036.9,40007.0,-2380.04,44,180,2054
3881.51,2092.88,488820.0,24,43,161
6245.4,4789.17,-2090.5,15,107,319
10245.4,34709.5,-2093.41,203,208,1691
11188.6,47305.7,-3876.39,94,190,2118
4732.69,4157.21,-1044.77,97,72,340
8440.02,10638.9,-2925.92,229,139,587
5504.4,4233.34,-819.4,14,88,292
14888.9,95031.2,79754.6,195,283,4064
5426.75,4456.21,-857.12,24,79,317
4817.62,2834.89,-1138.55,20,77,244
10118.7,26297.3,901050000.0,45,172,1412
4486.05,2349.61,-592.27,6,61,184
4522.42,1046.34,-690.37,28,62,102
11972.9,38705.3,-4528.45,193,198,1521
4277.64,1024.77,-1081.9,21,66,101
4415.4,1711.28,-777.26,6,61,134
13629.7,51760.6,-345.316,60,288,2334
12857.0,52380.4,-3915.24,129,215,2188
4293.11,708.455,-453.9,19,58,43
13740.5,46730.4,-1213.77,185,273,2061
8228.69,12957.6,8086.79,17,132,806
4267.14,1194.91,-540.67,13,59,101
4811.14,2132.34,65.951,5,75,165
13588.9,78886.0,-8101.0,194,349,3625
7712.24,13719.0,-3258.0,59,125,692
3765.62,2015.76,-423.242,4,43,161
6363.45,7116.35,-1880.86,15,95,427
16516.2,195641.0,-7910.17,163,390,7459
11727.0,46673.0,-250.722,132,223,2059
4928.85,3533.18,44908.4,20,60,243
16718.4,144890.0,-7168.29,275,362,0
8147.02,9651.8,-518.932,41,138,554
13666.3,52364.6,440435.0,184,288,2334
9531.61,39372.8,204449.0,73,196,1885
4042.44,6295.76,-126.25,35,68,481
11473.8,67436.0,-6321.0,35,300,3297
4268.36,725.495,-304.14,17,58,43
3694.13,571.211,-493.38,5,43,52
11522.9,92170.0,-7301.0,104,271,4246
11127.9,36442.0,-5757.0,104,196,1811
6480.3,1113.21,-1503.4,7,57,76
8417.11,12249.0,-2200.0,25,140,656
4385.99,3099.38,-1187.3,9,62,245
8142.31,21112.4,284.32,49,143,1203
3637.09,528.999,-623.49,5,43,52
9013.46,16421.5,-566.71,26,142,844
5781.88,7618.95,-1370.4,20,99,583
6205.38,6286.36,-1807.8,12,108,424
14231.2,87504.9,-6981.97,220,296,3464
12180.9,73788.1,-4974.31,24,249,3630
5952.93,5244.6,-958.75,7,105,371
7506.01,14431.6,213.1,36,127,802
6229.19,8129.6,-2749.4,11,106,549
6213.99,7290.48,-1297.98,80,93,545
23432.1,426135.0,-17336.0,119,538,14484
13035.2,92634.5,6390.2,202,273,4429
3838.34,2141.5,-808.649,181,54,165
9723.77,17299.8,-1919.36,30,172,973
12826.6,53314.0,-4067.0,88,253,2003
7669.23,7378.0,-2593.0,8,128,399
13478.3,95819.8,-50.8973,52,294,4249
9138.34,10631.8,-1160.92,139,139,587
11563.1,58336.8,-639.949,184,223,2822
6096.06,5100.07,-718.686,111,96,347
8913.96,12277.9,-137.13,31,152,693
21002.3,245444.0,-142.936,270,540,8870
11160.9,52731.2,-4467.07,125,224,2192
15407.5,101961.0,-1663.66,126,283,3965
14770.9,79313.8,10950.6,67,320,3466
11065.7,49174.9,-1705.66,90,190,2118
12209.4,36602.7,-1806.7,201,225,1755
8434.45,8885.74,1926.5,37,144,553
15081.1,153739.0,2436.3,103,310,6737
8560.29,14213.5,-3138.49,103,143,771
5711.87,1702.87,-1191.16,52,76,147
3991.57,748.815,-2028.6,13,54,64
12017.6,38344.3,-2248.81,24,235,1818
10505.3,59817.0,-5665.0,45,213,3051
7598.3,12711.9,841.115,10,123,726
8489.4,18481.8,-5241.7,16,146,891
3913.4,2054.56,-1288.9,3,63,184
9595.69,24235.1,1219210.0,34,177,1313
3723.87,569.643,-555.27,4,43,52
13797.3,90961.7,-1847.63,212,254,3885
14871.2,59379.5,-2440.5,166,305,2610
8974.0,16556.0,-4562.0,56,206,809
15694.1,162964.0,-7358.3,194,352,6744
14656.2,146535.0,-723.836,212,308,6057
5752.1,4372.97,-384.516,29,88,292
3238.11,1272.32,-313.271,40,40,100
9207.99,15307.0,-4511.0,83,160,735
6544.79,5193.13,-1003.58,61,86,367
15734.7,104475.0,-8409.0,168,350,4525
4578.38,2189.86,-1750.8,9,71,188
6470.33,5336.38,-756.96,8,99,321
10436.7,26980.9,4176.13,30,174,1415
4112.79,2614.86,-93.845,21,65,202
15717.0,157351.0,-9659.0,255,381,6071
5416.85,4064.01,-1546.68,82,88,318
3986.65,2181.93,-516.348,183,54,165
15659.9,160208.0,-600.471,253,352,6744
3884.03,567.67,-540.18,5,43,52
4660.69,2709.24,-545.17,19,65,202
4291.55,648.607,-690.33,16,58,43
8651.83,28786.0,-2696.0,28,161,1466
7244.49,13934.3,-1426.19,24,120,809
5075.63,3040.02,-2160.5,4,65,202
10277.0,17841.5,-2531.56,161,172,973
12069.4,60914.0,-5270.16,25,247,2754
3865.12,2246.71,-827.154,51,54,165
7563.29,15490.6,-994.201,87,134,970
6854.93,2013.95,23131.2,22,84,136
4588.94,2593.67,-1177.8,14,65,202
4838.02,2015.41,-505.09,15,75,165
8653.94,15991.8,-1446.99,112,160,976
8897.46,25385.8,-1212.92,33,157,1519
7198.18,5709.92,-1038.78,42,79,292
5727.13,2595.96,-3351.0,13,87,166
5750.7,1059.13,-1331.6,3,57,76
7153.05,17351.8,-2137.9,11,128,1065
9043.34,96542.0,-3050.0,21,207,4508
6429.68,11489.8,-602.108,257,102,764
3787.92,459.049,-842.27,1,36,35
11566.2,53824.5,-1598.31,123,209,2534
20780.1,203310.0,-11490.0,202,471,6077
3501.34,665.147,179.66,4,31,53
14927.1,78822.6,5875.24,259,336,3302
16177.5,157211.0,2459.8,99,310,6737
4627.73,1950.5,-1018.62,30,66,166
9974.28,33562.9,-1269.43,123,176,1922
9481.97,25713.8,-1467.98,29,174,1415
7635.49,14892.1,-297.16,31,127,802
23546.9,284485.0,-2025.14,311,468,9276
17565.7,143274.0,-6598.0,38,307,3387
9702.04,12302.0,-107.165,126,136,619
11730.3,33331.0,-101.657,106,204,1692
13018.1,95044.4,746123.0,175,273,4429
11664.6,38167.9,-2497.81,38,235,1818
5425.5,3632.87,263.057,10,85,269
13574.1,77027.1,-1441.34,180,264,3217
5793.63,7032.41,-743.088,78,93,545
6151.18,4813.65,33346.2,97,96,347
3867.25,798.34,-2117.4,13,54,64
8545.64,12426.0,329.632,117,136,619
3468.76,681.419,-214.74,5,31,53
8783.9,24143.0,-3999.0,76,155,1307
14263.2,173087.0,-6572.0,59,301,7444
3527.92,676.377,217.62,6,31,53
6338.12,5149.34,-2317.5,12,109,317
14541.5,79106.6,51593.0,202,320,3466
4301.73,433.419,1542.1,11,54,28
6175.38,7999.5,-3538.1,9,106,549
4269.95,6059.82,-740.83,12,68,481
4465.29,6247.23,514.32,21,68,481
6668.58,6663.46,-524.627,83,118,426
12045.1,98298.0,-7848.0,61,309,4910
4027.37,1451.08,-755.849,159,52,133
8754.11,27397.0,-4556.0,13,142,1255
6944.0,6678.62,-1229.91,4,95,372
3533.98,567.472,-75.993,13,43,52
6420.35,5297.47,-1466.9,51,79,292
8991.78,69150.0,-4800.0,71,206,3532
4885.26,7598.0,-1470.0,9,88,582
8206.32,26009.6,93.0059,54,156,1364
6587.2,6489.69,-1064.73,101,95,427
11061.3,56098.3,-843.999,173,209,2967
7016.42,5322.79,-1274.25,49,79,292
9162.69,9795.36,12818800.0,14,135,587
12506.6,57332.4,-1976.0,45,220,2461
3777.05,657.844,-472.28,18,58,43
15848.5,166101.0,-1954.4,46,320,6391
3639.82,1950.97,-428.812,5,43,161
11122.9,27392.0,-4897.0,47,225,1268
6000.84,4115.23,-83.298,12,100,294
14480.2,77984.3,8201.92,242,336,3302
4327.87,2104.21,-1268.6,8,71,188
4393.29,6053.99,84.196,11,67,481
25112.1,276631.0,-481.181,292,537,8350
6116.2,5290.87,-1777.1,8,105,371
14725.4,58542.7,8855.17,155,305,2610
16272.4,144946.0,355772.0,241,362,5847
12966.8,121213.0,-5715.0,47,253,4908
14152.6,43174.4,9871740.0,239,278,1938
4079.53,496.565,262.13,23,65,35
8099.65,32769.8,43352.7,19,148,1919
18688.6,200866.0,-6289.79,152,390,7459
8962.61,27511.3,-3283.39,106,166,1414
4533.38,2543.33,-1058.2,20,65,202
5203.12,3645.17,-1185.47,121,85,269
6285.72,5823.0,-2154.0,8,94,398
12182.7,77050.3,-1489.73,171,252,3882
5502.62,4438.66,-1419.18,20,88,292
9772.11,32144.0,-4762.0,118,197,1693
4701.62,2162.0,567.22,26,75,165
11681.9,47692.7,45396.7,132,215,2188
4648.77,2201.94,-1551.0,11,71,188
10938.0,32375.3,-1331.0,164,203,1580
15572.1,216334.0,-3773.13,266,336,8195
14061.9,141314.0,-4882.0,47,316,5745
11317.7,68546.9,-2446.83,50,247,3373
12054.0,62494.0,-4120.0,42,214,2672
5805.8,7678.64,-1644.3,16,99,583
6988.97,5315.49,-9.4752,49,79,292
5731.12,1144.44,-1334.8,2,57,76
6138.87,1090.07,-1378.1,6,57,76
10878.0,25961.0,-4002.0,28,178,1208
20311.0,356720.0,-16381.0,50,511,12358
3613.36,563.321,-909.33,5,43,52
7471.39,22485.0,-3800.0,13,133,1256
5885.09,5096.1,-1362.14,50,79,292
4308.51,2755.49,-692.38,36,65,202
5571.4,7105.0,-3007.0,31,101,486
5777.34,4533.48,-839.144,19,72,340
4245.22,2185.02,-944.027,20,54,165
18030.9,177266.0,-6215.76,247,403,6746
5378.54,3777.92,-1073.01,10,85,269
13577.3,142109.0,634.483,304,308,6057
5299.96,3097.46,-892.875,101,77,205
3689.09,534.575,-723.43,6,43,52
6469.06,10307.9,93175.6,22,109,689
13678.2,98062.5,3801.13,191,281,4061
15338.0,156565.0,1256.7,105,310,6737
3980.61,2086.48,-1683.3,4,63,184
3643.82,508.539,-743.92,4,36,35
12423.8,51665.0,-7282.0,56,302,2403
8629.04,27741.6,-1804.76,127,156,1521
6536.09,11346.4,-1374.75,161,111,651
19044.9,329789.0,-13765.0,90,493,10843
4917.67,4436.8,-1754.61,19,88,292
24861.9,263742.0,-2023.0,286,537,8350
10702.7,36594.0,-3261.06,165,225,1755
8671.43,14358.5,-1590.42,97,140,845
9159.1,21193.5,-1795.69,108,143,1017
5741.25,2612.83,596.67,3,81,169
18230.4,149092.0,-7832.0,64,382,5226
4458.52,2283.29,-772.82,4,61,184
11593.5,55459.0,-5079.0,46,243,2605
8052.35,12306.0,-3127.0,23,145,688
4469.76,1037.51,-1083.7,24,66,101
15554.1,75436.5,47516.6,261,336,3302
5354.58,1086.61,-1714.3,4,57,76
8272.03,21352.3,1012.2,38,143,1203
7664.01,9176.05,-1087.04,20,138,554
6177.5,8175.53,-3623.9,10,106,549
5195.46,4475.87,-963.72,17,85,346
17292.3,219612.0,-16166.0,182,459,8347
5327.57,4216.27,-868.711,16,88,292
13619.9,91846.0,-9962.0,99,314,4251
3979.1,2314.68,-545.29,25,63,184
11249.9,37437.1,-1295.06,85,166,1414
3580.73,340.039,867.31,11,54,28
5733.21,2547.86,520.82,2,81,169
4339.44,2179.49,-1002.9,7,61,184
3562.9,551.725,-442.17,8,43,52
7501.75,11028.8,68399.4,199,114,689
13998.4,140817.0,3061.7,282,308,6057
5602.61,1775.42,-1414.33,43,71,103
12407.4,57885.0,-7468.0,42,268,2607
7429.51,15016.1,97087.2,119,134,970
4209.83,6469.85,1108.3,38,68,481
7097.47,18279.0,-3259.0,26,144,1158
7280.89,13411.0,5501.98,187,96,804
6219.64,7813.29,-1962.5,23,102,517
11865.0,53956.4,-3065.0,42,220,2461
12740.1,75963.4,-175.032,176,262,3211
6090.58,7351.58,-1328.42,80,93,545
3658.17,368.342,1003.3,5,54,28
4607.93,1091.57,-563.91,28,62,102
16334.4,136706.0,7739210.0,197,279,5626
3679.6,542.217,-429.55,5,43,52
10798.3,37565.6,-4833.26,160,216,1994
3519.29,386.269,1281.3,11,54,28
3403.45,662.048,241.79,2,31,53
10625.8,40607.2,-1972.2,45,180,2054
10384.4,30508.0,-3473.0,34,207,1521
23909.5,583113.0,-14197.0,480,586,19428
22885.1,266756.0,-6835.18,301,540,8870
3578.44,2074.6,-359.22,6,43,161
4084.91,6223.98,-537.73,16,68,481
4913.83,6897.09,-428.87,15,68,481
3867.64,412.544,1539.9,11,54,28
20784.7,244568.0,-5635.24,274,540,8870
8655.41,8793.44,2569.5,48,144,553
11104.7,64963.0,-6135.0,45,238,3293
6045.78,10328.2,-2247.88,22,109,689
6262.83,3513.0,-3010.0,7,77,167
7263.74,11203.1,112323.0,98,114,689
14744.9,98681.0,-11223.0,54,337,4350
6834.39,5439.32,-1002.67,51,79,292
12322.5,36703.9,-2354.92,18,225,1755
4314.47,2526.08,-1094.3,28,65,202
3802.47,536.996,-511.15,7,43,52
11429.2,40005.0,-5264.0,33,228,1933
9228.17,54961.0,-4459.0,6,146,2311
4709.68,2393.84,-855.96,2,61,184
16597.9,179843.0,23705300.0,79,367,7087
22121.9,404936.0,-1336.74,77,473,14125
4375.9,959.045,-609.53,4,55,88
11401.2,51307.2,3508.55,103,209,2534
9743.81,26467.0,-3981.0,13,166,1403
6220.12,7439.96,-488.775,14,93,545
9058.21,16891.0,-527.442,21,142,844
18637.0,298645.0,-14203.0,88,499,10980
18032.5,180964.0,84653400.0,86,367,7087
8380.32,8352.0,-2402.0,31,142,485
11403.9,32133.5,91793.8,129,203,1580
6857.82,8052.36,-3191.1,11,117,427
7432.88,17798.9,-1790.7,14,128,1065
17466.3,241417.0,-9446.0,56,378,7474
10654.7,41856.2,-3603.12,162,227,2059
12846.2,94026.6,-264.544,184,273,4429
4261.66,1701.74,-911.39,6,61,134
13841.6,98430.3,231928.0,201,281,4061
4310.85,554.234,137.62,22,65,35
5309.47,4285.67,-1156.55,18,79,317
16277.3,95702.0,-5959.0,94,339,3545
6981.71,8698.0,-2918.0,20,119,522
4326.92,6236.93,-851.44,15,68,481
3469.25,701.3,-3.8099,6,31,53
11906.3,45156.9,1666.59,149,273,2061
12229.0,53597.5,1220.1,47,220,2461
4000.37,2202.24,-933.724,183,54,165
3621.08,1338.95,129838.0,1,40,100
5628.25,4601.71,-1157.9,16,98,294
8216.53,9437.34,-2024.87,14,135,587
8443.11,16010.4,-1835.79,48,160,976
5071.85,1543.07,-1468.96,31,71,103
4012.62,511.731,513.55,20,65,35
12909.4,73917.5,-1772.82,34,247,3630
5657.59,5428.0,-2278.0,12,99,345
5725.41,6072.01,-1361.9,9,89,425
5551.64,2660.66,491.43,3,81,169
5612.3,2609.04,348.33,5,81,169
4522.79,991.61,-1089.0,21,66,101
5927.59,10546.7,235285000.0,22,102,764
9593.07,39499.8,-805.669,69,196,1885
6965.25,4512.37,-2156.9,5,110,294
5929.83,4161.12,137.76,19,100,294
4363.33,6052.89,-47.558,20,68,481
3371.38,670.749,93.748,7,31,53
4134.87,6664.01,192.46,21,68,481
8784.25,13732.5,3737.58,34,143,771
6271.98,14716.5,1661.13,165,119,931
9056.8,20655.5,3001380.0,133,152,1165
6994.17,13683.2,-2927.8,17,118,762
9543.06,39777.1,-3793.06,79,196,1885
11766.9,58730.0,-5731.0,77,243,2679
10958.8,38445.7,556883.0,25,205,1751
8489.43,15640.9,-2885.7,30,141,932
8978.12,13881.9,-174.026,24,148,729
16585.2,159779.0,1034.46,203,352,6744
7965.6,9760.91,-2525.15,202,130,490
12991.8,61410.0,-434.921,193,214,2600
6711.41,7150.28,360054.0,60,90,405
12719.6,33670.0,-6539.0,66,235,1365
8322.41,33050.6,2783250.0,92,148,1919
4236.2,1047.4,-1393.5,26,66,101
5068.86,4579.0,-2693.0,11,88,321
6255.22,10290.1,-1856.3,24,109,689
6144.3,8034.82,-3243.1,4,106,549
10719.7,47766.8,-1948.15,70,190,2118
16013.5,158878.0,-9898.0,50,347,5642
5727.97,3544.71,-935.24,61,85,269
9455.54,12129.3,8781570.0,32,136,619
6096.52,2201.29,327736.0,18,82,185
12616.1,37092.8,-1440.82,197,225,1755
5096.46,2110.36,-475.77,11,75,165
7325.61,12529.0,-3098.0,29,131,730
12748.9,46877.9,6197560.0,119,215,2188
3894.2,726.603,41.327,11,58,43
3791.77,522.114,-826.9,5,43,52
3933.47,614.711,-545.71,18,58,43
14630.2,86207.7,481.616,64,298,3369
5692.11,4469.77,-941.637,19,79,317
4246.9,2122.42,-1223.7,10,71,188
14834.5,59842.0,190.738,77,305,2610
6627.09,7727.19,1878.68,59,90,405
5541.51,4951.2,-1229.0,13,85,346
12598.7,46085.4,678.794,177,273,2061
6508.41,5867.49,-261.63,17,105,371
15516.9,157868.0,4069.5,119,310,6737
8761.29,20578.0,-3896.0,145,157,1161
6727.84,7135.83,-2265.56,70,118,426
13474.6,76926.0,-8611.0,179,284,2907
5693.33,2726.0,-4101.0,19,96,204
8470.85,14313.0,-1498.27,99,140,845
14037.4,134952.0,266033.0,212,279,5626
7747.66,13249.3,-2645.3,2,125,694
4818.06,1274.89,-1543.05,36,71,103
6067.11,4207.31,-483.32,13,100,294
12680.4,53854.0,-4702.0,41,245,2598
9090.0,28869.5,-1111.68,150,179,1626
13920.9,90571.0,-5891.0,222,322,3800
23758.1,316148.0,284.984,297,540,8870
11999.9,69601.9,1274960000.0,96,247,3373
13306.8,63195.5,5371.7,44,279,2979
13866.4,45883.0,-7281.0,128,279,2061
7285.61,12475.7,-1727.63,142,123,726
24621.9,346757.0,-13928.0,100,634,10694
3615.19,555.951,-543.22,7,43,52
12285.1,49009.0,-3182.16,131,215,2188
6064.46,4007.74,-1224.5,12,100,294
5526.48,4027.0,-2584.0,5,90,317
4219.25,1214.79,-1058.4,13,59,101
9705.15,30720.1,-1582.39,232,171,1747
6238.79,12983.9,-1142.5,20,103,883
5386.68,4296.01,-1439.77,24,79,317
4991.64,2104.13,-222.5,5,75,165
10088.2,41298.7,-3923.78,67,196,1885
5247.99,3066.03,-890.44,91,67,224
4698.55,2727.66,-1398.5,12,65,202
4052.06,2140.74,1536950.0,183,54,165
6185.61,7882.99,-644.9,28,99,583
18878.3,159020.0,96449700.0,145,359,6068
5199.96,3437.5,-851.668,156,71,249
12088.0,54902.0,-3058.7,49,220,2461
15002.6,82164.1,-3655.08,124,223,2059
6852.15,12173.0,-231.121,213,105,765
7944.4,10611.5,-2813.46,23,140,590
13576.5,82812.2,-4450.12,88,272,3539
9552.09,19342.3,1280900.0,39,157,1113
3799.84,640.668,-769.26,24,50,42
15224.6,166551.0,-2673.89,52,320,6391
6876.21,7818.7,-2731.4,11,117,427
4262.98,2757.16,-1891.8,26,65,202
8057.33,25382.7,-2951.41,30,156,1364
13503.0,91207.7,-1851.57,226,254,3885
10415.4,28956.0,-4698.0,35,223,1578
10012.0,17688.0,-3304.0,77,159,1015
11073.4,49010.9,-1541.24,79,190,2118
6180.1,8077.76,-3816.2,9,106,549
6795.87,5315.5,-987.342,191,107,346
4223.22,691.155,-322.56,17,58,43
4329.14,3092.51,-1323.5,9,62,245
7338.38,13965.4,183793.0,26,120,809
13558.6,61963.7,8408310.0,173,223,2822
4120.87,6207.1,112.03,19,68,481
3982.36,384.567,528.25,7,54,28
12179.3,37070.9,-3013.78,46,205,1751
5975.62,7503.7,5299.41,62,90,405
3632.66,475.529,-780.53,4,36,35
3641.17,468.787,-827.48,2,36,35
14501.1,63338.0,-2017.71,165,233,2897
8741.44,11232.1,-1091.02,118,156,654
5522.21,1128.32,-1254.3,3,57,76
19930.9,277057.0,7302.55,296,420,9137
13521.1,80517.3,-5854.91,56,272,3539
9873.51,20493.6,-1404.97,24,157,1113
4338.63,712.344,-33.49,12,58,43
8302.25,8002.0,-4201.0,55,148,488
3408.61,698.306,381.12,6,31,53
12541.1,74422.3,-2228.79,30,249,3630
12684.9,48877.4,749789.0,199,262,2394
6856.92,13165.9,-848.852,21,96,804
9201.78,12259.5,-1555.08,11,117,519
9054.32,21634.0,-3734.0,29,149,1025
6999.55,4036.99,-1720.17,87,101,249
11677.3,73769.0,-4926.2,23,249,3630
14682.9,135434.0,-2034.7,203,279,5626
6819.5,7956.8,-2779.4,12,117,427
9869.94,20545.2,-2654.75,32,157,1113
5590.31,2540.51,537.9,16,81,169
14388.7,67810.7,-1274.84,110,224,2192
8259.88,33923.2,1055790000.0,54,148,1919
3661.95,721.525,110.0,6,31,53
4486.32,2780.5,-544.48,32,65,202
12533.8,71452.8,-809.726,158,262,3211
4112.24,2326.91,-828.37,12,63,184
15557.2,81127.5,-612.305,280,320,3466
10478.5,43698.4,-1989.23,130,197,2257
14942.3,142510.0,-9326.26,234,371,5742
4952.33,1585.27,-1345.9,6,70,131
9120.48,12053.3,-1221.57,132,136,619
10286.4,33484.6,239.874,225,171,1747
7608.32,14960.0,-3181.0,68,145,851
6461.85,10317.7,-1820.71,23,109,689
7409.61,16920.0,-2584.0,45,130,932
4226.51,718.803,-534.0,14,58,43
7034.42,13415.3,-561.17,18,96,804
4185.95,2719.87,-703.82,27,65,202
8394.37,14579.9,-678.146,24,140,845
9078.51,23430.0,-5937.0,75,177,1264
7629.08,12413.9,-419.17,33,130,694
7171.68,4058.54,17246.3,7,101,249
5481.34,10894.2,-1163.19,254,102,764
4767.76,1626.72,-1522.6,5,70,131
8862.85,10629.5,-827.926,23,139,587
8922.29,19533.9,-1158.77,125,151,1023
3694.53,523.868,-792.13,3,43,52
4207.41,1665.56,-699.28,4,61,134
4586.05,1048.87,-694.3,28,62,102
12583.2,80714.9,-1304.05,164,252,3882
11925.5,54558.7,-1504.3,45,220,2461
6478.58,10782.8,-106.183,258,102,764
14119.4,120748.0,-8282.0,26,304,4917
18424.4,173398.0,881.858,237,403,6746
9085.12,34207.0,-3850.0,34,151,1307
14628.8,161688.0,-7827.22,66,362,6628
9638.88,26454.2,20540.1,136,158,1403
4802.86,536.619,330.77,19,65,35
10353.7,27928.0,-1052.84,147,158,1403
4025.5,2106.96,-1460.1,5,63,184
7574.29,13794.8,-410.15,16,127,802
3872.58,1225.7,-737.56,9,55,88
4518.93,2664.17,-683.31,21,65,202
3789.9,541.264,-628.07,5,43,52
14871.2,59379.5,-2440.5,160,305,2610
9339.12,28969.9,-784.118,30,156,1364
7620.87,26558.2,1886970.0,21,156,1521
4393.19,581.198,21.073,26,65,35
9111.87,17728.0,-4132.0,85,191,1024
4628.4,2351.0,-890.3,11,63,184
4043.51,756.706,-1683.9,13,54,64
10590.2,23249.5,979.763,36,176,1313
9645.19,21778.1,-1238.62,34,163,1162
12685.0,78990.0,-4211.0,35,228,2978
7162.38,14148.8,25355.2,103,120,809
11165.2,62912.0,-4330.0,55,205,2749
9051.81,18105.0,-2767.0,108,166,940
11782.4,24609.0,-4259.0,143,197,1212
7198.24,4049.34,35503.0,89,101,249
25677.8,378161.0,-17270.0,98,537,11893
3525.98,701.573,348.27,5,31,53
21913.4,281091.0,-8442.23,260,468,9276
4442.02,2250.53,-1162.1,15,63,184
3453.53,1393.14,-626.772,2,40,100
10885.1,27380.7,-4123.69,49,214,1469
3590.39,588.214,-257.14,14,43,52
8494.28,9915.42,-1277.95,92,138,554
13658.1,60692.7,-688.494,26,247,2754
15954.3,77586.2,1954.04,125,336,3302
5438.54,5592.38,-1535.4,5,89,425
6781.49,9161.0,-1260.0,19,122,620
6589.42,5185.55,-1183.45,51,79,292
5642.41,7899.63,-1896.2,20,99,583
4165.12,408.777,848.48,11,54,28
6861.91,3497.9,177.77,23,101,206
11149.8,26813.1,122517.0,37,214,1469
21189.4,323329.0,-14776.0,91,498,11583
8288.48,21321.4,-186.6,38,143,1203
4294.03,2775.83,-774.88,28,65,202
6906.49,9918.1,1310.7,24,115,547
3967.74,651.543,-743.45,19,58,43
4075.91,1629.17,-448.69,8,61,134
23662.8,295521.0,-718.402,292,468,9276
10980.8,38277.6,-1325.24,155,205,1751
12235.6,78397.7,-1168.06,57,272,3539
3523.67,582.275,239.36,16,43,52
4219.69,650.336,-179.31,19,58,43
10435.1,32316.0,-5761.0,153,191,1634
5806.04,7100.77,-1710.76,80,93,545
15917.4,168880.0,-4963.05,214,287,6171
11162.9,39451.8,-4031.22,141,219,1875
14012.7,91518.0,-6982.0,32,316,3980
11958.3,68947.6,4359.27,199,247,3373
20515.5,544343.0,-13284.0,104,457,15149
9186.08,12328.5,-1266.7,208,117,519
8383.52,9758.55,-1837.09,203,130,490
5626.48,1088.05,-1581.0,10,57,76
4222.63,6685.53,-196.72,15,68,481
15681.4,88611.5,1189.86,106,301,3369
4468.64,2735.55,-692.423,98,67,224
6660.06,5161.39,-712.436,19,96,347
12865.5,94460.5,-3326.17,195,273,4429
15835.3,142954.0,1470980.0,236,362,5847
18097.1,447557.0,-11461.0,67,456,15861
12658.2,70928.0,-5409.0,43,244,3461
4002.96,375.81,1388.2,11,54,28
4543.64,1013.95,-752.56,28,62,102
10226.0,30608.5,-1232.35,226,171,1747
4162.8,1687.31,-572.52,4,61,134
13361.9,46943.8,-1962.47,179,273,2061
4310.66,2535.91,-715.38,28,63,184
4149.92,2619.98,2389.9,16,65,202
6245.89,7967.86,-3542.3,4,106,549
14925.2,137653.0,-8015.0,139,341,5849
12390.7,60627.2,17000.2,236,237,2672
3624.26,708.066,24.331,5,31,53
3327.35,1915.74,45856.5,6,43,161
9841.96,14423.7,-1053.89,105,148,729
7574.84,11216.4,-2334.0,20,121,622
17572.6,352221.0,-14369.0,104,450,13308
15638.6,100376.0,-2931.21,38,281,3974
14113.6,127942.0,-9775.0,191,300,5011
5409.25,1025.9,-1344.9,6,57,76
8727.23,14682.4,-940.841,22,140,845
3611.41,558.699,47.795,14,43,52
4294.49,6334.05,416.0,14,67,481
7221.15,8661.32,47420.5,138,95,543
12458.0,78883.5,-4348.68,46,272,3539
11075.3,48483.0,18306.5,94,190,2118
7961.65,20239.2,1102.0,42,143,1203
9428.37,26916.0,-5420.0,96,166,1519
7246.77,6387.57,12531.3,37,104,368
7300.77,12612.1,-1693.72,15,123,726
10241.3,27186.4,-649.779,152,158,1403
9037.86,12338.4,-1159.38,206,117,519
13952.5,141412.0,-33.6109,212,308,6057
7776.29,12491.6,-711.115,257,102,764
9964.92,12858.0,-3425.0,32,160,623
3325.17,666.4,105.48,2,31,53
11855.0,33411.1,-2957.25,131,234,1581
12154.8,71392.2,-418.666,159,262,3211
5067.25,3003.6,-2434.2,4,65,202
3785.5,546.225,-714.4,7,43,52
15847.3,251160.0,-7825.0,105,387,10383
13672.0,76606.0,-4133.0,34,246,2680
15311.4,60006.3,-1218.01,79,305,2610
4821.44,2997.13,-316.17,38,65,202
4880.4,1109.58,-1327.2,3,57,76
3528.23,745.716,-127.66,6,31,53
13757.7,94459.6,1544.57,51,273,4429
9102.25,20818.6,504546000.0,65,163,1162
21720.4,348370.0,-2980.29,281,440,10967
6959.19,4624.0,-2803.0,34,106,295
9981.45,38505.3,-2119.61,44,180,2054
30773.3,784738.0,-16603.0,159,710,23788
4480.06,1983.48,-833.896,114,66,166
4409.96,1998.89,-896.817,112,66,166
7343.2,4088.74,-1454.36,10,101,249
3612.02,1946.98,-517.122,11,43,161
4965.27,2565.0,-336.0,17,81,185
20423.2,276079.0,5127.24,296,420,9137
4608.41,1007.37,-519.14,27,62,102
3761.0,1512.67,-930.96,6,56,114
4526.5,1055.28,-324.16,28,62,102
15381.2,102356.0,55191.7,45,283,3965
4243.28,493.843,14.541,31,65,35
10155.2,34791.1,-3485.74,122,166,1414
26583.3,309356.0,-15417.0,114,585,9559
13223.5,60448.0,231865.0,35,247,2754
4339.88,1746.98,-565.4,8,61,134
10727.5,60535.0,-4729.0,26,241,2744
5958.39,5271.49,-675.53,7,105,371
5232.78,4525.32,-1286.87,21,85,343
9600.33,33279.2,-333.189,117,176,1922
4386.48,2151.3,-1508.5,10,71,188
14668.3,94625.4,-1186.39,221,283,4064
8773.0,27644.4,2404.0,20,156,1521
8422.04,13928.1,-2918.08,35,170,771
5339.09,1047.07,-1415.6,12,57,76
12091.7,71162.9,2416.1,49,201,3289
9676.5,12447.7,-319.751,125,136,619
8134.61,9339.57,-1062.44,168,107,517
9825.9,30042.3,-1135.31,225,171,1747
7213.12,12573.1,-642.865,33,130,694
9366.25,12949.4,-2731.83,122,136,619
9233.53,29079.0,-826.959,106,179,1626
10389.3,55155.0,-3557.0,20,205,2824
5650.67,2543.68,147.72,12,81,169
6565.19,10364.2,-1127.5,22,109,689
6337.4,17569.0,-2918.0,8,115,1106
3625.83,459.978,-713.28,1,36,35
8503.93,13450.5,-826.217,58,132,806
4874.8,1610.36,-1223.4,6,70,131
10328.4,28207.4,-2579.78,162,158,1403
18060.3,197832.0,-9019.0,64,388,7464
4890.58,6330.0,-1572.0,6,76,395
8005.28,9822.46,-1540.59,210,107,517
8267.39,21257.0,-5098.0,12,166,1261
4318.79,1102.41,-771.4,28,62,102
5460.39,2398.35,825.43,39,75,165
6217.07,7772.14,-2123.4,24,102,517
12756.1,71641.0,-6836.0,43,237,2980
21523.8,240596.0,-10641.0,107,440,7587
13536.9,51992.7,2000.92,187,288,2334
9684.78,24393.0,6187.2,41,177,1313
11079.4,73612.8,-5115.55,23,249,3630
10530.8,44557.0,-2292.0,54,196,1808
5993.89,1711.53,428091.0,36,71,103
4323.73,654.627,-339.1,17,58,43
5957.32,4728.77,-1280.66,18,85,343
10286.0,27535.8,-1277.0,59,194,1521
13263.9,63810.4,4930.1,48,279,2979
5741.81,3621.55,-811.241,8,85,269
7767.93,11829.1,1410.03,108,128,693
4223.75,490.0,-537.0,16,51,35
9224.05,20146.5,-3258.04,101,163,1162
24281.3,636493.0,-15075.0,86,654,19437
9739.85,24544.9,-1149.2,38,177,1313
6795.99,6855.31,-758.438,105,95,427
8742.67,26546.0,-2700.0,24,144,1463
3821.24,1199.75,-1017.5,9,55,88
13571.7,68498.0,-4652.0,27,264,2680
18613.6,200406.0,40068400.0,152,390,7459
9749.38,29934.8,-1765.4,132,156,1521
6708.79,8175.0,-2738.0,12,120,520
6709.43,8021.0,-1961.0,18,112,484
9551.54,24249.0,-3618.0,53,165,1209
3927.52,417.22,709.69,15,54,28
12435.3,95263.0,-6925.0,26,275,4064
8651.28,36885.0,-5031.0,14,166,1806
8551.47,35996.0,-2427.0,37,177,2051
4314.01,2705.55,-539.64,22,65,202
9697.77,36892.9,-1256.44,35,205,1751
10605.6,33879.0,-175.572,50,176,1922
6864.24,13718.5,32697.1,105,120,809
4081.5,2427.95,-607.9,23,63,184
10705.2,27457.8,-3819.42,54,214,1469
15099.9,251940.0,-924.222,102,346,7851
3932.92,1209.02,-916.41,9,55,88
8545.19,18603.3,-4640.0,19,143,891
6051.02,5261.69,-1279.2,8,105,371
3782.31,2110.56,-458.687,3,43,161
5693.69,5208.72,-1380.9,17,99,372
9346.95,32270.5,297310.0,97,176,1922
5631.33,3117.81,-1385.3,10,94,224
7858.98,20495.0,-4000.0,46,153,1210
10415.5,14721.0,-2855.0,17,188,587
3218.35,571.267,-608.76,3,51,45
3744.4,449.553,-780.88,2,36,35
12262.3,38584.6,90170.7,38,235,1818
8750.29,25223.7,-1913.43,27,157,1519
16658.2,137142.0,-8453.0,83,375,5426
14231.4,126441.0,-10153.0,59,348,5022
5064.75,3039.15,-2176.3,4,65,202
7955.56,8819.44,1605.2,37,144,553
3595.43,566.171,-502.44,5,43,52
14863.1,57918.0,-6009.0,34,246,2067
8365.97,24631.5,-1670.19,59,154,1252
3979.67,1571.92,-918.98,9,61,134
3741.48,440.685,-795.75,2,36,35
4309.67,6661.12,362.89,14,68,481
15269.6,156369.0,2990.9,97,310,6737
13927.6,85304.0,-5407.0,57,273,3456
13006.1,62002.5,-1355.48,212,214,2600
12202.5,69124.5,924.72,54,201,3289
6488.37,8975.0,-2028.0,18,120,551
9409.38,15514.0,-2695.0,32,146,735
4758.25,6501.71,-216.18,18,67,481
5590.62,5136.48,335.392,52,79,292
3868.34,1451.23,-717.077,162,52,133
6392.13,1855.31,-1050.14,10,84,136
14889.8,101963.0,-3539.11,49,283,3965
6863.72,9276.82,7039.07,197,98,520
16960.4,158532.0,-10176.0,79,400,6294
8817.17,12348.3,405.392,29,136,619
5632.59,3712.38,79996.6,9,85,269
6626.61,20382.0,-2734.0,109,114,1156
11584.8,68794.6,-2890.52,45,247,3373
6025.06,5780.0,-1943.0,6,104,345
15068.2,95715.7,171.906,231,294,4249
11319.0,43474.1,-165.21,138,223,2059
8608.06,9743.0,-3558.0,96,152,523
11607.2,68854.1,7686.8,47,247,3373
3675.13,388.596,1480.6,11,54,28
4417.98,2212.61,-721.48,6,61,184
12258.2,93103.0,1175.39,185,273,4429
3726.16,537.077,-788.01,3,36,35
3867.68,2246.15,-1158.0,18,63,184
26182.1,659751.0,-20749.0,108,715,20635
9164.45,20544.0,156141.0,108,163,1162
8176.75,10201.8,-2289.13,207,130,490
11606.5,55775.4,-1634.68,20,209,2967
7846.06,10497.5,-927.941,210,118,621
3276.16,584.011,214.49,3,51,45
5678.13,4597.84,-903.34,20,88,292
15561.6,158929.0,1347.0,102,310,6737
18504.7,168220.0,-8493.0,234,361,6176
11012.0,57806.8,-1453.2,315,217,2904
9607.06,13236.0,-1338.1,29,136,619
7953.47,9162.95,765711.0,199,107,517
4219.32,2235.47,-1209.7,20,63,184
3781.27,479.913,-762.04,1,36,35
8768.62,25152.6,118984.0,31,157,1519
4199.14,2372.06,-873.66,13,63,184
13417.0,44425.3,-5940.65,86,278,1938
4337.82,6622.06,-738.93,32,68,481
4588.46,2187.79,-664.6,11,71,188
6508.34,10313.1,-1347.5,23,109,689
16430.4,212322.0,1418990.0,257,336,8195
6082.29,22191.8,5186.73,78,128,1255
6249.44,6366.0,-1366.0,56,104,429
9075.43,34571.0,-4805.0,30,211,1632
11379.9,55855.2,-795.398,30,209,2967
3735.25,444.568,-639.78,3,36,35
9446.0,19927.2,47237.2,40,157,1113
9337.94,16925.5,-4096.21,95,183,931
4714.58,2000.04,-841.2,9,75,165
4845.32,2065.01,-470.47,8,75,165
6272.55,5333.97,1543900.0,87,86,367
15278.6,251686.0,13581.9,101,346,7851
3904.57,2177.51,-444.042,6,43,161
7131.44,4578.39,-1914.0,25,110,294
4828.43,2356.0,-1619.0,10,65,150
5244.51,4337.34,-955.176,17,88,292
10294.4,37828.9,-3455.5,36,235,1818
3412.83,679.596,106.59,4,31,53
5048.95,2953.09,-838.01,10,72,205
19797.6,275243.0,26624.3,305,420,9137
9111.83,4879.73,-1435.61,26,131,271
4235.98,6182.94,-30.59,6,68,481
12523.7,32763.0,1692.0,48,210,1213
7619.3,18249.7,-1751.7,10,128,1065
7938.42,4845.02,-1484.23,95,131,271
15423.7,147390.0,-6757.0,85,306,5840
17726.5,158108.0,3261.33,213,359,6068
3944.9,1195.18,-739.58,10,55,88
4365.06,356.067,1326.6,11,54,28
5392.72,3467.84,-720.316,137,51,132
6113.15,3539.89,237.46,20,101,206
6212.37,1898.27,-1456.18,7,84,136
20447.8,274429.0,1985.87,332,420,9137
4720.89,4230.54,-1682.77,18,79,317
8470.27,9894.1,-2245.71,105,123,621
11168.9,68964.2,-5324.03,178,247,3373
7091.88,11437.7,-209.478,138,111,651
4531.0,2211.43,-822.2,6,61,184
3493.78,688.859,259.95,4,31,53
3933.09,1443.04,-698.644,159,52,133
7775.25,15756.6,-2003.65,90,134,970
8647.58,14015.3,-694.188,115,148,729
4563.53,3208.69,-497.206,156,71,249
11728.9,38328.3,688.529,35,235,1818
6956.62,11409.3,-1102.43,169,111,651
20910.5,156003.0,-9791.69,339,449,5537
4912.63,2803.59,-792.697,101,67,224
4257.79,799.014,-1449.0,13,54,64
4897.15,2093.9,-380.61,7,75,165
9203.68,27274.7,-1171.77,24,156,1364
14570.0,101990.0,-3448.42,53,283,3965
10335.2,38842.4,-459.719,207,193,2118
10225.0,26340.5,-2307.59,52,214,1469
20789.6,176798.0,-3924.35,338,449,5537
3935.57,657.504,-477.63,14,58,43
9835.59,34934.2,103403.0,48,148,1919
8008.55,4702.41,-1094.94,30,131,271
3715.6,585.491,-70.187,15,43,52
5270.31,3368.16,-1893.4,21,70,205
3407.85,704.838,171.46,4,31,53
10241.5,34794.0,-4704.0,151,205,1637
3935.68,2042.54,-1873.1,3,63,184
4590.64,6385.2,-299.76,14,67,481
8134.91,16751.3,-1080.77,54,134,970
13458.1,128005.0,-5575.0,55,302,5316
5561.81,7158.67,-990.588,15,93,545
9966.7,10517.2,-3115.7,100,154,587
21623.9,204857.0,9410.98,236,403,6746
5263.66,4562.13,67897000.0,8,79,342
9017.61,13933.6,-1989.21,270,170,771
3735.46,552.424,-378.87,4,43,52
11807.3,63817.0,-6632.0,19,240,2894
11670.6,41693.4,13052000.0,140,227,2059
4771.77,2836.08,-1201.9,120,77,244
3615.67,522.345,-664.65,7,43,52
14184.9,91490.9,678.138,291,254,3973
12527.2,55969.3,-1627.1,59,220,2461
11897.5,51980.8,543891.0,126,209,2534
11353.1,80131.0,-8135.0,166,279,3798
5375.19,3158.97,-693.604,88,67,224
18022.1,161314.0,-2466.87,92,359,6068
4026.85,2073.89,-1771.3,3,63,184
8520.0,13865.6,696.992,278,170,771
3401.49,672.189,124.99,8,31,53
7680.81,2612.0,-1881.0,28,103,151
6483.61,5029.0,-1907.0,26,104,298
7925.06,16454.0,-4531.0,22,137,849
4399.16,2623.31,-1294.2,19,65,202
3419.02,653.615,-239.12,4,31,53
3601.06,478.175,-772.51,4,36,35
9296.43,38062.0,-1977.46,38,180,2054
6921.66,5388.46,484.968,51,79,292
9385.48,46587.0,-3634.0,27,205,2461
5326.39,4319.5,-747.01,15,85,346
4477.07,2228.27,-1507.9,12,71,188
22731.1,282795.0,-4580.27,60,468,9276
11402.2,41014.0,-4423.0,42,233,1871
6706.83,5256.04,-1147.84,192,107,346
5121.83,4281.14,-1382.76,18,79,317
5128.33,4351.63,-1321.99,101,72,340
4760.91,2103.86,-140.8,17,75,165
11402.8,41607.6,4995.66,214,227,2059
12703.5,56475.0,-4502.0,49,278,2752
9227.41,27063.6,504.379,100,166,1414
7660.96,26992.4,-2875.27,133,156,1521
6301.06,7816.14,-1874.4,25,102,517
3984.51,1189.94,-60.756,2,59,101
9860.48,29918.1,-1090.21,223,171,1747
6970.59,7344.67,306.55,27,109,432
7075.81,17282.0,-2799.0,13,130,1019
13071.6,151812.0,-6450.0,66,284,6506
21029.2,239655.0,-10845.0,218,414,8085
5239.08,2214.05,12.023,8,75,165
13209.0,116763.0,-5828.0,55,313,4728
12245.3,49191.9,-3846.72,134,215,2188
9564.37,15503.0,-4393.0,33,190,774
6056.18,13204.4,-975.75,11,103,883
8781.48,16247.9,-1277.15,114,160,976
16472.1,176532.0,25858.3,115,367,7087
7523.5,9114.1,222.75,20,130,515
12166.3,38404.1,29.1647,145,235,1818
7436.07,33746.7,-2857.13,16,148,1919
4924.66,6065.85,-36.877,21,68,481
19818.6,168502.0,-6372.0,34,337,4721
10854.9,22427.0,-5016.0,26,178,1112
4447.1,6512.11,610.33,14,68,481
10393.5,37775.9,-1783.8,33,196,1997
5093.76,4068.27,357.83,11,72,340
36655.0,1422530.0,-17263.0,129,875,36502
8724.34,25215.3,-1964.35,30,157,1519
12027.6,35914.9,-1692.37,199,225,1755
4056.14,646.431,-398.89,20,58,43
6178.01,8080.51,-2745.7,5,106,549
4694.45,2408.51,-232.56,29,63,184
3969.49,2045.79,-1316.5,3,63,184
12462.6,72758.0,-8614.0,46,283,3377
7905.8,24105.0,-2635.0,23,152,1408
6803.99,10831.0,-2813.0,99,118,727
16419.5,179907.0,3592.06,77,367,7087
13858.7,67679.8,3859.85,52,325,3143
4470.32,1990.89,820.24,20,75,165
8129.93,32981.8,-531.364,97,148,1919
29586.5,849315.0,-14655.0,70,568,18272
13910.2,86486.8,581470.0,53,291,3799
13690.4,94158.5,-6290.13,255,294,4249
12218.2,52736.5,-1510.3,151,218,2391
5138.16,3000.12,3474.3,96,67,224
4397.45,2701.53,-486.62,22,65,202
5605.56,3765.56,-890.55,121,85,269
8530.71,20585.4,1402.03,116,145,1156
14368.7,151613.0,-8315.0,59,320,6285
6043.38,10301.5,-1576.5,25,109,689
10327.9,24780.5,297961.0,35,177,1313
15404.6,156184.0,3491.0,100,310,6737
20692.0,238782.0,-1385.71,284,537,8350
6120.02,11692.2,-1705.5,16,105,765
4043.74,2232.21,-846.72,9,63,184
14862.4,58956.0,18909.1,155,305,2610
6387.72,7443.83,-1154.27,8,93,545
12211.5,33353.5,911.24,44,210,1213
3546.93,686.166,-159.23,6,31,53
8701.8,21254.5,489.85,45,143,1203
3910.83,2096.73,-1199.2,24,63,184
6785.03,9805.52,707214.0,19,108,653
9984.51,34123.4,-586.717,41,176,1922
9939.35,31772.4,-1549.91,103,171,1747
10511.3,26442.3,-2140.24,151,172,1412
4986.24,1072.53,-1255.6,22,66,101
4105.48,6068.37,21.604,18,68,481
3854.65,1210.71,-909.95,9,55,88
8709.35,13503.1,1435.87,71,132,806
13352.1,85899.7,104720.0,53,291,3799
13627.7,98009.4,2823.87,197,281,4061
7949.19,15075.5,398.91,23,127,802
14701.0,113348.0,-5798.0,28,271,3061
6791.66,11492.2,-672.053,29,111,651
5571.38,4598.57,-1681.88,23,88,292
12317.2,78785.2,-1064.61,40,252,3882
6777.97,6699.57,-1131.54,90,95,427
15191.8,165193.0,-1751.46,37,320,6391
7752.45,25476.7,-1432.79,27,157,1519
23263.8,284671.0,-1025.26,55,468,9276
23966.3,279160.0,1410.11,249,468,9276
6031.18,8062.88,-3498.0,9,106,549
8272.41,13807.3,-3577.02,117,170,771
12423.3,73689.0,-6558.0,102,260,3209
4510.18,2910.0,-614.54,37,65,202
12353.2,66685.0,-7895.0,48,285,3059
8994.74,20211.0,-2844.75,83,163,1162
4808.45,1986.81,-1304.8,9,75,165
6541.29,12309.5,-1490.13,7,105,765
9270.48,20529.0,-1344.6,128,145,1156
15370.8,157998.0,2474.7,100,310,6737
11074.0,32278.6,-1698.84,163,203,1580
6667.05,3510.52,891.29,21,101,206
9691.63,39959.8,-3427.22,74,196,1885
14684.8,79446.9,286.014,77,320,3466
11885.2,63007.0,-6305.0,42,217,2254
5317.08,1332.41,-319.32,28,64,116
8467.42,16539.0,-4180.0,49,149,889
10596.9,33859.4,11033.8,104,176,1922
8043.19,9407.56,469.76,20,130,515
9747.05,29209.0,-4401.0,60,192,1524
7685.79,14274.7,-851.969,96,120,809
8540.54,9605.1,-1084.94,14,138,554
3589.71,717.728,53.482,8,31,53
15130.4,100312.0,-3923.8,42,281,3974
4926.5,3179.71,-753.022,157,71,249
21035.6,411975.0,-1752.48,94,467,14125
6430.96,5058.41,-2502.1,16,109,317
6429.64,11942.0,-3785.0,70,129,729
10520.6,42136.0,-4848.0,63,180,1524
11453.3,69121.9,-3370.44,49,247,3373
4408.19,6611.86,-569.43,23,68,481
6469.72,1869.45,-1115.52,9,84,136
6409.66,1867.67,-987.717,36,71,103
3861.58,1212.85,-757.72,9,55,88
9582.78,24374.0,-3804.0,20,179,1310
14673.6,143648.0,-4622.45,312,308,6057
8014.3,13393.0,-157.775,20,132,806
8026.14,8700.03,3675.7,35,144,553
6961.1,13299.9,692.972,20,96,804
4804.4,3820.14,-1652.83,16,79,317
21063.2,408435.0,-9776.27,72,473,14125
4195.45,6340.84,64.769,17,68,481
3890.7,2387.34,-1133.3,23,63,184
9219.86,30331.9,-597.165,62,132,1513
6850.45,11195.1,-1613.41,2,92,551
16888.1,164613.0,-7323.84,202,352,6744
8778.22,24852.2,-2635.67,26,157,1519
8828.86,21955.7,-372.54,38,143,1203
9311.12,29121.2,-282.586,127,179,1626
8227.54,15392.3,-637.03,24,127,802
7582.09,17794.0,-3642.0,30,143,1068
29566.5,673412.0,-359930.0,139,663,17345
6861.81,13287.8,-1391.52,22,96,804
8879.21,17177.1,-3030.67,95,183,931
5124.09,3006.86,-1945.9,3,65,202
14873.6,250016.0,692.595,94,346,7851
7431.15,9476.03,3590.85,99,123,621
3619.91,2399.0,-977.0,7,56,183
9370.4,12370.4,1084.0,23,152,693
9575.92,32884.9,-3462.84,94,176,1922
3680.32,534.82,-556.1,4,43,52
7343.68,4829.14,-1669.99,53,86,205
4984.82,2488.43,-1144.6,13,71,188
14783.7,87911.9,-1311.63,70,298,3369
3756.0,559.108,-464.56,5,43,52
16108.5,128794.0,-4195.0,90,333,5121
5123.06,4284.25,-1072.3,13,85,346
13943.9,143499.0,14516100.0,259,308,6057
10018.1,52757.4,40744.0,111,224,2192
4690.22,2090.16,-146.44,13,75,165
13336.6,169793.0,-10572.0,46,314,6628
4066.76,650.993,-649.01,17,58,43
5821.4,4274.62,-1372.52,84,88,318
22273.2,346254.0,-2557.73,255,440,10967
12980.2,78648.0,2239.0,64,272,3539
5695.14,1033.99,-1460.9,6,57,76
4057.49,567.757,-610.33,4,43,52
8623.62,30495.2,-1048.5,104,132,1513
11793.0,52770.3,-4231.08,125,224,2192
4197.43,2522.19,-962.01,12,65,202
13464.5,74290.0,-10597.0,61,323,3135
8541.21,4456.71,-597.865,44,131,271
4658.52,2012.55,-10.763,12,75,165
14108.3,82846.9,798.794,64,272,3539
3422.78,686.505,268.72,3,31,53
5729.31,2585.48,-3444.8,12,87,166
8447.04,15657.9,-3148.7,31,141,932
6859.01,7950.18,-4026.5,12,117,427
3874.14,2080.61,-1486.7,4,63,184
11892.4,41399.9,-1142.94,148,205,1751
13421.0,85903.2,-972.629,59,291,3799
13007.2,88088.0,-5658.0,30,232,2900
4214.38,6212.45,-180.03,39,68,481
3412.18,656.199,203.57,5,31,53
4766.1,2817.27,-941.27,17,65,202
15380.9,191165.0,5770.99,45,286,7322
4794.4,6382.45,-118.72,21,67,481
11914.9,53881.1,278.14,44,220,2461
7004.02,11577.0,-3158.0,16,122,696
25902.1,654152.0,-15863.0,124,630,20045
9999.79,24544.3,-674.958,38,177,1313
5253.57,4323.73,-549.603,14,72,340
4651.13,6422.16,68.239,15,67,481
3912.8,2330.0,-1308.5,12,63,184
6521.4,6977.9,-1335.41,79,118,426
16949.4,84720.8,1553.3,86,340,3632
4265.03,2334.94,-203.58,18,63,184
9207.45,13700.9,-642.119,105,148,729
8544.58,14464.8,-1477.55,94,140,845
7667.69,27218.0,-3295.0,21,157,1635
10630.4,41123.6,-3105.43,136,227,2059
3892.14,1189.84,-958.84,9,55,88
6755.25,29444.0,-2683.0,15,123,1680
21785.2,347732.0,-3332.33,281,440,10967
6267.63,7215.07,-906.496,79,93,545
5509.51,4596.26,-99.9597,19,88,292
6134.95,6293.03,-1923.0,17,108,424
4970.03,2904.45,-181.099,20,71,249
19166.9,178161.0,629489.0,235,403,6746
6293.04,3534.94,-1816.12,46,86,205
5944.82,7527.33,-1209.98,89,104,457
6303.27,4803.07,-1842.0,15,107,319
6821.37,13313.1,-991.605,18,96,804
8725.01,24949.9,-1420.91,34,157,1519
8830.3,11978.3,-1481.05,64,128,693
6281.32,5383.07,-1040.92,17,96,347
16887.0,161761.0,-975.174,225,352,6744
3282.41,1011.34,169951.0,65,51,102
6840.49,9159.0,-2985.0,17,122,519
7489.73,9094.85,331.37,13,130,515
7972.48,5566.35,-1097.59,91,108,318
6970.69,28098.1,-2466.5,12,131,1686
6870.23,7849.74,-2251.0,11,117,427
14819.8,63136.0,-4510.0,57,250,2681
7776.23,15081.3,-247.46,26,127,802
6580.57,5705.0,-2955.0,6,107,370
5764.83,3744.06,-1034.87,15,85,269
8420.87,10191.8,-2924.73,184,135,587
13163.9,63216.7,4964.2,46,279,2979
6021.45,1109.69,-1109.0,7,57,76
9258.86,27517.0,274234.0,55,194,1521
6279.68,4049.77,274.67,14,100,294
3742.34,485.15,-762.56,3,36,35
22079.3,405041.0,-392.298,59,473,14125
11048.4,131726.0,-5987.52,204,279,5626
22335.1,236051.0,3844.06,278,537,8350
5983.59,6768.15,-1005.62,83,86,452
7967.99,15216.6,207.26,29,127,802
9629.5,12184.4,299.07,21,152,693
4961.78,3042.19,-843.949,107,67,224
22054.6,414394.0,354266.0,60,473,14125
13259.2,63345.5,3407.3,60,279,2979
4447.76,810.869,-1648.6,6,54,64
7664.88,4860.93,-530.993,33,86,205
19266.3,288349.0,-8569.0,108,465,10110
7930.42,9272.76,14851.2,193,138,554
13871.1,131378.0,-4492.0,82,306,5630
6267.4,3288.74,1697.7,22,101,206
5828.13,7665.17,-1685.15,99,104,457
8032.43,16319.0,-4250.0,22,163,980
7527.74,4635.43,-517.616,81,131,271
4779.29,1646.96,-1586.3,5,70,131
5887.66,11022.7,226148.0,59,102,764
5081.6,2322.05,-876.67,6,61,184
4821.51,543.196,438.05,26,65,35
6074.99,4157.79,4149.44,79,72,340
13898.4,51907.0,20814.1,146,288,2334
15707.9,90943.4,158538000.0,280,254,3973
10643.2,37859.4,-3047.12,35,235,1818
4686.58,5915.65,-392.49,17,68,481
4260.13,6230.05,-49.612,23,68,481
9195.73,35566.7,-2523.24,32,148,1919
4238.21,2100.44,28439700.0,16,54,165
16169.8,167884.0,117724.0,61,320,6391
6762.57,3950.45,-1094.9,10,101,249
5805.51,7145.14,-1001.25,73,93,545
6481.29,13424.5,-960.31,16,96,804
10918.1,35061.5,-1669.52,202,208,1691
3588.57,567.569,-368.08,16,43,52
4813.09,1647.91,-1251.2,5,70,131
16448.7,322709.0,-9759.0,63,452,11273
3684.05,483.253,-743.46,0,36,35
5843.74,4098.5,-1266.72,86,88,318
3334.45,579.003,109.89,15,51,45
9470.42,26827.0,-5310.0,54,227,1368
15922.9,143345.0,-9268.0,51,360,5745
9697.04,30263.8,-867.965,45,171,1747
8757.97,20305.5,608.554,47,163,1162
5631.4,7521.78,-1263.94,103,104,457
9507.39,26809.1,-1854.2,170,158,1403
6948.7,17150.0,-2828.0,26,141,1068
3677.41,542.282,90.558,18,43,52
4769.39,2846.82,-1406.08,117,77,244
8151.9,14299.1,-1029.48,100,140,845
4419.08,2631.18,-908.47,14,65,202
11301.6,51832.6,-1394.59,134,209,2534
8827.65,25584.9,-3401.89,31,157,1519
4346.9,639.37,-439.95,12,58,43
12211.8,60833.6,486827.0,152,233,2897
4212.39,1320.36,-1171.8,1,57,129
18133.5,159193.0,65774.1,196,359,6068
14613.5,129639.0,-9769.0,212,323,5530
10644.1,22722.0,-3294.0,33,209,1115
8174.94,21099.8,1182480.0,179,145,1156
6619.85,13197.1,-507.172,15,96,804
6887.25,6990.48,19346.1,84,118,426
7529.12,12610.4,-1070.82,36,130,694
26353.2,630508.0,-17593.0,84,690,19835
4512.8,6755.38,-319.31,28,68,481
6902.46,6002.0,-3025.0,7,104,373
4748.24,2677.63,-1025.2,15,72,205
5208.83,2831.41,-158.08,11,72,205
4227.82,1332.08,-1408.5,1,57,129
8011.98,18919.0,-3633.0,48,144,1018
15119.3,96047.4,-7653.37,251,340,3633
4413.72,2648.11,-463.08,15,65,202
23003.3,282137.0,2891.02,75,468,9276
15321.5,87990.7,4957.6,72,289,3710
6754.44,10254.8,2875.77,33,101,584
3924.08,6270.65,-34.124,27,68,481
3416.83,680.388,171.23,5,31,53
13285.1,142314.0,5764.65,272,308,6057
10160.3,24575.4,-263.77,43,177,1313
4915.08,2167.61,157.24,16,75,165
6628.25,11368.0,-1444.84,150,111,651
6419.07,8123.79,-1393.8,12,108,549
7134.62,12862.0,-2386.0,15,132,807
14420.4,251864.0,-7973.94,107,346,7851
4172.23,2195.09,2624330.0,29,54,165
4030.53,2078.14,-1591.5,4,63,184
10803.6,63974.0,-4460.0,90,230,3205
4566.73,2401.83,-754.01,4,61,184
11439.8,42304.2,-4817.68,137,227,2059
5643.45,3107.48,-1386.2,10,94,224
4202.83,1682.49,-782.58,4,61,134
4110.3,2273.36,-1215.9,15,63,184
4640.53,539.191,459.95,26,65,35
22593.4,408774.0,1021.14,58,473,14125
8810.86,11956.4,-1852.0,119,136,619
5313.02,4564.43,-1010.6,12,85,346
16127.6,77990.4,-77.8139,157,336,3302
5639.66,10634.7,-838.481,66,102,764
13148.4,73042.5,36990.8,35,262,3211
3448.94,670.478,315.98,4,31,53
3310.08,663.905,216.39,5,31,53
5171.49,2817.94,-1164.3,13,72,205
11663.0,36779.6,-2607.69,10,225,1755
4812.48,1143.57,-687.48,13,62,100
8430.45,11978.2,-1502.95,64,128,693
3877.46,1202.23,-743.19,9,55,88
8887.81,17363.0,-3697.0,72,185,1026
8272.92,24648.0,-3056.0,34,166,1463
7654.66,12754.0,-2024.0,22,132,766
8392.94,13374.0,35537.9,118,170,771
6162.13,2690.55,-1256.0,10,99,167
10639.3,26710.7,507550000.0,127,158,1403
13952.0,164656.0,-3994.77,46,320,6391
19217.4,205811.0,-10695.0,61,390,6741
11690.2,27386.0,-4281.0,30,180,1110
4128.04,6427.0,244.28,23,68,481
9987.12,53352.0,-4544.0,20,218,2820
11776.9,40142.0,-5581.0,42,232,2056
6078.14,7624.76,55977.6,77,104,457
4006.85,2119.78,-2324.5,5,63,184
21859.2,316179.0,-11335.0,102,467,10104
11682.5,32499.9,-882.042,144,204,1692
8287.79,11330.0,-3587.0,27,122,615
3337.45,694.031,-137.88,5,31,53
12575.1,36356.5,-2253.78,14,225,1755
22428.0,516186.0,-1305.98,374,540,18067
8899.76,24770.9,-1813.33,38,157,1519
4428.5,6249.61,227.28,21,67,481
8087.46,20427.9,2513.8,46,143,1203
23662.3,387048.0,-136530.0,106,467,9412
11164.7,55722.9,-1093.97,25,209,2967
4892.04,2256.14,-1467.3,11,71,188
8145.28,9520.76,-1957.18,204,130,490
4066.34,365.113,645.94,17,54,28
5124.83,2721.01,-1193.7,11,65,202
6957.94,6141.0,-1451.0,12,80,341
14473.8,71465.3,-1063.85,104,224,2192
7187.73,5728.22,-877.464,38,79,292
6205.17,1117.26,-1881.5,6,57,76
5504.88,4681.42,109660.0,15,79,342
3575.97,565.977,-410.72,14,43,52
4501.07,1894.72,2790640.0,75,63,166
11981.8,73871.4,1484.43,43,270,3373
7376.15,17508.1,-2009.1,17,128,1065
5651.02,7719.78,-1047.0,13,99,583
4349.0,6141.64,125.26,22,67,481
23085.7,281355.0,633.387,308,468,9276
3970.44,2209.12,-986.968,183,54,165
6302.84,7301.0,-2549.0,58,112,485
16080.8,128791.0,-8466.0,116,296,4816
6425.42,4872.0,-3652.0,42,105,247
4967.45,6200.54,-654.53,24,68,481
14684.6,100098.0,-2174.66,44,281,3974
7604.96,11743.6,7361.23,115,128,693
9526.94,30635.9,-807.215,211,171,1747
6043.67,5224.07,-979.77,8,105,371
10008.4,78049.0,-4510.0,16,208,3962
5390.84,5590.43,-1611.5,6,89,425
9593.02,39261.6,-4313.33,177,193,2118
10088.7,39524.7,-1842.86,46,180,2054
7031.82,17468.9,-2453.6,18,128,1065
9180.34,32883.0,-4972.0,14,189,1809
13096.8,69278.0,-5785.0,52,227,2605
3681.45,454.576,-558.39,1,36,35
3479.53,702.613,75.668,5,31,53
3821.54,440.32,-690.23,4,36,35
5749.09,1073.33,-1308.0,6,57,76
4827.69,1084.95,-1267.2,21,66,101
23544.2,266735.0,-972.599,296,537,8350
12146.0,74127.4,-4100.23,36,249,3630
16596.4,164858.0,-6819.95,208,352,6744
10475.0,51353.0,-4993.0,51,220,2676
3844.86,1506.74,-1118.8,6,56,114
6767.96,4237.96,-610.071,146,101,270
3606.62,464.767,-654.23,2,36,35
10495.0,27111.8,40838.1,141,172,1412
12091.1,56482.7,-2583.9,29,209,2967
9498.21,20818.0,-3721.0,161,162,1255
8422.21,26098.0,-2148.0,34,149,1362
12971.6,76085.4,307.038,178,262,3211
3777.35,523.0,-633.85,5,43,52
8954.71,35954.6,345.906,83,148,1919
6971.49,8992.71,113438.0,133,95,543
7404.02,4965.08,-556.898,20,93,248
14839.5,251994.0,-8079.94,101,346,7851
4107.92,702.539,-813.45,24,58,43
4718.51,2241.94,-499.04,2,61,184
10247.7,16793.0,-3006.0,21,138,555
3500.44,686.603,463.01,5,31,53
16177.2,81330.1,5408440.0,91,320,3466
3633.62,560.499,-643.91,5,43,52
8850.21,12409.2,80.3157,130,136,619
7264.19,13372.0,-3638.0,47,111,726
5662.27,1470.77,-1358.64,29,71,103
9611.73,36536.1,43887.0,31,196,1997
23920.1,279875.0,-10731.8,288,540,8870
8723.38,32780.0,-2672.0,30,185,1868
6125.51,8087.92,-2944.0,5,106,549
6670.08,7160.02,-2210.87,66,109,486
4106.45,514.923,785.73,22,65,35
5076.61,2988.9,-742.618,27,77,244
8576.66,14595.1,-311.699,86,140,845
4431.33,2133.44,687.87,24,75,165
6827.82,7875.01,-2294.0,11,117,427
10067.1,24468.7,9743060.0,35,177,1313
5903.53,7590.15,48036.2,25,104,457
7192.66,8352.0,-1868.0,21,128,520
12601.7,49627.9,376362.0,217,262,2394
4398.55,1028.2,-1214.7,19,66,101
6922.29,9859.77,1459.8,20,115,547
9071.86,26628.1,-3356.34,104,172,1412
8723.54,11968.5,-1965.0,117,128,693
5138.98,2789.65,1062.19,19,77,244
10059.2,21102.8,-1956.98,163,163,1162
21971.2,352231.0,3416930000.0,65,440,10967
6972.91,7991.0,-3076.0,33,112,428
6859.93,13727.7,-3238.6,18,118,762
5472.29,4040.98,-938.28,12,85,267
3725.69,466.235,-952.21,1,36,35
18675.9,266829.0,-9105.0,93,430,9683
23833.6,485784.0,-11842.0,141,526,15334
9845.85,27534.5,-3970.49,66,194,1521
15463.0,99304.6,2464850.0,53,281,3974
18860.6,225481.0,-1530.47,58,336,8195
10321.1,34999.8,561.441,53,176,1922
3765.95,390.853,1157.1,11,54,28
6917.04,13749.9,40695.2,26,96,804
4971.48,2027.91,-395.58,3,75,165
5805.07,7128.14,-731.152,14,93,545
4772.99,2377.77,1441.6,29,76,165
3375.25,691.818,-233.86,6,31,53
6743.2,13112.6,-1028.14,183,96,804
9691.76,14793.0,-5486.0,131,179,815
7362.0,14012.4,-803.598,98,120,809
5251.02,3673.14,-236.29,21,82,289
4383.1,6300.63,55.458,20,67,481
3867.98,452.938,-876.89,2,36,35
5981.81,1759.59,229705.0,16,84,136
5521.95,3571.72,-745.017,61,85,269
4119.03,1684.38,-580.14,4,61,134
4508.14,6422.46,-723.4,40,68,481
5959.55,11062.8,364.331,23,102,764
7020.61,4147.56,-1502.26,43,86,205
3918.24,2398.21,-1097.4,16,63,184
17632.9,147946.0,-1347.74,71,362,5847
4751.47,491.093,49.226,26,65,35
10059.4,25711.0,-5363.0,88,146,1209
6062.35,5085.95,-502.379,71,86,367
12097.5,71157.7,-633.511,193,262,3211
4237.89,2823.07,-353.05,41,65,202
16994.1,163227.0,-2067.12,209,352,6744
15853.8,152054.0,-8280.0,205,310,5739
11227.9,68523.6,-5458.8,195,247,3373
3616.79,572.515,-651.3,5,43,52
13550.9,119843.0,-8075.0,126,280,5218
14858.3,166583.0,-325.088,43,320,6391
7512.53,13196.4,440.137,33,170,771
18097.2,237433.0,-9181.0,192,381,7710
13594.5,90956.0,-1887.66,215,254,3885
4572.92,1026.28,-880.51,28,62,102
9707.35,38889.6,-256.142,69,196,1885
3860.32,2075.32,-450.985,8,43,161
4051.16,2719.73,-1255.1,23,65,202
4343.35,6269.88,-473.13,20,68,481
14395.9,142370.0,660.164,49,308,6057
11784.2,52401.0,-291.322,152,218,2391
10078.7,35670.9,-1240.22,191,208,1691
6151.5,5041.34,-839.815,61,96,347
4521.35,2763.38,-524.38,28,65,202
3873.89,1782.72,109640.0,199,63,166
4160.79,416.955,1398.5,11,54,28
8217.81,9172.0,1716.0,39,144,553
3730.86,550.121,-582.15,5,43,52
8579.15,30651.0,-5610.0,36,179,1526
4612.28,6384.72,-65.608,16,68,481
4045.7,6360.73,-251.64,30,68,481
10040.9,25874.0,-3617.0,46,202,1261
9334.74,39375.0,698.11,69,196,1885
6486.51,6004.0,-2014.0,11,85,342
3905.31,1195.07,-792.14,10,55,88
9685.35,22243.4,-1923.41,82,139,1108
10005.9,34615.5,-1388.96,22,208,1691
12052.3,68807.8,-4933.09,187,247,3373
17624.3,208844.0,-7547.0,83,378,7823
16108.8,137559.0,-10861.4,338,449,5537
3891.56,889.0,-710.0,1,58,75
5801.42,4200.24,-928.625,83,88,318
3722.7,475.008,-922.11,2,36,35
13060.6,53713.0,-4093.0,91,226,1876
10007.4,34540.1,6434.11,26,208,1691
3709.84,536.995,-537.05,5,43,52
14562.3,112882.0,-6103.0,50,310,4532
7412.41,9956.03,-827.931,214,101,0
4508.51,2552.84,-1117.0,8,65,202
3467.92,677.749,253.68,6,31,53
4487.23,964.452,-712.39,4,55,88
6734.96,17215.7,-2426.1,7,128,1065
8330.51,33395.4,-2747.19,21,148,1919
9741.04,20708.6,-2634.02,40,157,1113
11623.1,41751.0,46322.6,217,227,2059
5330.1,4265.67,-1220.85,16,88,292
5015.89,2873.81,-1095.7,11,72,205
5586.12,1991.28,-1343.9,8,77,165
12758.2,63345.0,-5990.0,64,279,2755
3751.59,382.3,980.89,11,54,28
15246.5,165532.0,-1332.83,51,320,6391
4260.7,737.554,-418.81,17,58,43
4214.41,1687.32,-254.72,4,61,134
4092.32,1653.64,-837.53,8,61,134
6772.78,9685.37,736.82,17,115,547
8063.11,9370.64,520.26,19,130,515
15162.1,165742.0,-5941.19,157,320,6391
3843.48,535.288,-373.16,6,43,52
7028.2,8862.0,-1397.0,27,135,584
18414.1,269967.0,-4739.14,102,346,7851
4765.21,1933.33,-276.89,9,61,116
13658.9,232239.0,-11828.0,251,353,9397
5462.0,5518.0,-2216.0,20,93,320
5445.37,10873.8,-897.714,81,102,764
10565.6,10500.6,-3045.88,101,154,587
4318.76,1032.44,-487.27,28,62,102
13423.2,87117.9,-1934.12,57,291,3799
5660.5,4939.4,-601.217,17,85,343
24622.0,528308.0,-11644.0,163,615,17503
6470.32,9279.26,-1249.56,201,98,520
4244.05,6209.79,-235.75,10,68,481
8218.75,10236.6,-2076.66,208,130,490
9237.85,39245.5,-504.122,69,196,1885
6340.65,11744.9,-1556.95,18,105,765
12726.8,61399.4,333562.0,210,214,2600
5300.56,2943.1,2424530.0,157,71,249
6207.43,8089.49,-2799.3,10,106,549
3650.86,540.078,-621.49,4,43,52
3357.45,649.127,177.2,3,31,53
9902.49,24501.4,-1864.45,23,177,1313
8379.57,20938.2,573.77,52,143,1203
14845.8,96236.0,-10085.0,201,305,4065
15279.3,61674.1,-6114.85,148,305,2610
4970.07,1888.53,-395.66,8,66,164
4728.81,3000.67,-599.857,17,71,249
6284.58,3483.9,902.65,33,101,206
5219.74,2643.78,-896.29,10,65,202
9736.94,28798.3,-1809.88,114,166,1414
7941.97,9502.28,527.74,24,130,515
5260.89,3685.03,-1235.1,6,89,249
4946.9,2827.49,-1078.49,20,77,244
6149.05,1991.95,-24.6835,20,84,136
24079.3,255885.0,580.219,277,537,8350
3850.89,2179.85,-872.126,20,54,165
7779.6,9125.14,358.4,18,130,515
8478.04,15991.4,-1943.12,45,160,976
7944.56,8763.92,1136.3,39,144,553
9047.59,16622.1,-398.964,26,142,844
5976.46,5250.04,-1787.3,22,88,370
10342.2,40023.0,-6092.0,34,208,2054
12634.0,42238.4,115221.0,40,278,1938
3643.29,489.465,-888.25,2,36,35
15466.8,156834.0,3233.6,112,310,6737
4021.27,2440.97,-1122.8,25,63,184
10215.5,20504.4,-1248.79,25,157,1113
8815.07,12175.5,-1752.51,9,117,519
7673.78,13811.9,-76.948,17,127,802
4689.8,2939.74,-1045.71,110,67,224
8067.53,13136.4,5312.57,74,132,806
10523.1,33041.4,-5380.65,126,234,1581
9990.64,38114.4,-2180.05,21,193,2118
8950.55,18907.0,-3571.0,24,149,897
8521.41,17515.3,-708.068,23,133,890
6478.4,15429.0,-3243.0,174,134,890
9130.93,37719.1,-2319.02,44,180,2054
5927.44,1949.8,-1183.13,15,84,136
3723.37,441.711,-976.29,2,36,35
8796.32,12095.4,373.243,128,136,619
11649.7,35943.0,-1280.68,19,225,1755
6214.23,8154.86,-3027.3,10,106,549
20520.4,312243.0,-10299.0,101,395,7591
6870.39,12392.1,-907.573,7,123,726
15103.8,57782.0,-5193.0,20,233,2062
11625.7,56521.7,-1575.6,25,209,2967
5271.46,4310.01,-1709.14,16,88,292
4800.69,2220.21,823.09,32,75,165
15337.4,158005.0,4169.4,127,310,6737
13618.7,76982.3,629755.0,191,262,3211
12124.6,91710.7,-4827.56,217,254,3885
7486.47,18474.8,-1303.2,15,128,1065
3591.92,551.862,-689.26,14,43,52
5396.06,2574.95,818.28,3,81,169
7282.87,10806.0,-3200.0,18,133,649
8646.06,10545.8,1465230.0,127,156,654
3760.01,558.448,-255.45,13,43,52
11299.1,38231.0,-5587.0,42,189,1805
13234.7,78289.9,-2814.46,136,320,3466
12403.8,33554.7,2625.4,55,210,1213
8175.71,9499.54,-2585.19,213,130,490
14669.6,143278.0,-933.179,313,308,6057
10845.9,49735.0,-5527.0,80,207,2386
4312.5,6544.23,624.15,25,68,481
11684.9,73950.9,-4953.75,23,249,3630
4949.2,2725.75,29404.2,27,77,244
12619.2,49005.0,-6398.0,59,233,2133
4074.07,700.281,-244.8,8,58,43
12495.6,138724.0,-4750.0,55,271,6161
6868.74,12064.9,-1005.78,8,105,765
14406.8,115072.0,-6199.0,55,310,4817
4776.97,1538.35,-1327.0,6,70,131
5865.52,7147.05,-954.202,16,93,545
7058.71,28308.3,-2519.6,12,131,1686
5029.08,1105.84,-754.42,12,62,100
6007.12,13176.7,-1339.7,15,103,883
9298.1,16407.0,-3554.0,83,171,849
4429.8,6348.65,-561.6,16,68,481
3866.57,588.607,-730.23,2,43,52
10568.0,37776.8,-1566.5,35,205,1751
6397.89,4986.0,-968.0,6,102,270
11146.5,39880.4,-1174.39,199,193,2118
14112.3,66659.6,-1696.16,103,224,2192
17965.5,178950.0,-8403.0,195,376,6406
7364.63,14365.2,-1781.95,27,120,809
10253.1,10464.3,-3031.17,101,154,587
5501.32,2000.05,-1146.2,8,77,165
7034.57,28181.5,-2466.3,12,131,1686
5762.86,7847.71,-1424.2,13,99,583
4336.28,2111.76,-1298.4,10,71,188
6244.67,5753.23,-984.21,10,105,371
11139.4,52064.0,-3024.13,112,224,2192
10225.5,57531.9,-2866.14,166,217,2904
10511.1,26966.0,-1039.3,113,214,1469
5586.67,4677.7,965.565,65,86,367
11552.6,43605.4,99378.2,92,166,1414
13355.1,86322.3,-5037.69,62,291,3799
6675.96,10366.7,-1286.97,23,109,689
5706.86,1788.46,1534930.0,16,84,136
18293.0,146235.0,437807000.0,96,362,5847
5772.59,1095.97,-1510.9,7,57,76
3799.14,588.32,-143.04,18,43,52
3640.69,1498.1,-573.041,6,40,100
15601.3,89477.9,3962.8,80,289,3710
22988.3,622457.0,-11421.0,82,485,14976
12977.9,63102.6,5398.7,47,279,2979
5303.59,1979.91,-1362.4,7,77,165
6174.77,4106.29,-104.55,13,100,294
23907.5,259701.0,2282.42,278,537,8350
16683.2,154706.0,-7731.0,91,344,5432
18148.9,177102.0,-10113.0,218,411,6750
11942.8,38061.5,-2449.77,159,235,1818
5272.16,3682.71,-199.985,95,51,132
21257.3,410506.0,2715.29,60,473,14125
13439.6,72567.3,240724.0,166,264,3217
4066.58,1407.3,-61.3923,157,52,133
10153.8,36430.0,-1423.97,26,208,1691
4767.73,1573.99,-1192.5,5,70,131
3824.31,359.788,1133.7,11,54,28
9672.77,12389.8,115.82,20,152,693
7411.25,6284.78,-1332.0,95,114,399
6794.45,3375.91,880.91,20,101,206
8831.38,18919.0,-3064.0,67,148,977
15419.4,79986.3,-604.856,81,320,3466
5090.59,1812.6,-1395.7,2,70,131
4897.45,4327.24,-415.054,23,85,343
12349.7,56572.0,-4804.0,29,253,2468
6999.66,9002.0,-1305.0,39,106,522
9779.45,25356.7,12375100.0,134,172,1412
13714.3,43291.8,47384600.0,110,227,2059
6847.79,7722.5,-2992.5,10,117,427
8192.03,18163.0,-3179.0,29,150,936
9538.35,22332.5,272823.0,83,139,1108
3796.18,581.403,-631.54,5,43,52
7269.07,8547.51,-661.332,119,95,543
13224.3,82194.0,-9924.0,102,330,3715
7554.71,9535.62,-757.52,13,123,621
3406.86,672.363,204.89,3,31,53
13462.4,92534.0,-5812.0,50,271,3224
20334.3,136242.0,-6290.0,102,359,4922
8948.23,16499.0,-982.363,112,160,976
7616.05,13325.5,-3084.0,2,125,694
4001.93,772.225,-2254.1,9,54,64
9791.16,33986.7,-308.216,118,176,1922
9709.25,30476.6,348508.0,140,179,1626
11307.0,49142.9,-1370.43,81,190,2118
7106.58,13959.0,-1330.45,31,120,809
7520.57,8784.29,-2007.45,174,107,517
8049.73,32992.8,-467.604,99,148,1919
12295.9,30222.0,-6922.0,131,251,1475
9628.33,16698.0,7547.28,165,172,973
15352.9,63836.7,-2516.27,132,215,2188
9548.12,44945.0,-4787.0,88,188,2318
6545.45,7486.72,-2185.59,73,109,486
4565.83,6434.3,-194.04,16,68,481
3451.51,661.749,18.375,3,31,53
9126.37,11290.7,-795.561,131,156,654
13608.3,60399.2,-2155.59,37,247,2754
10965.9,35682.3,-771.078,24,208,1691
4701.64,1787.18,-573.9,13,61,116
7446.96,14879.8,4746.95,70,134,970
4068.84,1447.52,-832.48,128,52,133
12094.9,52943.5,-1310.37,152,218,2391
15775.0,272396.0,-11567.0,218,386,10522
8778.14,16871.0,-2480.0,26,163,932
6180.73,5081.55,-884.545,115,96,347
4029.45,399.693,1027.0,15,54,28
6523.24,10350.2,-930.763,23,109,689
9023.02,32653.4,-1268.52,72,166,1414
16655.6,157508.0,-9783.0,66,393,6185
6926.07,7855.98,-3144.2,11,117,427
6342.58,4301.65,-274.45,14,106,318
12464.7,55792.0,-2330.8,59,220,2461
4668.81,1210.44,-1560.16,34,71,103
5459.24,4285.12,-1554.69,12,88,292
6671.13,17155.0,-1886.7,7,128,1065
5587.19,1811.89,-1252.26,45,71,103
5435.67,5851.62,-1326.7,11,89,425
8126.19,12862.0,-1835.86,15,132,806
6922.84,7739.88,-2452.5,11,117,427
14984.3,91043.9,-560.154,222,254,3973
10083.4,26221.9,-1563.83,149,174,1415
3978.44,392.109,973.83,11,54,28
22811.1,278275.0,-235.939,314,468,9276
9317.11,27046.5,-1058.36,152,158,1403
12489.7,93303.8,-5144.38,231,254,3885
13598.8,61629.4,25699.7,298,233,2897
4404.94,1935.38,-523.075,75,63,166
9360.39,10046.2,1452950000.0,89,154,557
15509.2,176044.0,-11186.0,113,338,5638
5670.19,1694.42,-1120.64,181,76,147
4431.38,1993.38,643.1,29,75,165
16667.6,169113.0,-478.574,62,320,6391
12513.0,49856.4,-4120.23,227,262,2394
16658.3,126664.0,-10596.0,275,340,5324
8109.12,25831.0,-2893.0,18,116,1110
7565.84,13854.7,-161.81,21,127,802
11969.9,67712.2,347904000.0,70,247,3373
4383.32,2633.01,-612.44,25,65,202
7922.16,13813.2,-3296.75,118,170,771
15699.8,156629.0,-8165.2,71,359,6068
7327.78,11431.3,41817.9,200,114,689
4528.59,2559.21,-816.17,23,65,202
12065.5,28317.2,-417.53,49,178,1410
5730.05,4523.23,-947.366,87,72,340
7444.87,10557.1,-2124.02,192,114,689
22239.2,411705.0,-776.069,65,473,14125
12791.1,63080.9,4582.2,43,279,2979
12925.9,68941.0,-4023.0,22,247,3129
9466.99,11375.0,-2667.0,24,152,552
10616.5,62176.0,-5485.0,27,265,2905
5837.99,7529.36,-1694.43,91,104,457
5855.25,1879.62,-1414.67,40,71,103
3839.59,564.862,-609.87,15,43,52
14925.6,159680.0,-7508.04,161,359,6068
12065.0,79195.0,-4972.0,77,262,3792
3798.75,2188.04,-873.699,183,54,165
4055.84,2060.83,790110000.0,24,43,161
11008.0,41874.7,-4924.39,143,227,2059
11324.7,51425.0,-5248.0,140,237,2607
4288.92,2225.9,-1117.6,4,63,184
12031.0,69614.5,1475410000.0,96,247,3373
13997.0,64555.2,-8379.06,201,321,2686
16292.5,156263.0,1638.3,93,310,6737
3310.14,688.175,109.81,6,31,53
12010.5,54538.6,-981.87,44,220,2461
11401.2,51307.2,3508.55,117,209,2534
6296.05,8199.25,-3036.9,5,106,549
3803.77,380.063,327.1,11,54,28
10990.0,43794.4,-872.167,29,197,2257
5863.74,3574.81,-811.576,120,85,269
13073.3,60694.8,220454.0,38,247,2754
11836.5,58300.2,-4046.04,168,223,2822
3899.22,2113.89,-1745.4,5,63,184
9058.78,37651.8,130853.0,51,180,2054
15537.2,84160.0,-6170.0,54,302,3372
6131.56,7974.35,-3379.0,4,106,549
5099.93,3128.13,-2551.1,4,65,202
8307.53,33779.8,-1437.36,90,148,1919
7136.9,5514.02,-1788.39,16,99,321
4595.54,1052.54,-1122.2,22,66,101
4692.0,6681.56,-570.46,20,68,481
4525.0,1035.76,-760.52,28,62,102
15350.9,99731.9,-2849.02,39,281,3974
13774.3,47010.5,-776.591,179,273,2061
11572.2,38418.0,-1129.25,34,235,1818
6390.06,13575.0,-4016.0,26,123,846
11757.9,52387.6,-962.681,150,218,2391
14332.0,87182.8,-3931.77,97,301,3369
7794.99,13779.6,-97.325,15,127,802
4178.14,1653.53,-848.35,8,61,134
7080.52,28192.7,-2694.2,13,131,1686
4492.79,6525.4,-320.53,21,68,481
8853.61,9065.21,1406.2,35,144,553
4014.39,2315.26,-886.03,23,63,184
8771.86,30464.8,-2135.18,228,171,1747
6014.32,5280.57,-1350.6,7,105,371
6459.99,8340.74,-2370.9,14,100,551
12554.4,84718.0,-7629.0,105,222,3622
9751.07,32918.0,-165.172,108,176,1922
4427.71,2388.24,-274.42,23,63,184
5756.27,4596.04,-1464.2,17,98,294
4073.91,2858.5,-882.69,23,65,202
3350.13,689.941,264.04,6,31,53
9900.49,48780.0,-4061.0,36,200,2533
15265.3,74487.0,-5292.0,45,313,3212
3656.44,585.076,-436.94,5,43,52
7817.81,5783.0,-2414.0,8,119,346
10705.2,13875.0,-3809.0,38,184,734
5385.67,1045.6,-860.613,38,65,76
10534.5,24614.0,-3788.0,46,194,979
5262.28,3685.29,-1567.7,7,89,249
16365.5,127663.0,-8240.0,66,363,4723
11328.0,32363.0,1202.79,146,204,1692
5870.97,5233.23,-348.102,67,86,367
4085.69,2682.55,574.7,19,65,202
8964.79,29049.4,-1202.32,126,156,1521
11738.3,37513.1,38652.2,25,235,1818
12868.4,74783.5,551.307,40,270,3373
3671.01,484.365,-853.4,1,36,35
12012.5,109353.0,-6471.0,82,268,4716
12390.2,71160.5,24948.9,178,262,3211
6675.48,13386.0,-2213.0,197,118,729
21731.2,449537.0,-11569.0,64,449,12507
15037.3,210651.0,-2934.44,69,336,8195
7618.63,5241.91,-1028.53,44,86,205
3996.44,2687.31,-1328.8,19,65,202
6011.05,7508.62,5319.73,62,90,405
9471.09,12293.5,71.6,17,152,693
4891.86,2176.8,217.89,14,75,165
9261.52,19670.6,19984.8,138,151,1023
4912.0,555.505,542.33,26,65,35
8087.84,23021.0,-2302.0,17,145,1357
18794.5,171967.0,4216900000.0,53,320,6391
5257.76,4828.16,118220.0,8,79,342
8035.89,8791.0,-2323.0,18,118,486
9650.06,16694.1,80879.5,168,172,973
6370.01,4331.9,-925.33,14,106,318
9017.99,28012.6,-2602.66,131,156,1521
9733.08,25915.6,2218.16,24,174,1415
14815.6,59485.2,3898.78,67,305,2610
20292.2,276733.0,2577.59,291,420,9137
7741.4,9510.69,514859.0,187,135,587
11249.7,58486.3,805945.0,150,217,2904
13194.1,116609.0,-7899.0,185,319,5113
7195.46,8730.41,-675.286,28,107,517
11543.0,60806.0,-4739.4,239,214,2600
9654.68,12379.4,7268.98,119,136,619
7250.18,7019.47,2633.62,17,118,426
3685.58,560.824,-445.45,4,43,52
7959.91,8998.6,371.65,29,130,515
9766.26,19313.0,-793.372,32,157,1113
5115.86,1063.56,-1310.9,6,57,76
5647.82,1005.03,-1105.2,6,57,76
3909.25,1196.93,-737.77,9,55,88
8746.07,17877.0,-4436.0,60,145,968
6572.41,8492.0,-2410.0,45,136,590
7825.35,12359.0,90980900000.0,119,130,694
3722.01,577.355,-532.31,14,43,52
8095.41,14262.5,-1893.34,17,140,845
8169.89,33373.8,279.517,95,148,1919
12172.8,73161.3,-1958.92,30,249,3630
8197.53,12907.4,26436.9,17,132,806
6230.8,1893.48,-1467.52,7,84,136
5723.72,3742.56,-922.591,64,85,269
3566.37,1220.24,-596.419,6,51,102
9929.38,22145.0,-3401.0,53,176,1071
14234.2,77405.7,103.308,245,336,3302
3453.57,1339.96,-531.478,28,40,100
8132.33,19106.0,-3582.0,13,149,1022
6154.08,2169.21,4273510.0,12,82,185
6997.33,7271.0,-2002.0,17,122,429
6668.28,2203.19,-1057.21,32,71,103
14984.7,48346.0,-4622.0,52,335,2003
16704.6,185687.0,-8577.0,72,346,7328
10363.6,35100.3,8051.76,198,208,1691
4217.27,502.649,385.45,23,65,35
5591.24,4762.29,-952.291,18,85,343
9397.89,39000.2,40412.0,70,196,1885
5711.29,2548.08,782.7,8,81,169
8219.28,22403.1,-400.681,113,139,1108
16791.9,164295.0,-856.026,222,352,6744
8693.59,40405.0,-4870.0,327,198,2318
4214.45,3105.81,-1097.3,9,62,245
13919.4,142243.0,239138.0,197,308,6057
11338.1,54650.0,-3674.0,47,219,2391
8055.68,17133.6,18692.3,97,134,970
10573.8,17167.0,-3995.0,24,177,773
35140.2,1009740.0,-19156.0,155,791,24692
21100.1,166408.0,-9344.77,340,449,5537
6779.41,7042.84,-1125.58,77,118,426
5458.84,4699.94,732.966,65,86,367
4846.25,2856.03,-1354.41,21,77,244
3685.71,558.966,-274.28,17,43,52
4105.65,2061.57,-1600.0,4,63,184
11214.7,81200.0,-7183.0,140,253,3970
9790.02,17737.8,-1269.47,35,142,844
4240.16,681.362,-113.16,16,58,43
3773.37,664.372,-130.61,9,58,43
10525.3,33142.6,9090320.0,122,176,1922
3654.08,724.39,103.84,4,31,53
17379.0,217041.0,-2200.14,91,336,8195
8996.35,20235.4,-1793.44,175,163,1162
6195.22,1874.0,-1163.77,40,71,103
3862.86,2061.11,-1507.3,4,63,184
5070.95,2938.83,-2132.9,6,65,202
3865.44,1209.82,-813.77,9,55,88
6430.13,10601.0,-3291.0,100,116,691
19955.3,184552.0,-9132.0,71,386,5540
4334.11,564.193,-90.891,18,65,35
10730.5,41838.8,-3282.49,142,227,2059
4129.41,2182.9,867882.0,183,54,165
8772.48,12186.9,-1445.68,7,128,693
4494.34,2267.27,-859.58,6,61,184
8130.23,12865.3,238.252,77,132,806
5254.64,1008.03,-1567.9,6,57,76
4806.57,1797.04,152.87,6,61,116
7939.94,12908.5,-2182.1,16,132,806
6902.51,7857.9,-3293.8,12,117,427
13776.3,94547.3,97295.8,50,273,4429
15833.6,179080.0,-3853.99,72,367,7087
9046.27,12346.8,97106.0,65,128,693
6833.95,7459.02,140.67,23,109,432
3910.94,6107.46,-263.72,35,68,481
9457.1,16613.2,143118.0,31,172,973
3911.13,2136.92,-1840.8,5,63,184
11792.9,32243.6,1337.89,36,203,1580
9040.86,12228.6,26996.2,11,117,519
6046.53,7098.13,49171.8,79,93,545
4253.62,6215.79,-361.74,28,68,481
3622.52,570.713,-272.0,15,43,52
17179.9,164111.0,12543.9,221,352,6744
8415.66,25515.6,-3087.81,30,157,1519
5115.43,2880.71,-2157.5,4,65,202
6630.04,11505.9,-1161.09,151,111,651
3426.59,694.632,-247.25,5,31,53
11738.8,55357.0,-7532.0,163,231,2327
10314.9,37504.2,144.226,37,235,1818
15961.1,94609.0,-6559.0,64,342,3633
10271.9,43757.6,1036440.0,21,197,2257
4213.03,2215.2,-1315.6,8,61,184
9680.16,18674.0,-4377.0,21,177,1071
23552.2,272344.0,-700.623,294,540,8870
5758.07,6411.89,-1841.5,11,92,459
5905.88,13080.9,-1664.6,15,103,883
25541.0,481550.0,-19418.0,113,556,12519
12953.9,60657.5,-1266.49,29,247,2754
3561.64,530.191,-380.5,7,43,52
8524.48,21875.3,336.47,37,143,1203
3518.8,518.221,-543.01,5,43,52
8522.08,4468.68,730077.0,99,131,271
3953.43,2133.28,447494.0,24,43,161
4243.99,636.612,-776.36,18,58,43
14763.1,102217.0,-4205.24,43,283,3965
9577.54,11535.9,-224.944,221,139,587
4715.16,1738.32,216.19,14,61,116
5077.74,2997.93,-2181.9,3,65,202
10011.4,36792.1,-3741.0,29,196,1997
5587.92,7540.72,-1252.2,103,104,457
3767.62,554.706,-631.83,14,43,52
4256.67,2400.38,-640.36,26,63,184
4614.18,2645.81,-834.35,10,72,205
5611.16,2159.14,343.19,20,75,165
4575.4,2772.84,-1387.0,18,65,202
6776.78,5837.08,-1059.9,29,99,372
14613.0,250301.0,6423.93,102,346,7851
4787.14,2998.83,-218.83,35,65,202
16002.0,100915.0,-6512.0,59,308,4067
6906.91,7826.0,-2549.0,63,109,485
10811.7,33691.0,-4399.0,35,193,1636
16096.8,164435.0,-7940.58,216,352,6744
22183.6,516401.0,-3612.28,333,540,18067
6909.68,28223.9,-2542.7,12,131,1686
6810.58,9263.0,-2557.0,21,127,582
20661.2,275143.0,1505.35,256,420,9137
6789.23,5556.14,-1042.54,12,99,321
5100.29,3067.15,-750.73,105,67,224
15230.3,43943.1,-5197.26,83,278,1938
3860.0,574.77,-249.4,15,43,52
17192.5,152338.0,56648600.0,244,335,5845
15157.3,108060.0,-5708.14,207,312,3982
9364.05,30516.2,-463.048,231,171,1747
9967.48,27680.4,-2512.2,160,158,1403
4866.79,2143.25,-132.28,10,75,165
7127.08,5406.87,-833.308,50,79,292
8924.77,17259.0,14804.5,18,142,844
4383.44,6098.61,-221.04,21,68,481
3471.97,598.316,191.16,17,51,45
16289.5,82002.9,2382.34,244,336,3302
5856.02,7299.39,-515.038,10,93,545
6457.18,3410.32,321.99,24,101,206
20511.9,346767.0,-4474.48,295,440,10967
6409.72,8186.0,-1275.9,13,108,549
11630.4,48781.0,-3566.0,47,189,2119
10464.8,10506.0,-3176.42,101,154,587
9607.95,17256.4,-3677.65,94,183,931
4596.73,2682.04,-769.39,17,65,202
8575.43,31455.9,-4959.06,158,199,1696
4919.82,3492.81,-910.55,194,51,132
7021.08,8961.04,-1106.58,131,95,543
6496.26,8463.0,-1578.0,11,117,553
10440.0,27265.8,289754.0,21,172,1412
13169.8,61755.9,-1314.71,35,246,2754
7424.84,13150.0,-3447.0,14,131,807
4682.05,2671.04,-938.31,19,63,184
3973.11,1571.76,-938.0,9,61,134
9313.96,12342.9,-352.3,20,152,693
5190.39,3223.93,482648.0,158,71,249
3792.84,656.619,-767.71,24,58,43
12109.0,69292.0,-127.359,197,247,3373
6830.66,7811.83,-2943.5,11,117,427
8411.71,21093.2,1163.5,49,143,1203
7531.87,14497.6,-899.089,92,120,809
8193.37,9591.18,-1044.85,18,138,554
11964.4,39110.8,157.83,150,235,1818
13709.4,54837.4,-3576.0,51,220,2461
4361.47,1145.13,-636.21,27,62,102
6934.53,5234.12,-1305.87,194,107,346
4356.36,1293.92,-532.24,8,59,101
7161.65,14113.8,-1986.1,22,120,809
7164.51,13796.7,-1015.7,28,120,809
3574.42,530.83,-512.1,5,43,52
15282.4,90866.2,73158.8,283,254,3973
6065.11,4120.45,-370.32,20,100,294
3853.39,402.594,735.56,6,54,28
11634.2,37767.4,36794.8,30,235,1818
12134.5,37986.6,-1999.31,151,235,1818
5915.91,11120.1,-824.122,21,102,764
13095.7,51899.7,-2609.3,136,223,2059
9554.34,36176.0,-3932.0,79,159,1747
12135.0,91674.1,-4831.25,217,254,3885
6221.03,4305.79,-885.78,14,106,318
12455.8,101900.0,-6603.0,31,289,4621
22029.8,516194.0,-2388.81,365,540,18067
6843.65,5401.55,-797.271,49,79,292
6069.71,5217.05,-918.06,10,105,371
9220.04,11077.3,-983.206,116,156,654
6293.43,9485.0,-3055.0,30,132,623
3617.19,351.832,1016.8,7,54,28
9534.97,18693.8,-69.2105,204,133,890
8118.74,9181.22,2097.7,41,144,553
4976.23,4154.84,-977.439,83,72,340
21292.5,432681.0,-58766.0,306,399,11270
7434.62,17098.7,2857.42,121,150,978
7041.87,13393.7,-524.695,18,96,804
16989.4,159601.0,-7173.0,61,353,6068
5916.21,3976.54,980.88,17,100,294
14306.4,98345.9,-6331.33,35,281,3974
4766.94,2339.24,-451.27,20,63,184
7114.44,14646.0,-3758.0,17,126,806
6446.19,5281.94,-640.259,66,96,347
4083.81,6349.41,-145.39,17,68,481
12232.0,100285.0,-6058.0,48,278,4429
11906.5,73852.8,-4273.69,33,249,3630
7444.42,9880.25,3995.17,211,118,621
5014.81,2323.15,-1781.3,11,71,188
4443.05,1012.05,-487.28,28,62,102
4554.31,921.0,-670.0,7,53,72
4940.74,4360.66,-964.475,86,72,340
4329.85,2722.32,-807.09,20,65,202
10563.8,37734.6,-4087.79,28,205,1751
11582.9,56271.7,3664.92,179,209,2967
8772.22,16045.9,134098.0,40,160,976
13712.1,44258.5,-4063.56,114,234,1581
4478.79,3078.19,-1384.8,9,62,245
4220.2,685.457,-656.63,17,58,43
3677.51,526.723,-651.68,5,43,52
13762.6,65723.0,-1188.61,114,224,2192
6025.54,10276.8,-2204.04,26,109,689
21447.7,336761.0,-12362.0,82,455,9276
4071.82,352.094,1617.8,15,54,28
3630.9,2161.5,1148.1,11,55,167
8874.87,13696.0,834.484,36,170,771
4870.7,544.039,391.53,26,65,35
8945.14,38794.7,-1362.37,47,180,2054
8878.25,12283.4,1250.3,22,152,693
24062.1,489428.0,-13503.6,114,587,14495
7264.28,8810.0,-2463.0,11,107,399
3504.91,483.302,-829.86,2,36,35
4682.47,6319.45,338.08,11,67,481
15254.2,76702.3,3779.83,72,336,3302
4711.82,2878.5,-1457.36,117,77,244
6166.57,11214.0,-1891.0,38,107,765
21841.7,375981.0,-12748.0,71,507,13152
8651.71,34488.5,368800000.0,76,148,1919
6111.67,15170.6,-1825.8,14,125,1014
4756.01,1947.8,48.944,8,76,165
6715.13,7093.42,207907.0,77,118,426
5639.43,7435.98,-1689.24,95,104,457
6712.99,7280.42,1014.6,31,109,432
7355.26,7590.94,1694.36,55,90,405
6047.53,7084.12,-1291.19,10,93,545
13211.0,63544.9,6235.2,43,279,2979
3924.91,673.227,-155.89,14,58,43
4984.52,2822.98,-1150.02,120,77,244
4691.52,2089.6,-52.263,14,75,165
3276.41,2108.07,-514.75,8,55,167
4345.36,3090.85,-1318.8,9,62,245
6415.64,7403.93,-1308.37,80,93,545
11845.0,54060.1,-3710.99,122,209,2534
5299.99,3745.0,-1576.2,9,89,249
5557.72,4289.09,-1315.43,14,88,292
4579.67,2802.47,-794.31,24,65,202
8496.08,24411.4,-2001.51,26,177,1313
19576.6,183949.0,-9015.43,242,403,6746
5544.47,5440.0,-3155.0,11,97,369
8713.5,27528.7,-2753.03,138,156,1521
3920.23,649.735,-573.09,8,58,43
10603.5,28639.0,-3634.0,20,159,1019
7363.41,8763.79,54924.8,208,107,517
18413.9,204909.0,-4383.44,163,390,7459
7950.85,11619.3,36891.7,63,128,693
3632.47,453.723,-396.25,2,36,35
7961.39,16648.4,-2864.98,17,133,890
7139.45,11301.8,451.389,218,114,689
5127.88,2998.48,-1833.0,3,65,202
12292.6,55110.6,-1589.68,26,215,2394
4609.48,2716.46,-1106.1,22,65,202
5978.68,2651.19,425.85,20,81,169
3704.57,533.483,-856.36,8,43,52
3795.6,518.138,-312.53,10,43,52
5729.35,3978.0,-1596.0,46,71,245
5376.42,4006.38,-509.36,12,85,267
5329.74,4430.23,519500.0,13,79,342
4926.5,3179.71,-753.022,19,71,249
4028.33,1671.97,-1061.9,8,61,134
4914.99,2606.51,-878.97,29,63,184
12404.9,49597.2,-3244.94,31,262,2394
8291.22,14669.9,-622.105,19,140,845
12973.4,36732.2,-1559.59,149,225,1755
5649.77,7302.46,-876.007,12,93,545
3467.88,697.916,171.03,4,31,53
15204.2,99707.4,-2481.71,40,281,3974
14688.6,83343.4,24102.2,160,223,2822
3365.68,684.01,25.012,4,31,53
10462.3,43373.9,-1312.86,125,197,2257
5087.59,4478.07,-566.35,12,85,346
7241.02,3753.0,-2116.0,40,122,248
7905.96,13666.2,-2199.89,37,170,771
3557.37,685.684,339.34,5,31,53
3742.55,520.962,-1002.2,2,36,35
5719.85,7654.92,329.39,18,99,583
5950.65,6905.25,-3547.2,24,92,485
4819.08,2778.57,-654.5,6,65,202
9724.44,39769.8,1766510.0,104,207,1995
16292.8,165789.0,610985.0,52,320,6391
13065.9,41777.3,-2148.34,146,278,1938
19826.0,279817.0,-11745.0,268,418,9275
7242.39,16896.2,-943.86,23,125,1014
14155.6,135238.0,-3319.47,208,279,5626
5867.56,1087.36,-1392.5,3,57,76
10843.1,44110.1,-2150.05,21,197,2257
5146.52,2130.57,-13.91,6,66,164
4389.12,5976.28,-476.1,16,68,481
6495.51,7030.52,-1206.42,70,118,426
4542.05,3150.0,-2010.0,12,66,246
12302.0,55554.0,-51.761,45,220,2461
11216.5,33347.8,-1651.52,62,171,1747
6080.39,5041.65,-623.787,113,96,347
3734.56,585.111,-523.34,5,43,52
6285.46,7403.12,-1085.11,80,93,545
5769.33,1712.14,-1297.77,179,76,147
13996.9,165158.0,-2053.95,48,320,6391
5131.9,6316.16,204.26,16,68,481
9661.31,26527.4,-3598.87,149,174,1415
5655.41,3662.18,-801.944,8,85,269
3704.78,550.724,-81.628,14,43,52
21861.2,258583.0,66328000.0,279,540,8870
12779.2,67850.0,-5933.0,89,251,2827
6468.34,7525.81,-1639.52,78,93,545
13110.4,44998.2,1718.7,125,273,2061
12260.2,55052.0,-2957.2,50,220,2461
4162.42,694.276,-275.56,17,58,43
7201.0,1948.76,77957.9,30,84,136
3935.44,552.21,-465.28,4,43,52
3588.39,476.941,-529.91,4,36,35
14857.2,128234.0,-9328.0,196,318,5016
16115.4,166295.0,54527.4,155,320,6391
3633.25,491.044,-748.12,2,36,35
6221.96,4214.05,-773.294,86,88,318
13665.6,79019.3,47931.3,66,272,3539
12066.3,52741.8,6330.82,115,224,2192
4087.2,2257.84,-567.07,21,63,184
8745.97,7673.0,-3097.0,21,149,459
6991.97,10710.0,-4395.0,13,131,653
6510.72,6772.57,-404.583,81,118,426
10025.1,12459.9,100.86,21,152,693
9782.13,41885.0,-4572.0,27,213,1992
6393.56,3591.95,561.77,32,101,206
8631.57,24941.5,70521.9,37,157,1519
10423.5,39854.0,-4694.0,180,207,1935
4074.73,2469.06,-991.09,24,63,184
5642.01,7633.58,-577.89,11,99,583
8179.01,14236.0,-3270.0,50,138,931
13025.0,64938.1,7930.2,40,279,2979
6138.45,6713.0,-3008.0,54,109,426
5852.88,1164.56,-1328.2,3,57,76
6118.41,5148.88,-521.42,8,105,371
5574.92,5120.02,236600.0,10,79,342
26452.0,553265.0,-12980.0,114,617,16781
6486.33,11148.9,-991.915,156,111,651
6340.46,5309.48,-693.614,5,99,321
8990.18,27026.6,-1022.99,27,156,1364
5839.0,4288.66,-1669.5,17,90,317
4819.8,531.471,245.06,26,65,35
13371.6,142610.0,7915.11,265,308,6057
3547.91,502.454,-816.41,3,36,35
4263.65,2384.16,-748.98,14,63,184
31407.1,902141.0,-22365.0,114,745,22735
4450.29,2404.47,312.65,35,63,184
12403.5,49209.1,62496.4,225,262,2394
3667.76,577.947,-15.883,15,43,52
5191.06,2062.11,-673.3,16,75,165
11596.1,56143.0,-994.722,26,209,2967
11303.4,56116.5,-1588.53,179,209,2967
13687.8,51832.7,1347.91,175,288,2334
7704.48,9426.72,-2579.1,86,138,554
7560.93,10042.0,-2681.0,27,118,654
12780.0,40390.0,-7238.0,49,240,1582
3921.27,396.526,845.73,11,54,28
8428.01,8925.31,1443.0,42,144,553
4212.09,2186.43,-957.112,20,54,165
11135.8,25976.0,-4762.0,24,195,1467
3781.51,456.319,-618.23,1,36,35
7337.29,4110.14,5826.54,86,101,249
13051.0,78031.3,-2602.13,156,262,3211
11288.8,55552.8,-1142.78,173,209,2967
10382.7,26099.7,307445.0,132,154,1252
4034.87,1376.0,-646.0,15,54,101
9443.65,32700.2,119909.0,127,176,1922
4812.67,6627.98,704.69,39,68,481
10795.3,26759.0,-4841.0,51,194,1312
15456.7,59759.2,-1451.24,137,215,2188
5282.26,2118.04,236.13,22,75,165
3825.15,393.514,1451.3,11,54,28
16574.9,402762.0,-8943.0,61,373,11857
14252.3,136011.0,-5045.43,44,279,5626
9845.98,19421.0,-3208.0,26,150,1066
5649.64,7173.95,31805.9,77,93,545
12225.0,38509.4,61132.0,52,235,1818
5626.68,7492.4,-1322.78,103,104,457
15347.3,136575.0,151.318,206,279,5626
10519.7,38783.1,-2056.92,161,205,1751
4973.59,2764.26,2307250.0,104,67,224
13473.6,62562.2,1775.48,304,233,2897
9634.52,47131.0,-2703.0,112,208,2392
9092.55,12364.6,-1742.98,9,117,519
7227.66,13730.0,-2369.0,28,120,813
16322.1,93216.0,-9195.0,75,376,3635
16456.0,211112.0,79845700.0,262,336,8195
14774.0,89001.0,-6210.0,61,288,3630
4383.03,2559.7,-1123.3,9,72,205
6253.46,3538.89,1387.6,15,101,206
3658.22,700.952,216.84,5,31,53
14064.4,69057.6,-3797.44,113,224,2192
11401.5,38525.2,17945.2,35,235,1818
3460.13,692.013,198.62,6,31,53
4055.56,504.506,521.41,19,65,35
8166.15,20788.3,-1981.8,101,145,1156
8458.74,12180.0,-1791.28,64,128,693
5635.57,3016.27,-1038.4,5,65,202
17487.3,190459.0,-12995.0,213,385,7096
6405.38,5017.45,-1539.3,16,87,322
5009.79,2082.31,-167.69,11,75,165
16321.3,118728.0,-4140.0,79,331,4721
3666.19,542.671,-662.01,6,43,52
4304.47,2665.44,-1278.5,15,65,202
8381.5,16224.5,-1143.8,29,142,844
6046.62,4149.23,-1142.08,263,88,318
7956.51,9424.86,-2151.03,185,135,587
24607.6,299501.0,-3892.89,290,537,8350
16459.1,317989.0,-9658.0,68,390,11557
5846.44,6894.67,-799.953,21,107,431
6428.03,4119.03,-332.526,82,88,318
12336.8,46133.0,-7538.0,94,246,1877
13462.7,80112.8,137339.0,56,272,3539
7613.07,9577.7,-2336.54,108,123,621
6470.74,8372.0,-2215.0,9,105,580
15098.6,94925.4,180724.0,231,294,4249
7269.12,11493.8,-1303.13,156,111,651
4671.86,2329.67,-1109.4,8,61,184
14485.8,59403.4,933.449,151,305,2610
16824.2,216252.0,-862.548,259,336,8195
20235.5,150207.0,-10450.3,317,449,5537
9504.03,42090.0,-6041.0,71,263,1997
3991.14,2192.73,-374.503,183,54,165
7097.95,13459.7,-1152.69,18,96,804
15667.4,191744.0,-10109.0,71,380,7094
4237.65,1935.82,-729.607,73,63,166
6789.39,5270.24,4117.58,50,79,292
7181.8,13873.4,8099.42,185,96,804
5495.15,4928.18,8692900.0,3,79,342
8989.56,19709.0,-2626.0,20,133,973
4517.21,2134.52,671.52,15,75,165
20771.2,209365.0,-8125.0,110,405,7104
25556.1,393210.0,-13449.0,373,546,12353
11114.3,73920.4,-4822.03,28,249,3630
23464.9,278467.0,592783.0,307,468,9276
6851.95,7813.28,-2735.7,11,117,427
11893.3,36702.0,-7769.0,146,242,1586
9165.43,21389.1,-1208.16,97,143,1017
6600.06,6047.0,-3461.0,6,109,399
16859.7,145229.0,-8708.0,79,358,5429
6640.7,5448.65,-1285.09,53,79,292
10587.5,33936.0,-4754.0,101,214,1696
18691.3,375614.0,-15484.0,296,492,12664
4592.01,2858.07,-454.22,21,65,202
16031.2,200576.0,-9010.0,74,386,7345
14890.9,166262.0,-579.087,57,320,6391
4117.93,6093.31,-335.89,29,68,481
12434.6,71880.9,75537.4,186,262,3211
15919.5,88626.2,3702.6,87,289,3710
9561.55,33580.8,-3518.72,103,176,1922
6775.65,10515.8,-1023.92,23,109,689
6089.79,7258.81,-945.638,11,93,545
17892.1,158976.0,921.625,213,359,6068
6008.1,1132.32,-1354.7,6,57,76
4465.75,996.909,-1207.79,28,58,76
4477.68,512.227,701.87,24,65,35
13579.8,135003.0,-2363.14,210,279,5626
13491.8,78991.2,-2634.26,158,320,3466
14522.9,67960.0,-8632.0,245,301,3058
8768.74,16483.3,18396.7,16,142,844
12775.2,45688.0,-6517.0,43,273,2127
11809.8,50078.6,3162.5,127,224,2192
4588.25,993.0,-1056.0,15,67,66
4447.3,2561.79,-1164.7,9,72,205
10451.7,10486.3,-3010.62,99,154,587
15095.0,99936.8,-3305.26,39,281,3974
3680.96,455.971,-854.76,2,36,35
7767.52,9523.84,-2512.2,203,130,490
4424.71,2385.27,-818.21,9,61,184
8773.9,34937.5,-632.479,99,148,1919
10568.3,23740.2,-215.518,35,176,1313
6005.29,10850.4,93017.7,57,102,764
14606.9,163923.0,-8240.0,251,320,6741
9058.0,12061.1,-1264.14,128,136,619
4557.15,2278.65,-786.98,3,61,184
3931.74,6144.63,145.42,17,68,481
22629.7,198585.0,-4558.94,107,367,7087
12888.3,92503.0,-7139.0,211,251,3715
20526.6,160870.0,-7294.67,343,449,5537
3451.87,661.852,-439.52,1,31,53
10582.3,22787.7,221333.0,47,176,1313
10874.0,38062.2,100.486,42,205,1751
20432.3,277982.0,-8757.73,282,420,9137
6331.28,10292.0,-2925.0,15,116,726
7120.12,11385.0,-3334.0,25,131,656
3953.27,6101.3,285.61,32,68,481
3774.11,503.705,-419.92,2,36,35
10211.9,26877.1,10904.6,138,172,1412
5390.6,4698.02,-1506.4,13,85,343
11938.0,37985.5,19347.0,156,235,1818
5974.89,6992.95,-3719.0,22,92,485
6183.17,5080.64,-2024.97,99,108,318
8090.27,33847.3,26097.3,31,148,1919
3233.52,1256.64,17801.5,42,40,100
3731.08,546.672,-574.08,5,43,52
4058.03,2335.72,-952.14,17,63,184
10922.8,58786.6,-5342.8,32,233,2897
8760.8,22212.9,360.06,40,143,1203
11756.2,38850.0,-375.045,39,219,1875
3822.95,553.195,-442.88,5,43,52
14702.4,89100.9,-732.538,213,254,3973
11171.7,41742.1,81185.0,161,227,2059
11941.2,30389.7,-3153.99,62,194,1521
13913.5,94575.1,147096.0,51,273,4429
18169.6,138783.0,-8446.61,311,449,5537
6865.14,7439.33,185.39,26,109,432
8405.11,9672.36,-975.215,88,138,554
9154.18,23021.6,-3620.48,123,166,1111
12831.4,37799.0,-3095.0,40,254,1812
3991.26,697.266,-241.57,14,58,43
4618.94,2229.76,-1359.1,13,71,188
15820.9,215930.0,-122.316,265,336,8195
10584.8,26665.9,-1419.22,152,172,1412
6242.65,4813.66,-2279.0,15,107,319
7056.68,11808.0,-4137.0,27,115,803
4410.95,1321.79,-260.94,11,59,101
11806.0,56783.8,291.399,27,209,2967
14247.6,55073.0,-5340.0,70,250,1937
4162.13,2560.39,-865.73,13,65,202
11994.4,59849.4,-5441.84,35,247,2754
5077.18,3115.97,-2368.5,4,65,202
8833.41,25593.0,-5187.0,35,216,1468
3483.36,673.032,-264.47,4,31,53
24048.7,291235.0,-12360.0,74,476,8342
5157.63,3120.31,-2238.2,4,65,202
4254.4,2513.1,-1139.4,11,65,202
6436.84,1719.34,2608.13,36,71,103
6453.48,6635.02,-813.981,80,118,426
6533.56,1719.69,-1213.06,36,71,103
4372.48,529.158,170.84,21,65,35
7657.15,13936.6,-420.81,14,127,802
9631.16,12284.3,-195.61,20,152,693
7511.4,8874.15,-492.601,184,107,517
8984.9,29226.0,-537.273,133,179,1626
11793.6,49152.9,-3152.1,224,262,2394
6898.06,13588.4,-3552.5,16,118,762
15531.3,151640.0,-6446.0,65,315,5846
8273.85,26714.9,-3078.63,31,156,1364
3922.59,2244.42,-1442.1,17,63,184
11617.8,49107.6,-3212.96,223,262,2394
6888.54,12000.5,-556.237,9,105,765
16431.9,160109.0,-3582.85,216,352,6744
4279.08,2246.13,3707980.0,181,54,165
13451.6,137340.0,-5789.86,46,279,5626
10956.2,23453.8,31874.3,38,176,1313
10018.0,32508.2,7027.62,113,176,1922
8799.73,28842.4,-3163.56,25,156,1364
6503.93,3311.77,1725.1,24,101,206
12397.0,74816.0,-5066.46,35,249,3630
3722.97,582.089,-953.97,5,43,52
5415.23,4019.85,-1209.0,12,85,267
5006.91,1113.99,-396.3,9,62,100
4435.96,2558.2,-1090.5,9,72,205
4878.32,1868.52,1232850.0,115,66,166
3885.63,2276.98,-1211.0,26,63,184
14969.2,87838.9,-3830.53,101,301,3369
9091.79,12830.0,-3169.0,35,171,732
9679.41,25847.3,-1939.92,132,172,1412
7913.34,12871.1,-1937.11,16,132,806
12424.8,51219.0,-5363.0,37,254,2326
7347.39,13978.0,-3121.0,24,126,765
14738.8,96787.5,236801.0,56,294,4249
8388.19,9653.55,-1008.91,188,135,587
9544.62,38959.0,-2251.31,108,193,2118
7073.78,8824.87,-1036.11,5,95,543
3728.3,571.724,-566.15,5,43,52
7936.34,7034.0,-1892.0,23,130,401
4625.94,1161.16,54.538,11,59,101
8741.64,27765.9,-1926.49,20,156,1521
6723.79,17140.3,-2702.9,7,128,1065
4790.75,1982.74,-1099.5,8,75,165
9279.63,29734.9,-3030.14,212,171,1747
15429.0,157313.0,2497.2,111,310,6737
6161.54,1012.14,-1732.3,12,57,76
10467.8,26560.0,-2812.0,3,125,622
8515.21,20863.4,379.11,39,143,1203
17716.9,157395.0,328.327,196,359,6068
25679.0,381090.0,-12477.0,129,661,12215
9039.67,17114.1,-4178.23,98,183,931
10119.2,34608.5,-2057.14,23,208,1691
6863.85,7777.13,-2616.0,11,117,427
5323.46,2443.82,177.33,11,81,169
7509.89,12109.1,-949.239,109,130,694
4140.76,2414.42,-940.78,31,63,184
8696.32,35108.8,-683.283,103,148,1919
11040.4,31874.4,-3651.87,46,203,1580
21114.6,348941.0,-2768.75,282,440,10967
6823.61,4583.0,-1033.0,10,99,270
11765.0,31737.6,21629.9,36,203,1580
12052.6,39046.9,329.112,39,235,1818
15615.9,111448.0,-8136.0,81,355,4441
3831.7,1194.5,-868.35,9,55,88
3697.93,488.472,-816.78,1,36,35
8859.84,19326.5,-5528.5,8,146,891
19223.7,297232.0,-9824.0,113,413,8722
9104.74,27457.0,-3118.0,53,140,1410
6845.29,7798.35,-3006.9,11,117,427
9600.17,16150.0,-3493.0,63,168,855
12961.9,51111.0,-6605.0,47,286,2396
13811.0,100657.0,-10343.0,141,297,4154
15933.2,207510.0,-8092.0,87,361,8072
12357.8,79747.5,-897.771,152,252,3882
3362.81,699.879,-302.38,3,31,53
14376.1,101476.0,614.807,233,281,4061
3961.96,1455.09,-668.353,159,52,133
9219.14,17402.9,-4124.98,161,172,973
5902.78,13095.4,-1491.1,15,103,883
5294.18,3477.88,-777.554,136,51,132
6296.7,1113.15,-1717.4,7,57,76
3339.83,1294.6,-670.904,1,40,100
28169.2,530984.0,-11004.0,74,537,14320
22590.5,281100.0,-368.064,263,468,9276
5697.66,1113.85,-1243.5,2,57,76
5633.5,3651.31,41247.2,8,85,269
3617.83,463.284,-667.88,1,36,35
13062.3,51693.8,-4644.84,139,223,2059
4468.75,960.131,-897.18,4,55,88
5158.59,3007.24,-1887.9,3,65,202
7508.48,20097.0,-2308.0,68,154,1157
4077.08,2240.16,-629.37,19,63,184
10903.1,35117.0,-1110.32,210,208,1691
3945.42,476.846,-865.06,2,36,35
10097.4,38443.2,1314.27,15,193,2118
6822.96,9323.23,-938.777,123,95,543
22141.5,282051.0,-3702.3,274,468,9276
7296.62,17443.6,-2158.7,8,128,1065
4272.23,2282.3,-345.52,30,63,184
6074.03,1843.84,-1241.72,39,71,103
3658.26,538.761,-424.49,7,43,52
13245.3,85488.8,-1550.54,52,291,3799
5687.43,7739.63,-2214.7,17,99,583
8459.06,34333.8,40300.6,44,148,1919
29464.0,731255.0,-14677.0,172,670,21043
3803.53,642.847,-593.1,24,50,42
9239.47,20192.4,-3294.87,80,163,1162
6810.99,7774.24,-2438.7,12,117,427
7731.1,13995.6,-544.47,14,127,802
12654.5,84971.0,-4004.81,58,291,3799
11009.6,19301.0,-1965.0,111,157,977
6821.35,7784.42,-3051.4,11,117,427
12995.8,65988.1,591.314,184,243,2902
6906.36,8562.28,-3660.9,11,106,549
19068.0,248329.0,-12286.0,289,540,8870
5944.27,1075.45,-1647.5,12,57,76
3578.65,353.471,2069.9,3,54,28
10265.8,28669.6,-1771.88,29,156,1364
18989.9,161914.0,1211750.0,153,352,6744
13089.4,93563.4,2464.81,148,273,4429
10105.2,26210.2,-95.5374,28,174,1415
10651.7,23078.5,237026.0,36,176,1313
7577.55,9389.66,-2427.08,199,130,490
12648.5,175608.0,-6053.0,86,296,7449
13734.5,101644.0,-7282.0,53,258,4710
9829.73,27490.3,-3948.65,65,194,1521
5954.64,11188.6,79096.8,22,102,764
8544.58,14474.1,-1379.74,23,140,845
4759.6,571.814,-389.16,20,65,35
18279.3,179592.0,-7271.0,241,326,6285
4065.11,1231.95,-823.25,9,59,101
6916.18,3520.07,986.22,23,101,206
20191.9,278416.0,4912.24,67,420,9137
6541.69,9088.0,-2269.0,33,121,549
7850.11,12852.4,-2289.2,77,132,806
8883.63,14862.1,95870.1,16,140,845
4034.6,1173.25,-615.56,12,55,88
6832.53,12062.3,-840.783,221,105,765
6849.76,8749.14,-545.673,6,95,543
14909.4,112349.0,-3416.0,54,329,5117
9590.34,12505.6,-1349.06,116,136,619
4108.07,2409.69,-736.13,24,63,184
9448.0,17395.1,-3090.97,262,183,931
10333.6,33753.3,294.764,27,208,1691
8939.62,12312.3,5256.07,126,136,619
8590.6,13821.9,3393.84,122,170,771
10950.1,68723.1,-5521.2,199,247,3373
3611.15,560.18,-615.07,5,43,52
4330.27,1986.12,-852.314,114,66,166
9904.91,41258.0,-5933.0,16,187,1993
6048.85,13147.2,-1266.2,11,103,883
11683.3,79021.2,-6323.96,50,272,3539
6933.33,11979.7,-427.99,8,105,765
8878.04,17514.0,-753.42,192,133,890
15395.7,165624.0,2138670.0,42,320,6391
4831.03,2828.84,-1048.66,120,77,244
3337.02,2176.49,509.54,11,55,167
3808.87,531.792,-609.79,9,43,52
13537.2,87537.3,-2229.32,57,291,3799
9219.15,13650.2,36110.0,107,148,729
13881.2,52183.8,-1978.59,64,288,2334
3567.57,552.172,-495.14,5,43,52
21782.4,411533.0,729009.0,68,473,14125
18935.0,158612.0,4805490000.0,96,359,6068
21625.9,333010.0,-11069.0,101,415,9262
11268.7,59226.0,300887.0,158,217,2904
9885.34,12526.8,232330000.0,41,136,619
7140.3,9603.81,-1626.93,19,123,621
6517.77,12118.7,1656.48,14,105,765
6905.68,11458.0,-3167.0,73,122,728
15685.1,213920.0,-6878.35,273,336,8195
14483.3,141340.0,-7339.0,108,296,5330
14326.6,88609.0,513.135,56,291,3799
14581.8,112831.0,-8850.0,60,338,4723
5772.43,11106.8,1322.13,24,102,764
9923.75,35051.3,-3728.11,91,176,1922
4634.05,1075.13,-1239.7,13,66,101
17176.8,129047.0,-8491.0,55,376,5225
9918.38,41130.0,-4655.0,24,148,1412
9275.13,17179.2,4204100.0,36,133,890
3744.75,554.198,-734.32,5,43,52
20668.4,276705.0,20719700.0,314,420,9137
5458.7,2517.25,1027.3,10,81,169
12810.3,64081.3,2390.2,43,279,2979
14870.6,140037.0,-12013.0,59,386,5637
9849.25,10227.6,3689020.0,209,130,490
4027.79,1569.5,-755.74,9,61,134
15094.7,138485.0,-6108.8,65,315,5630
19302.0,267837.0,-11473.0,54,410,10529
4836.24,6604.65,40.579,24,68,481
17043.6,135235.0,133910.0,295,449,5537
4781.34,2619.32,-1256.7,14,65,202
5903.98,7609.62,-712.27,9,99,583
9290.16,17559.9,-199.019,195,133,890
4628.43,569.711,-296.26,23,65,35
8715.54,16173.3,-173.908,52,160,976
4304.35,6093.1,-310.42,30,68,481
3793.62,424.792,670.28,11,54,28
3742.14,470.049,-740.59,3,36,35
12405.1,54289.0,-3880.4,50,220,2461
4581.07,545.303,114.95,23,65,35
11748.2,36239.7,6057.84,136,234,1581
5844.32,9191.0,-3242.0,60,111,619
12402.8,75233.0,-6065.0,76,248,3538
10110.4,67660.0,-4612.0,131,231,3445
13804.0,87588.9,-967.508,50,291,3799
6892.85,9276.81,7037.63,197,98,520
5156.65,3011.01,-2233.3,3,65,202
4737.34,3853.97,-1662.39,23,79,317
4655.56,493.158,73.123,22,65,35
12773.0,70843.0,-5725.0,29,210,2894
9086.42,20765.1,43037.6,101,163,1162
6960.57,7332.18,437.451,68,109,486
13304.9,74379.5,76263800.0,36,247,3630
4177.84,6570.01,669.53,25,68,481
9778.4,25822.5,-621.965,25,174,1415
9330.81,32123.3,-398.515,114,176,1922
14518.2,56037.8,-6514.26,175,286,2394
6963.03,16997.6,-2320.4,12,128,1065
28806.0,545495.0,-15120.0,122,691,16964
24104.0,415122.0,-12909.0,56,525,13972
3766.9,1264.57,-1000.34,3,51,102
8680.76,11955.7,-951.815,124,136,619
11757.6,74588.2,-4994.5,38,249,3630
8240.49,20802.0,-4778.0,32,175,1171
9510.05,39254.3,47641.4,73,196,1885
6925.67,13615.7,-3811.9,16,118,762
4199.6,2842.69,-690.27,35,65,202
6510.35,11796.8,-1666.4,15,105,765
7343.99,11201.5,299779.0,84,114,689
16002.0,220674.0,-4158.52,267,336,8195
11973.7,79121.2,-2116.6,41,252,3882
9789.45,20467.7,-870.418,23,157,1113
4949.92,3221.14,-1063.62,14,71,249
6329.98,8151.2,-2745.5,10,106,549
6309.66,5295.45,-1353.63,7,99,321
7703.55,9007.76,152.98,12,130,515
4525.5,6493.08,-970.37,25,68,481
10561.7,14092.3,255827.0,82,143,771
3392.96,669.631,-249.07,3,31,53
8109.89,9560.01,-516.179,20,138,554
4049.43,2329.27,-1216.3,5,63,184
8872.71,16756.1,-1266.9,22,142,844
18394.9,280847.0,-12312.0,58,463,10396
7905.92,8899.0,-1433.0,20,123,520
12795.6,70120.7,-6426.16,225,262,2980
5773.2,5287.1,-1414.8,17,99,372
4351.23,2666.5,-936.47,18,65,202
17996.1,159753.0,317329.0,178,359,6068
5183.04,2170.76,334.83,17,75,165
13812.5,96921.5,-3621.04,39,281,3974
15944.5,166351.0,-2151.16,51,320,6391
4116.65,545.153,-998.54,9,43,52
8942.5,39996.0,-3736.0,37,181,2181
4146.27,2108.05,-698.09,3,61,184
6494.52,7287.76,-1378.07,78,118,426
3294.91,1114.0,-289.0,11,35,83
15265.6,146678.0,-5339.0,236,309,5850
5139.11,2848.99,-1371.21,21,77,244
3680.23,535.513,-510.65,3,43,52
17517.7,219415.0,-12443.0,306,407,8595
4146.07,1747.76,-860.91,4,61,116
4722.04,1547.21,-1410.9,5,70,131
6177.19,4117.02,-944.54,11,100,294
3532.39,1896.0,-744.0,9,59,168
10663.0,60648.0,-5207.0,36,217,2673
17665.7,262224.0,-10708.0,153,449,9546
9236.37,28186.3,-1535.9,34,156,1364
5175.77,1677.94,-1416.87,175,76,147
3767.58,585.245,-651.1,5,43,52
3618.68,385.883,913.61,11,54,28
4935.9,6658.77,-273.06,18,68,481
11837.5,36887.8,-2907.31,41,205,1751
4454.59,2979.67,-602.65,20,65,202
7848.26,14305.0,568.02,22,127,802
4652.18,1101.0,-528.0,14,67,74
13883.6,71792.0,-4577.0,56,287,3215
6680.35,5217.0,-615.0,7,81,294
12536.2,39284.5,2327000.0,125,234,1581
10187.8,14536.2,-1253.48,132,143,771
13733.0,90423.0,-5367.0,51,251,3617
8244.8,9794.66,-950.226,26,138,554
3722.52,649.691,-295.76,24,58,43
3962.92,1573.4,-1051.9,9,61,134
14724.1,99906.8,-3955.58,45,281,3974
20797.1,410047.0,-344.348,64,473,14125
9830.91,39579.0,-3987.0,38,182,1993
10803.8,37959.2,844865.0,42,205,1751
5027.86,2127.58,-110.22,16,75,165
24202.9,256198.0,-4149.53,278,540,8870
7751.4,9454.0,-1967.0,14,141,584
18787.0,196620.0,-10231.0,49,417,6977
15178.5,79494.5,8462040.0,109,320,3466
15392.6,156046.0,1904.1,107,310,6737
15995.9,80548.0,15971600.0,109,320,3466
23494.5,284244.0,2032.25,308,540,8870
3679.03,543.626,-482.79,5,43,52
5023.69,932.882,-816.971,28,62,76
5756.88,4299.15,-1489.7,17,90,317
6586.06,4957.14,-1531.7,14,87,322
3776.9,470.107,-720.28,1,36,35
17239.4,113399.0,-8154.0,347,329,4345
3881.93,375.61,1429.9,7,54,28
8972.94,17124.0,3153.43,25,142,844
3502.08,689.783,38.63,6,31,53
16664.9,176669.0,-10099.0,59,342,5318
5351.03,3700.49,-991.1,9,89,249
4032.95,646.94,-620.31,17,58,43
4047.89,2191.37,22200.3,181,54,165
14935.6,163690.0,-7884.05,243,352,6744
6744.67,3657.47,1243.2,19,101,206
4186.12,1531.49,-1036.4,4,55,133
8546.7,11175.0,-3806.0,62,171,620
19556.9,324534.0,-12399.0,108,509,11268
4401.67,2638.05,-1072.9,24,63,184
15213.8,227060.0,-5253.0,56,314,5326
14980.3,87853.0,12328.0,92,289,3710
7953.11,9377.76,-1826.55,182,135,587
13469.6,79016.3,-4530.79,268,320,3466
10533.6,39399.0,-5331.0,125,234,1998
4734.14,1983.92,-1060.36,8,66,166
6178.77,6141.0,-2714.0,231,114,427
5620.08,3105.42,-1557.6,10,94,224
5091.12,3002.21,-2023.8,3,65,202
9325.69,31956.0,-3774.0,36,193,1643
3537.1,720.881,103.18,6,31,53
12845.2,62272.4,6294.2,47,279,2979
16384.7,148271.0,-6125.0,27,325,5643
17763.9,84495.3,5747.5,73,340,3632
5035.62,2801.51,-657.11,117,77,244
11132.2,53303.0,-7279.0,88,242,2462
15260.6,163550.0,5163.2,231,287,6171
4539.57,2297.72,-99.374,36,63,184
4132.4,1137.52,348964.0,31,51,102
5197.06,2366.18,-1488.2,15,71,188
5625.2,6671.0,-1869.0,16,94,485
18962.5,256628.0,-10289.0,154,447,7595
3701.02,448.309,-738.47,3,36,35
9604.46,39973.1,-1332.97,115,207,1995
3825.58,1209.7,-840.52,9,55,88
7550.05,14014.0,-1828.3,30,120,809
4088.57,2198.79,4946.59,183,54,165
4747.65,2989.14,-482.874,106,67,224
20937.8,293216.0,-12713.0,299,510,9549
7167.8,10265.0,-2129.0,31,124,584
14456.3,114047.0,-8734.0,251,333,4622
5307.21,4048.54,-996.52,12,85,267
5088.79,3015.19,-2062.9,4,65,202
17944.7,171938.0,-6960.0,30,339,5849
6943.47,9716.73,1373.2,24,115,547
12497.2,62345.0,-2008.73,187,237,2672
9036.66,22451.7,126.45,40,143,1203
6940.64,7872.0,-2576.0,26,97,315
8220.02,15102.0,-2932.0,20,122,810
11563.1,48079.4,-172.853,92,166,1414
6829.59,7094.82,2258.09,13,118,426
3708.46,1526.21,-1084.5,6,56,114
5862.21,3724.0,-1443.0,5,83,247
5007.59,4945.0,-1372.0,34,77,340
4322.11,2109.99,-1109.0,10,71,188
7605.03,14102.3,-369.82,8,127,802
4442.25,1791.75,-348.89,7,66,164
4049.55,2620.76,-877.23,14,63,184
13765.7,95919.5,-853.686,195,273,4429
3756.23,500.818,-655.53,2,36,35
6344.83,6722.0,-2789.0,12,96,426
5887.9,7679.27,-159.66,52,99,583
9701.99,27754.9,-1784.59,173,158,1403
19507.1,284377.0,-10113.0,61,463,10829
6778.93,7853.26,-2960.9,11,117,427
8149.53,25143.0,-4452.0,25,169,1361
8533.85,18422.1,-5398.3,15,146,891
12477.3,92280.0,-6221.0,39,235,3787
17365.3,123870.0,-7688.0,58,309,4251
16024.8,132172.0,-6483.0,47,348,5123
8247.6,12894.0,-4927.0,47,164,768
6766.23,8927.72,72047.4,124,95,543
7311.42,8034.0,-2579.0,156,117,487
9304.82,40393.4,-155.752,118,207,1995
7205.99,8650.0,-3260.0,61,128,520
4867.94,1979.27,-723.44,10,75,165
9756.75,40153.7,-3555.98,67,196,1885
12583.0,73818.7,-746.843,25,249,3630
5803.28,4324.1,-1679.6,17,90,317
11302.2,68859.3,15051.9,197,247,3373
3590.64,568.856,9.8244,14,43,52
6117.2,8171.17,-3508.2,11,106,549
4692.71,1084.55,-624.85,15,62,100
10316.2,36522.3,-569.238,42,196,1997
10339.1,38842.4,-458.278,207,193,2118
20207.6,256866.0,-9971.0,257,407,8474
8509.28,16147.8,-479.627,51,160,976
18504.9,198592.0,15041.7,159,390,7459
4044.87,689.438,-857.17,20,58,43
4383.29,394.166,992.28,16,54,28
6395.81,8089.93,-3452.8,5,106,549
13310.3,60994.0,-228.835,24,247,2754
4924.13,1983.59,-270.13,7,75,165
14111.7,68929.4,-1708.52,65,325,3143
4891.98,2018.83,-807.106,6,66,166
8752.33,9709.17,-559.022,253,154,557
19872.8,271426.0,3601.47,340,420,9137
6908.49,5569.29,-1079.5,12,99,321
13577.0,87423.5,-119.795,46,291,3799
5977.23,7308.62,-1080.99,37,104,457
10330.6,60880.0,-3371.0,34,229,3053
6696.55,22347.1,188591.0,86,128,1255
18894.7,119846.0,-9619.0,34,360,4434
5345.72,2543.49,-1292.4,14,71,188
10827.9,39658.5,544.059,26,193,2118
4585.13,1831.07,-431.3,8,61,116
4247.05,2735.93,-1300.3,11,65,202
4385.63,2254.7,-795.382,22,54,165
6599.44,3782.55,606.83,34,101,206
4028.4,5964.94,-170.51,18,68,481
8692.59,34207.9,-2177.61,19,148,1919
4369.38,1987.37,-606.504,111,66,166
3892.75,392.718,756.49,15,54,28
7829.75,9628.22,345705.0,37,123,621
9472.67,36738.0,-3978.93,32,196,1997
3832.29,2577.3,-1757.9,17,63,184
5911.79,4754.17,-289.298,70,86,367
8963.98,11172.4,586.189,34,156,654
5678.97,4384.0,-1244.0,8,98,270
5599.11,1040.43,-1956.5,6,57,76
11023.9,12646.0,-2682.0,33,175,555
3543.16,454.504,-795.86,3,36,35
5765.69,5745.53,-1905.45,82,97,428
3985.87,1559.51,-835.65,9,61,134
4979.91,1818.5,78.141,12,61,116
4265.46,6535.94,-19.752,18,68,481
8573.36,12122.1,-236.579,122,136,619
11956.1,54020.6,-2924.7,45,220,2461
3908.43,706.528,-436.69,17,58,43
11418.2,55988.9,1880.16,176,209,2967
4926.92,2207.76,-89.057,12,75,165
4999.06,1656.64,364609.0,12,76,147
5503.98,5854.69,-480.63,17,89,425
4818.24,2633.15,-1083.7,21,72,205
5522.07,4430.75,-775.552,15,88,292
7838.4,18489.4,-1739.1,11,128,1065
8931.58,30699.1,4668.68,31,132,1513
7064.18,12490.8,-742.583,141,123,726
14741.2,84575.0,-8999.0,70,332,3545
20909.0,413501.0,-1011.26,77,459,14125
4555.78,2681.56,-974.69,24,65,202
12001.8,73904.7,102077.0,23,249,3630
21012.5,413528.0,-1043.58,102,459,14125
15608.9,155555.0,1811.9,96,310,6737
4336.13,395.998,1043.1,11,54,28
7689.42,4784.35,-2670.72,33,131,271
4836.73,6450.38,776.54,20,67,481
6300.09,1707.61,-899.461,38,71,103
4289.75,2446.58,-784.87,12,63,184
8394.26,9205.69,101350.0,180,135,587
12141.5,71830.5,-6034.12,163,262,3211
3525.64,542.317,-691.77,5,43,52
14285.5,77468.3,-4489.82,248,336,3302
5785.13,4936.93,40723.0,21,79,342
4954.7,3204.54,-590.414,155,71,249
4239.06,2568.98,-1003.3,13,65,202
4427.45,977.84,-1559.5,14,66,101
8715.47,16694.1,-821.709,23,142,844
5769.06,12727.4,-1670.5,20,103,883
8313.09,10241.3,-2225.1,209,130,490
8310.94,20932.9,-38.937,36,143,1203
10377.9,34841.2,1149.99,28,208,1691
44446.3,2426140.0,-25461.0,110,974,52210
6001.54,4238.4,-1505.59,82,88,318
13756.0,159514.0,-6029.0,65,321,6735
4107.68,2240.55,-1247.4,14,63,184
4497.91,2365.97,-467.25,24,63,184
17856.9,172869.0,63983300.0,234,403,6746
10884.6,41889.5,-1446.48,51,180,2054
22928.0,268611.0,-4912.0,104,460,8479
11541.9,70909.0,-6769.0,27,247,3458
4581.89,1688.8,-1549.8,5,70,131
3711.78,2182.17,-526.938,183,54,165
10749.7,38398.8,5884590.0,36,205,1751
4909.07,1428.83,-1474.15,42,71,103
8341.1,8937.23,593.62,24,130,515
5763.55,12724.1,-1846.5,20,103,883
8212.03,8738.83,1103.8,36,144,553
5314.74,1149.88,-1575.7,3,57,76
16915.0,135908.0,-8962.0,216,360,5741
9491.07,13639.6,225369.0,112,148,729
6255.53,1432.0,-250.0,8,81,88
3928.46,1567.43,-1028.9,9,61,134
5098.88,5895.0,-3193.0,27,85,401
13629.9,92182.6,-4076.04,197,254,3885
8840.32,12183.2,-1142.89,144,128,693
5064.84,2843.18,-853.508,100,67,224
13763.5,77347.5,-2008.39,163,262,3211
9519.32,12124.5,213.78,21,152,693
5732.38,7630.65,-1163.93,12,104,457
3534.04,520.912,-496.16,15,43,52
3690.37,2038.75,-482.612,9,43,161
7415.57,17213.4,-2016.7,19,125,1014
6878.88,6703.62,-2557.97,100,121,429
10158.9,27277.1,17635800.0,163,158,1403
8990.96,32505.0,-5135.0,43,195,1692
7229.76,14822.2,1067520.0,35,134,970
5626.23,6893.2,-893.093,102,80,395
20850.9,411288.0,-770.838,94,459,14125
13082.1,63387.5,5089.1,44,279,2979
7289.76,17493.1,-2088.7,9,128,1065
10254.3,43516.7,-1678.53,131,197,2257
4554.11,1990.08,-458.53,15,75,165
8409.72,9676.51,-233.886,231,154,557
12694.9,85300.9,-3630.04,51,291,3799
10991.2,64261.0,-5617.0,76,277,3054
7887.29,9538.2,-2407.39,201,130,490
6215.95,8101.82,-3691.1,10,106,549
4546.39,1257.21,-874.83,16,59,101
8979.73,16427.3,-1575.86,114,160,976
10524.8,42549.8,-1728.65,123,197,2257
5010.34,4037.83,-1073.9,10,85,346
10524.4,32549.1,-4394.23,132,203,1580
9212.57,11164.8,-1125.8,126,156,654
13814.3,67074.6,-1110.57,105,224,2192
9121.39,26323.7,-3447.12,12,172,1412
3926.69,768.764,-2251.9,13,54,64
3684.7,560.639,-505.07,16,43,52
6732.34,10368.7,-1829.72,26,109,689
30260.9,957038.0,-13404.0,180,645,27868
7177.49,11573.4,-1428.66,161,111,651
23018.5,279140.0,28633200.0,78,468,9276
5228.7,2486.76,700.4,5,81,169
3799.01,571.893,-207.33,13,43,52
10204.3,49787.0,-4462.0,72,234,2390
5772.44,7513.26,-1148.4,92,104,457
8379.59,9376.3,-933.332,189,138,554
6994.76,7871.33,-2963.8,12,117,427
10832.1,44285.0,-1698.78,34,197,2257
21128.6,200444.0,328.842,226,403,6746
9182.13,17449.8,-1101.26,194,133,890
10864.1,44379.0,-5275.0,53,204,2190
5465.53,2648.26,134.94,9,81,169
14065.1,135587.0,5584.98,52,279,5626
7383.83,12007.0,-1608.0,26,145,768
10127.5,19967.1,-1046.14,31,157,1113
9426.59,11764.7,-687.441,131,156,654
5501.04,2581.84,412.1,2,81,169
31956.2,599720.0,-18538.0,188,725,17717
5807.75,1060.99,-1348.2,7,57,76
7097.22,17510.9,-2274.2,10,128,1065
22715.3,280788.0,779.932,312,468,9276
3286.88,677.463,-230.07,4,31,53
8600.76,22370.0,-1212.0,239,143,1018
12645.7,67593.0,-4839.0,59,207,1585
4057.27,2243.87,-1112.17,51,54,165
4171.18,6348.41,162.29,18,68,481
16650.6,104143.0,-5616.0,42,298,2831
15547.9,76057.8,8999.27,69,336,3302
4690.13,1556.98,-1219.8,5,70,131
3809.33,365.147,603.25,11,54,28
3686.01,484.103,-860.58,4,36,35
5021.97,1043.75,-1678.5,9,57,76
4315.29,597.333,546.19,20,65,35
13013.7,60956.4,-5304.2,30,247,2754
22461.6,163341.0,-3808.66,308,449,5537
9430.86,17210.7,-3059.63,97,183,931
14858.4,178323.0,-3617.11,279,367,7087
7319.7,12520.3,-1040.59,8,123,726
3623.1,493.009,-963.49,1,36,35
3471.95,1308.09,-650.485,1,40,100
13663.9,80614.9,-5785.27,49,272,3539
5647.89,2438.83,360.06,4,81,169
12386.6,95360.9,12012.1,185,273,4429
6757.58,10897.0,-3399.0,23,116,654
32758.4,1009300.0,-18029.0,117,708,25126
3316.55,662.729,219.15,3,31,53
9613.92,46675.0,-3183.0,36,202,2319
8247.45,33490.8,-391.37,97,148,1919
4141.13,6732.4,-108.54,29,68,481
8031.01,9814.76,523992.0,15,123,621
4304.71,2888.45,-671.69,24,65,202
7927.9,3202.0,-2451.0,25,86,166
11802.8,79227.8,-6481.6,41,272,3539
12425.7,38428.3,140236000.0,124,234,1581
3820.81,2359.7,-471.74,19,63,184
7614.72,13861.0,40.517,18,127,802
15751.1,161191.0,-7074.04,224,352,6744
9183.78,11701.3,-889.336,35,156,654
3991.83,2108.42,-2019.1,4,63,184
9754.97,12142.6,123.27,23,152,693
8936.0,10558.3,13874.8,17,139,587
20229.4,205363.0,-10957.0,106,403,6983
10006.7,43563.3,-2090.09,227,159,2181
3761.46,567.675,-587.96,7,43,52
3742.3,628.142,119.96,14,43,52
6276.75,5307.8,-925.106,7,99,321
6326.29,5299.65,-1370.11,49,79,292
10283.1,22971.8,399935.0,41,176,1313
6058.16,10934.8,14.6065,20,102,764
8302.59,12834.3,-2722.11,76,136,619
7817.68,4321.76,-417.156,102,131,271
5856.5,4312.89,-1538.4,18,90,317
10456.2,38212.2,21591300.0,30,193,2118
7753.23,13320.9,-711.086,279,170,771
11150.9,74953.0,-5116.0,55,229,3534
5128.86,3120.6,-2524.6,4,65,202
10845.8,41724.5,-3000.87,144,227,2059
22867.8,515742.0,-2924.93,347,540,18067
12233.2,49224.7,-3521.75,37,262,2394
3414.08,688.431,309.54,7,31,53
6111.94,5042.23,-22.6351,14,96,347
5292.49,2341.45,-928.33,13,71,188
4237.08,2011.19,-564.085,74,63,166
10123.0,10390.1,-2499.32,97,154,587
8070.5,21314.0,-2858.0,22,145,1109
3899.98,410.722,970.73,11,54,28
4425.24,2160.85,503.88,20,75,165
14954.7,88254.7,5276.4,78,289,3710
21303.4,276816.0,177672000.0,320,420,9137
8649.42,21504.0,-3789.0,18,154,1201
12018.2,54607.0,-2653.6,45,220,2461
14344.1,89478.3,175670.0,207,254,3973
3549.71,460.518,-659.21,3,36,35
3406.29,671.578,-153.86,3,31,53
12643.8,51700.0,-6277.0,17,209,1871
4953.49,3034.77,-2224.1,4,65,202
3751.96,373.968,895.26,11,54,28
5677.51,4580.34,-1544.1,15,98,294
4490.11,2843.48,-330.97,38,65,202
11744.3,37936.0,-1940.05,158,235,1818
3284.15,618.226,-469.9,13,51,45
5079.21,1468.58,-1413.01,35,71,103
8564.89,13495.3,1054260.0,107,148,729
4948.04,2838.57,-1267.0,20,77,244
6192.24,12970.2,-1237.3,16,103,883
8939.38,21043.0,-3563.0,40,149,1019
6116.53,13397.2,-1139.6,12,103,883
15160.0,91289.0,-7830.0,47,299,3714
11360.9,40990.0,-4080.0,69,225,1932
6320.93,5148.95,-1866.6,13,109,317
5784.59,3815.72,-633.861,129,51,132
7178.2,5246.41,65744.3,20,107,346
9117.47,12261.0,-1509.22,11,117,519
15464.7,94287.0,-891.442,229,254,3885
17514.5,161494.0,976.063,210,352,6744
9386.98,7653.0,-2669.0,29,128,426
3840.3,2141.09,-460.851,6,43,161
12644.9,67357.0,-5205.0,95,243,3058
9624.87,25908.1,-743.862,19,174,1415
20881.5,332512.0,-2730700.0,91,499,12195
3266.23,1205.65,7299.26,1,40,100
3700.01,556.828,-558.34,8,43,52
6582.9,8444.0,-2808.0,50,111,516
5714.94,3797.1,-847.907,9,85,269
13424.0,81180.8,-835.471,74,252,3882
11830.9,56659.0,-918.674,157,209,2967
5075.18,3036.36,-2000.8,4,65,202
4736.51,2216.48,-1433.2,17,71,188
7448.57,11355.2,-552.977,220,114,689
4162.41,1666.47,-988.21,5,61,134
8521.8,10518.8,-2080.48,18,139,587
3271.06,585.53,102.01,3,51,45
8820.92,14040.0,-3120.0,23,155,733
6915.38,7825.92,-2155.0,12,117,427
7241.17,14064.8,-1257.32,22,120,809
3349.59,574.889,-174.17,3,51,45
8558.75,9658.6,-512.326,20,138,554
6265.89,7170.87,-715.172,58,90,405
10979.4,45220.0,-4921.0,28,215,2188
16409.4,123701.0,-7798.0,174,315,4067
4855.19,1081.0,-1155.0,21,50,72
11863.6,52657.6,-718.496,146,218,2391
5785.08,5236.85,-110.191,83,86,367
15094.5,251710.0,8618.98,101,346,7851
18494.2,202985.0,-4131.67,162,390,7459
5947.46,5377.58,-928.602,10,99,321
5320.89,3204.62,-650.516,17,71,249
4825.98,2834.51,-1236.93,119,77,244
25881.9,528313.0,631333000.0,259,540,18067
4286.17,1339.0,-1331.0,17,61,129
4858.84,4906.0,-3084.0,35,79,367
9888.34,30042.8,-351.24,214,171,1747
4547.06,1072.49,-1233.8,22,66,101
4375.76,2654.95,-1198.3,29,65,202
5973.8,4038.58,-93.46,12,100,294
7264.37,17231.9,-1981.2,13,128,1065
13862.0,71391.0,-5831.0,264,255,2751
4038.47,6220.82,734.52,25,68,481
9316.8,36696.1,-3977.1,31,196,1997
14192.4,99721.0,-9146.0,40,292,4431
6057.7,4999.37,-643.648,114,96,347
20447.8,427339.0,-9079.0,103,390,12484
7902.26,4737.08,-811.308,31,131,271
10013.9,31197.4,1071520.0,120,176,1922
4686.24,2442.81,-593.64,21,63,184
12813.9,75836.0,-4582.0,77,255,3294
5752.78,7594.21,-295.2,11,99,583
6235.99,5038.06,-1728.99,100,96,347
8340.9,23631.0,-1945.0,29,132,1200
4014.36,628.773,-445.97,11,58,43
9671.34,17555.3,-1291.13,26,142,844
4845.69,2364.45,83.113,39,75,165
9761.17,19879.0,107281.0,27,157,1113
19362.6,162033.0,-1782.14,188,359,6068
4222.1,485.318,458.93,20,65,35
6274.58,15227.0,-1460.4,14,125,1014
12149.7,52397.9,698178.0,148,218,2391
11360.7,32838.4,3889.9,63,210,1213
4347.06,822.238,-1232.6,13,54,64
3982.04,2199.18,102539.0,23,54,165
15197.2,261640.0,-7646.26,100,346,7851
7768.41,21222.7,1792.5,56,143,1203
5958.8,1643.57,5710.35,37,71,103
7071.89,12542.2,-1653.71,139,123,726
4540.05,2562.58,-1125.5,35,65,202
5904.21,9941.89,111.378,28,109,689
4487.33,1782.98,-490.97,8,66,164
4485.79,2743.55,-525.03,24,65,202
5371.13,3835.09,-1120.2,121,85,269
5665.06,3594.0,-3126.0,11,88,228
18117.7,321659.0,-10918.0,253,429,11112
6014.15,2264.52,-797.019,20,82,185
7633.55,15671.8,-693.518,104,134,970
4239.36,2721.2,-1009.7,21,65,202
3351.16,1341.6,-505.632,1,40,100
10492.9,36874.0,-5079.0,61,209,1874
4224.84,2621.09,-832.51,14,65,202
5193.97,4370.62,-1487.61,20,85,343
12278.1,49336.5,-4083.38,103,262,2394
15267.8,100011.0,-3197.35,40,281,3974
6013.59,5405.95,-1142.3,10,105,371
9301.86,12145.9,706.91,23,152,693
16845.7,158781.0,2200.41,198,359,6068
11161.7,41686.5,-3465.21,159,227,2059
3738.34,516.22,-330.45,7,43,52
18563.1,274133.0,-7405.0,58,458,9003
9382.21,17180.5,-3032.56,94,183,931
6207.93,12942.6,-1128.1,14,103,883
4619.82,2887.3,-1363.9,15,65,202
6918.08,26125.5,-2183.1,29,154,1513
7804.95,12759.0,-2981.0,34,160,770
9494.57,22472.5,-953.476,216,145,1156
3234.36,555.657,-253.51,18,51,45
5644.87,4440.02,-1617.07,23,88,292
9855.85,40394.1,196567.0,97,207,1995
15462.5,161451.0,-8745.0,59,353,6186
4971.43,2921.07,-639.41,13,65,202
9186.21,27411.8,-1185.14,163,158,1403
12675.2,63105.5,3882.5,45,279,2979
3648.87,389.029,1597.9,11,54,28
16543.6,230510.0,-12818.0,83,364,8856
5502.64,4774.07,-592.976,13,85,343
8523.95,20276.8,1085.5,30,143,1203
8252.42,10105.0,-2958.0,80,138,554
7418.88,6417.41,-2307.91,211,109,400
5912.87,5140.19,-928.565,17,85,343
5818.17,4807.3,-1204.38,17,85,343
8809.89,21589.1,322.74,30,143,1203
4150.72,684.946,-197.85,17,58,43
6980.38,7018.15,95248900000.0,51,90,405
3487.16,555.883,-192.96,14,43,52
4464.34,2308.29,-676.7,18,63,184
9320.56,39412.0,-5475.0,77,198,2063
25970.4,749838.0,-12956.0,66,556,21655
7164.74,13566.8,1071220.0,18,96,804
4778.35,1878.78,-163.94,12,75,165
6839.27,9633.32,662.15,19,115,547
5751.89,7801.49,-1649.0,14,99,583
13006.1,62002.5,-1355.48,150,214,2600
9085.05,22021.5,-1381.35,122,145,1156
4864.9,2039.17,-465.91,14,75,165
6687.74,7231.81,-1167.75,72,118,426
4394.82,430.129,1140.7,11,54,28
7404.94,17122.1,-2181.2,16,125,1014
7311.4,4558.65,-774.706,102,131,271
19913.3,297001.0,-10274.0,98,459,10388
8627.92,9540.0,-2159.0,44,134,487
19817.1,227021.0,-15977.0,252,513,8096
3711.42,478.455,-738.64,2,36,35
5308.78,4306.44,-1024.34,18,79,317
3671.75,443.462,-721.78,0,36,35
4879.87,2050.88,611.46,30,75,165
13731.1,97387.4,4038.95,199,281,4061
12137.9,49962.5,-4795.52,226,262,2394
24246.2,283736.0,-10775.7,275,540,8870
14253.0,80032.9,435.659,77,320,3466
13880.1,185099.0,-7718.0,149,285,7086
4538.97,2092.11,-614.947,194,63,166
3415.57,688.802,313.59,6,31,53
6755.08,7767.81,-3126.5,12,117,427
5135.96,2259.22,462.63,22,75,165
6187.29,5217.34,-761.29,8,105,371
6009.15,4139.68,-1360.37,86,88,318
11255.8,58260.0,-9073.0,35,257,2530
5340.44,2792.96,-824.21,11,72,205
3783.12,474.806,-544.93,1,36,35
3936.3,2750.49,-1645.3,6,59,243
4087.1,1446.68,-808.473,159,52,133
10122.4,26777.3,-1516.44,30,174,1415
4157.97,2520.69,-1410.7,11,65,202
11217.7,45490.0,-868.419,123,197,2257
8261.54,16049.4,-846.34,49,160,976
5189.74,3524.0,-2116.0,8,76,247
16372.2,247810.0,-6612.0,50,345,9119
16025.4,177157.0,5994190.0,172,367,7087
17227.4,277641.0,-8804.0,49,381,10238
10136.8,37160.1,-187.175,33,196,1997
8771.49,16629.0,-824.271,27,142,844
19203.1,150171.0,-6210.07,324,449,5537
9726.79,17501.4,-1884.43,33,172,973
3466.58,606.896,300.87,17,51,45
14502.9,137240.0,787.039,209,279,5626
14398.4,101943.0,-3642.13,37,283,3965
5605.33,3110.92,-1712.7,13,94,224
12520.6,56054.2,-2197.81,144,218,2391
5004.14,3060.01,-2125.2,4,65,202
3940.73,2156.16,-502.265,7,43,161
10051.0,20698.9,-1148.53,24,157,1113
11689.1,50180.3,-2835.36,119,224,2192
11914.4,36665.1,42176.6,150,225,1755
8871.25,12213.2,-995.818,128,136,619
11566.8,39826.0,-4583.0,33,217,1866
6506.78,6599.12,72420.1,119,95,427
23399.5,516310.0,308124.0,145,540,18067
15283.4,100159.0,-2802.25,45,281,3974
7533.81,12548.7,-2838.24,88,132,656
5967.08,4125.18,-1276.05,82,88,318
18284.8,398164.0,-3166.0,80,431,11570
4602.81,1041.85,-521.46,28,62,102
10017.7,42155.0,-5362.0,26,202,2253
8625.96,19343.1,-1191.49,31,143,1025
4679.35,3573.47,-31.325,23,78,292
8880.95,14534.6,-3029.13,92,143,771
14258.4,102585.0,-376.008,222,281,4061
3962.47,390.989,1350.2,11,54,28
6977.67,9719.0,-191.0,18,124,519
3825.49,2142.39,-325.912,9,43,161
5150.78,4095.29,-1645.54,40,79,292
12013.8,73494.9,-4643.51,28,249,3630
6504.16,15713.6,-1952.0,18,125,1014
6845.07,10340.7,-1032.5,23,109,689
8813.82,11287.2,45493.2,129,156,654
4962.43,3003.75,947.934,99,67,224
3939.15,424.706,1031.0,7,54,28
7419.98,4017.06,-2314.62,93,101,249
6167.82,11296.2,-1233.27,23,102,764
3651.0,405.57,1147.7,5,54,28
12073.7,32144.0,-203.972,37,203,1580
23295.1,280820.0,-288.995,309,468,9276
7428.73,17005.0,-3563.0,73,132,1063
6950.29,4965.39,731692.0,181,107,346
12921.4,40709.7,-2874.44,114,234,1581
6738.41,11147.9,-1054.37,24,111,651
9687.36,24798.0,-4140.0,39,190,1359
7104.02,6689.59,203.669,168,108,428
5252.5,2020.49,-306.71,5,75,165
9257.93,14916.1,-4604.05,156,184,844
10071.8,37738.3,-713.102,25,193,2118
4233.27,6226.1,117.16,32,68,481
5676.08,7629.94,-1195.58,14,104,457
6143.61,13078.0,-877.35,18,103,883
6883.8,7787.65,-2654.5,12,117,427
13452.9,51886.0,-1883.1,164,288,2334
8854.42,16561.0,-3141.0,17,108,486
8659.16,23270.0,-3897.0,8,138,1071
12951.5,72177.3,5045360.0,154,262,3211
8004.14,32764.8,2464.0,19,148,1919
10944.8,51844.1,-355.614,137,209,2534
3472.5,590.266,522.79,13,51,45
15068.5,162313.0,-4782.62,235,287,6171
9275.67,27775.0,-3275.8,102,166,1414
4571.83,1734.0,-936.35,6,61,134
4746.93,2021.0,-1375.0,8,60,148
4397.5,999.55,-290.48,28,62,102
4053.11,6096.26,-482.91,38,68,481
6889.2,7905.82,-3355.2,11,117,427
9892.56,26370.7,9331.46,132,172,1412
8415.27,9861.57,-2199.94,93,123,621
3736.89,590.728,67.864,16,43,52
5332.06,4019.58,-1579.49,34,79,292
7406.55,14432.9,-2119.97,166,119,931
3552.7,493.138,-582.2,3,36,35
5977.22,5280.7,-1159.8,9,105,371
18354.0,144140.0,-10130.0,315,393,5850
12480.2,55679.0,-4280.63,135,218,2391
4803.72,1999.88,-584.94,7,75,165
8665.97,12037.1,-2164.96,64,128,693
15601.1,155198.0,1734.3,103,310,6737
7501.34,4183.85,-1346.3,87,101,249
4164.43,502.88,-91.972,18,65,35
4592.5,1044.65,-76.268,28,62,102
11993.5,39628.0,-6394.0,39,258,1937
12330.9,85288.9,-3832.68,51,291,3799
6496.48,7581.84,-1139.96,9,93,545
8495.22,32266.0,-3333.0,20,181,1870
4365.07,2156.0,1116.52,20,54,165
15246.6,155260.0,2812.6,107,310,6737
5507.92,1143.28,-1750.3,2,57,76
6135.37,1068.44,-1709.9,6,57,76
12493.9,46376.0,-7824.0,209,257,2002
4082.14,2543.9,-1045.0,12,65,202
13486.2,52662.9,15069.5,231,288,2334
11847.6,70098.9,206.751,137,262,3211
9796.62,43080.0,-3017.0,262,191,2254
13396.3,41963.3,-3272.55,118,234,1581
6865.06,7312.64,214.12,23,109,432
6156.84,2449.91,883.08,9,81,169
4455.79,355.218,-242.751,92,33,20
9247.68,12074.9,6963980.0,78,136,619
28824.5,670303.0,-20576.0,114,633,18851
4992.87,2982.14,-390.94,38,65,202
20101.5,273702.0,913340.0,48,420,9137
3802.32,439.108,-721.2,1,36,35
9980.23,38245.0,-5814.0,122,200,1753
6194.41,8109.57,-3261.9,10,106,549
6697.66,12050.2,-541.73,221,105,765
3663.47,562.716,-959.07,5,43,52
9603.37,25126.5,-3988.14,131,186,1261
6969.7,7835.53,-2191.2,11,117,427
14146.7,116267.0,-5785.0,69,311,4916
8697.78,30322.8,-468.021,111,132,1513
3497.22,682.677,-202.0,7,31,53
10693.3,38245.0,-4301.0,32,234,1880
4810.83,1559.64,-957.67,6,70,131
6555.26,5103.31,-414.244,12,99,321
7004.03,5255.17,-916.394,194,107,346
13339.6,98409.4,3364.18,216,281,4061
9029.99,15713.9,-1514.14,88,131,971
16203.5,81612.0,-9219.0,200,298,2744
21119.9,364880.0,-11564.0,93,524,12196
5776.66,954.443,-1624.0,12,57,76
11742.6,68976.4,-3805.56,199,247,3373
14312.6,79326.5,-2970.31,244,336,3302
6846.76,11278.6,-1410.77,149,111,651
5968.52,11514.7,-361.592,23,102,764
8572.08,8118.92,-772.546,63,109,486
5150.61,4225.54,-1355.11,92,72,340
12465.2,34704.1,3062.5,51,210,1213
8930.65,13167.0,-3287.0,31,151,769
6810.59,7346.16,481.42,27,109,432
15897.1,261198.0,-2634.45,119,346,7851
6037.72,2153.85,-1031.49,13,82,185
3344.92,691.54,202.45,2,31,53
6284.4,5135.88,-2755.2,18,109,317
4216.08,2483.12,-974.78,17,63,184
4638.02,6543.59,137.04,11,67,481
5533.87,2000.32,-1037.7,8,77,165
4833.34,2110.7,-774.91,14,75,165
5816.0,1059.44,-1294.6,7,57,76
21151.2,344638.0,-10612.0,100,480,12026
11901.8,46875.7,387215.0,132,215,2188
18597.2,131156.0,-10594.0,9,260,2983
4911.18,2075.66,-460.89,9,75,165
8218.74,20874.1,-147.52,38,143,1203
6677.92,11276.2,463875.0,151,111,651
8225.52,4650.0,-3526.0,28,133,251
6225.08,1084.13,-1664.6,6,57,76
9572.85,23905.0,-3604.0,22,171,1259
7572.24,9478.37,-2978.88,208,130,490
3796.22,555.695,-622.26,5,43,52
4795.66,1198.48,-1434.21,35,64,87
3602.59,552.849,-688.63,5,43,52
11461.6,31947.5,8911.51,43,203,1580
12620.2,41292.6,-1029.04,240,278,1938
6970.14,4483.19,-1622.7,11,110,294
4020.84,6282.82,-68.808,36,68,481
13531.1,71556.8,-7068.84,96,325,3143
17628.2,216503.0,-2828.41,91,336,8195
14367.8,64045.0,-4067.0,32,256,2533
11023.9,68179.6,-2373.38,42,247,3373
4886.54,548.603,194.34,22,65,35
4469.25,1018.61,-1395.1,22,66,101
13678.4,57335.0,-5957.0,55,287,2405
12833.3,146095.0,-5999.0,61,317,6400
4503.1,574.419,-255.07,20,65,35
9972.12,25899.1,-1940.49,113,166,1111
19276.6,165990.0,-11085.5,333,448,5537
4502.97,2591.91,-436.49,33,63,184
43915.5,1566640.0,-96449.0,163,874,37040
3999.74,385.689,896.1,11,54,28
3865.48,1129.59,-691.99,8,55,88
3722.12,568.573,-609.84,6,43,52
6228.36,5199.74,-1470.24,46,79,292
4969.66,2438.06,-664.06,4,61,184
4729.79,6164.89,-568.58,18,67,481
10251.4,31297.0,-4024.0,49,242,1469
15072.6,94854.9,1733.34,252,294,4249
14691.8,100861.0,1969.75,231,281,4061
10426.4,47826.6,-439.668,87,190,2118
4981.48,4300.76,-1532.58,20,79,317
7026.64,7419.0,-3252.0,27,118,455
5797.27,7661.06,-857.574,10,104,457
9268.43,12309.1,-1285.83,214,117,519
8973.34,12170.0,-1742.62,9,117,519
7612.48,4200.06,-1368.35,85,101,249
9921.38,26617.4,-1720.57,32,174,1415
9625.7,30879.5,-1024.32,40,171,1747
6976.7,6864.88,-1384.92,10,118,426
3361.59,572.646,165.23,17,51,45
13548.9,54284.8,-1728.72,121,224,2192
3766.36,1515.41,-1137.9,6,56,114
3276.02,582.226,264.46,3,51,45
5970.74,8157.82,-3294.7,10,106,549
6634.93,6914.49,74035.7,73,118,426
8417.56,12161.8,-1681.47,60,128,693
4020.58,1194.48,-325.6,2,59,101
7757.45,18286.8,-2172.1,12,128,1065
5610.05,2595.16,-3663.8,13,87,166
14185.9,89065.4,653090.0,200,254,3973
4601.19,2783.76,135.84,36,65,202
4664.81,2715.04,-977.07,16,65,202
10222.5,35377.0,-411.405,23,208,1691
11563.2,18955.0,-3677.0,8,183,895
6544.47,6654.0,-4397.0,40,129,456
9805.09,39035.7,593956.0,99,207,1995
11549.8,37166.4,2477340.0,160,235,1818
16200.2,162369.0,-2251.01,243,352,6744
15509.2,99855.7,-3283.66,40,281,3974
7709.41,18841.0,-3490.0,14,138,1110
6201.36,8025.98,-3550.2,9,106,549
22711.3,278552.0,-796.681,302,468,9276
20846.0,346949.0,-1517.14,269,440,10967
11832.2,62477.3,-4958.63,198,223,2822
15082.1,86367.0,-1387.31,94,301,3369
4603.22,6679.65,-225.92,18,68,481
9508.42,25149.0,-3262.36,18,160,1164
6782.67,5102.2,-2118.9,13,87,322
3583.39,532.028,-845.84,3,36,35
7505.82,9515.0,-1452.0,128,96,457
16922.4,140308.0,-10841.1,317,449,5537
7297.55,14181.0,-3814.0,8,131,804
14420.8,135954.0,-1227.92,194,279,5626
16262.0,214557.0,468655.0,280,336,8195
11847.1,33168.5,1110.4,53,210,1213
15407.2,75590.5,13555800.0,270,336,3302
7095.5,12559.4,9399.52,141,123,726
20080.4,184117.0,689.8,229,403,6746
3401.47,698.732,217.56,6,31,53
4922.59,1659.66,-1224.2,5,70,131
9470.15,23041.1,-2646.75,31,176,1313
14081.4,80015.3,4015.13,52,272,3539
3773.68,527.618,-691.13,3,43,52
14530.7,177656.0,-4457.13,202,367,7087
8006.86,9511.97,-1055.66,200,138,554
8764.66,34374.0,-5485.0,40,166,1991
7892.19,27383.8,-1582.67,131,156,1521
14510.6,143018.0,358031.0,57,308,6057
4780.08,1065.52,-1105.9,12,66,101
8747.85,25081.8,-1152.27,32,157,1519
4838.52,2047.04,-40.125,19,75,165
11943.9,68173.3,953.14,52,201,3289
8024.52,9381.47,-1874.98,13,135,587
7907.0,24931.0,-5083.0,69,134,1517
13706.9,90473.1,-2340.6,211,254,3885
5643.97,3901.01,-530.56,9,85,269
8140.74,21114.1,264179.0,184,145,1156
10962.2,50371.1,-2052.96,129,209,2534
19870.4,190729.0,-14345.0,304,437,6411
6935.02,11368.9,56292.0,156,111,651
8255.19,8933.03,2695.6,40,144,553
5418.97,1441.22,-1427.76,42,71,103
5218.52,2825.68,-746.29,7,72,205
12152.1,28618.5,-5690.61,222,248,1421
4029.89,2268.91,-814.674,51,54,165
10451.6,28559.3,-2245.05,12,133,1027
20220.6,414472.0,-10163.8,95,467,14125
5216.96,1715.27,466400.0,10,76,147
16752.7,117406.0,-9155.0,66,332,4632
5066.49,2982.43,624234.0,154,71,249
16121.5,177951.0,34.6952,69,367,7087
3928.03,1192.03,-750.72,10,55,88
3543.45,572.834,-400.81,15,43,52
6151.77,4126.92,-337.16,12,100,294
9003.72,10504.0,-2947.0,69,181,591
3536.37,743.998,-258.22,6,31,53
9039.18,10939.1,-1317.19,41,156,654
10044.1,72553.0,-2823.0,35,231,3535
3672.54,440.279,-916.74,2,36,35
11500.5,32213.6,-1047.02,40,203,1580
5090.71,3163.0,-933.0,15,81,203
5476.16,4676.8,-1441.06,14,85,343
36025.1,1352090.0,-19150.0,506,943,29097
6877.61,7764.92,-2115.7,11,117,427
19311.0,269771.0,-9712.29,310,440,7593
6194.07,6318.03,-2399.5,17,108,424
7481.51,4842.0,-3041.0,135,103,267
3776.81,2146.17,-408.39,6,43,161
6861.44,7249.27,423.2,29,109,432
5532.57,1057.3,-1634.6,7,57,76
5803.4,2640.55,207.65,7,81,169
6649.72,8992.94,-732.38,132,95,543
11971.6,111162.0,-6193.0,30,245,4335
7870.52,8779.57,-3305.7,109,149,549
6640.41,5696.93,-96.338,12,105,371
10829.2,68219.7,-5117.42,195,247,3373
10285.7,43664.4,-1855.91,129,197,2257
5952.97,5190.62,-1573.0,7,105,371
14873.0,108978.0,-8004.0,73,330,4625
3889.12,2187.33,-455.247,4,43,161
3738.18,371.344,863.27,11,54,28
5350.07,3721.13,-685.51,7,89,249
4445.72,6047.97,80.089,12,67,481
13014.8,50367.0,-3780.0,101,270,2264
6577.04,6487.83,-114.593,16,118,426
8371.11,8744.82,1912.7,32,144,553
8968.33,20745.6,-2484.47,109,163,1162
5574.82,2549.0,-1369.0,21,91,169
5025.6,4027.68,-1559.0,11,85,346
4934.3,3051.68,-605.26,36,65,202
4511.05,1679.31,-404.88,3,61,134
3443.55,704.014,-124.68,3,31,53
6106.52,8064.78,-3352.1,4,106,549
4434.27,2175.05,-1569.3,12,71,188
9161.65,13414.0,-2602.0,9,105,582
6130.16,3951.48,-720.26,11,100,294
9632.18,22490.5,34931.8,82,139,1108
6133.17,5243.9,-1877.7,17,88,370
15790.4,90020.0,-8703.0,111,329,3888
11372.5,37792.0,-4473.07,190,208,1691
13813.5,98890.0,1256420.0,194,281,4061
17520.5,163450.0,-6937.0,89,368,5963
14718.7,62861.0,-3884.0,56,283,2399
7581.81,8907.0,-3860.0,39,103,428
14573.2,100493.0,-1072.79,195,273,4429
9880.12,18701.0,-4093.0,81,137,849
15137.6,67674.0,-7331.0,179,298,2899
4911.0,2089.05,-753.69,3,75,165
4281.14,6212.94,-205.27,24,68,481
9058.56,24049.4,11837.3,106,154,1252
23902.0,495406.0,-17087.0,135,633,15518
9389.33,37963.6,-2435.05,40,180,2054
7026.44,5992.0,-2218.0,11,110,315
6640.2,13600.3,-986.918,14,96,804
16254.2,187705.0,-8758.0,52,369,7467
6154.06,5331.75,-671.24,7,105,371
10105.4,34693.7,-532.347,110,176,1922
8420.22,9113.8,203392.0,177,135,587
4186.38,1531.24,-1079.9,4,55,133
18828.1,361954.0,-7976.0,59,436,12495
12385.9,40858.1,912.938,114,234,1581
4077.17,770.794,-2377.4,9,54,64
10956.1,18475.4,-1939.32,149,172,973
11948.6,79856.6,14101200.0,43,252,3882
15744.5,85055.1,1476.68,96,301,3369
8613.52,9470.7,-2630.71,200,130,490
3458.09,712.648,159.07,4,31,53
12928.1,107212.0,-6402.0,62,283,4527
8530.9,12274.0,25010.3,114,136,619
3802.02,641.888,-646.15,8,58,43
10012.3,19160.0,-2870.0,47,182,939
11298.6,52237.0,-6681.0,29,244,2601
5286.05,4284.81,-1092.5,20,79,317
4023.57,1472.27,-660.683,159,52,133
6789.32,6915.81,601.055,21,95,427
18329.4,106860.0,-6870.0,51,359,3891
4397.73,6437.67,-321.97,24,68,481
9747.68,32137.0,-5479.0,44,165,1690
8145.31,12064.3,-2779.91,120,128,693
10592.8,39551.0,-4867.0,39,205,1873
3962.01,662.728,-486.14,16,58,43
9969.04,37380.0,-3115.0,32,176,1696
7255.61,15659.5,-836.526,98,134,970
5572.44,2586.16,-116.86,8,81,169
3621.02,699.94,220.47,5,31,53
4717.61,2475.1,-911.74,7,61,184
24658.2,346679.0,-13573.0,105,636,10694
13501.5,128536.0,-7136.0,53,308,5421
5436.79,1710.36,-140.119,15,76,147
11898.0,49503.4,-4561.68,135,215,2188
4698.45,2916.15,-665.82,28,65,202
14430.7,183887.0,-11076.0,32,312,7579
3563.13,520.865,-271.88,15,43,52
18396.8,157328.0,1026750.0,133,359,6068
14191.8,92908.9,-966.287,215,254,3885
4967.41,2324.58,-1710.0,13,71,188
5323.02,3602.17,753.586,116,85,269
9712.34,44845.0,-5404.0,22,204,2254
4212.7,754.079,-704.14,24,58,43
5187.25,2995.31,-955.587,109,77,205
10797.2,38859.4,10688100.0,38,193,2118
24058.3,280260.0,-3509.62,287,540,8870
13019.4,45701.0,-1816.01,149,273,2061
3292.73,578.072,264.96,15,51,45
6114.89,13764.7,-1152.5,9,103,883
4897.27,2321.96,-1385.9,14,71,188
11646.1,60230.0,-3737.0,35,240,2976
5721.67,5214.9,-1685.5,17,99,372
4032.9,828.296,-1911.7,9,54,64
7019.95,4979.95,671.191,223,107,346
4211.76,1203.62,-727.39,2,59,101
8443.12,5064.0,-1445.0,25,115,135
12634.0,90676.4,6706.08,219,254,3885
5220.62,2384.84,-231.69,22,75,165
3862.76,1216.05,-892.84,9,55,88
7981.4,8990.71,2112.4,39,144,553
4396.98,1777.67,-505.12,8,66,164
6753.02,30308.0,-2833.0,13,138,1800
8374.91,4742.18,-1706.9,98,131,271
10485.6,14850.8,2321.09,88,143,771
6766.36,12382.0,-5008.0,5,145,773
11929.2,33728.0,3702.5,50,210,1213
6413.88,1764.6,-1176.21,39,71,103
13144.6,42266.1,-2898.76,241,278,1938
20087.1,401452.0,-87.8382,102,463,14125
6048.67,8062.2,-2841.1,10,106,549
8708.69,28065.0,-4055.0,11,166,1523
16057.4,93268.0,-6625.0,149,339,3552
4101.26,2186.17,-1868.1,3,63,184
8595.15,25528.3,-2745.53,27,157,1519
6277.83,8489.3,-1450.26,91,87,483
14129.1,91252.4,1661680.0,220,254,3885
17197.2,197000.0,-9717.0,187,393,7220
7021.36,13249.4,-984.392,18,96,804
3590.82,564.404,-361.38,5,43,52
7087.03,28242.1,-2578.7,12,131,1686
12873.4,63274.3,6429.0,47,279,2979
6049.31,12893.4,-1053.7,11,103,883
10223.9,35248.4,60818.1,193,208,1691
10449.2,43216.4,446.252,124,197,2257
9410.51,16920.7,260931.0,40,172,973
15207.7,124274.0,-7919.0,40,372,5436
14532.4,87114.9,-3613.6,96,301,3369
3757.2,571.971,-180.25,13,43,52
19544.6,277595.0,-8616.0,76,472,9681
4863.91,496.867,2109.6,24,65,35
4456.11,470.577,-126.44,18,65,35
10638.9,29147.0,-4496.0,41,193,1576
17068.8,178744.0,-9938.0,296,381,6978
10975.4,24451.6,-1963.74,110,166,1111
12112.6,54331.5,-3296.5,44,220,2461
10712.1,41421.0,-4330.0,133,197,2317
12114.0,50825.0,-4883.0,28,214,2062
10012.9,27476.5,-1438.65,58,194,1521
16459.3,233650.0,-8500.0,42,374,8598
15068.2,80795.0,-6727.0,42,284,3544
4481.94,2520.68,-858.53,21,65,202
4771.98,2677.64,-302.19,32,63,184
4222.89,6143.56,-179.54,20,68,481
16497.2,166092.0,154.654,56,320,6391
3466.47,682.129,86.765,3,31,53
5978.12,7435.13,-488.882,8,93,545
8626.33,9161.36,1241.5,40,144,553
8267.63,27280.0,-5304.0,122,159,1628
6243.84,10414.7,-2209.91,31,108,689
8971.75,26548.0,-4953.0,69,187,1519
9806.74,14095.0,-5036.0,69,176,734
4474.74,2018.93,486.65,8,75,165
4316.31,2111.11,-1106.7,10,71,188
4798.0,3534.62,84998.0,20,60,243
5616.54,2790.67,-556.64,6,65,202
4660.1,1549.5,-1128.3,6,70,131
7422.5,14244.3,-1192.52,31,120,809
6177.37,10370.5,-2044.68,21,109,689
11865.8,73336.7,-2162.22,26,249,3630
14442.0,89838.5,276966.0,283,254,3973
11421.3,27060.0,-2778.87,120,166,1111
3615.2,589.446,-520.92,5,43,52
3511.15,695.48,269.77,2,31,53
5072.98,2650.07,-1004.4,14,65,202
4203.25,498.162,346.86,26,65,35
12196.2,47005.0,-5110.0,34,216,2324
19828.1,318408.0,-8803.0,66,471,11572
12108.1,49757.0,-3498.77,225,262,2394
5852.45,3880.98,1348.4,34,100,294
11338.2,34040.4,-5168.14,118,234,1581
3496.46,540.372,-445.38,5,43,52
6077.45,1899.9,-1474.48,7,84,136
6007.81,1128.66,-1055.1,3,57,76
6494.84,8552.0,-1956.0,37,105,514
12035.2,54901.9,95682.1,151,218,2391
9155.64,25906.7,-182.179,156,174,1415
3581.45,581.006,-11.235,15,43,52
8184.05,8281.0,-4037.0,16,137,399
9317.56,12770.4,-1789.34,12,117,519
17261.2,83711.3,2114.5,75,340,3632
7376.85,17896.6,-2490.3,14,128,1065
14898.3,168945.0,-7783.0,49,345,6635
12710.0,88837.0,-6240.0,52,302,3891
21364.0,344743.0,-12874.0,74,518,11581
12604.4,0.0,-1763.98,195,225,1755
3846.37,563.836,-717.15,7,43,52
10295.8,35131.0,-1955.4,34,208,1691
15225.6,251514.0,16785.1,100,346,7851
8827.98,9437.74,1097.92,233,154,557
11464.1,32079.0,-5161.0,40,188,1521
14026.0,59278.1,-1945.12,143,305,2610
5979.45,5293.9,-1083.3,7,105,371
6741.54,12585.4,-169.784,39,105,765
3606.0,1935.62,-381.16,11,43,161
4522.51,2786.22,-659.77,26,65,202
3841.13,362.116,1366.4,17,54,28
9515.15,36232.8,421212.0,89,148,1919
4842.4,1572.04,-1256.0,5,70,131
9443.99,30629.4,337827.0,141,179,1626
5693.87,1141.27,-1544.0,4,57,76
7081.95,8973.88,-928.585,122,95,543
5866.04,11316.2,-1445.39,249,102,764
3932.97,417.931,1194.9,8,54,28
11598.8,72650.0,-4921.0,23,225,3131
24081.4,268803.0,-4384.07,296,540,8870
29510.1,503334.0,-20413.0,446,714,13658
5428.08,2911.07,-1369.8,11,67,186
3666.63,568.4,-491.29,16,43,52
8696.58,14816.0,-1680.36,96,140,845
5292.36,4344.7,-948.12,15,85,346
6317.22,8617.0,-3164.0,36,113,615
10859.4,31987.6,-4317.54,39,204,1692
10516.4,60202.0,-6683.0,124,210,2745
6284.36,3461.41,109950.0,21,101,206
13732.4,69085.2,41493000.0,60,247,3373
8230.9,14869.0,-3202.0,20,138,807
11225.0,49018.6,23797.5,65,190,2118
8972.24,12014.2,-1045.5,63,128,693
7262.66,5395.25,-834.605,42,79,292
12391.5,70835.5,-6.17162,180,262,3211
4420.22,6003.19,327.17,20,67,481
5469.46,4589.0,-2304.0,3,75,316
3778.63,441.845,-933.89,3,36,35
7431.14,9260.59,-1833.76,89,138,554
27539.1,517860.0,-10591.0,166,580,15334
10268.2,52415.0,-5180.0,301,216,2600
11001.4,58340.0,-814.32,318,217,2904
4592.43,1672.96,-1383.1,6,70,131
8616.15,26067.4,-3157.49,34,156,1364
4064.18,525.458,34.347,22,65,35
3438.75,571.681,35.234,17,51,45
13740.8,142199.0,314.858,273,308,6057
9029.46,10494.8,-1096.35,29,154,557
9783.04,36750.7,-1983.72,37,196,1997
12915.7,123826.0,-5281.0,41,249,4519
10589.6,35790.1,-4258.69,196,208,1691
5287.01,2139.0,-1648.0,8,66,116
5091.58,3122.88,-2764.4,4,65,202
13789.8,51294.0,-4580.0,49,260,2198
3654.23,548.626,-838.54,5,43,52
5790.04,3778.21,437515.0,10,85,269
6376.51,5260.59,-805.979,102,96,347
4362.15,525.557,285.91,21,65,35
18219.0,269626.0,-13288.0,276,428,9806
6231.92,4658.29,454062.0,201,86,367
13568.2,62707.8,-1052.42,298,233,2897
4249.18,6857.22,-158.35,19,68,481
7763.39,12852.4,-2084.64,15,132,806
6789.48,7681.64,-2559.4,12,117,427
6567.32,10515.8,-2088.73,23,109,689
4374.33,2580.01,-771.07,17,65,202
4803.53,2241.52,-985.45,11,71,188
3668.17,555.566,-862.77,4,43,52
7142.45,9183.28,117.682,199,138,554
8493.05,13880.6,14084.2,124,170,771
12094.9,70658.3,1534.2,50,201,3289
6257.07,11084.4,-925.452,253,102,764
3699.18,1830.27,-1188.1,199,63,166
9146.88,28611.3,189907.0,129,179,1626
9910.7,10376.6,-628.325,238,154,557
3547.99,707.14,325.51,6,31,53
7837.4,12502.8,-1186.71,115,130,694
14769.0,155900.0,1915.1,112,310,6737
11318.1,68899.9,-5177.1,199,247,3373
4604.43,2713.56,-1190.7,25,65,202
12017.9,70093.0,-5112.0,143,279,3451
4261.16,2638.9,-786.76,11,65,202
5678.05,4731.15,-999.614,17,85,343
4314.37,536.628,134.58,24,65,35
7711.94,9540.04,-2645.64,201,130,490
8950.88,39562.6,-3938.48,75,196,1885
6333.77,10771.7,109511.0,253,102,764
3926.73,667.144,-628.46,5,58,43
4226.76,1681.94,-335.99,4,61,134
9013.01,12165.9,-362.732,130,136,619
10744.4,38839.5,144835.0,47,193,2118
7961.24,12589.9,682997.0,25,130,694
12157.0,70389.0,-6564.0,157,274,3295
14560.8,74509.0,-3917.0,45,295,3065
18705.1,267599.0,-10496.0,36,396,9400
6837.25,17127.2,-2548.8,7,128,1065
15835.0,172087.0,-9217.0,198,365,6855
4648.75,1003.0,-1164.0,21,66,101
4602.54,6340.77,318.4,21,67,481
6093.34,4255.06,-996.386,54,85,269
15010.9,83220.0,-2879.54,111,223,2059
11252.1,38078.5,217.885,151,235,1818
5013.25,2869.09,-1534.13,17,77,244
3700.07,2180.19,-446.337,7,43,161
3953.91,656.447,-231.97,24,58,43
16436.2,166529.0,-1863.68,46,320,6391
5032.97,4258.03,-918.893,18,79,317
22220.1,407653.0,1293.89,54,473,14125
4607.03,1041.91,-248.39,28,62,102
5895.66,1106.34,-1923.1,6,57,76
17064.4,144950.0,-10290.0,70,423,5328
19139.2,130542.0,-8637.0,223,326,4163
12512.6,79449.9,5503.76,58,272,3539
9938.19,10128.1,-2575.87,100,154,587
5479.13,4256.74,-1253.56,13,88,292
8353.01,9646.32,-1048.34,87,138,554
4552.27,2569.61,-1561.5,7,65,202
14233.3,222720.0,-7509.0,56,347,9121
5647.44,4383.27,-1173.92,19,88,292
3770.02,1518.03,-1358.8,6,56,114
8042.13,9391.12,-528.716,202,107,517
6244.2,1621.41,-1182.81,37,71,103
4892.87,2832.15,-719.94,20,65,202
8123.82,9525.0,-2864.85,198,130,490
3395.58,675.092,-195.61,4,31,53
12954.5,50469.0,-6234.0,41,237,2256
11987.8,72940.0,-3892.0,17,303,3459
6011.31,11341.5,-1509.69,250,102,764
9349.52,17711.2,-949.862,198,133,890
3738.72,459.241,-1003.7,2,36,35
11868.5,55331.0,-5446.0,37,218,2390
6776.82,10982.0,-2549.0,18,120,689
7343.95,9394.1,-1204.31,193,138,554
5639.84,3136.11,-1362.1,10,94,224
10591.9,60385.0,-5359.0,219,238,2823
13104.1,73383.7,-1119.41,34,247,3630
4620.09,1769.35,-229.6,11,61,116
23845.4,548665.0,-11624.0,106,517,17885
9375.52,12202.1,-1041.93,119,136,619
3998.12,677.014,-927.861,28,46,62
4895.93,1640.06,-1442.6,5,70,131
4379.6,522.172,560.81,26,65,35
5088.57,2191.24,1031.2,23,75,165
14937.5,63855.0,-7274.0,134,270,2611
9040.58,27938.0,-3209.0,35,149,1254
4348.65,671.848,-902.3,22,58,43
7021.85,5715.48,-775.085,65,108,369
16401.2,196938.0,-10557.0,87,438,6987
11100.8,48715.1,-1824.97,65,190,2118
7340.33,9289.35,8.41658,15,138,554
4371.85,2749.28,-1110.2,15,65,202
3955.35,2064.24,-1474.7,5,63,184
8934.46,10754.4,-1244.48,136,139,587
3746.27,2389.25,-683.61,36,63,184
10787.7,28521.0,-3461.71,57,214,1469
4564.2,2663.3,-735.36,27,65,202
7106.19,6011.0,-3147.0,25,106,297
5442.31,3594.49,35740.4,61,85,269
6645.6,10330.6,-1963.8,21,109,689
8208.24,9110.89,716.24,39,144,553
9330.41,22280.0,-3289.0,16,178,1356
14445.1,65829.0,-6335.0,43,301,2684
15331.7,88637.3,-5663.84,91,301,3369
14390.5,180746.0,-7489.0,84,372,6863
11109.6,35082.0,-8347.0,156,277,1586
4740.41,2857.44,-1073.01,117,77,244
7947.4,13826.5,-2286.87,37,170,771
4363.08,2662.77,-717.35,21,65,202
4329.48,2655.9,-1053.3,13,65,202
5038.73,3126.54,-2734.2,4,65,202
5921.01,4057.26,-1169.51,261,88,318
4516.4,2184.76,-1843.9,13,71,188
12799.7,81200.2,929136000.0,0,252,3882
4482.55,1091.49,-1117.7,22,66,101
9033.1,16835.9,-3319.15,28,172,973
18300.3,179843.0,-5617.11,234,403,6746
4260.85,2665.86,-1074.0,23,65,202
3495.12,1363.45,-616.961,7,40,100
9367.82,17336.1,-3203.77,259,183,931
11580.0,71496.3,17226.9,156,262,3211
5604.15,7086.81,-3690.2,23,92,485
4600.51,1242.49,-948.49,21,66,101
8369.07,30436.7,-1662.59,39,132,1513
8232.33,16454.1,-326.735,19,142,844
8523.57,4686.67,-1304.6,25,131,271
6342.77,5335.2,-711.453,82,86,367
4066.42,1244.35,832716.0,101,51,102
9322.53,12047.1,333.01,23,152,693
4173.14,6322.37,203.26,33,68,481
13965.9,162489.0,-9740.0,40,363,6981
15039.3,79106.3,3510140.0,268,336,3302
5397.36,2862.01,4443000.0,17,77,244
20504.8,274060.0,24021.8,307,420,9137
9919.39,24688.8,-374.11,31,177,1313
4519.19,1081.45,-696.8,27,62,102
4247.34,2389.66,-932.02,25,63,184
9880.76,40936.1,613.258,128,207,1995
8103.76,10092.9,-752.466,209,107,517
4106.83,2278.33,-970.07,10,63,184
7304.42,8839.24,-1095.61,136,95,543
7075.78,4488.76,-2006.1,10,110,294
6047.77,5225.3,-965.46,11,105,371
14307.8,122973.0,-7655.0,65,284,4913
4207.72,1685.11,-574.58,6,61,134
12121.1,36654.0,-3920.54,119,234,1581
3801.35,527.9,-304.28,12,43,52
11364.7,151931.0,-7002.0,144,266,6967
3594.66,601.194,449.89,13,51,45
4772.91,1852.51,-168.78,6,61,116
9358.48,17459.3,-1294.99,21,142,844
4858.77,2793.84,-344.66,11,65,202
3388.41,672.34,-239.27,6,31,53
5788.58,4162.94,437.94,25,100,294
9604.07,20762.8,-1765.95,28,163,1162
5064.09,2299.21,110.92,15,75,165
13732.2,180892.0,-8642.0,302,368,7097
4517.83,2670.5,-774.5,19,65,202
14430.2,90643.1,-3677.58,213,254,3973
5950.01,6865.65,-3048.1,25,92,485
9809.95,26167.5,27499.0,152,174,1415
10930.0,73743.0,-5916.0,53,294,3627
8210.92,15764.8,-232.59,28,127,802
4348.22,975.376,-761.31,4,55,88
6866.06,7785.69,-2901.2,11,117,427
18758.5,131030.0,-6894.0,151,340,4723
6347.08,12071.1,227457000.0,55,105,765
7923.7,33153.7,76.8985,94,148,1919
13052.9,62456.4,4728.1,46,279,2979
5330.03,4257.61,-1229.93,14,88,292
9272.8,22982.5,-3651.8,137,182,1212
13671.6,43156.1,-2174.37,119,234,1581
10617.2,27365.0,-4101.0,38,210,1527
9990.69,15177.0,-3496.0,36,161,846
10385.4,22342.6,3421530.0,101,182,1212
4983.25,1536.49,124.562,181,76,147
6225.42,3610.98,753.29,19,101,206
6700.09,17176.0,-2426.7,7,128,1065
8063.69,19109.0,-3694.0,16,165,1073
9006.95,26897.3,-2198.23,182,158,1403
3999.15,1191.89,-297.54,2,59,101
4434.58,708.012,261.56,24,58,43
6651.68,7445.12,1429.7,34,109,432
11935.0,35259.0,-3697.0,24,200,1368
26667.5,790260.0,-18490.0,97,588,23128
8953.21,28729.4,-1221.86,146,179,1626
4817.4,1035.48,-933.19,22,66,101
7300.2,14148.8,-1048.05,99,120,809
5238.08,3283.31,-809.648,156,71,249
4025.57,1195.49,-608.69,2,59,101
6358.53,4809.57,-2019.7,15,107,319
6839.38,13436.8,-764.473,181,96,804
10954.3,33367.0,-3700.0,57,198,1522
6182.01,2746.0,-2033.0,22,105,184
7021.22,6780.59,574.08,27,108,428
13861.8,96066.6,-5135.4,238,294,4249
6507.76,5161.85,-868.388,100,96,347
13400.7,74334.0,-6938.0,46,304,3461
6831.85,14129.0,-3031.0,15,118,972
10957.4,15688.0,-2751.0,69,144,697
5007.57,6580.17,-51.477,16,68,481
13820.4,96933.2,-3635.24,40,281,3974
6227.74,8085.92,-3431.3,9,106,549
4387.3,6429.93,-87.781,33,68,481
9842.68,22500.9,1010610.0,115,182,1212
10367.2,10497.9,-2201.97,97,154,587
14332.8,92539.0,-5339.0,149,300,3886
15124.3,88555.0,3767.2,80,289,3710
10673.9,41530.4,-4357.5,131,207,1995
24171.2,319861.0,-12883.0,221,491,7111
8027.83,4443.0,-1719.0,24,96,207
8819.31,22295.0,-4467.0,36,189,1167
12009.1,36824.1,-183.58,132,216,1932
5224.57,2057.97,-396.92,10,66,164
11766.2,38026.1,1094.63,42,219,1875
24097.6,266731.0,-4629.45,291,540,8870
12311.1,36832.2,-1245.96,14,225,1755
4063.92,754.943,-1609.6,13,54,64
8963.93,35051.0,-700.291,95,148,1919
3802.59,703.199,276.04,16,58,43
9671.29,10292.9,-3112.23,95,154,587
3587.65,558.618,-526.12,7,43,52
3416.2,705.38,415.52,3,31,53
15068.5,107553.0,-7120.0,44,302,4252
7828.48,13289.7,-3172.8,2,125,694
3368.48,672.582,225.24,6,31,53
11265.2,30905.5,-2831.76,120,166,1111
12328.0,73601.2,-1664.85,29,249,3630
3686.07,756.108,14.139,6,31,53
3690.04,465.922,-799.04,3,36,35
6733.26,6458.0,-3734.0,10,119,428
4869.7,2942.14,-723.33,35,65,202
10612.5,36323.0,-6617.0,131,227,1757
8401.93,14629.8,-1583.2,109,140,845
4317.56,6307.51,245.72,10,67,481
4411.32,1148.54,-743.76,15,64,116
4527.23,984.907,-1346.0,15,66,101
11264.2,55462.4,2924.63,176,209,2967
9191.65,28669.5,-1911.1,136,179,1626
4706.14,6336.31,97.277,12,67,481
8057.92,12825.3,-1823.22,15,132,806
4625.49,2305.72,-991.96,5,61,184
18407.1,223995.0,-9082.0,263,435,8093
11181.7,57726.7,223141000.0,129,217,2904
4124.83,2812.96,-969.82,28,65,202
9248.34,38070.2,-2872.55,38,180,2054
12033.3,88080.0,-3687.0,64,260,3800
5889.3,12739.1,-1222.5,19,103,883
11511.7,64862.0,-5411.0,200,249,2983
6120.64,4152.67,-1268.79,7,88,318
6106.3,4325.0,-1117.0,16,106,318
21864.6,352658.0,-2352.2,279,440,10967
4063.77,2536.91,-1149.4,12,65,202
10106.2,36550.1,19877300.0,37,196,1997
5878.89,7207.28,-1094.33,80,93,545
12921.2,95238.0,-5962.08,192,273,4429
11072.7,52484.8,3312450.0,51,215,2394
14925.8,88183.5,3174.6,89,289,3710
5676.66,3704.57,-836.934,62,85,269
5566.04,2489.44,1011.6,8,81,169
4502.54,2182.69,-1423.1,11,71,188
7173.37,11013.5,-815.47,89,114,689
4556.33,1182.93,121.11,11,59,101
6753.84,11522.0,-946.933,155,111,651
7935.44,4487.0,-4533.0,36,180,272
24266.1,250173.0,-832.341,287,537,8350
8049.0,15594.0,-4192.0,28,140,771
11344.0,68906.4,-2571.89,46,247,3373
8066.17,12304.0,-3258.0,57,142,659
7962.56,14556.8,115.34,33,127,802
5983.92,6989.93,-3496.6,22,92,485
3459.46,563.834,-630.42,14,43,52
8839.93,27826.6,225.927,28,156,1364
15431.5,191582.0,125384.0,42,286,7322
15709.9,157144.0,3204.2,101,310,6737
12973.6,41007.3,-1005.71,115,234,1581
6068.17,4163.99,-1420.35,81,88,318
5179.41,3670.68,-665.67,21,82,289
4025.03,377.356,1356.4,11,54,28
12318.4,49601.2,-3595.95,221,262,2394
19359.9,347150.0,-5095.99,246,440,10967
13497.0,104812.0,-7817.0,238,305,4343
10409.5,28705.8,-3568.51,89,214,1469
6579.4,2189.45,391.31,8,76,165
6044.48,11313.9,-1358.52,25,102,764
3866.21,563.833,-693.64,4,43,52
9232.96,17540.0,-705.334,197,133,890
10685.2,45638.5,-1198.53,129,197,2257
15420.4,80553.6,-138.058,68,320,3466
13021.2,41398.1,-2517.39,120,234,1581
8447.59,4948.86,-1417.47,22,131,271
12657.2,104063.0,-6402.0,41,313,4721
8042.45,12902.0,-1899.01,15,132,806
4435.74,991.19,-850.08,20,66,101
5103.33,2849.35,-665.354,99,67,224
16699.9,184386.0,-12726.0,59,405,7096
4702.45,6277.35,92.161,16,68,481
14365.2,95349.5,-1044.62,73,294,4249
11511.5,49361.7,-4254.24,147,215,2188
8104.06,13945.9,-2937.49,34,170,771
23255.4,279106.0,-13915.0,284,521,9407
7633.5,11188.0,-2818.0,21,127,657
13583.5,55424.3,-2496.7,62,220,2461
5945.93,6888.56,-3216.2,25,92,485
11943.4,49557.9,-1300.56,221,262,2394
4049.18,2109.02,-2048.4,5,63,184
11159.2,41613.0,5294.44,143,227,2059
7789.75,20569.0,-2282.6,24,143,1203
8968.1,11476.9,98.4299,132,156,654
5997.49,1171.31,-996.78,7,57,76
12043.7,37899.4,4416.13,27,235,1818
14076.8,80523.0,-9205.0,99,387,3224
4723.0,2849.85,-124.86,31,65,202
4212.58,2207.02,-769.89,17,63,184
9147.13,11445.9,-1242.35,38,156,654
3465.31,696.602,-312.11,5,31,53
22651.8,339892.0,-12353.0,85,575,10547
4715.46,1878.66,-402.73,5,66,164
27653.6,540607.0,-9850.0,140,588,16047
9177.33,18157.8,-1350.8,193,133,890
12080.3,33748.7,1019.5,49,210,1213
5632.02,1054.05,-958.1,6,57,76
13758.2,250870.0,-9178.0,40,346,9949
7600.67,15705.7,96125.9,100,134,970
8739.84,25469.5,-721.728,43,156,1364
11185.2,36759.0,-3171.0,24,211,1814
12187.4,68409.1,-559.087,189,247,3373
6782.39,10343.2,-1418.44,23,109,689
11237.3,47749.2,-2471.57,67,190,2118
20798.0,410557.0,12166.2,56,473,14125
22238.9,411642.0,1757.89,58,473,14125
7148.76,9874.06,1072.1,23,115,547
5683.09,4927.78,15129.0,9,79,342
10623.5,37823.0,-5881.0,16,190,1870
12354.7,33656.3,-5529.13,237,241,1470
12277.7,71299.5,11272.5,155,262,3211
15803.1,80161.7,741.621,248,336,3302
9875.62,36657.4,1373.31,27,196,1997
9078.74,18210.0,-2787.0,35,157,932
6280.48,6857.2,60415.5,77,118,426
12629.7,54753.3,-4024.19,150,218,2391
8413.92,8778.0,-2836.0,11,108,317
11452.7,43564.0,-5316.0,116,232,1874
12678.2,46045.9,40035.3,172,273,2061
4130.89,2429.24,-1857.8,15,63,184
7659.71,12586.9,-1439.6,36,130,694
4118.57,2473.21,-1560.4,12,65,202
5476.21,2774.29,616.908,92,67,224
13296.0,142796.0,-5881.61,303,308,6057
7568.9,9043.01,132.16,14,130,515
5726.35,4307.35,-1315.8,17,90,317
7514.06,21512.0,-1858.0,48,129,1108
9836.53,31619.0,-5651.0,47,201,1641
13700.4,137724.0,-7440.0,135,286,5740
10697.0,38485.8,-3882.54,34,196,1997
7368.24,5467.0,-2075.0,8,104,343
8853.66,9396.09,961.136,234,154,557
5461.97,3556.34,-645.162,135,51,132
6167.79,7997.67,-3508.2,4,106,549
4563.45,6509.58,-466.01,24,68,481
6747.89,8166.0,-1481.0,41,127,550
6882.29,18070.0,-3665.0,23,124,1113
13491.2,40874.8,-1702.95,114,234,1581
4573.99,2212.51,-1452.7,14,71,188
5647.06,4180.48,-650.42,86,88,318
7666.97,8800.0,-4650.0,10,136,552
6198.58,22238.2,7408220.0,74,128,1255
7903.34,21539.0,-2367.0,14,133,1298
16177.9,134898.0,-9589.0,72,416,5126
5035.48,1610.81,-889.31,5,70,131
14728.9,66310.8,-177.199,109,224,2192
17970.8,212784.0,-10014.0,78,442,8093
9827.71,32445.3,2133.5,37,176,1922
8486.81,22526.0,-4336.0,111,151,1307
3484.68,681.72,164.52,5,31,53
10429.9,37678.6,-3639.82,28,235,1818
10999.7,34897.6,-3215.9,96,176,1922
3797.01,584.883,-554.13,5,43,52
12161.7,68818.4,1655.6,158,262,3211
9558.97,11208.0,-2779.0,18,155,552
12049.8,55163.4,-2341.7,46,220,2461
3761.93,2169.02,-971.22,13,63,184
5131.65,3668.83,26134.9,65,85,269
20125.1,188458.0,-9177.24,235,403,6746
7144.01,12570.9,-783.948,144,123,726
3447.71,1948.55,-328.65,5,43,161
4486.22,991.854,-1279.1,16,66,101
4079.76,2447.25,-1048.6,25,63,184
9033.96,15942.3,-1828.62,48,160,976
6176.34,4082.08,-312.69,16,100,294
5865.42,4132.52,5177.79,88,88,318
9910.77,35132.1,-3709.45,110,176,1922
9547.83,40014.6,-2248.27,108,207,1995
15265.8,100146.0,-3426.4,38,281,3974
22928.4,234771.0,-13420.0,209,457,8086
10206.2,28652.2,1041.59,79,194,1521
3488.76,456.625,-670.48,3,36,35
16803.5,199676.0,-8174.67,168,390,7459
22486.4,515302.0,-2270.73,364,540,18067
7503.62,13644.0,-2684.0,25,148,769
20638.5,150343.0,-8497.0,93,400,5432
11334.3,45888.6,5843.39,152,197,2257
4549.41,6697.2,-173.97,15,68,481
4304.63,2308.3,-807.62,19,63,184
13867.9,173307.0,-6335.0,66,348,6737
5166.63,3684.55,-560.11,19,82,289
4435.08,6729.18,-67.469,30,68,481
16081.4,212690.0,-85.0912,42,336,8195
13564.4,235174.0,-5339.0,61,297,9791
14346.5,59430.5,5003.65,142,305,2610
8655.47,13782.6,-648.125,118,148,729
23499.7,517435.0,-7052.53,113,540,18067
13696.8,59988.2,-3624.44,133,215,2188
10263.8,14970.6,-721.546,45,143,771
3583.39,574.722,-427.37,15,43,52
11487.0,42681.2,-1648.04,95,166,1414
6963.2,5370.0,-906.263,47,79,292
6279.65,4798.77,-1976.1,15,107,319
5250.45,3685.89,-610.61,19,82,289
7490.33,18100.0,-3869.0,21,144,1068
9874.44,18444.0,-2098.0,13,146,698
6795.73,6341.24,13611.1,27,95,427
5041.27,1616.65,-720.187,184,76,147
21528.5,317360.0,-16561.0,81,509,10544
17223.8,164328.0,-1231.03,222,352,6744
16745.6,158600.0,-6828.12,187,359,6068
12183.3,73649.5,-2485.21,30,249,3630
6042.42,3697.34,50729.8,27,85,269
9033.01,16259.0,66446000.0,30,172,973
6442.8,5165.13,1004980.0,11,99,321
9876.94,24537.7,-255.048,51,177,1313
4029.29,761.914,-2210.9,13,54,64
3378.67,613.222,-62.341,17,51,45
11481.0,68947.8,-2125.0,199,247,3373
4840.46,6230.28,2.6524,17,68,481
5310.52,4471.71,-1650.71,26,88,292
4308.79,6337.81,826.31,15,67,481
14245.0,98936.3,418653.0,198,281,4061
7970.76,12972.2,-2306.51,14,132,806
16496.6,178252.0,1162.88,266,367,7087
15245.4,99961.9,-2352.04,40,281,3974
6223.28,3372.57,2001.9,26,101,206
18002.5,186672.0,-7909.0,241,354,6511
5858.77,2872.96,1362.03,53,75,166
16867.2,92372.2,4886.35,205,296,3464
6225.98,1122.7,-2095.1,7,57,76
12297.6,72937.2,-6072.3,158,262,3211
11620.8,33081.7,527.12,73,210,1213
3751.79,567.511,-544.27,9,43,52
8859.83,10627.4,-1539.6,143,139,587
10594.9,37841.6,-3158.83,38,235,1818
6334.62,7711.82,-1836.2,19,102,517
15531.9,152990.0,-6721.0,184,323,6290
4990.8,3334.15,-2386.8,22,70,205
12963.9,94943.0,-5778.0,126,284,3803
4333.35,455.363,611.29,26,65,35
6130.44,15223.2,-2033.5,17,125,1014
24214.4,489428.0,-12775.0,350,587,14495
6183.95,7336.92,10289.4,176,93,545
6120.99,5258.14,-1702.8,21,88,370
6127.08,5119.81,-706.374,68,86,367
17068.6,69791.0,-2436.0,33,283,2466
3817.13,2547.08,-924.76,23,63,184
7613.87,9257.75,2423.1,40,144,553
15138.4,102912.0,-10427.8,333,412,4346
7138.47,10286.0,-1392.0,22,109,654
4213.56,1947.5,-852.912,74,63,166
8769.28,20648.2,232953000.0,65,163,1162
6474.56,4148.65,-529.3,74,88,270
9418.94,17629.7,-593.842,195,133,890
4480.21,2088.91,506.52,10,75,165
18260.6,123302.0,-7919.0,56,360,4528
15885.8,163367.0,-6995.0,155,399,6299
10447.0,32133.1,989484.0,115,176,1922
9270.48,20529.0,-1344.6,95,145,1156
19524.0,439868.0,-10569.0,36,462,12061
14924.3,362992.0,-8159.0,58,371,12323
5707.64,7580.5,-861.79,13,99,583
7243.31,17037.0,-2403.9,18,125,1014
4473.24,2702.91,-1283.1,15,65,202
13736.6,136865.0,-2630.2,210,279,5626
10501.9,37477.7,-1641.78,29,205,1751
4556.31,2134.2,1101.7,23,75,165
8888.37,27174.2,-2405.39,42,156,1364
5429.1,4877.94,174250.0,5,79,342
11571.2,80819.9,15534.5,113,252,3882
13085.5,52240.3,740.309,60,288,2334
9241.61,13849.8,-1523.76,24,148,729
9177.8,32665.0,-3343.0,48,179,1693
7956.39,9451.19,-2179.82,183,135,587
7000.07,13376.8,19593.9,30,96,804
4674.75,2893.39,19990.2,28,70,225
8877.61,6679.0,-3192.0,22,123,398
17940.9,135164.0,-11251.0,251,388,4827
5521.95,3687.22,-880.568,64,85,269
8727.69,24510.4,327166.0,129,154,1252
3986.98,2209.75,-1113.06,51,54,165
8771.01,22032.0,286.275,85,139,1108
11669.2,30398.9,-3256.24,65,194,1521
4479.35,509.623,422.95,23,65,35
5129.83,3056.03,-2386.2,4,65,202
21865.4,294118.0,-13525.0,69,507,9960
16337.8,176977.0,854243.0,256,367,7087
21546.5,276045.0,541.563,285,420,9137
13435.9,58786.6,-1431.46,177,223,2822
13740.7,59644.8,-1892.97,22,247,2754
5970.05,5242.97,-1988.1,22,88,370
9427.07,39027.3,26203.8,69,196,1885
3837.17,1190.56,-1231.3,10,55,88
6199.45,13208.9,-495.64,12,103,883
10760.4,39499.0,-5090.0,195,253,2061
7245.58,7688.71,775.07,40,109,432
13504.2,155549.0,-6647.0,249,302,5946
10340.9,43643.5,-2120.61,129,197,2257
13915.1,142748.0,14167.4,188,308,6057
9364.39,20335.1,-2542.96,125,151,1023
6873.57,10206.0,-3216.0,16,104,651
21356.2,288174.0,-2578.04,230,468,9276
5561.99,3625.0,-1625.0,8,95,268
9595.79,12571.3,1198.1,30,152,693
10773.3,24336.0,-4345.0,25,235,1071
11884.1,41880.0,-5381.0,194,246,2062
9816.75,25982.2,-1532.46,126,154,1252
10782.9,55889.9,2537.77,172,209,2967
11811.3,78657.7,-5239.01,64,252,3882
5369.64,3702.98,-1047.7,8,89,249
4510.26,1774.2,-707.74,7,66,164
6123.09,6272.57,-2311.7,16,108,424
5408.41,1708.0,-3040.0,21,96,134
9474.96,21415.6,-1393.35,31,163,1162
3391.12,682.752,237.23,3,31,53
11051.4,68905.0,-3447.24,198,247,3373
3815.02,539.31,-214.46,14,43,52
9500.17,11760.1,-2316.66,229,139,587
5023.84,2991.56,-571.782,152,71,249
4082.56,2175.7,1235.54,183,54,165
19476.6,160620.0,43092300.0,124,352,6744
6929.55,6514.0,-2869.0,19,112,424
10245.1,35077.7,48931.9,199,208,1691
3784.23,454.161,-1066.6,3,36,35
5977.04,1133.99,-1642.2,10,57,76
11167.4,31914.0,-5152.0,101,229,1639
3732.96,472.375,-685.63,3,36,35
14947.3,42282.6,854149.0,66,278,1938
23923.4,350115.0,-11557.0,70,508,11734
10675.1,17921.0,-1311.1,144,140,850
4300.63,2424.54,-874.77,23,63,184
17851.5,163036.0,1124.19,217,352,6744
4625.15,2706.52,-993.54,14,65,202
4068.26,2360.98,-1298.6,38,63,184
7016.19,21339.0,-4025.0,11,137,1405
12916.0,46893.8,1368.5,166,273,2061
9449.21,27381.0,-4797.0,32,206,1470
4890.49,2764.08,-485.852,97,67,224
13128.9,63104.2,5751.7,44,279,2979
5301.69,3000.12,-1062.9,7,65,202
3681.57,592.282,-588.02,14,43,52
8660.5,24725.0,-92.3749,34,157,1519
11608.7,57005.0,-6770.0,50,251,2677
9284.58,27151.4,-1228.66,169,158,1403
11024.0,37618.6,-852.202,32,235,1818
18457.8,285268.0,-9389.0,59,446,10107
22806.9,278255.0,-391.512,314,468,9276
7099.97,5270.31,-1035.48,193,107,346
5092.87,1755.06,-916.676,178,76,147
11506.2,68873.6,-2491.84,191,247,3373
13920.2,123316.0,-6761.0,28,324,5637
5422.94,2794.18,-867.38,13,65,202
4492.8,2161.91,-1490.3,12,71,188
5821.73,7684.12,-1840.03,103,104,457
9145.34,13687.6,-820.214,120,148,729
12453.7,54359.9,-1665.2,46,220,2461
6253.49,3411.27,792.26,17,101,206
4235.47,2708.94,-1052.1,23,65,202
4262.84,409.0,-952.0,9,55,36
3556.77,732.423,283.35,7,31,53
5155.93,576.352,-210.39,22,65,35
4517.66,2352.41,-531.34,26,63,184
13348.9,93455.1,621.742,148,273,4429
8797.36,13861.7,-2357.39,280,170,771
13070.1,41062.6,118524.0,53,278,1938
5867.01,7138.97,3609.22,73,93,545
10733.8,40627.0,-5324.0,172,229,1877
6143.37,2251.28,-154.71,12,76,165
3531.24,661.168,169.1,4,31,53
4073.49,2334.85,-1113.7,4,63,184
6101.91,5280.31,-1167.0,8,105,371
8485.01,18218.1,-5023.2,15,146,891
3862.23,6144.27,-263.08,33,68,481
12192.5,60321.9,75157.0,200,223,2822
10037.1,39412.1,-923.615,130,207,1995
4144.14,1682.26,-581.08,4,61,134
6117.92,5161.39,-944.51,9,105,371
4728.49,0.0,-1630.8,26,79,317
5293.18,4415.63,-938.87,15,85,346
4326.69,1688.22,-800.42,10,61,134
8453.3,10529.4,-2741.22,134,139,587
7823.36,21418.4,-2686.34,82,139,1108
21171.0,284271.0,-10838.0,48,415,8852
4513.59,2070.15,344.4,14,75,165
6978.69,5561.84,-903.37,15,99,321
3487.78,708.689,-291.86,6,31,53
4787.03,2882.09,-1437.04,117,77,244
6593.73,3690.54,504.24,24,101,206
6145.74,4186.63,10360800.0,46,88,318
9737.19,9761.0,-2979.0,21,147,585
12299.8,90598.5,-2511.06,225,254,3885
6979.59,12515.1,-1203.34,19,123,726
8409.61,14595.3,-1128.17,107,140,845
13830.9,95342.1,-7117.59,198,305,3893
3655.01,464.68,-854.33,2,36,35
13245.1,61041.8,-4929.56,38,247,2754
6757.44,9791.0,-3311.0,15,102,616
9241.48,20451.1,524.136,109,163,1162
4819.61,1154.0,-961.0,15,62,88
19186.0,232077.0,-14607.0,58,487,8744
4321.67,6103.14,-547.11,8,68,481
4853.3,2467.98,-772.63,19,63,184
6486.17,8163.01,-2562.3,9,106,549
15304.1,89525.6,-6021.02,101,301,3369
4222.73,2770.87,-9.9776,26,65,202
13005.8,92613.1,7643.84,202,273,4429
6939.47,7494.68,24.485,24,109,432
15263.2,155995.0,3009.0,98,310,6737
9383.64,12366.2,-1862.81,210,117,519
15563.5,101245.0,-7593.0,60,309,4155
8681.41,13612.3,603.031,101,148,729
10206.3,28060.0,75.9132,53,194,1521
7952.82,32886.1,-1054.41,95,148,1919
11181.4,38920.0,-1449.07,91,166,1414
10508.4,34578.0,-4823.0,166,197,1697
3701.94,415.491,1099.5,15,54,28
7905.87,25684.6,-3121.73,92,166,1414
6401.96,5127.19,-1086.85,14,96,347
7736.85,14756.9,-678.332,89,131,971
3948.07,1202.46,-958.45,9,55,88
4898.08,1396.64,423.82,30,64,116
13039.6,52144.4,-2431.27,234,288,2334
8130.79,9448.32,-2845.66,17,135,587
14974.3,59476.1,-417.373,73,305,2610
26877.9,653887.0,-15487.0,125,647,18675
4900.11,2283.42,-1652.0,18,71,188
3480.25,542.905,-336.01,14,43,52
14959.7,216249.0,-4121.48,295,336,8195
14528.0,90071.5,113.729,283,254,3973
6818.39,7842.76,-2788.4,11,117,427
9775.04,30266.0,-2346.36,33,171,1747
8769.33,17734.6,-508.586,195,133,890
4746.65,3853.21,-1647.88,23,79,317
14465.7,99689.8,1845.32,182,281,4061
7433.07,13070.0,-2630.0,18,134,845
8087.69,9453.23,-20.9464,20,135,587
5033.93,4273.08,-837.011,22,79,317
4822.18,2835.77,-1160.02,120,77,244
6271.54,8243.96,-3640.9,10,106,549
13323.4,86399.8,3797.8,58,291,3799
22433.0,411613.0,-1002.65,60,473,14125
10700.5,56569.5,-5431.31,201,237,2672
9328.34,17320.3,-3470.18,37,183,931
8191.5,15521.5,-3269.5,30,141,932
11121.4,38680.7,-200.14,161,205,1751
5431.98,1014.41,-1100.4,6,57,76
4692.02,1078.32,-861.43,20,66,101
5033.63,4050.38,-1227.9,11,85,346
5377.17,2533.41,569.16,5,81,169
11984.9,28918.6,-247.93,46,178,1410
15288.4,40080.0,-2420.0,69,184,1070
13480.1,52301.4,-510.021,53,288,2334
6886.27,12570.1,-1839.18,47,105,765
10469.6,29615.0,-3379.0,45,185,1690
4626.92,558.93,192.47,22,65,35
6124.72,15174.0,-1857.1,17,125,1014
3928.7,2074.12,-1501.1,3,63,184
4301.74,2125.21,-1198.9,11,71,188
9715.91,38953.1,6510.46,76,196,1885
7365.4,15438.8,-870.222,104,134,970
15217.4,135730.0,2087.06,216,279,5626
20273.0,348127.0,-15021.0,74,473,11118
3629.27,710.187,-10.209,5,31,53
4132.12,2277.96,-849.737,177,54,165
5543.14,1078.75,-1357.5,10,57,76
6774.22,12487.9,-1493.25,140,123,726
10739.9,26917.0,-1849.45,46,214,1469
3738.84,558.657,-560.94,5,43,52
5686.35,7591.64,-605.034,12,104,457
4064.03,2401.0,-484.94,23,63,184
4318.94,2119.34,-1213.0,11,71,188
8814.94,17172.9,-2594.9,22,142,844
6129.35,2752.18,613.92,8,81,169
7990.27,9585.32,-1940.84,20,123,621
3831.13,2509.95,-626.83,26,63,184
14656.2,116835.0,-10580.0,249,369,5013
11839.6,56752.7,-3619.04,162,209,2967
10423.5,17739.9,-2488.13,28,172,973
13644.9,103937.0,-9315.0,59,283,4238
10837.8,41487.8,-4185.26,162,227,2059
13146.4,61470.7,15317.0,311,233,2897
10100.4,31018.3,-418.296,47,171,1747
6694.83,14173.0,14903.7,94,120,809
8414.01,8012.0,-2649.0,34,133,487
9917.6,29836.0,-1342.18,47,171,1747
5013.99,4027.45,-1453.1,10,85,346
10784.9,15275.0,-3002.0,34,188,732
7681.59,7974.0,-2144.0,23,137,488
15058.2,104110.0,-535.091,187,281,4061
14911.3,89653.0,-1892.66,208,254,3973
8504.11,25151.4,430.242,120,157,1519
4584.57,6304.71,152.38,14,67,481
8459.4,12122.5,-1648.29,64,128,693
4555.95,587.265,77.578,23,65,35
4734.33,2778.0,-519.99,21,65,202
9714.49,17285.6,183142.0,35,183,931
9884.83,34373.8,-2688.81,193,208,1691
5894.09,2626.15,490.86,14,81,169
14352.5,118105.0,-5340.0,41,280,4430
5589.3,7832.22,-559.4,20,99,583
4449.95,2256.08,-1513.2,12,71,188
4795.06,1990.26,-391.52,3,75,165
4717.17,2247.39,-1756.9,10,71,188
15333.5,104447.0,-10892.0,75,404,4442
7282.37,4061.9,-1158.84,9,101,249
6037.58,1071.55,-1318.5,7,57,76
9683.21,26344.5,53417.5,102,174,1415
6966.87,8664.0,-1366.0,11,135,553
15674.9,166790.0,-7341.63,231,352,6744
16471.2,161277.0,-7512.5,207,352,6744
6725.42,14026.0,5817.21,89,120,809
11043.1,68742.7,-2491.98,194,247,3373
8812.8,16786.7,-493.316,26,142,844
11441.8,28331.0,-6127.0,56,167,1309
9108.62,16500.0,-1579.6,111,160,976
11499.8,38593.3,-103.923,37,235,1818
8560.81,14544.0,-1168.18,100,140,845
14578.9,170244.0,-6900.0,136,330,6855
5437.23,4361.84,-962.684,17,88,292
3515.12,681.497,110.68,4,31,53
4627.93,1589.0,-852.0,14,67,88
7404.95,10491.0,-2692.0,19,125,485
4552.49,1079.71,-803.45,9,62,100
12038.1,32943.7,2536.3,51,210,1213
19375.8,218816.0,-6709.0,76,383,5962
13952.9,136551.0,-3551.38,213,279,5626
8295.75,18917.0,-1621.2,17,128,1065
3692.39,1200.27,-596.41,9,55,88
6860.52,7868.71,-2388.0,11,117,427
7778.0,13914.9,-436.57,12,127,802
5447.33,5206.34,-1521.91,18,85,343
9625.25,30453.7,326718.0,38,171,1747
7484.24,11864.0,-3752.0,85,132,730
11599.1,32005.6,5693.38,144,203,1580
9831.06,28886.0,-5211.0,31,181,1417
10110.5,33879.4,-3478.05,116,166,1414
15170.1,95671.1,69151.2,191,283,4064
9535.55,10266.3,-1801.96,102,154,587
6293.3,4047.29,-232.06,13,100,294
14773.4,64325.5,-1531.96,176,233,2897
13972.5,86923.4,-1873.79,204,254,3973
4015.78,2172.39,-390.72,11,63,184
8440.55,21475.0,-2744.0,57,155,1157
4903.74,1642.52,-1121.9,6,70,131
3269.78,636.267,62.688,3,31,53
6437.46,3979.31,5574680.0,43,101,270
5268.53,3656.92,-874.211,118,85,269
6015.26,8110.3,-3588.9,11,106,549
5595.9,2910.99,-944.54,6,65,202
5898.39,7760.84,139565.0,14,104,457
5143.55,4548.68,-1540.52,65,88,317
3334.17,666.31,202.28,5,31,53
10598.5,52849.6,5267.4,128,220,2461
7234.65,8934.88,-2815.7,9,106,549
13194.3,63601.4,3468.9,61,279,2979
16024.2,165830.0,-996.689,52,320,6391
6542.3,6426.56,-901.18,27,99,372
17365.7,158994.0,263790000.0,208,352,6744
6267.3,5004.65,83957.7,91,96,347
10865.0,40507.0,-6896.0,56,216,1994
4022.25,1623.51,-762.15,8,61,134
4242.44,2429.62,-1049.4,28,63,184
12634.9,96773.0,-6422.0,139,287,4148
12066.9,80464.3,-5962.69,63,272,3539
3753.27,533.934,-647.99,5,43,52
16602.2,215700.0,-9566.0,48,378,7708
3857.5,1191.1,-374.73,10,55,88
4146.54,6047.11,81.164,34,68,481
8363.78,20535.7,209.49,36,143,1203
16092.3,215880.0,-429.882,266,336,8195
3663.18,580.945,-453.01,15,43,52
8045.51,13827.0,-2385.44,277,170,771
6663.76,5726.42,-1082.0,15,105,371
5313.37,4296.47,3676.23,20,79,317
9010.48,12166.2,-814.657,125,136,619
4493.33,2203.8,-2118.3,11,71,188
7197.27,13917.6,7789.09,103,120,809
5387.6,4495.77,-1015.2,13,85,346
11913.0,60380.0,2953140.0,23,214,2600
5968.51,5150.34,-1281.12,16,85,343
8162.59,15010.1,-565.45,26,127,802
12259.7,73386.2,-2002.64,27,249,3630
13960.2,140391.0,-1884.66,323,308,6057
7984.59,20620.6,1299.9,36,143,1203
11429.4,68774.8,-2307.56,43,247,3373
16725.1,197745.0,-10893.0,318,388,7460
5011.1,3146.11,-2658.1,4,65,202
10828.2,23468.2,1260400.0,40,176,1313
4187.38,2445.39,-821.25,27,63,184
4162.6,1651.77,-506.93,8,61,134
9785.59,26900.9,-3534.89,150,174,1415
9644.53,12608.1,440.43,32,152,693
16431.1,98686.0,-6111.0,34,306,3631
13644.0,151365.0,-7378.0,47,322,6740
20633.4,151412.0,471570.0,292,449,5537
9137.84,28767.4,70899.8,131,179,1626
13664.7,90982.8,-2590.14,221,254,3973
3335.82,675.32,66.035,2,31,53
3424.71,695.531,-314.05,3,31,53
25330.6,500726.0,-13881.0,134,636,15869
7386.97,12531.3,1885.15,141,123,726
9867.62,22410.0,-5116.0,46,206,1165
15602.7,157410.0,1895.3,97,310,6737
4430.26,1107.2,-771.31,2,55,88
3699.31,483.241,-941.46,2,36,35
9605.61,25791.3,-1073.77,29,174,1415
4269.1,1694.76,-319.65,4,61,134
3431.8,636.65,121.73,5,31,53
13798.9,134639.0,-2335.8,211,279,5626
8542.28,9390.89,80528.9,12,135,587
4988.69,3040.26,-2278.5,4,65,202
8500.49,28167.8,-1836.8,35,156,1364
6056.49,7861.0,-2359.0,20,102,517
5910.88,1487.45,-1041.26,38,71,103
12579.6,64220.4,-31.1326,198,214,2600
8006.86,9511.97,-1055.66,89,138,554
11874.4,36865.1,-1422.2,10,225,1755
3617.96,540.076,-843.03,5,43,52
8531.4,16071.4,148908.0,39,160,976
13016.8,63173.1,4842.1,44,279,2979
15413.7,216620.0,-4444.45,269,336,8195
7462.42,14022.0,11926.9,94,120,809
6687.47,8010.1,-2750.1,6,106,549
11338.3,51429.5,133556.0,54,209,2534
7033.68,8643.15,1776.95,137,95,543
12406.2,71106.5,112841.0,187,262,3211
4706.96,562.303,21.98,22,65,35
8057.33,7107.74,-737.163,28,118,426
5889.05,4198.66,-515.411,9,88,318
12756.9,39217.0,-3799.0,50,201,1258
6245.71,3329.68,2620.4,21,101,206
6623.89,12079.4,-290.139,216,105,765
11868.2,52335.9,-687.123,162,218,2391
11981.8,29575.9,955.39,52,178,1410
8594.47,24902.6,-1176.35,28,157,1519
13645.0,159264.0,-6203.93,55,293,5949
14366.0,73384.0,-7821.0,28,238,2748
7160.39,10198.0,-3190.0,23,145,589
8414.18,15518.1,-2701.4,30,141,932
5188.53,4570.04,752860.0,16,79,342
18152.1,205001.0,-6708.0,61,408,8084
9436.0,20955.7,6570.79,94,143,1017
3609.36,510.694,-510.23,7,43,52
7754.31,6868.0,-2778.0,21,139,429
9848.96,23507.0,-2212.27,37,176,1313
4606.16,2201.27,-1815.5,12,71,188
5407.56,1006.55,-1865.8,9,57,76
13118.2,70528.0,-1920.18,187,262,3211
17479.7,130316.0,-6787.0,33,296,4067
9870.27,40408.8,-897.519,105,207,1995
3720.03,554.673,-474.43,5,43,52
8323.77,9520.05,192931.0,203,130,490
8016.87,4542.86,-1453.36,110,131,271
5723.72,3742.56,-922.591,44,85,269
12442.4,29458.2,-3862.83,51,214,1469
15100.9,85875.3,-812.68,101,301,3369
11004.5,32653.5,-475.229,131,204,1692
5249.24,1743.95,-974.45,5,70,131
5884.47,8077.37,-1212.5,21,99,583
9936.13,25925.6,-816.986,26,174,1415
3431.77,694.365,93.8,6,31,53
9906.96,10780.6,-2064.4,97,154,587
15718.1,158484.0,1457.8,108,310,6737
3573.5,571.906,-391.44,14,43,52
12543.1,54065.0,-5042.0,33,235,2398
24679.4,238998.0,-9530.0,39,364,4346
13748.0,86665.9,-3688.79,45,291,3799
14810.9,86376.4,-506.957,72,291,3799
7192.89,12446.7,-927.639,141,123,726
6458.98,1905.51,-1116.95,11,84,136
15955.7,157258.0,2649.5,97,310,6737
4555.91,2893.4,53.866,38,65,202
3626.5,580.852,-418.73,14,43,52
5931.56,5202.73,-727.847,69,86,367
15619.5,158350.0,3803.2,104,310,6737
3757.75,543.558,-481.44,5,43,52
8471.46,26052.9,-2777.1,42,156,1364
8462.29,21320.4,631.4,37,143,1203
14838.1,53790.0,-7487.0,56,300,2200
6530.69,4519.0,-2877.0,18,89,337
8203.86,20716.1,1277.6,54,143,1203
4267.53,1702.64,-600.46,5,61,134
11403.1,47545.7,-3788.93,94,190,2118
17449.4,137399.0,-8084.12,319,449,5537
7130.78,12426.9,-1707.12,144,123,726
9925.16,26364.4,-1284.49,149,174,1415
5707.61,4733.96,-730.93,21,85,343
8903.52,13434.7,317729.0,116,148,729
17874.9,219986.0,-2017.38,259,336,8195
6553.62,10938.4,-732.894,156,111,651
3362.24,719.823,26.021,6,31,53
3720.88,1332.64,-958.917,82,51,102
4825.32,1636.46,-1440.9,6,70,131
8016.42,9406.56,-1881.06,183,135,587
4731.67,6438.4,-145.14,18,67,481
9958.91,34527.8,-3728.88,93,176,1922
15418.0,102615.0,1371210.0,48,283,3965
9154.9,30429.8,-3399.7,216,171,1747
4557.59,6336.97,-565.16,14,68,481
9757.52,36201.5,-1720.64,38,196,1997
4081.4,1631.94,-724.5,8,61,134
8522.43,29459.0,-2153.0,50,161,1683
4354.95,1991.7,-1017.43,72,63,166
8508.65,15811.0,-4015.0,59,155,850
21580.7,284392.0,-14653.0,51,513,9696
11121.9,115764.0,-6009.0,47,246,5727
17831.4,185697.0,-9459.0,60,404,7704
4733.64,1666.81,-341.82,118,52,133
8127.89,20796.0,803.57,48,143,1203
8947.93,13460.2,190406.0,98,148,729
3941.64,762.89,-1864.0,13,54,64
13954.0,133262.0,-7038.0,26,295,5632
13500.6,42658.8,-2102.19,125,234,1581
8389.48,15556.7,-2973.3,31,141,932
7836.96,14053.2,-3007.08,104,140,845
7882.09,11360.2,-1791.52,117,156,654
8224.3,20729.0,695.52,36,143,1203
4547.33,1123.71,-1213.3,22,66,101
20692.8,154471.0,-9892.77,341,449,5537
3354.2,714.35,491.91,5,31,53
5652.44,4684.53,-1052.83,98,96,347
3349.69,701.98,252.13,5,31,53
11584.7,69069.1,-2642.93,189,247,3373
8537.63,12208.9,-1499.37,61,128,693
6358.02,3317.67,1225.0,30,101,206
3872.95,2206.69,-452.976,5,43,161
4797.48,3072.53,-863.944,158,71,249
5407.75,1117.44,-1391.9,3,57,76
7200.15,12525.7,-1491.4,143,123,726
16798.4,171803.0,-1925.89,159,376,6746
18190.6,221205.0,-6591.0,81,421,8470
12276.4,59742.0,-5101.0,56,249,2826
3591.52,488.024,-841.83,4,36,35
7923.57,33741.7,-2796.97,19,148,1919
3784.96,703.337,-562.09,15,58,43
11567.8,31702.5,42130200.0,168,203,1580
7178.79,8076.62,-2923.0,11,117,427
14400.9,93700.9,579.642,231,294,4249
6102.1,4176.48,-1426.57,82,88,318
9561.16,39051.0,-4111.0,29,173,1866
3876.42,768.158,-2463.9,9,54,64
3618.13,480.934,-787.82,3,36,35
12448.3,36767.7,-2369.43,10,225,1755
14504.1,82157.9,-5508.18,64,272,3539
9824.95,36838.6,-3853.3,36,196,1997
26806.6,672224.0,-18932.0,124,719,19835
4236.18,6246.71,-117.6,23,68,481
3288.58,485.812,13583.0,3,36,35
5973.82,5172.94,-670.07,7,105,371
21119.9,410472.0,53263.9,56,473,14125
13170.5,41887.2,-158.296,127,278,1938
4340.4,2438.18,-1145.2,26,63,184
5698.25,2435.98,518.77,18,75,165
9851.58,23076.2,-1413.37,40,176,1313
4412.14,2788.67,-776.077,49,54,204
10091.2,42301.8,4868.01,230,159,2181
3585.03,753.751,-216.63,4,31,53
15196.9,59344.3,-888.276,148,305,2610
11540.2,73773.7,-4956.2,23,249,3630
10992.4,38369.4,528433.0,62,205,1751
16647.0,145039.0,-1934.55,225,362,5847
4038.9,2115.05,19079.7,181,54,165
12316.1,55683.0,7726.97,109,224,2192
8964.04,31004.0,-5077.0,15,163,1633
6626.05,8875.67,49187.5,5,95,543
7568.63,12866.3,-1819.03,77,132,806
6071.15,4222.77,351.79,20,100,294
4248.59,6078.23,-114.76,13,68,481
8560.23,30913.0,-3620.0,68,169,1631
16961.3,206684.0,-9240.0,89,339,7700
12684.8,49792.0,-5543.79,220,262,2394
8309.75,8724.97,1540.3,37,144,553
6231.2,10584.0,-3306.0,56,121,690
5408.58,3470.91,-758.759,115,51,132
4538.13,1066.13,-657.16,28,62,102
5943.49,11316.1,-1317.11,25,102,764
19377.0,128979.0,-4644.0,47,303,2824
3830.68,546.665,-454.76,5,43,52
3898.2,1203.59,-792.36,9,55,88
4460.34,514.854,330.94,18,65,35
9219.7,27068.9,-2139.47,183,158,1403
6765.34,7336.36,-1138.9,75,109,486
4362.09,512.308,-150.7,26,65,35
3712.56,474.059,-847.59,2,36,35
4582.77,3137.0,-543.0,7,66,245
13010.7,111613.0,-9781.0,175,301,5018
29495.7,856978.0,-23150.0,118,863,24470
3399.3,666.722,242.23,5,31,53
8657.51,16829.8,-79.0423,21,142,844
11851.2,61673.8,906001.0,183,237,2672
6936.8,8946.79,-1401.12,23,95,543
8895.57,28699.7,-454.602,133,179,1626
5769.91,7669.3,-696.606,102,104,457
5727.82,4333.84,-817.101,21,88,292
10312.7,41455.0,-5077.0,67,204,1991
16860.4,158684.0,4147.69,188,359,6068
10603.6,37586.4,-2521.67,29,196,1997
6286.8,1680.81,-1022.61,36,71,103
15057.5,252989.0,-8099.18,101,346,7851
13941.8,87127.0,-6004.0,29,314,3626
9018.68,12256.5,-2451.8,28,136,619
13734.9,219648.0,-6746.0,241,360,8602
10768.4,27517.4,-1074.03,157,172,1412
9715.07,20281.9,-1107.53,232,151,1023
9479.89,39801.8,-3370.7,109,207,1995
8801.61,20083.2,-2410.03,100,163,1162
11967.1,38256.4,69644.7,174,219,1875
12777.3,55217.7,-958.054,144,218,2391
13172.8,93501.0,140837.0,136,273,4429
10030.5,10001.0,-2971.0,99,139,398
5345.77,1102.8,-1912.1,3,57,76
4288.71,1087.77,-1014.1,4,55,88
15588.0,165483.0,1902.71,39,320,6391
5391.67,1031.03,-1630.1,5,57,76
3508.56,466.329,-782.03,3,36,35
6461.74,7604.0,-1208.0,14,121,517
8408.8,20210.9,587.96,32,143,1203
16708.9,143336.0,2414.05,302,362,5847
5347.36,3536.59,-732.813,136,51,132
6681.31,7395.93,666.24,24,109,432
9698.21,39129.2,170793.0,69,196,1885
7949.48,15887.2,-3416.8,30,141,932
5606.36,4648.36,9296.7,10,79,342
9256.71,11335.8,-970.587,136,156,654
8379.39,9499.81,-2159.55,203,130,490
23524.6,540960.0,-12723.0,82,411,12656
6150.92,11019.3,568.402,24,102,764
3682.28,475.229,-628.25,3,36,35
6662.43,13118.7,-1330.43,29,96,804
10280.4,43675.8,-1218.93,126,197,2257
7533.7,4748.25,-1316.45,112,131,271
12739.1,78916.0,-6889.0,41,276,3461
4907.18,2087.66,-774.43,3,75,165
24453.8,427981.0,-13690.0,142,618,13977
6284.51,13482.0,-1589.9,14,103,883
7366.46,12163.0,-2908.0,25,123,767
22875.3,413391.0,827.591,64,473,14125
9902.07,36390.2,-3527.79,29,196,1997
4333.53,6143.88,-147.67,18,68,481
11271.3,27284.0,-5604.0,39,204,1309
3875.32,434.529,1459.1,13,54,28
29136.3,1193400.0,-18455.0,169,735,33060
9735.74,20719.9,-813.577,207,157,1113
12597.8,74419.0,-4231.0,22,235,3296
8923.38,13066.5,54731.1,78,132,806
10556.2,30070.0,-4387.0,28,184,1578
5168.96,2823.83,-901.91,17,65,202
3732.44,389.438,1112.3,7,54,28
10426.5,59471.0,-5078.0,52,256,3052
11733.7,38092.3,-1388.64,150,235,1818
6035.66,15092.9,-2067.1,17,125,1014
3779.69,2163.92,-839.982,51,54,165
11157.9,39520.0,-6475.0,56,214,1931
4437.48,1773.34,-701.03,8,66,164
20704.6,242652.0,-10345.0,78,437,8345
5441.03,1117.47,-1647.9,3,57,76
9171.66,28795.1,222886.0,116,179,1626
4364.24,6614.09,-119.72,16,68,481
12179.1,65233.0,-6074.0,31,224,2192
4559.48,2210.1,-1674.9,12,71,188
10034.9,27992.4,-1633.4,160,158,1403
6943.52,9727.18,772.53,17,115,547
12849.2,60227.7,-3644.43,35,247,2754
6107.57,5213.59,-153.14,10,105,371
4267.2,543.673,118.84,22,65,35
7153.89,13999.0,-1253.26,26,120,809
7381.07,7294.71,-1030.97,62,109,486
12748.4,59358.3,-905.418,160,223,2822
8641.41,11069.7,-1130.16,36,156,654
4592.96,2194.52,-1485.6,12,71,188
3976.47,825.625,-1845.7,13,54,64
10811.1,32066.0,-3440.0,44,183,1638
5537.86,7079.7,-707.539,11,93,545
4309.22,2421.78,-1272.0,24,63,184
10462.8,17380.1,-3917.29,158,172,973
5242.02,1034.62,-1194.9,3,57,76
12200.8,38386.3,-272.08,31,235,1818
4320.24,1937.55,-805.92,197,63,166
14565.9,102922.0,-4325.66,46,283,3965
13485.9,139419.0,-7724.0,221,306,6277
10537.2,25980.0,-5326.0,29,195,1213
6952.05,13199.8,199936.0,183,96,804
13311.6,60527.6,-1121.15,27,247,2754
6278.76,3432.82,111.58,21,101,206
7059.6,6533.79,127244.0,97,95,427
4705.15,2930.84,-88.567,33,65,202
4636.5,1022.4,-1071.5,22,66,101
13835.0,93589.8,344.038,111,294,4249
17740.0,197414.0,-8023.0,90,334,6982
3765.01,401.685,1072.9,7,54,28
9653.62,10167.7,-2395.72,21,135,587
10967.8,17797.0,-4871.0,26,217,983
3177.98,673.186,38.772,5,31,53
6983.92,9009.9,-797.823,9,95,543
10034.9,17126.5,-1318.87,34,172,973
4184.29,2532.09,-1322.4,8,65,202
12947.2,63216.0,5869.4,42,279,2979
7746.23,9596.85,583.954,192,138,554
9290.33,35046.8,2823.87,31,148,1919
3847.36,1215.23,-707.87,9,55,88
3797.26,2334.33,-971.63,23,63,184
10267.8,10792.5,-2458.4,97,154,587
4524.65,985.673,-1458.2,14,66,101
3129.32,1291.47,-316.137,9,40,100
3564.86,537.608,-383.37,14,43,52
4992.6,2122.03,-772.04,9,75,165
10152.4,14755.1,761.38,94,143,771
4361.89,547.789,312.63,28,65,35
4406.14,2355.76,-879.44,31,63,184
15348.9,86934.4,1654.82,87,301,3369
3845.05,479.092,-743.84,2,36,35
3819.48,542.743,-627.1,5,43,52
3529.74,569.366,-506.37,3,43,52
7268.22,4105.69,-1206.89,10,101,249
4842.05,4213.83,-1389.78,93,72,340
10298.1,14995.0,-2608.0,40,155,659
11747.9,33060.6,2161.3,59,210,1213
23251.5,452399.0,-13753.0,109,568,15336
20678.9,202193.0,-3533.97,239,403,6746
4511.63,2752.27,-591.29,29,65,202
4095.28,6228.6,-159.23,16,68,481
3832.85,2158.67,-880.069,183,54,165
5350.41,5601.79,-1473.0,5,89,425
12088.8,28496.9,-731.79,36,178,1410
10691.8,24658.0,-676.0,19,150,1159
8871.79,27449.9,-2262.41,46,156,1364
10476.8,28865.4,-4181.0,65,194,1521
3859.4,390.733,1002.6,11,54,28
6850.83,9114.14,-736.166,11,95,543
3946.95,2196.89,-1021.5,5,63,184
4575.26,3135.3,-774.77,9,71,225
11553.7,32084.4,10260500.0,60,203,1580
6941.32,7835.3,-4002.1,34,92,485
7224.32,10304.5,-1370.83,220,101,584
4188.57,680.206,-508.17,24,58,43
7040.19,7121.97,-543.012,111,95,427
32347.7,855945.0,-17463.0,163,711,20648
17925.3,176202.0,155227.0,239,403,6746
10118.1,18473.0,-6085.0,26,195,1070
12906.8,56686.4,1556.7,50,220,2461
7853.46,15679.7,-1396.15,90,134,970
5607.17,1033.99,-1444.9,6,57,76
20483.7,274486.0,1195.63,335,420,9137
4394.0,1965.98,951.021,114,66,166
7022.86,27992.4,-2469.5,13,131,1686
4559.38,921.0,-560.0,18,55,65
3570.04,661.349,167.01,6,31,53
11356.5,57098.1,-1098.11,25,209,2967
12965.8,48055.0,-6739.0,47,288,2325
3698.05,548.768,-541.33,5,43,52
8146.73,5770.63,-879.236,31,86,205
4715.84,2195.65,-1262.2,9,71,188
4876.48,6492.12,135.88,16,68,481
4902.77,2955.75,-691.221,109,67,224
5574.66,4313.75,-1279.84,14,88,292
4666.82,1620.96,-655.4,4,55,133
6698.31,26212.0,-2107.0,38,136,1463
3689.34,519.612,-763.97,2,36,35
12445.1,86233.0,-3336.0,29,239,3708
5711.48,1075.4,-1020.2,6,57,76
14918.4,158995.0,-10866.0,140,327,6621
3799.41,432.621,-580.91,1,36,35
20533.0,275949.0,1205740.0,58,420,9137
4118.07,5696.09,-623.83,20,68,481
15369.5,177959.0,2702.66,269,367,7087
4252.77,2415.2,-1067.4,16,63,184
4070.8,1619.1,-913.48,10,61,134
7659.93,16065.0,-3086.0,53,161,930
14980.1,193641.0,-2806.79,43,286,7322
13063.5,61608.4,-4742.71,30,247,2754
3508.02,665.463,117.13,6,31,53
8032.47,32991.5,866.959,20,148,1919
14026.8,90449.2,-2264.38,288,254,3973
4676.55,2175.23,-1388.4,13,71,188
7847.51,13819.7,-3060.52,32,170,771
5599.58,3110.97,-1570.0,10,94,224
23119.4,418518.0,-10674.0,80,504,13141
5291.91,6072.0,-2804.0,7,89,428
20812.9,263204.0,-13170.0,351,556,8611
4840.76,982.187,-590.574,120,50,52
6161.54,4021.72,-123.03,14,100,294
15089.9,87943.2,1249.25,96,301,3369
4053.52,674.583,-622.31,13,58,43
4580.74,986.377,-1016.4,19,66,101
15202.6,164138.0,104002.0,214,287,6171
7375.33,4157.36,-1264.2,11,101,249
17977.4,158701.0,13139.2,215,359,6068
6119.61,1078.93,-1982.6,8,57,76
3417.16,566.013,174.67,11,51,45
8542.98,12417.2,-1297.94,10,117,519
10384.5,28534.1,-630.872,176,158,1403
6879.1,7812.92,-3115.3,11,117,427
4703.47,576.395,176.13,20,65,35
8138.45,16391.1,-1087.8,52,134,970
7921.73,9397.01,3780.21,198,130,490
3755.55,1231.85,-1015.1,9,55,88
9833.88,45234.6,792.474,226,159,2181
6635.74,4441.64,-347.04,20,100,294
16541.8,142461.0,-10712.0,309,387,5428
10717.1,37958.5,452749.0,34,205,1751
11477.0,18225.4,24153500.0,43,172,973
3770.13,570.892,-135.01,14,43,52
7725.13,8797.55,107843000.0,110,149,549
5525.85,1007.62,-888.781,33,65,76
5036.97,3126.63,-2562.8,4,65,202
14572.4,101654.0,286654.0,45,283,3965
13271.7,125960.0,-6280.0,70,313,5215
14917.5,69920.7,-224.775,162,325,3143
7583.55,13728.8,146.3,22,127,802
3752.66,1459.92,-802.065,128,52,133
5743.1,5322.28,881.326,79,86,367
9443.71,39944.6,-4274.65,110,207,1995
3612.04,565.441,-71.661,15,43,52
5774.78,1586.01,-1177.77,36,71,103
4543.78,2306.79,-1236.1,8,61,184
3931.73,1210.84,-796.67,8,55,88
4368.27,2644.0,-777.0,10,72,205
9640.15,35265.0,-4289.0,20,166,1993
10083.5,37396.7,-1433.86,38,196,1997
11442.9,72659.9,-4710.46,25,223,3131
3637.67,476.52,-762.45,3,36,35
3683.96,436.126,-561.29,3,36,35
12173.2,54643.7,-1393.8,52,220,2461
8535.31,9576.33,83.704,24,130,515
16193.4,143432.0,1104.54,303,362,5847
5072.09,3559.0,-676.0,21,80,247
6218.83,4999.46,25.4093,13,96,347
14825.6,94380.2,26495800.0,251,294,4249
12076.5,76188.2,2436.93,45,252,3882
7104.61,4740.23,-1794.3,18,110,294
3879.41,2168.59,-871.076,51,54,165
5148.68,1572.59,1419510.0,10,76,147
5654.66,5248.0,-2305.0,49,78,364
4161.69,6146.83,-299.21,17,68,481
4495.83,6334.02,-141.06,11,67,481
3319.6,681.477,195.7,3,31,53
21086.8,396734.0,-11776.0,80,488,13307
4448.67,991.767,-818.83,28,62,102
35380.7,1071590.0,-23119.0,258,810,25364
8964.09,20521.0,-997.874,106,163,1162
5024.09,3724.77,-1122.66,15,77,292
15398.0,60046.8,-1803.05,134,215,2188
7153.58,5399.23,-792.817,41,79,292
9796.06,32615.8,5053.9,112,176,1922
3878.99,528.564,-970.76,9,43,52
11707.3,38188.2,-1439.64,36,235,1818
13215.4,68938.1,120702000.0,48,247,3373
6621.82,6813.11,116919.0,79,118,426
6674.1,22201.2,-664.372,79,128,1255
5103.33,2849.35,-665.354,104,67,224
4474.3,6488.92,481.31,42,68,481
13982.4,52037.7,-372.394,175,288,2334
9079.38,17019.9,-3182.43,36,183,931
4480.31,2218.39,-1427.2,12,71,188
11888.8,36041.5,-2202.38,202,225,1755
20081.4,281917.0,-9354.0,76,457,9274
14428.3,50032.3,345.552,190,298,2196
3976.88,693.658,49.508,17,58,43
6035.2,3981.68,-673.44,12,100,294
15108.6,99874.4,-2699.82,39,281,3974
12461.1,31024.0,-3150.0,51,216,1525
3948.54,2209.99,-1015.4,8,63,184
6152.24,2618.08,429.5,11,81,169
4976.4,2773.49,252065.0,105,67,224
5607.32,2603.91,194.7,5,81,169
8883.35,10864.7,-539.253,40,156,654
12067.5,78717.1,-5856.34,39,272,3539
12539.2,25388.0,-4840.0,41,213,1068
10325.8,25854.5,139974.0,122,172,1412
14946.7,119820.0,-9824.0,103,364,4820
8560.03,28562.1,-1269.55,21,156,1521
4533.79,524.768,-114.12,23,65,35
3998.22,2302.53,-926.31,3,63,184
3922.07,752.774,-2117.2,13,54,64
3676.24,572.914,-848.77,5,43,52
3867.15,1205.44,-877.1,9,55,88
10485.4,82133.0,-6252.0,47,201,3531
8983.54,37830.0,-2831.11,42,180,2054
14151.4,251266.0,-5729.0,75,389,10518
7758.77,4614.42,-1013.21,32,131,271
14686.3,180082.0,-6316.0,52,322,6976
8368.72,9905.5,-980.934,195,138,554
11231.2,36349.0,-4449.0,37,186,1416
5419.01,4235.0,-1082.15,17,88,292
7010.76,5303.66,-1066.37,27,107,346
6657.31,10353.5,-1733.26,23,109,689
6765.94,10304.0,-3406.0,44,106,655
5201.15,2439.76,745.79,6,81,169
5086.15,2092.47,-909.16,8,75,165
19088.1,161939.0,93335500.0,119,352,6744
5353.77,3371.59,-2209.7,21,70,205
10933.0,37516.0,-4226.0,38,208,1692
11949.5,64623.0,-4787.0,10,191,1931
14966.8,83051.7,-3621.74,126,223,2059
6864.86,7377.34,586.71,23,109,432
14261.2,68363.0,-1143.0,45,284,2901
36162.7,1002210.0,-20972.0,235,920,22322
8248.23,33779.7,-911.024,90,148,1919
6843.54,7396.95,-77.447,34,109,432
11330.9,69093.3,-3197.91,45,247,3373
9017.84,20768.0,-3656.0,41,165,1024
4620.36,532.994,167.41,22,65,35
7649.5,10612.3,2392.8,47,101,584
7045.29,17192.4,-2061.6,19,125,1014
7717.7,8945.31,96.183,20,130,515
6079.12,7355.35,-889.053,11,93,545
12712.7,46213.9,658795.0,180,273,2061
6640.28,16991.0,-1931.5,14,128,1065
3787.7,1212.85,-804.03,9,55,88
10247.1,21673.0,-5139.0,41,197,1025
8413.58,14176.7,-1262.57,95,140,845
9082.98,11286.2,-2556.78,120,156,654
10975.3,23004.5,2195.44,121,182,1212
3963.34,1451.17,-874.726,159,52,133
6183.82,6328.01,-1984.3,16,108,424
14598.9,87695.0,-6127.66,97,301,3369
5716.74,7661.08,-1117.54,101,104,457
3975.9,2231.32,-245.61,16,63,184
17429.8,177501.0,-12433.0,90,494,7102
5074.67,2764.24,-438.25,9,72,205
6356.4,13730.0,-3204.0,23,109,731
10676.1,21116.0,-5247.0,47,213,1165
7523.99,15517.0,-4068.0,82,130,929
4531.84,1001.83,-1549.0,22,66,101
4690.49,1996.37,-41.852,10,75,165
5317.21,3696.13,-1205.5,9,89,249
9293.49,29443.0,-3155.0,14,164,1579
7943.36,4883.07,1122.82,25,131,271
4951.74,1573.94,-1559.1,6,70,131
4656.99,1036.63,-1064.6,21,66,101
8048.37,15764.9,158359.0,33,160,976
6006.32,7587.72,-752.05,19,99,583
22095.5,355268.0,-12015.0,89,513,12358
7830.75,9349.82,-300.16,14,130,515
23399.5,516310.0,308124.0,310,540,18067
3767.66,541.742,-526.71,6,43,52
3949.55,388.174,1174.0,11,54,28
4527.25,1036.45,-1388.5,23,66,101
6089.06,4888.0,-2441.0,17,90,346
13354.4,58028.7,-4461.86,117,224,2192
13346.1,94766.0,-6195.0,182,283,3798
3586.52,1425.8,-619.059,11,40,100
19479.1,157945.0,-4752.97,327,449,5537
4120.0,671.877,-634.98,9,58,43
10665.4,17643.2,10978.3,153,172,973
7156.96,15336.6,-2888.74,23,133,847
7576.15,26298.0,-5131.0,10,127,1355
3447.42,714.33,452.62,7,31,53
7889.12,33497.2,-1407.42,71,148,1919
12139.5,43842.0,-3198.0,39,212,1585
4182.23,2365.24,-862.99,25,63,184
8629.68,29452.0,-4554.0,99,183,1633
6473.46,3664.68,735.42,27,101,206
8261.66,27280.7,-2300.12,21,156,1521
5842.42,3905.42,1112.5,17,100,294
11269.7,40163.5,574.835,29,193,2118
10284.6,25946.4,14327900.0,93,172,1412
6876.85,7760.04,-2702.9,12,117,427
9292.5,20645.0,-3057.0,24,154,1063
19933.6,299411.0,-13230.0,82,541,10395
5158.89,6694.16,418.76,19,68,481
24959.6,344449.0,-13569.0,138,530,10552
5472.68,4994.65,-1556.76,20,85,343
10057.8,17330.6,-2757.23,15,145,888
5241.8,2452.5,220.55,3,81,169
5105.63,3126.07,-2286.5,4,65,202
11775.6,67116.3,4971.9,58,201,3289
11909.3,78309.4,-906.34,37,252,3882
4672.06,1927.43,394.59,27,75,165
6652.41,4287.43,-580.489,135,101,270
14094.0,133911.0,-2199.44,171,248,5018
7649.08,9397.03,-3142.2,16,135,587
8107.0,10299.0,-1539.0,15,106,456
3939.47,628.452,-1071.0,12,58,43
4600.82,2599.2,-188.38,9,65,202
12792.9,60043.9,-3097.49,29,247,2754
6104.64,8225.33,-2183.12,10,98,582
9252.26,12829.0,-3159.0,28,157,692
8876.09,28645.7,-1400.14,147,179,1626
3981.8,723.988,-777.99,12,58,43
15061.8,133784.0,-13648.0,76,391,5531
10759.9,27345.8,-3376.35,66,214,1469
6676.78,2255.22,360.9,10,76,165
6008.53,5269.74,-756.42,6,105,371
5874.81,13343.8,-1395.5,11,103,883
3859.18,566.613,-536.62,6,43,52
7657.23,13810.8,-411.37,16,127,802
4532.72,2202.42,-1015.0,11,71,188
3341.99,1265.97,839.711,40,40,100
8343.35,8831.12,2047.9,33,144,553
21148.0,277599.0,15449.4,60,420,9137
6828.82,13339.3,-612.885,15,96,804
3799.91,585.808,-622.54,13,43,52
12000.6,59661.3,-1207.9,184,223,2822
7663.53,13692.2,640.31,18,127,802
4454.64,1117.54,-835.08,28,62,102
14133.9,134184.0,-9907.0,250,329,5856
16546.2,186074.0,-8343.49,66,377,5975
8385.84,14369.1,-1234.88,98,140,845
8285.7,4739.64,314115.0,26,131,271
8146.67,9310.45,-1020.58,203,107,517
14506.0,53156.2,107457000.0,69,288,2334
4832.21,3163.06,-1877.2,17,70,205
8720.32,38743.2,20288.9,76,196,1885
13392.9,86164.4,2578.41,55,291,3799
3946.58,509.804,137.9,25,65,35
3934.67,674.39,-452.93,4,58,43
7913.37,14574.0,-2953.0,19,136,804
20611.7,411237.0,-9636.5,60,473,14125
4446.93,541.674,81.929,14,65,35
6108.07,7455.81,-1190.47,39,104,457
20947.7,291308.0,-12816.0,82,605,9833
12981.8,77840.0,-4997.0,40,280,3296
12105.2,57085.0,-651.885,27,209,2967
4927.49,2343.77,-1525.7,12,71,188
7002.34,7026.94,-573.631,12,118,426
25208.8,375931.0,-12992.0,254,507,10839
7530.41,9185.95,732.84,22,130,515
6626.41,7418.07,-2154.28,67,109,486
11058.7,48957.6,2480.17,16,190,2118
13584.6,92442.1,-1084.04,202,254,3885
4131.81,2465.1,-1254.4,17,63,184
3793.17,1503.24,-1268.1,6,56,114
13139.8,60481.0,-5764.0,59,255,2753
5506.33,1418.18,-1127.12,36,71,103
13404.4,42968.3,-5891.99,212,278,1938
6531.58,1840.73,-1191.83,69,84,136
11679.6,38409.4,-390.159,145,235,1818
3488.52,465.386,-802.96,3,36,35
6696.41,12085.7,-145.081,221,105,765
9698.69,12122.5,-2213.22,124,136,619
10938.9,57399.9,-5038.14,202,223,2822
9401.23,17321.3,-2909.87,257,183,931
9639.05,12029.7,-2279.58,34,136,619
10827.5,53313.0,-5463.0,117,233,2391
9718.09,27657.9,-1198.99,177,158,1403
14674.9,150748.0,-8748.0,73,398,6070
14918.9,127495.0,-3632.05,50,322,5425
10004.3,28279.3,-1731.99,48,194,1521
9701.06,40295.0,-3120.04,64,196,1885
15134.5,88927.2,269590.0,81,289,3710
5901.07,1066.19,-1586.6,6,57,76
10948.0,38077.3,728.355,42,193,2118
11097.9,56297.6,-2069.21,171,209,2967
8464.59,9496.21,-454.619,185,135,587
6159.56,5183.04,-1126.7,7,105,371
15760.8,88977.2,2676.5,81,289,3710
8633.89,9432.37,-2690.55,16,135,587
15783.4,96320.5,519079.0,61,294,4249
5889.88,5199.27,-1497.3,8,105,371
9231.46,12187.8,-1181.19,10,117,519
15795.5,160397.0,-7463.7,153,359,6068
6183.87,8096.23,-3684.9,5,106,549
4214.6,2179.4,4637.04,183,54,165
8410.86,16015.2,253516.0,39,160,976
8595.65,27020.4,11116.6,37,156,1364
5931.96,1075.59,-1279.3,8,57,76
17708.8,138378.0,-8654.94,313,449,5537
5856.94,4708.06,-999.41,18,85,343
4825.41,1690.0,-1032.0,20,74,149
10742.7,84631.0,-6001.0,39,254,4333
10705.2,35164.4,73992.9,202,208,1691
12459.7,78727.1,-727.131,41,252,3882
23889.0,278894.0,11481.9,266,468,9276
3951.22,1210.61,-1149.8,8,55,88
9307.36,10534.5,21279100.0,228,130,490
5309.69,3714.65,185.262,65,85,269
12652.3,74033.4,-1434.71,21,249,3630
11562.4,40358.6,68922800.0,77,207,1995
6561.79,9073.0,-1839.0,21,109,587
11321.7,56504.9,-990.73,172,209,2967
9452.19,28949.3,410189.0,124,179,1626
5472.14,4267.78,-711.788,17,79,317
5974.79,8101.32,-3880.0,10,106,549
10104.0,36767.5,-3127.05,28,205,1751
23021.0,515251.0,295177.0,321,540,18067
4909.78,1667.91,-1267.4,5,70,131
12284.3,71340.7,1056.88,181,262,3211
4847.8,2875.33,-386.72,36,65,202
26076.9,491957.0,-11860.0,167,555,12044
4450.35,1059.86,-373.55,28,62,102
7798.42,25230.3,-3434.36,82,166,1414
9206.23,17186.2,-3300.81,35,183,931
4008.07,1942.5,-1303.23,112,66,166
4185.99,1314.59,-1161.8,1,57,129
4093.06,637.825,-591.56,17,58,43
8934.95,14815.9,-1562.72,18,140,845
9762.95,64812.0,-5319.0,33,220,3203
7463.99,19010.0,-2080.0,56,130,1109
4586.6,2343.62,-861.46,5,61,184
5691.97,5129.12,-1483.86,19,85,343
7738.23,12673.6,2609.16,7,123,726
12272.6,69165.3,-872.359,51,247,3373
8119.55,9434.07,-1114.47,184,135,587
6149.94,8066.51,-3475.1,8,106,549
3184.08,622.566,-361.17,16,51,45
8253.98,9043.33,824.64,28,130,515
7525.12,26680.6,974775.0,17,156,1521
6748.28,14451.0,-2353.0,26,139,930
3545.08,538.387,-608.38,15,43,52
4860.9,2101.8,970.3,22,75,165
5014.16,2145.03,-527.56,12,75,165
7005.91,17865.1,-2245.0,13,128,1065
3567.73,575.709,57.301,16,43,52
5131.41,3120.77,-2474.2,4,65,202
4534.06,2001.16,-1186.87,114,66,166
4244.65,2357.09,-519.16,13,63,184
3696.22,463.026,-751.41,3,36,35
8199.22,14384.1,-729.875,15,140,845
5898.65,4147.21,12.645,21,100,294
6823.16,6509.19,612.324,84,95,372
4537.69,2040.92,2090.86,5,63,166
5427.42,7561.56,-231.82,15,99,583
4134.53,1640.88,-700.97,9,61,134
3738.83,287.321,1736.7,11,54,28
5540.45,6060.0,-1923.8,19,89,425
18010.5,159458.0,40665000.0,185,359,6068
12764.7,41206.2,-1913.47,253,278,1938
5176.82,4223.71,-529.958,23,79,317
9241.03,28330.5,-3467.66,121,166,1414
4970.6,2787.6,14377.4,110,67,224
3772.88,465.204,-945.55,1,36,35
4863.96,6005.5,-305.89,17,68,481
9890.4,33762.1,691.347,47,199,1696
10755.3,41439.4,-3563.96,162,227,2059
6343.83,4991.6,-922.901,13,96,347
7402.38,12172.9,1098270.0,17,105,765
13901.7,146542.0,-8242.0,50,326,5954
6226.0,11731.0,-1062.0,20,101,804
3536.67,459.9,-663.28,3,36,35
35616.2,1385700.0,-21268.0,114,728,33059
4197.4,1527.52,-797.45,4,55,133
9880.09,29588.7,-1404.28,38,156,1364
8118.42,9433.42,-1109.91,184,135,587
12930.3,61062.0,-6880.0,94,247,2600
11367.6,58186.0,-5547.0,42,220,2388
9034.11,16160.9,90421500.0,30,172,973
4150.28,2675.91,-119.66,24,62,222
12571.6,73705.1,-931.442,30,248,3630
3621.24,462.497,-720.32,3,36,35
13228.5,32191.0,-4957.0,42,211,1471
26416.3,480356.0,-11741.0,105,567,15869
14554.5,56460.3,-2358.46,108,223,2059
18666.5,151825.0,-12146.0,258,465,5752
3500.03,677.915,214.01,5,31,53
15640.3,122138.0,-8488.0,28,270,3714
8533.4,16125.6,2202.96,44,160,976
11002.1,37111.0,-4510.66,188,208,1691
4435.91,2079.08,269.74,24,75,165
9857.7,12319.0,-4130.0,84,170,659
4784.24,1892.82,-395.91,6,66,164
6038.4,15002.4,-1821.7,14,125,1014
8968.49,28756.4,-3619.01,151,179,1626
3806.31,450.132,-898.75,1,36,35
8716.51,17212.4,-761.715,26,142,844
4040.7,2384.83,-1295.9,25,63,184
5844.54,4325.94,-1403.6,17,90,317
12028.7,54352.1,-585.37,47,220,2461
8908.78,30630.0,-4273.0,29,184,1749
8274.39,26169.5,-3170.29,41,156,1364
6850.9,4364.0,-2641.0,19,111,272
4393.93,2474.26,-778.6,26,63,184
5804.13,4165.15,33465.6,82,88,318
4144.64,2189.66,-1059.2,5,63,184
15215.2,116524.0,-10493.0,47,394,4826
9648.42,24505.7,-1692.33,38,177,1313
14165.2,166150.0,-4093.72,38,320,6391
19809.0,285086.0,-9416.0,77,441,10238
4968.72,2110.88,221.5,16,75,165
11027.9,45385.9,-880.93,116,197,2257
6393.36,1854.89,-1251.42,71,84,136
10751.4,37869.5,-3862.46,32,205,1751
5270.47,4364.75,-1085.0,14,85,346
10546.8,23447.2,47998.4,42,176,1313
19465.6,250084.0,-11437.2,298,540,8870
4933.06,2921.23,-670.118,102,67,224
5118.33,3063.31,-2278.5,4,65,202
3884.79,422.217,1006.2,5,54,28
12770.9,74941.0,-6169.0,26,230,3288
18186.1,249602.0,-10784.0,205,410,9001
7909.24,15118.7,-264.49,23,127,802
10031.9,34641.8,6861.73,209,208,1691
7758.52,23090.0,-2830.0,19,166,1364
4985.62,2089.06,-458.93,24,75,165
7308.47,8787.96,-1220.41,135,95,543
6900.44,9364.88,1216.9,13,115,547
9126.3,24327.0,-1205.0,79,175,1360
3663.73,529.928,-603.44,3,36,35
11680.5,38473.2,103.069,31,235,1818
5023.4,3043.82,-2606.6,4,65,202
6926.84,14200.2,-486.309,95,120,809
11032.6,27192.8,-996.097,117,214,1469
15863.1,164393.0,-8855.0,214,348,6634
27127.7,747880.0,-11468.0,95,551,17887
34612.6,720919.0,-17356.0,208,703,20238
8200.22,32977.9,-1128.48,22,148,1919
5133.86,3004.4,-1826.1,3,65,202
9973.72,10022.7,2604080.0,81,154,587
10929.8,41105.1,-1672.21,160,227,2059
14073.8,137096.0,-1300.05,210,279,5626
7085.14,2673.07,311210.0,13,99,167
8732.22,11162.4,4313190.0,35,156,654
4659.24,1988.28,-593.17,19,75,165
11556.7,44225.8,-3955.93,79,196,1885
15292.7,96500.5,9790.55,257,294,4249
21628.1,204592.0,-10505.0,71,449,6986
4066.82,2266.2,-1233.0,15,63,184
11996.8,29131.2,-3934.75,49,214,1469
5192.11,8188.0,-1207.0,12,71,515
24278.9,242786.0,138924.0,287,537,8350
6267.49,8304.38,-2137.8,11,100,551
30049.2,1006140.0,-13162.0,125,676,27640
15865.9,160387.0,-10815.0,299,381,6749
4482.01,708.409,-140.48,16,58,43
8655.43,14399.0,-1085.82,99,140,845
6109.55,6813.11,-713.047,82,118,426
9053.71,28932.0,-1333.61,132,179,1626
13805.7,132816.0,-8170.0,38,296,5424
6872.65,7513.55,1184.4,41,109,432
4069.42,745.902,-594.82,11,58,43
6368.15,5079.66,-1162.48,113,96,347
9922.39,26618.1,-1720.67,32,174,1415
4962.97,2792.52,-476.111,102,67,224
11971.9,62878.1,11324.4,255,245,3058
6893.16,9673.0,-996.0,49,114,583
9374.78,17975.9,861082.0,193,133,890
6328.81,8148.68,-1353.7,16,108,549
4406.18,2550.24,-656.75,28,63,184
14719.4,97644.9,-2025.67,41,281,3974
9868.87,35005.0,-3824.0,32,204,1934
3923.11,2062.06,-1806.9,3,63,184
14510.7,61774.4,-6129.82,239,301,2687
6983.99,22291.0,-2688.0,23,123,1460
4437.66,2494.52,-441.98,17,63,184
6623.88,2262.0,-853.0,14,90,132
3904.12,2436.64,-691.61,37,63,184
10226.4,54590.0,-5932.0,15,193,2388
5784.3,1809.72,-1162.0,68,84,136
7652.77,14697.0,-2224.0,23,135,808
6967.56,12303.6,-1750.52,216,105,765
4585.76,2481.0,-670.4,12,63,184
5948.03,6586.0,-2842.0,49,109,398
3576.18,594.14,-339.16,17,51,45
4132.18,1172.87,-345.97,8,55,88
11562.2,58703.6,5605250000.0,67,217,2904
8538.14,18398.6,-4726.8,16,146,891
9898.63,20341.6,39789700.0,153,163,1162
4424.63,1782.54,-692.62,7,66,164
5100.56,2563.42,-804.54,15,65,202
11396.1,70134.0,-4904.0,20,254,3618
10439.4,38895.3,-479.991,27,193,2118
5851.98,8934.0,-1916.0,14,117,651
7682.89,9001.68,-1424.08,178,107,517
3444.9,666.36,170.35,3,31,53
5388.26,1390.83,-322.031,35,71,103
9290.48,24048.0,-5443.0,35,180,1362
28170.2,548951.0,-14501.0,173,613,15012
3705.17,350.666,1646.3,11,54,28
3596.87,537.957,-906.69,5,43,52
5725.95,3725.26,-1001.32,17,85,269
7953.03,32535.1,235145000.0,21,148,1919
4186.06,6247.91,-0.2821,25,68,481
10652.7,41639.6,-4027.66,159,227,2059
12502.0,57237.2,-4100.6,62,220,2461
14638.7,136405.0,-2922.19,185,279,5626
6421.33,1490.25,-1150.47,35,71,103
6634.99,5273.3,-834.407,50,79,292
3316.4,573.399,-100.09,13,51,45
18311.6,211337.0,-10401.0,105,352,4825
5077.85,2953.1,-764.553,103,67,224
9865.48,23700.0,-4432.0,35,166,1210
4952.11,567.321,151.99,20,65,35
8512.69,29000.0,-3899.0,39,202,1637
20575.2,202821.0,-23.9122,161,390,7459
8939.84,17148.7,-1140.31,24,142,844
12544.2,55520.9,-2958.8,56,220,2461
5479.32,1745.02,-673.591,16,76,147
5925.06,7643.0,-3609.0,11,108,487
4857.78,4186.94,-1338.33,85,72,340
3304.74,678.569,207.91,6,31,53
9744.61,26219.8,-2122.37,38,174,1415
3627.92,546.447,-497.88,4,43,52
7002.28,11216.0,-2109.0,26,136,728
4676.86,2856.38,-192.48,36,65,202
14021.4,68970.4,7284.02,70,325,3143
14596.4,131986.0,-7895.0,211,329,5319
12142.6,35285.8,1161.2,58,210,1213
28001.7,856241.0,-16124.0,83,625,26243
5775.21,2667.58,574.75,12,81,169
5866.49,3967.38,-669.11,14,100,294
16495.6,161000.0,-1158.64,237,352,6744
13151.2,41629.4,-6291.71,241,278,1938
4934.02,2804.31,-1611.9,117,77,244
4925.45,1616.41,-1340.6,6,70,131
8249.35,9431.12,-2735.32,16,135,587
4699.83,2604.87,-670.46,23,72,205
10357.4,23418.3,-207.29,53,176,1313
3490.71,567.76,-192.29,15,43,52
4500.89,2239.0,-1232.6,9,71,188
12992.9,96985.4,-6205.1,151,273,4429
4756.15,6332.25,-338.92,17,67,481
12236.5,133472.0,-6364.0,46,254,5416
15340.6,87241.5,3991.7,82,289,3710
6601.78,17202.3,-2375.7,7,128,1065
13510.0,142606.0,1274.95,211,308,6057
23790.2,521716.0,624410.0,371,540,18067
3871.12,360.623,938.98,11,54,28
12195.0,43604.0,-5947.0,42,265,1933
23524.2,280239.0,14755000.0,62,468,9276
13198.4,78204.0,-5339.0,31,246,3367
7294.63,15664.9,-1219.82,94,134,970
3666.35,584.635,-337.08,14,43,52
11277.1,46123.0,-5082.0,33,212,2122
14935.0,102074.0,-3742.07,34,283,3965
8334.77,16944.7,-175.213,22,142,844
3628.72,1953.1,-446.748,6,43,161
13375.0,94773.9,-640.572,149,273,4429
10213.9,31831.0,-3605.0,17,163,1526
3860.23,2043.39,-1843.4,4,63,184
12715.3,81695.5,2264850000.0,0,252,3882
5625.91,4736.56,889.94,65,86,367
3528.74,735.699,-15.435,7,31,53
15662.0,158181.0,3265.8,128,310,6737
12033.0,52586.6,-1288.25,152,218,2391
11022.8,41824.5,19890.4,143,227,2059
13705.9,71196.3,140766.0,61,325,3143
7939.43,4717.18,42504.6,110,131,271
4087.28,2091.55,-1938.4,4,63,184
5890.3,3846.0,-2015.0,14,97,250
3749.58,464.438,-1073.7,1,36,35
5865.35,5920.0,-2260.0,38,100,422
11927.7,33827.2,133303.0,122,234,1581
7656.74,12151.3,351374.0,32,130,694
18761.6,160922.0,1819890.0,157,352,6744
3293.5,586.5,96.127,3,51,45
4319.69,2060.76,1260.5,18,75,165
12058.2,68886.6,3250200.0,186,247,3373
4341.39,1931.58,172.35,16,75,165
5441.52,4244.9,-1139.81,17,88,292
11358.5,37061.1,-3025.79,143,225,1755
32956.9,509795.0,-19912.0,154,782,14166
13442.4,142649.0,578.434,317,308,6057
12740.8,36955.0,-3162.0,319,185,1865
6700.43,4225.18,-881.433,137,101,270
3250.52,573.587,-257.68,13,51,45
12650.0,36391.0,-2263.06,193,225,1755
4501.69,1031.1,-1135.5,23,66,101
10826.6,41274.2,-5493.19,122,227,2059
8574.24,9431.11,-2705.03,16,135,587
15758.8,166680.0,-998.981,52,320,6391
16318.0,210590.0,-10706.0,52,365,8077
5204.65,2877.48,158667.0,26,77,244
12157.5,36727.3,441094.0,8,225,1755
11459.4,49001.0,-5152.0,59,228,2329
6716.31,3671.9,1384.7,29,101,206
6610.33,7469.49,536.57,34,109,432
16179.6,179593.0,1779.27,72,367,7087
9249.89,24662.4,-2808.06,102,143,1017
9754.93,12666.9,716.8,36,152,693
13115.1,95524.1,177895.0,186,273,4429
9569.1,17270.9,-3952.67,94,183,931
7768.42,9899.94,149419.0,13,123,621
7501.69,9222.64,585775.0,197,138,554
6097.18,15132.3,-2530.4,16,125,1014
24247.4,279655.0,-2530.05,288,540,8870
3898.13,2192.45,-172.36,23,63,184
14624.6,252524.0,-7303.14,108,346,7851
3939.25,2086.62,-1754.9,4,63,184
12211.5,62568.0,-7574.0,221,272,2978
8373.73,15534.8,-2356.1,31,141,932
6044.58,4970.79,180335.0,64,96,347
4184.75,1946.04,3637.7,6,63,166
16243.8,91426.3,6066.5,84,289,3710
18096.0,155208.0,-5166.45,210,359,6068
3695.7,463.488,-928.59,3,36,35
5380.61,2126.35,468.49,18,75,165
9591.57,24432.9,-914.285,36,177,1313
10476.5,38399.2,-769.747,162,205,1751
11266.3,53382.3,1872270.0,38,215,2394
4563.55,1116.67,-875.99,6,55,88
11594.1,76018.0,-6502.0,61,260,3294
4542.11,6876.31,119.73,27,68,481
5730.4,4068.33,-923.777,82,88,318
7824.02,8784.21,1305.0,49,144,553
9355.49,17142.9,-2977.5,95,183,931
7026.03,2459.15,-300.77,12,76,165
15322.4,188989.0,-9887.0,318,344,7453
12695.1,37153.0,-1488.15,197,225,1755
8053.46,16078.0,-3614.0,32,148,891
7836.77,9241.43,14493.4,11,107,517
10136.4,51754.5,1227.89,61,209,2534
4903.13,2022.4,-616.44,14,75,165
5390.02,4341.58,-957.09,16,85,346
10873.6,35907.0,-3725.0,47,215,1695
15997.8,102280.0,-8216.0,32,339,4068
6863.18,6066.22,525824.0,83,95,372
9466.06,24107.7,-2675.2,91,154,1252
15303.2,151129.0,-7753.0,57,343,6293
20609.4,254676.0,-12161.2,307,540,8870
4528.28,1995.54,80.148,17,75,165
11273.8,66623.0,-4567.0,39,198,2460
10272.2,10479.1,-2271.04,105,154,587
4974.21,3039.34,-1840.2,4,65,202
4624.04,1236.25,-1492.4,33,71,103
5738.98,1052.58,-1265.8,7,57,76
18588.3,232299.0,-12288.0,95,437,7837
6755.56,13504.4,-557.883,181,96,804
3504.26,722.646,291.22,7,31,53
4712.42,575.995,-195.66,22,65,35
3704.3,303.311,1223.3,11,54,28
22923.6,280896.0,1083.31,311,468,9276
8540.54,9605.1,-1084.94,196,138,554
14499.9,138491.0,-9102.0,40,354,5955
5369.84,6743.44,-108.07,11,67,481
6442.16,7254.32,-1472.78,8,93,545
10224.5,21567.0,-4351.0,87,184,1118
8124.09,9608.98,-2623.81,203,130,490
13363.8,53228.9,553665000.0,148,218,2391
8485.24,33549.2,218.557,100,148,1919
9464.08,18941.3,-356.022,206,133,890
10522.4,15294.0,-2893.0,32,187,732
3635.54,556.762,-405.49,15,43,52
9183.59,31143.0,-2400.0,44,192,1470
13005.5,78731.0,165716.0,46,272,3539
3835.62,716.527,-535.98,11,58,43
7629.11,14047.3,-546.39,11,127,802
15703.1,88633.2,1548.59,106,301,3369
12798.5,57373.6,-853.4,59,220,2461
8418.07,21255.0,-3793.0,34,144,1206
9118.49,10229.5,36617600.0,228,130,490
11147.5,113762.0,-3412.0,48,270,5103
5097.4,3133.64,-2567.4,4,65,202
5137.01,1902.0,-1715.0,8,76,166
11937.5,52664.2,-654.071,154,218,2391
10066.6,26310.2,28.2121,39,174,1415
3476.08,695.339,232.17,7,31,53
3426.92,669.302,119.96,6,31,53
22099.4,350234.0,-533.173,276,440,10967
7753.04,9201.48,-1439.58,14,138,554
8989.12,13800.8,806.606,33,170,771
14770.1,250438.0,-3623.77,101,346,7851
8252.08,12022.0,-2677.01,39,130,694
13752.3,96494.2,-5572.27,159,273,4429
28232.1,536954.0,-13816.0,67,532,10980
5873.77,4059.9,-262.1,11,100,294
6523.03,5382.38,-541.829,14,99,321
9239.95,36781.6,-4126.81,31,196,1997
10568.4,37923.0,-1908.74,38,205,1751
15323.4,80714.7,-118.898,73,320,3466
5286.5,1671.43,-337.347,187,76,147
8170.08,9036.43,2175.1,36,144,553
5495.97,4052.95,-881.69,12,85,267
14540.2,143003.0,-5823.87,310,308,6057
9672.64,12236.0,1076.5,22,152,693
12758.8,73387.5,-488.197,22,249,3630
6026.76,2195.96,-1359.85,9,82,185
8379.79,20942.9,1002.5,55,143,1203
11235.7,23253.9,-732.07,117,182,1212
9829.34,36201.0,-3624.0,46,183,1877
11851.7,38829.8,-1984.67,86,166,1414
12307.5,44040.0,-161.0,18,190,1815
3259.34,584.807,86.713,3,51,45
7894.69,4711.47,-696.358,114,131,271
21340.1,289194.0,-3167.53,294,468,9276
9025.06,18703.1,-4490.0,12,146,891
4945.26,1152.08,-616.84,10,62,100
5770.99,12720.3,-1528.6,20,103,883
14223.5,85972.7,-269.222,71,291,3799
13285.4,60396.9,-2058.25,30,247,2754
6723.72,6973.63,76286.3,21,118,426
8770.03,16049.1,-1734.78,47,160,976
11092.9,41503.5,21824.8,151,227,2059
6223.75,3423.17,1148.9,19,101,206
12064.3,78713.2,-5861.72,41,272,3539
17990.7,278464.0,-2675.77,99,346,7851
13759.7,79688.0,-5038.0,70,283,3298
4513.58,1767.16,-612.85,8,66,164
4689.26,2358.91,-336.65,7,61,184
22304.3,410199.0,-2095.71,64,473,14125
5741.03,5239.89,-1630.1,17,99,372
5166.87,3427.57,5266.28,2,51,132
8269.96,14676.0,-1559.23,21,140,845
3454.76,692.085,216.7,6,31,53
8990.22,13709.9,-1120.89,106,148,729
10310.5,68870.9,12307.6,96,247,3373
14570.6,86945.6,180.198,75,298,3369
3720.82,540.603,-885.62,4,43,52
6176.44,4331.9,-736.66,13,106,318
6648.22,13642.7,-933.771,176,96,804
5782.42,3995.87,-646.712,82,88,318
4081.42,1446.19,-831.577,128,52,133
14342.2,104788.0,-4990.0,135,269,4518
6374.22,8158.15,-1650.8,15,108,549
4426.21,6270.03,-214.0,19,67,481
4374.92,6488.92,-85.754,21,68,481
7661.17,7536.82,1076.15,108,95,427
4188.67,533.262,1257.1,26,65,35
15103.1,251419.0,-4106.16,102,346,7851
11938.6,53609.3,-4265.31,154,218,2391
7006.13,13576.9,-1483.92,26,96,804
4613.45,3034.78,-837.874,104,67,224
7680.0,25458.0,-3902.0,43,142,1622
6265.55,4204.93,-267.67,26,100,294
4833.93,1157.77,-1336.3,22,66,101
11364.4,43360.2,-4588.2,148,223,2059
3677.26,564.941,-551.16,15,43,52
5903.78,4148.31,-1358.82,81,88,318
4196.7,1644.82,-509.03,10,61,134
13173.2,78189.2,300.064,60,272,3539
9230.68,26494.0,-2545.99,27,156,1364
5276.88,2617.73,566.94,13,81,169
3719.74,511.303,-680.55,0,36,35
6916.96,8676.9,-764.573,28,98,582
4526.22,1636.27,-1274.9,5,70,131
7034.7,6789.0,-3459.0,28,96,318
18976.6,290677.0,-10296.0,63,405,9961
3703.2,716.877,480.25,28,58,43
4101.98,2336.83,-1000.3,11,63,184
3748.58,558.214,-8.5349,14,43,52
14130.2,142552.0,-912.185,172,308,6057
7179.08,12688.1,122030.0,133,123,726
7645.13,14971.5,-2537.85,99,131,971
3842.94,1215.73,-758.74,9,55,88
8045.99,8730.0,1136.8,32,144,553
3735.57,467.715,-727.85,1,36,35
14347.8,98892.4,2538.88,176,281,4061
9021.98,10808.9,-3329.28,150,160,555
3651.1,766.858,-328.88,7,31,53
3673.12,531.004,-723.81,5,43,52
13224.0,80382.7,1208.92,47,272,3539
7259.05,17476.0,-1468.7,8,128,1065
6048.38,5295.57,-503.502,81,86,367
23447.3,292238.0,2343.43,299,540,8870
3747.39,2164.22,-486.597,6,43,161
16494.7,160657.0,-2519.47,228,352,6744
6099.07,4614.55,-519.05,19,100,294
3583.35,398.575,654.8,11,54,28
10712.8,57843.0,-6038.0,37,251,2977
22168.8,410581.0,1753.62,62,473,14125
4979.66,5284.0,-1162.0,22,72,365
8910.44,17284.0,-1500.35,22,142,844
14232.8,119781.0,-8173.0,46,271,4724
6287.46,1925.68,-1080.88,9,84,136
4317.97,723.941,-344.04,24,58,43
12479.7,98417.0,-6600.0,24,249,4152
8016.16,5070.0,-3040.0,10,131,293
8476.92,4794.27,353088.0,99,131,271
12778.0,64801.0,-5552.0,29,246,2679
10483.2,26165.0,-1620.24,130,172,1412
13801.3,98485.8,6852900.0,220,281,4061
3864.16,382.038,961.61,7,54,28
4469.12,1969.68,-787.463,114,66,166
9264.97,39015.3,219.842,81,196,1885
14001.6,81527.4,-5844.34,41,272,3539
3665.12,519.505,-734.73,5,43,52
3403.46,674.705,-322.09,6,31,53
12903.8,36770.0,-3107.93,123,234,1581
4135.71,1541.61,-756.68,4,55,133
6003.88,1116.59,-1456.0,6,57,76
4682.06,1614.9,-1574.7,5,70,131
4560.05,2001.03,64.354,20,75,165
8083.08,21708.0,37790100.0,122,139,1108
10717.5,51458.5,1001.42,119,209,2534
3589.62,558.594,-229.85,14,43,52
4333.4,6524.7,160.55,30,68,481
5502.14,1989.08,-1352.9,10,77,165
8551.6,16430.7,16530.3,24,142,844
8787.49,29620.0,-4037.0,19,173,1575
4774.42,6133.32,195.81,19,68,481
14718.7,69122.7,142673.0,37,325,3143
7053.49,17218.9,-2297.9,19,125,1014
10285.8,19381.0,-3283.0,74,124,622
8096.83,13672.5,-2437.9,36,170,771
25199.8,299183.0,-545.466,292,540,8870
3736.44,541.769,-526.87,4,43,52
5498.0,3580.3,37318.4,54,85,269
3853.13,369.632,1133.5,11,54,28
3975.4,2209.46,-1046.48,182,54,165
11978.8,33776.7,1844.3,49,210,1213
7136.15,13938.0,-1235.93,103,120,809
12210.9,52519.9,-6887.85,189,288,2334
6977.83,4124.0,-3333.0,47,112,292
4339.08,539.613,-99.685,29,65,35
9269.49,33880.0,-3908.0,72,168,1865
3631.32,457.096,-787.04,0,36,35
3790.58,543.585,-1010.7,2,36,35
8638.79,15592.0,-3924.0,32,149,848
11700.8,23200.9,-1610.39,40,176,1313
10696.4,29354.4,-3287.78,62,194,1521
3799.82,544.032,-559.27,5,43,52
5882.47,5316.62,-1189.7,12,105,371
15695.8,82407.9,-1131.02,278,320,3466
10257.1,82602.0,-4862.0,29,190,2966
6174.05,4039.39,-900.17,16,100,294
5659.04,4368.51,-735.872,22,88,292
17269.4,144801.0,-10782.0,80,397,5853
6335.46,5659.32,-1386.67,18,99,321
13475.1,96252.7,1084.98,181,273,4429
4600.63,6188.0,-115.98,19,67,481
5004.56,1984.52,27975900000.0,116,66,166
6184.06,21232.2,-2436.29,42,128,1255
14365.1,89277.6,1162.09,53,291,3799
9251.89,20221.2,2445.7,77,163,1162
10563.1,37117.8,-1232.56,106,205,1751
15354.2,116772.0,-9317.0,69,362,4351
4955.22,3712.59,-1652.2,40,79,292
6057.99,5134.93,195816.0,10,99,321
11314.0,41750.1,14102.2,156,227,2059
3939.1,2516.14,-1362.8,18,63,184
4251.83,6014.9,271.09,23,67,481
8813.79,41917.0,-4555.0,45,187,2379
3860.48,740.0,-1710.0,6,51,64
4434.09,1042.3,-723.09,28,62,102
12438.2,38526.3,1882.01,36,235,1818
5618.11,1512.92,-1385.07,42,71,103
9994.89,23436.0,-1011.73,43,176,1313
10534.7,27672.7,-195.872,65,194,1521
19681.7,334145.0,-8994.0,89,457,11881
3217.42,670.227,278.06,5,31,53
5747.94,4808.5,-156.151,63,86,367
9815.82,10425.8,-1933.6,100,154,587
15401.1,29033.0,-1936.0,59,152,978
5106.9,3273.04,-1681.7,21,70,205
13009.2,49986.0,-6042.0,51,241,2255
8389.32,25348.7,-148.563,34,157,1519
8393.12,25818.0,-2760.0,37,171,1261
8011.43,12102.8,465491.0,117,130,694
15185.4,225061.0,-10719.0,49,393,8734
7109.45,12621.7,156849.0,142,123,726
5232.83,4161.48,-965.817,18,79,317
6844.56,7147.63,-1554.95,20,118,426
4988.65,3936.0,-1846.0,10,78,315
7027.26,9305.0,-2823.0,15,117,553
15446.6,79636.4,122916.0,260,336,3302
8813.64,25121.5,-1665.96,32,157,1519
6173.29,4200.43,2426010.0,12,88,318
7329.37,15991.0,-2582.0,19,159,889
5229.85,2314.0,-2097.0,7,81,184
11258.5,31800.9,-419.217,40,203,1580
5355.01,2235.08,-598.69,3,75,165
9654.12,37288.0,-4180.0,14,178,1694
12110.7,54229.3,-1107.0,43,220,2461
15831.4,119744.0,-7784.0,54,348,4824
11350.7,40839.3,-1380.95,56,180,2054
12181.7,52569.8,-661.899,150,218,2391
6311.59,3489.42,823.54,17,101,206
4097.13,1682.49,-1048.7,9,61,134
5793.37,2522.83,-589.75,14,65,202
4717.05,1056.54,-180.02,15,62,100
4785.7,798.625,-1822.1,8,54,64
5526.08,3685.43,-1220.37,10,85,269
11962.7,32474.4,10930500.0,49,203,1580
4158.35,405.557,1009.4,11,54,28
4972.75,1155.33,-808.729,32,64,87
3533.79,664.944,381.45,5,31,53
9678.3,22859.5,7984240.0,188,145,1156
7122.13,8946.55,-1772.95,78,95,543
8752.69,12297.9,108306.0,85,128,693
12391.1,74017.0,-2762.04,33,249,3630
11768.5,43710.6,-4844.99,157,223,2059
5916.95,4993.02,700.587,47,79,292
6872.78,13288.2,-747.653,17,96,804
8092.9,9877.02,-1824.64,205,130,490
6878.34,7161.59,-1228.77,77,118,426
20421.5,124223.0,-10384.0,82,436,4628
6915.78,13443.2,-957.155,190,96,804
13617.2,92746.5,-5047.33,218,254,3885
7733.85,11215.0,-2248.0,12,144,692
10256.8,21975.4,-1519.05,128,150,1019
5059.43,3845.0,-1868.0,7,86,273
9901.34,17405.9,107720.0,95,183,931
16304.2,329097.0,-10586.0,83,418,12027
9610.66,30420.3,-731.134,42,171,1747
5889.18,7151.62,144.022,50,104,457
12384.1,71084.0,-6070.0,36,266,3045
7718.53,9742.16,-2011.71,93,123,621
3477.01,701.083,-405.89,3,31,53
17238.6,76475.0,-9840.0,47,358,3140
21891.8,253713.0,-14229.0,79,484,8345
12052.1,37899.4,4414.04,27,235,1818
9754.0,14854.3,69361.0,97,143,771
4392.85,797.211,-1204.0,13,54,64
18456.5,309079.0,-10674.0,339,448,10961
13460.7,87303.1,-3190.38,57,291,3799
12939.1,47786.7,493.591,179,273,2061
8418.49,10420.0,-2232.0,39,110,401
14214.0,84367.0,-9093.0,56,318,3630
4304.14,1426.0,-746.0,5,66,113
8910.43,12388.8,1460680.0,118,136,619
7029.83,11699.0,-4529.0,48,122,694
8494.38,14114.4,26300.5,98,140,845
5086.39,3130.16,-2404.7,4,65,202
5781.94,2225.74,-755.641,29,82,185
11539.5,31909.0,78117.8,152,203,1580
10826.4,35365.1,-734.38,25,208,1691
14747.0,101507.0,-601.329,45,283,3965
11882.8,54163.8,694.963,117,209,2534
5892.68,4130.16,-1422.6,82,88,318
6792.5,18539.0,-3188.0,72,127,1201
17573.4,268551.0,-10935.0,63,481,9959
12483.4,50166.0,-6551.0,149,249,2393
9509.83,32587.4,2096.73,111,176,1922
13255.6,60740.1,522.741,149,214,2600
4999.83,6100.0,-2812.0,74,93,484
8385.09,15574.7,-2929.1,30,141,932
4867.2,553.509,613.48,19,65,35
13087.2,66617.0,-5922.0,176,259,3057
9598.6,26050.5,-514.271,29,174,1415
14675.5,89756.4,390674.0,281,254,3973
5426.57,3607.76,11599.2,7,85,269
11552.4,66836.7,-4924.04,43,243,2902
12028.3,99935.0,-7819.0,39,265,4521
12545.8,47917.9,-4807.4,35,217,2056
4418.2,978.673,-696.96,4,55,88
12418.5,73447.4,-4648.94,29,249,3630
13221.0,65669.5,4834.8,36,279,2979
4092.08,1628.95,-890.27,8,61,134
23170.7,516883.0,459549.0,370,540,18067
3789.3,561.34,-475.26,6,43,52
4160.12,2327.35,-1313.1,21,63,184
4363.3,2039.45,364.78,20,75,165
20928.5,268693.0,-7888.0,77,456,8740
10782.8,57843.4,-340.628,320,217,2904
9919.75,20443.4,724.619,25,157,1113
4301.77,5992.78,-201.88,18,67,481
11878.0,53702.7,-662.43,47,220,2461
3375.3,1409.09,-627.122,1,40,100
5614.62,7645.66,-908.71,11,99,583
5747.48,7700.41,-771.27,14,99,583
4421.0,1770.47,-878.44,8,66,164
23564.5,259844.0,3727.04,289,537,8350
6016.12,5208.19,-1044.9,7,105,371
10792.4,78723.0,-5929.0,109,256,3971
10094.3,12111.1,103923.0,40,136,619
23429.4,238149.0,-9215.0,54,451,7840
12315.4,108070.0,-5844.0,35,299,4521
20748.6,153557.0,-3535.22,328,449,5537
9722.7,17089.8,-2828.92,152,172,973
20155.7,197060.0,-914.489,232,403,6746
10589.6,37166.5,2080.91,33,196,1997
10648.4,53818.0,-5324.0,31,198,2671
13119.2,50476.4,-3587.04,140,215,2188
19076.6,188278.0,-6897.0,47,372,5963
15263.9,85403.7,501.667,97,301,3369
4720.61,6381.19,267.9,16,67,481
7700.28,14209.7,1158700.0,89,131,971
6902.78,7723.48,-3203.3,11,117,427
4110.33,2412.96,-1042.6,29,63,184
16726.4,143687.0,7334390000.0,303,362,5847
10848.0,38699.0,-783.193,214,193,2118
3640.84,525.858,-486.81,12,43,52
7231.55,5658.84,-1245.33,41,79,292
3750.2,1966.68,-412.992,7,43,161
22828.0,516187.0,-12087.6,329,540,18067
22071.4,409639.0,214599.0,62,473,14125
20253.7,412580.0,-9850.95,103,458,14125
13551.9,52667.6,515.046,178,288,2334
4201.33,392.093,1218.7,11,54,28
5864.13,4150.93,910.06,26,100,294
17521.2,86275.4,6699.4,82,340,3632
12034.3,54938.9,-2344.5,50,220,2461
11864.8,49402.8,-4473.05,218,262,2394
4693.58,2308.0,401.98,18,75,165
8105.83,21194.6,-161.93,37,143,1203
9340.83,28739.7,653964.0,131,179,1626
4231.61,485.643,470.09,18,65,35
3701.72,544.774,-602.72,12,43,52
12385.5,37558.3,-5149.74,201,225,1755
7276.97,12589.5,-1707.92,19,123,726
7423.4,10652.2,-977.237,47,101,584
8343.22,9258.36,74339.2,20,138,554
13801.9,165321.0,-3836.1,44,320,6391
3343.73,693.401,-6.1274,5,31,53
20455.5,409780.0,-10240.5,55,473,14125
12233.2,54162.3,-1837.2,49,220,2461
4001.49,2203.07,-1130.92,51,54,165
6513.35,10299.4,29.3866,24,109,689
8630.3,19705.6,-1329.43,27,142,1025
4604.15,2782.85,-469.9,17,65,202
12192.7,32666.0,3081.6,56,210,1213
14043.2,91950.0,-6274.0,81,283,3719
3612.17,539.077,-424.1,14,43,52
24937.8,374898.0,-8338.0,103,509,10836
3923.09,2553.46,-1099.7,9,63,184
11880.5,35722.0,-7190.0,39,230,1750
11925.8,70391.0,-3668.0,57,239,3132
4626.27,6355.52,-216.43,16,68,481
4183.54,1120.04,-955.765,52,57,76
3474.86,1359.07,-593.958,2,40,100
9533.11,16894.9,-1449.82,25,142,844
6958.08,12050.2,-1007.96,10,105,765
15787.1,156271.0,1239.1,97,310,6737
5293.08,4752.81,-1531.05,26,85,343
21799.5,380879.0,-10542.0,136,500,12495
6998.46,6972.29,-298.621,102,95,427
4889.9,1579.77,-1436.7,5,70,131
12565.0,58077.0,-6112.0,38,231,2606
23088.0,516898.0,3709260.0,312,540,18067
12881.7,72868.8,-1972.29,36,262,3211
11160.0,57923.7,-1396.82,161,217,2904
4454.48,2872.38,-189.22,16,65,202
3197.61,595.922,-83.489,17,51,45
6034.49,10981.1,-433.465,32,102,764
4278.19,517.313,110.51,23,65,35
11908.2,78689.6,-5886.64,39,272,3539
13251.7,149712.0,-6875.0,133,287,6499
3425.01,1284.53,-539.512,29,40,100
13773.0,90104.0,-1699.99,280,254,3973
16721.2,160799.0,-2780.97,258,352,6744
13343.3,158569.0,-7545.0,29,283,6727
8752.89,27637.2,-3038.93,165,158,1403
4684.45,2389.26,-573.0,5,61,184
5541.24,4243.91,-1365.74,18,88,292
5865.5,7762.19,-870.78,19,99,583
10814.1,34943.0,-3929.0,5,209,1694
11708.8,60976.0,-6453.0,25,255,2828
8929.77,8805.49,-1954.5,99,147,520
8365.73,25212.9,-721.009,123,157,1519
9393.36,39139.9,5451.11,69,196,1885
14347.1,53547.3,-651.994,52,288,2334
5126.51,3361.24,-936.277,19,76,269
5902.91,6371.0,-1049.0,272,95,429
9724.98,38298.3,-3803.97,45,180,2054
12503.2,54103.0,-5672.0,83,199,2186
4155.0,6122.28,-411.84,11,68,481
15156.4,100056.0,-3475.49,38,281,3974
9363.55,25343.0,-3869.0,39,175,1364
6908.44,7817.66,-2586.6,13,117,427
4758.47,2854.31,-1202.32,119,77,244
5618.42,7474.44,-1370.37,103,104,457
4826.71,2835.38,5920.01,92,67,224
11196.2,68489.8,114062.0,47,247,3373
10861.3,49148.5,-1635.8,76,190,2118
4202.89,780.274,-1903.5,13,54,64
8062.21,4888.01,-933.96,34,131,271
5630.95,3117.91,-1442.3,11,94,224
7950.06,9796.1,-2926.31,180,135,587
12350.7,39062.0,-929.684,191,219,1875
7879.02,9374.24,-945.792,200,107,517
8713.94,38005.0,-4203.0,57,209,1993
4786.72,3384.54,-951.201,18,75,269
8725.32,8932.84,1009.9,35,144,553
8130.8,9670.0,-3916.0,188,126,519
10114.7,43021.9,-1340.27,129,197,2257
3580.59,679.948,206.81,4,31,53
5662.83,2523.39,1.0754,16,81,169
6922.31,6987.67,-1254.9,19,118,426
4227.1,2633.94,-760.01,21,65,202
4659.88,6529.64,-450.75,18,68,481
4622.85,2799.18,-391.9,31,65,202
3502.05,434.433,-659.8,1,36,35
5518.49,4285.92,-1050.1,18,79,317
9296.83,20197.7,-3257.78,101,163,1162
4381.57,6377.78,-268.71,15,68,481
27940.6,1201810.0,-16063.0,124,616,32530
5297.71,3498.6,-658.832,136,51,132
11971.9,71392.0,-862.627,173,262,3211
16075.1,78917.1,-1112.5,122,223,2059
9185.89,17210.7,-3357.06,36,183,931
10022.9,20326.5,136807.0,23,157,1113
7461.05,17578.7,-1186.9,14,128,1065
3680.64,548.225,-644.31,5,43,52
4563.42,2231.24,-1605.7,12,71,188
7879.99,9164.41,-558.466,87,138,554
13336.8,42294.5,-5487.23,242,278,1938
4849.89,2025.3,-968.58,3,75,165
16613.0,200678.0,-7878.72,153,390,7459
3979.68,695.998,468.99,19,58,43
11524.9,61322.0,-4701.0,80,203,2671
12259.0,74795.2,-4970.06,29,249,3630
9708.74,27247.6,250237.0,98,166,1414
7809.34,8875.0,-3125.0,14,121,487
14990.1,59460.8,-1755.8,157,305,2610
5071.51,2786.95,-663.839,82,67,224
3502.4,604.143,172.49,13,51,45
7634.45,13806.2,-112.1,16,127,802
19712.3,411457.0,-9711.76,60,473,14125
10345.8,15966.0,-4008.0,55,140,692
6055.46,1618.32,-1146.83,32,70,103
7053.42,9343.07,-1827.7,202,138,554
9332.0,12147.2,1005.0,23,152,693
3661.09,559.614,-518.71,7,43,52
9481.82,20884.9,-2789.39,109,163,1162
10863.2,32305.8,-4331.03,130,203,1580
7794.48,8848.98,1632.8,21,130,515
14991.7,77067.5,-2398.79,273,336,3302
6215.34,3497.2,422.32,19,101,206
11060.9,44372.0,-3962.0,68,208,2055
8377.83,4659.46,-1223.69,98,131,271
3747.97,480.963,-955.98,1,36,35
14006.1,210295.0,-6630.0,261,361,8333
9213.29,12473.5,-1271.0,119,136,619
15710.6,93927.0,-8387.0,152,321,3224
4484.39,1006.14,-1136.1,14,55,88
9602.69,19717.0,-4447.0,29,187,1069
11711.7,52348.8,-757.065,147,218,2391
4566.01,520.739,-248.17,25,65,35
10015.3,10738.4,-964.848,241,154,557
3752.27,595.588,-553.49,5,43,52
11496.8,22004.0,-5297.0,116,204,1070
9753.68,28589.0,-7243.0,24,177,1578
7826.38,9380.83,-2660.96,183,135,587
8751.63,14889.0,-4903.0,15,160,769
6406.53,3505.99,1012.0,17,101,206
6919.05,7479.0,-1608.0,10,107,400
6367.78,8368.35,-1682.2,11,100,551
7773.55,9214.83,745.49,18,130,515
21946.5,515236.0,-7217.6,367,540,18067
5244.27,3247.0,-783.0,11,86,246
11855.9,104601.0,-5846.0,34,262,4623
9411.57,12208.8,305.47,23,152,693
12649.5,45871.5,23.2089,153,273,2061
14617.1,95056.9,11376.1,257,294,4249
13851.0,97433.0,-6459.0,85,270,3796
9649.24,24575.7,-1156.24,39,177,1313
10410.6,28503.0,-1297.57,57,194,1521
18985.8,148625.0,-7334.0,68,377,4929
4147.79,2330.88,-459.58,22,63,184
15604.0,40779.0,-4237.0,67,278,1583
3885.95,630.998,-55.585,16,58,43
8691.28,14559.7,132303.0,94,140,845
4339.98,6189.43,-56.587,45,68,481
14794.0,135930.0,8983.86,53,279,5626
14439.4,52278.0,34514200.0,69,288,2334
15027.6,160424.0,1938.9,126,310,6737
16150.3,251012.0,-9368.0,85,409,9406
10178.9,32119.0,-713.394,102,176,1922
4929.7,2094.04,-747.81,3,75,165
7975.1,14628.5,-516.184,93,131,971
9270.5,39513.1,-4427.4,67,196,1885
4504.99,1033.46,-756.6,28,62,102
4241.23,1019.69,-931.64,28,62,102
6098.04,11188.6,6084.38,247,102,764
15377.2,166392.0,-5319.72,49,320,6391
8989.41,26469.3,1121.7,20,156,1364
5974.09,3979.22,19.293,11,100,294
4516.43,2881.43,-346.17,19,65,202
3915.51,1197.65,-755.75,9,55,88
8765.43,26176.9,-1309.9,27,156,1364
4564.68,2602.5,-739.52,12,65,202
12196.8,52596.9,-1797.9,148,218,2391
8790.51,28364.5,-1413.58,114,132,1513
14973.2,135802.0,6236750.0,199,279,5626
7685.07,12010.0,-4346.0,39,150,655
16588.9,157999.0,3695.2,92,310,6737
4465.66,1347.86,45.176,17,59,101
11110.0,70438.0,-6441.0,80,243,3292
5533.83,4402.95,-514.86,16,85,346
16989.3,143944.0,310.951,302,362,5847
4442.31,1906.5,-354.81,12,75,165
4279.44,1664.34,-731.52,10,61,134
9896.2,24673.6,-543.238,50,177,1313
11215.0,50006.0,-5919.0,55,194,2457
9834.78,26439.6,-1752.26,165,158,1403
15920.5,93662.0,-8739.0,40,336,3550
9005.18,29189.2,2814.77,36,179,1626
3953.17,635.078,-234.79,16,58,43
6389.31,3816.02,1212.2,27,101,206
20305.0,205183.0,130.987,156,390,7459
4475.69,727.543,-963.65,16,58,43
20392.4,346219.0,-2117.19,269,440,10967
5679.29,4319.9,-1206.15,17,88,292
9844.34,18248.0,-5575.0,101,205,939
15347.6,156326.0,3919.1,103,310,6737
3855.76,2158.04,-803.337,20,54,165
4829.67,2638.82,-957.62,17,72,205
5360.99,6627.0,-2032.0,6,68,368
5940.94,7775.33,129007000.0,12,104,457
4541.05,2219.13,180.71,17,75,165
5293.75,1088.43,-1469.0,2,57,76
18480.3,122999.0,-9476.0,190,439,4443
4844.76,3780.02,-1647.06,24,79,317
9383.41,34788.2,5300870.0,36,148,1919
14649.9,68975.5,48498.0,34,325,3143
15411.3,88303.8,4243.9,74,289,3710
4942.31,3136.24,-583.588,164,71,249
3214.7,614.51,-35.947,13,51,45
7546.03,13279.1,355.746,117,170,771
9252.92,11756.7,-614.956,132,156,654
12925.5,36683.9,-1903.38,206,225,1755
6383.39,22394.9,87233.2,82,128,1255
15629.3,167099.0,-2520.09,39,320,6391
3652.53,2097.94,-1737.7,2,61,184
17625.2,154695.0,-4217.09,213,359,6068
3663.26,461.371,-845.52,3,36,35
4178.19,2352.86,-1200.2,19,63,184
8304.84,9667.76,2664.9,39,144,553
15029.3,102358.0,12416.2,47,283,3965
22590.5,281100.0,-368.064,312,468,9276
14693.6,77799.8,-4001.24,126,223,2059
17549.2,164100.0,4236.29,209,352,6744
10119.2,35247.0,24677.6,186,208,1691
3690.66,577.051,-697.1,5,43,52
6457.93,11533.0,-2168.0,59,108,765
19104.8,158533.0,474311.0,166,359,6068
3482.92,672.357,423.61,4,31,53
12077.0,68227.0,2511.1,57,201,3289
4163.48,6098.13,-590.27,13,68,481
3796.95,689.007,-737.88,17,58,43
11574.9,69209.7,-3540.62,46,247,3373
4624.78,3048.17,-593.107,155,71,249
16276.5,293877.0,-8702.0,241,402,11270
6255.33,3559.15,805.79,17,101,206
14317.8,144608.0,-590.073,304,308,6057
10757.2,42983.5,246945.0,69,196,1885
5221.59,2077.12,206.64,20,75,165
20888.6,348499.0,-4462.56,269,440,10967
9470.23,30532.8,-3032.63,34,171,1747
4025.78,1631.41,-503.77,8,61,134
5411.9,1111.71,-1416.7,4,57,76
4825.05,2344.18,-828.74,2,61,184
3689.2,554.621,-687.65,4,43,52
20251.2,171099.0,-4181.16,340,449,5537
4852.64,2696.85,302.697,102,67,224
11969.8,91286.1,-5203.23,236,254,3885
6092.75,5309.81,-1068.9,8,105,371
6437.9,10888.7,322.634,16,102,764
6447.4,5207.36,-574.568,105,96,347
12528.8,63320.2,-4760.79,194,223,2822
7892.31,14376.0,-3533.0,18,134,808
5069.14,3043.07,-2416.3,4,65,202
10319.9,38337.9,-4740.54,205,219,1875
18962.5,144497.0,-12470.0,100,491,5539
13290.1,41981.6,-1560.43,243,278,1938
9554.22,38746.9,8810.79,75,196,1885
4729.12,2331.91,-134.03,24,75,165
7962.05,20053.2,514035.0,130,145,1156
4652.2,1014.62,-1117.2,24,66,101
3412.9,701.086,-263.64,5,31,53
5192.78,3141.0,-2237.0,24,89,223
3772.18,490.306,-827.49,2,36,35
3793.97,683.382,-1032.1,4,58,43
3667.53,389.379,547.17,6,54,28
16321.1,100742.0,-8039.0,62,328,3980
12084.8,36717.7,1399710.0,13,225,1755
8757.95,26761.0,84104.2,26,156,1521
3874.11,2086.59,-1054.2,13,63,184
8821.15,13954.7,-2100.72,282,170,771
6198.61,11247.5,-2035.02,148,111,651
5637.38,4236.11,-321.883,87,72,340
3697.33,518.702,-466.81,10,43,52
7495.8,11094.7,-2187.1,22,121,622
5659.05,2568.02,-3061.2,10,87,166
20255.0,274174.0,4864.33,51,420,9137
4702.15,537.733,-10.508,23,65,35
11826.1,32612.1,5631.1,64,210,1213
13322.1,104448.0,-8537.0,198,279,4334
12208.4,52328.7,-1124.8,152,218,2391
9813.32,32726.2,-3519.55,98,179,1521
7014.64,7336.79,-957.749,22,95,427
6079.25,5136.18,-580.83,7,105,371
10073.4,31856.3,163465.0,125,176,1922
22582.8,279297.0,328.394,75,468,9276
4212.04,612.326,-407.25,24,58,43
5225.12,1526.66,-19.201,34,64,116
22596.3,247200.0,96449.8,293,537,8350
3418.76,672.834,40.43,5,31,53
9679.59,26252.8,-133.571,150,174,1415
3794.65,496.91,-652.4,3,36,35
4108.25,415.411,753.89,11,54,28
4191.73,6308.21,-586.39,15,68,481
8159.19,8627.67,1514.9,36,144,553
15324.3,175107.0,-7108.0,51,363,6979
8209.78,33790.0,-3368.0,92,156,1744
4448.64,2603.05,-858.14,24,65,202
3422.79,687.629,-116.32,6,31,53
4542.19,2417.96,-1146.4,27,63,184
6762.14,17125.5,-2355.0,7,128,1065
5112.29,3126.49,-2438.0,4,65,202
9061.88,19869.5,8727.86,101,163,1162
8640.18,18392.4,-4452.1,14,146,891
12224.4,49498.2,-3224.76,225,262,2394
8270.07,20676.0,-3630.0,30,142,1256
17428.4,83362.2,5500.2,80,340,3632
14722.1,95151.0,-8205.0,35,280,3543
11160.8,37732.1,1269840.0,34,205,1751
15429.8,90832.0,2552.1,83,289,3710
3875.1,1203.19,-758.61,9,55,88
12199.5,40490.2,3022.32,64,278,1938
9840.6,21615.0,-3363.0,37,196,1116
12668.1,63695.7,2381.8,60,279,2979
8373.2,17980.8,6422430.0,207,133,890
8931.79,17110.7,-1379.11,23,142,844
14883.8,101859.0,-4094.37,46,283,3965
8966.99,13877.7,-1767.25,270,170,771
10117.5,34733.9,4257.18,204,208,1691
4571.07,3107.0,-991.79,37,65,202
7334.48,11451.0,-3473.0,35,122,730
4177.9,2247.24,-785.732,51,54,165
4588.04,2124.24,630.3,15,75,165
6057.7,8118.26,-3427.8,5,106,549
14833.0,96281.5,-2615.25,48,294,4249
4253.84,6148.85,92.12,15,67,481
18514.7,147541.0,-5145.16,76,362,5847
10150.8,37035.8,2961320.0,33,196,1997
20019.3,274420.0,3269.07,303,420,9137
16867.7,218414.0,-1580.56,258,336,8195
3535.07,447.691,-793.5,3,36,35
14970.0,91861.0,-7784.0,112,358,3296
9082.94,28181.4,-4169.46,55,194,1521
3800.49,567.446,-311.12,2,43,52
8695.14,26406.6,-1604.73,27,156,1364
12663.4,41501.4,-2330.71,42,278,1938
3500.89,571.704,-494.49,15,43,52
4288.75,547.811,618.38,26,65,35
11257.7,59315.0,-5338.0,114,211,2740
9453.45,13461.5,-612.269,105,148,729
6548.21,7248.81,1036.5,26,109,432
4402.31,2692.58,-554.81,16,65,202
3643.7,453.013,-890.55,1,36,35
8907.6,14694.0,-3037.6,90,143,771
8338.23,8679.52,1021.5,34,144,553
4278.14,6280.52,-604.21,15,68,481
11260.7,41702.5,-4005.9,47,227,2059
30414.8,949582.0,-17615.0,190,660,24673
8583.98,14333.6,19071.1,28,140,845
4273.25,2597.23,-1250.2,12,65,202
4441.36,981.251,-1168.5,14,66,101
15979.9,159819.0,2600.4,113,310,6737
21697.6,380332.0,-10475.0,55,421,11414
9213.08,18204.6,225882000.0,201,133,890
15188.4,157669.0,1983.0,115,310,6737
14388.4,49588.7,-1037.93,167,298,2196
18248.7,204973.0,-6908.0,50,395,5960
3950.89,659.562,-512.68,11,58,43
4081.98,698.336,-684.55,21,58,43
4660.25,3940.07,-291.441,19,88,292
4004.37,811.731,-2056.5,13,54,64
15482.6,181109.0,-8215.0,105,334,7577
9199.84,10936.1,-1195.0,46,156,654
9277.23,43233.9,-3247.4,16,159,2181
13373.7,78356.1,-8060.19,306,320,3466
6575.84,3432.7,399.56,21,101,206
3944.57,2197.17,-597.77,14,63,184
6591.1,4306.28,-2400.7,19,110,294
15230.0,99528.8,-3811.59,44,281,3974
11345.8,41358.6,611045.0,136,227,2059
14988.3,80865.7,2090.78,258,336,3302
14726.4,79194.0,-6063.0,33,265,3138
6824.87,7845.15,-2377.3,11,117,427
5031.45,3122.48,-2656.1,4,65,202
3864.33,2233.91,-504.643,3,43,161
11042.6,34998.0,-521.478,31,208,1691
4220.12,2540.63,-1196.1,27,63,184
7613.61,9457.29,-870.605,207,107,517
6499.82,6771.95,-803.066,107,95,427
13974.0,85519.6,498.768,51,291,3799
12138.7,94908.6,12956.9,187,273,4429
5877.98,1726.78,-1403.32,39,71,103
20831.8,210073.0,-7060.0,80,327,5215
13364.2,51992.1,42659.1,119,223,2059
8955.71,12803.3,-1470.61,37,128,693
8734.23,12003.1,-1011.22,65,128,693
4809.67,2441.77,-853.47,18,63,184
15567.9,160532.0,1906.2,123,310,6737
6487.9,4849.42,3269140000.0,58,86,367
15461.4,158076.0,826.58,125,310,6737
10827.7,32593.0,-5674.0,46,226,1633
4120.09,548.217,122.82,26,65,35
12895.0,59376.0,-6706.0,42,281,2541
5158.74,1159.75,-605.91,9,62,100
9614.95,10010.6,573966000.0,167,154,557
7000.4,13676.9,-3396.5,16,118,762
4050.65,649.039,-408.95,19,58,43
4717.4,1620.83,-1414.4,6,70,131
3430.63,717.385,-327.32,5,31,53
4306.35,3184.51,-1641.6,8,62,245
16003.6,136070.0,571035.0,163,279,5626
15584.7,100081.0,488216.0,45,281,3974
10346.5,48279.0,-545.754,67,190,2118
4761.06,489.121,67.106,24,65,35
4268.36,6620.63,-313.24,24,68,481
6709.65,10446.0,-1151.82,26,109,689
18253.7,218060.0,-2095.67,267,336,8195
4050.14,1456.39,-736.304,159,52,133
14563.0,85843.8,-1341.96,47,291,3799
3297.96,1274.88,492918.0,2,40,100
3657.7,558.644,-729.36,5,43,52
4199.39,2246.64,-774.36,23,63,184
5194.86,2168.58,-330.47,1,75,165
11531.3,45643.0,-6339.66,150,273,2061
22454.8,394822.0,-11308.0,140,459,11412
14679.6,112509.0,-9020.0,64,330,4528
8344.13,9589.1,-1058.32,101,123,621
4508.11,2148.63,-1712.3,12,71,188
6399.93,8147.34,-1176.3,13,108,549
5430.39,1054.32,-1097.4,6,57,76
9738.82,24449.2,-3477.73,123,166,1111
14809.3,90117.7,-1955.23,157,254,3973
4773.02,1583.22,-886.32,5,70,131
4066.19,1446.2,-840.977,128,52,133
11069.1,50373.0,-5704.0,7,150,1467
6867.27,7748.61,-3092.4,12,117,427
6237.76,5036.84,-814.759,15,96,347
9645.6,33493.0,-2914.0,41,184,1807
3886.69,389.514,1183.8,11,54,28
15479.3,216066.0,-4630.62,297,336,8195
8866.68,19528.9,51998.2,44,119,973
15628.7,166438.0,-626.844,60,320,6391
5721.01,4759.56,-1106.53,18,85,343
15333.5,100261.0,-3015.92,41,281,3974
3684.69,460.1,-800.17,3,36,35
16365.9,163939.0,-7157.19,203,352,6744
6015.24,5218.69,-1029.6,8,105,371
10873.1,57904.3,-413.01,319,217,2904
7728.97,14093.6,-522.8,9,127,802
3598.08,570.034,-70.121,16,43,52
20435.9,260889.0,-12173.0,66,457,8864
4048.77,2093.54,-2028.1,4,63,184
6269.6,7493.86,-955.084,79,93,545
9702.52,24448.9,3677540.0,44,177,1313
9406.95,39911.9,-3411.59,69,196,1885
3883.24,566.678,-626.62,5,43,52
20708.8,184847.0,-9631.0,153,408,6182
3700.97,554.916,-541.44,5,43,52
9760.58,28111.6,-1502.75,170,158,1403
14163.3,90872.4,-2640.61,214,254,3973
23240.6,579178.0,-15238.0,443,549,16588
11696.1,52790.0,-4227.0,42,226,2749
6813.62,9727.49,1267.4,19,115,547
4243.8,1933.1,-286.47,195,63,166
7385.52,9409.41,-2503.5,18,135,587
4242.19,530.125,408.09,25,65,35
4239.68,1065.13,-1144.6,19,66,101
10073.4,20284.9,-1526.17,211,157,1113
15713.0,191942.0,259367000.0,79,286,7322
4582.8,2614.43,-817.08,28,63,184
7706.71,12042.4,71623.4,114,130,694
15955.6,157975.0,1039.9,114,310,6737
3817.34,580.751,-142.95,15,43,52
8001.35,20240.2,930.23,30,143,1203
15135.3,81486.1,5024.06,65,320,3466
4000.26,2228.21,-1033.66,182,54,165
8258.43,9695.99,1142.9,42,144,553
4867.18,2873.87,-777.372,113,67,224
3537.01,689.086,213.68,6,31,53
3788.2,1186.33,-1229.3,9,55,88
3606.23,588.399,-325.64,14,43,52
4493.79,2503.81,-876.7,29,63,184
5814.1,1077.15,-1944.7,6,57,76
12347.7,58185.5,-1025.29,193,223,2822
8836.71,27054.1,-2068.9,40,156,1364
15522.5,99860.6,1367.6,132,281,3974
13001.8,67021.1,2756.4,173,325,3143
3926.57,673.867,-508.91,9,58,43
8671.01,20219.8,-2262.75,28,163,1162
4928.0,1800.55,-1432.81,171,76,147
10623.3,33413.0,-4174.0,132,161,1523
8958.95,14106.8,159760.0,101,170,771
15173.6,112122.0,-6748.0,42,308,4156
4474.68,2046.15,2871.5,5,63,166
7998.62,8879.0,1932.9,38,144,553
12888.4,171016.0,-6821.0,63,299,7334
22113.8,350457.0,-1370.88,275,440,10967
9348.37,26558.3,67820.1,138,158,1403
8673.06,14815.0,-2746.0,25,149,851
9384.25,24920.5,-3661.02,112,166,1111
7600.08,11066.6,-2315.1,19,121,622
13245.3,89249.0,-7661.0,51,267,3889
19416.5,225400.0,-9813.0,71,378,7096
11796.9,56056.3,-1590.72,175,209,2967
21006.5,407788.0,-45.0708,90,467,14125
4557.76,1028.33,-595.53,28,62,102
3884.19,2125.3,-585.079,23,54,165
9544.2,34331.3,1062.45,118,176,1922
7069.11,1993.88,195391.0,24,84,136
18041.8,189619.0,-7539.0,54,387,6862
8214.82,31749.0,-4094.0,29,161,1868
16657.5,163852.0,-1446.81,219,352,6744
10292.7,43011.9,-825.763,114,197,2257
25162.4,423321.0,-12982.0,417,572,14146
15657.3,49546.9,96779800.0,166,273,2061
23258.5,362574.0,-13808.0,105,463,8476
19450.7,205913.0,1380.14,152,390,7459
11046.1,40932.0,-3835.0,43,182,2051
3447.38,581.317,-106.35,16,43,52
3258.08,681.803,-300.64,1,31,53
14923.5,88181.7,-3941.83,102,301,3369
7915.64,12235.0,-1207.24,212,105,765
6665.57,10377.0,-2538.0,72,117,727
5902.5,13188.0,-1520.6,16,103,883
10663.4,34451.5,-5237.62,146,234,1581
3916.68,626.172,-526.96,17,58,43
4697.36,1631.67,-1542.3,6,70,131
6507.56,10336.0,-1987.0,20,114,654
28544.3,860196.0,-19382.0,153,802,23158
15685.2,76400.3,-931.041,253,336,3302
7683.9,26211.7,-1178.34,135,156,1521
5335.88,1565.48,453372.0,12,76,147
14971.1,92023.0,-6598.0,67,335,4068
10291.7,26949.3,40246.9,143,172,1412
16622.9,178725.0,-1681.13,274,367,7087
4055.95,1180.78,-448.49,2,59,101
11582.7,68802.1,-2990.94,49,247,3373
7153.72,17190.5,-1420.8,17,125,1014
4847.32,3138.79,-1972.8,16,70,205
5667.49,1133.03,-1201.8,8,57,76
21682.5,317300.0,-10970.0,84,449,9827
14662.4,91919.0,-7262.0,56,329,3979
4562.86,2658.4,-1577.2,18,65,202
4876.8,2029.87,-106.69,4,66,164
3858.08,381.374,953.05,11,54,28
7220.02,4082.11,-668.944,85,101,249
5822.14,3355.85,-646.811,155,71,249
6825.78,5084.08,-1387.8,186,107,346
11122.7,61048.0,-6282.0,12,214,2325
18436.7,232931.0,-14768.0,191,456,8877
5683.15,4800.58,-1228.56,18,85,343
15561.2,94473.0,-11955.0,196,398,3988
4024.03,704.498,-286.76,17,58,43
4037.76,648.742,-601.11,17,58,43
3791.6,565.299,-768.44,6,43,52
4839.98,1198.19,77.663,8,62,100
6504.45,6125.21,-1023.22,7,95,372
3845.08,1218.43,-941.64,9,55,88
4706.77,6572.62,-377.53,24,68,481
13179.3,95175.7,276857.0,160,273,4429
4263.5,6230.2,-229.82,13,68,481
3358.26,1306.6,-95.4212,43,40,100
13598.6,45565.0,-6352.0,54,263,2060
3852.41,487.074,-967.41,3,36,35
17481.9,168521.0,2738320000.0,58,352,6744
5929.41,4630.41,-1741.2,15,98,294
9661.43,36137.4,-2234.11,32,196,1997
18610.6,147299.0,-2748.14,323,449,5537
24514.4,317109.0,-10145.0,110,511,11126
4011.14,657.588,-769.35,9,58,43
15631.6,100395.0,-3656.21,32,281,3974
4063.23,416.463,850.66,11,54,28
6880.26,5603.88,-431.582,98,96,347
3689.09,467.221,-638.68,3,36,35
6378.58,7376.59,-1532.3,78,93,545
9092.02,30430.5,-1510.65,44,132,1513
5944.57,7556.65,-510.51,13,99,583
11025.7,35547.4,-5120.93,135,234,1581
5411.79,4895.89,-1427.79,19,85,343
17329.7,172124.0,104189.0,256,403,6746
6446.49,5354.28,-1164.2,13,99,321
15932.9,167317.0,-2315.86,57,320,6391
9666.04,22796.9,-1598.01,82,139,1108
12282.0,67246.0,-4383.0,63,249,2903
3906.83,2310.78,-1126.3,12,63,184
3707.13,475.473,-885.61,2,36,35
6088.89,4382.42,143.1,23,100,294
4406.74,2575.96,-1188.8,11,65,202
4223.55,1185.34,-621.67,9,55,88
3499.34,699.823,-276.02,7,31,53
4209.25,2363.47,-559.52,11,63,184
15671.5,192036.0,-9131.0,104,327,7097
4183.69,438.839,917.58,11,54,28
5730.24,12724.8,-1789.0,16,103,883
9766.04,34465.4,37599.7,110,176,1922
5887.22,4107.95,-1224.22,80,88,318
5743.9,3670.0,-2710.0,11,96,273
5326.8,4370.64,-1504.5,20,88,292
5084.63,2800.16,-1191.74,16,77,244
5037.55,3122.76,-2545.5,4,65,202
4141.44,675.493,-240.19,12,58,43
8940.92,16976.1,521217.0,199,133,890
9261.02,9236.8,-1641.95,99,149,553
9648.27,39773.0,-3766.64,79,196,1885
11342.5,14557.0,-1407.0,225,170,732
12962.1,54520.8,10127.4,124,224,2192
6719.11,8757.76,-883.295,4,95,543
5630.79,2524.24,286.13,16,81,169
12340.5,54893.6,-510.76,46,220,2461
6330.31,3571.62,1361.0,20,101,206
5092.31,3146.78,-2665.4,4,65,202
11706.5,49293.2,-3875.25,51,198,2258
5147.82,2165.4,-619.34,9,66,164
4593.68,2187.03,-1212.5,12,71,188
4298.29,541.331,553.54,23,65,35
9854.8,30085.3,-719.469,40,171,1747
6647.43,1860.81,-1197.68,9,84,136
4559.57,6164.35,29.95,20,68,481
6368.67,4783.93,-1969.1,15,107,319
5539.62,4347.54,3658.93,20,85,343
3992.14,5675.38,-565.44,20,68,481
7018.08,14490.0,-2217.0,71,134,888
7659.42,7029.54,-1183.74,106,95,427
12633.9,73636.8,-1830.08,28,249,3630
14537.8,99686.5,-3822.64,46,281,3974
15615.4,90455.5,3867.5,83,289,3710
4624.11,2169.96,-46.547,11,75,165
7949.65,15667.1,-978.376,89,134,970
4223.2,1718.89,-121.11,6,61,134
14050.2,60594.5,-1777.83,134,215,2188
12613.4,52181.0,-6697.0,76,203,2187
8209.17,16929.1,955.522,174,133,890
6265.09,4805.47,-2121.7,15,107,319
4126.0,1318.04,-760.72,1,57,129
11490.0,32794.2,3557.9,64,210,1213
10332.0,36349.9,-4664.53,187,208,1691
9807.5,33422.5,-694.334,115,176,1922
3750.61,643.932,-603.12,24,50,42
9063.59,13733.0,-4577.0,30,171,764
5932.89,7610.86,4417.44,11,104,457
3805.19,375.629,533.37,5,54,28
5289.95,3406.47,-748.416,136,51,132
20358.7,204264.0,-7669.75,153,390,7459
12259.6,33011.2,3168.6,51,210,1213
7012.43,7480.09,23727.5,24,93,545
13211.1,132082.0,-4671.0,110,269,5619
5680.57,4595.22,-1260.2,15,98,294
4624.11,2385.36,-1363.0,4,61,184
8981.52,16796.1,-1419.52,21,142,844
18431.2,159677.0,50324.2,197,359,6068
15238.5,88150.8,5496.4,74,289,3710
20845.6,157027.0,10948.5,302,449,5537
12264.2,36780.6,-2850.17,201,225,1755
9080.86,20189.0,-4767.0,109,164,1065
8038.5,30345.0,-4098.0,25,154,1743
12211.6,42337.0,-6104.0,44,221,1749
6216.72,14839.0,-3059.0,33,114,889
7773.77,8860.03,1908.7,36,144,553
6910.29,13650.0,-2795.0,19,119,846
10538.2,29944.0,-3381.0,33,183,1418
4273.86,2229.98,-1649.3,4,63,184
6024.84,1776.01,-1710.1,8,84,136
4220.96,1455.16,116381.0,162,52,133
5043.6,4041.37,-1235.5,11,85,346
9737.55,21965.5,-1163.18,220,145,1156
4160.88,2575.07,-693.16,20,65,202
3952.33,2049.25,-1371.6,3,63,184
11707.4,73209.0,-1939.98,28,248,3630
18614.5,94817.0,-9338.0,76,356,3982
14170.2,117576.0,-6578.29,64,284,4623
14531.6,134873.0,4479.67,211,279,5626
11021.6,45565.0,-7086.0,98,192,1993
13573.6,62570.0,318.947,315,233,2897
3638.97,558.419,-530.99,14,43,52
12516.2,78866.1,-550.725,158,252,3882
15228.2,150313.0,-7045.0,64,318,6060
26160.6,301550.0,-10453.0,111,541,6647
9161.81,11412.8,-2922.56,134,156,654
7457.1,11728.4,-1074.58,154,111,651
6278.84,8445.57,-1695.0,11,100,551
7807.47,19925.8,2422.2,40,143,1203
12779.6,61035.7,-2268.24,27,247,2754
8249.55,9246.0,-2599.0,16,120,483
13749.5,136610.0,-5407.34,212,279,5626
12753.9,70542.2,449933.0,159,262,3211
6214.8,4335.71,-1030.4,14,106,318
13197.8,61444.7,-4857.53,34,247,2754
22045.7,411459.0,-1818.12,64,473,14125
11268.5,26346.5,776829000.0,113,172,1412
6587.05,10185.6,4066.42,33,101,584
9331.68,23777.0,-2810.0,31,146,1258
14965.5,110805.0,-9591.0,96,316,4240
3981.16,1569.49,-997.32,9,61,134
8364.23,9652.62,7876830.0,182,135,587
18124.4,227484.0,-9557.0,88,493,8218
3656.07,534.947,-822.97,4,43,52
4099.91,548.122,651.92,26,65,35
5312.52,4804.23,85735.0,12,79,342
11578.4,36065.0,-4388.0,33,208,1521
5171.27,3653.93,-756.628,65,85,269
3798.89,552.435,-524.46,6,43,52
4122.94,1632.56,-788.36,9,61,134
11061.6,35080.0,-4237.0,23,215,1750
5492.2,2207.79,289.97,23,75,165
8448.6,8858.37,1921.8,36,144,553
6357.38,3426.49,490.09,17,101,206
17432.4,245147.0,-10885.0,89,373,8989
14434.2,127300.0,-4558.0,78,365,5220
9257.19,38792.2,2113.8,75,196,1885
5605.33,7581.55,-1629.5,11,99,583
5401.08,1442.13,22153.4,248,64,90
4296.49,785.603,-1712.0,13,54,64
11980.2,78922.1,-545.287,36,252,3882
3600.59,534.49,-408.68,5,43,52
7863.65,4703.6,-921.444,98,131,271
7327.9,17581.6,-2498.7,19,125,1014
14467.7,90938.2,-120.835,225,254,3973
5870.64,4344.0,-3360.0,23,101,321
15249.1,191521.0,5476.82,40,286,7322
12562.3,93459.5,-5022.25,215,254,3885
7081.64,8916.71,-837.801,8,95,543
4424.51,2533.94,-925.74,26,63,184
8891.04,16041.3,-919.29,111,160,976
3496.88,578.332,662.7,15,43,52
5973.77,6889.07,-3285.9,22,92,485
7276.25,5246.02,-1695.92,9,91,272
4739.2,1575.41,-1272.8,5,70,131
7242.28,5371.42,-910.972,41,79,292
3598.96,2120.5,-692.26,172,54,165
3909.87,658.744,221.67,4,58,43
4776.94,2173.0,-1561.0,2,65,180
9908.15,26127.4,186.126,28,174,1415
3327.04,686.378,211.07,2,31,53
10061.4,26302.8,-1678.64,131,172,1412
6872.94,7529.09,1305.3,32,109,432
12312.3,70195.0,-277.516,181,262,3211
22750.8,516177.0,-2344.29,368,540,18067
12787.1,74150.8,-1675.54,42,249,3630
6088.85,6332.08,-1955.5,18,108,424
12003.8,37899.6,4427.82,27,235,1818
7411.93,20355.0,-3594.0,28,179,1163
13254.5,51740.5,2063330.0,162,288,2334
13693.2,148815.0,-7454.0,65,298,6508
15818.3,81013.9,6132.23,74,320,3466
4527.32,989.483,-761.39,21,66,101
6398.96,4970.15,-1533.9,17,87,322
6544.17,9682.52,-1173.2,23,104,652
17072.6,226416.0,-14333.0,230,429,8483
8785.28,32344.0,-3126.0,10,180,1747
3885.39,2048.43,-1626.2,3,63,184
4565.06,1033.15,-1316.3,26,66,101
16020.0,84493.0,-7059.0,56,320,3380
8064.44,9015.01,-1015.58,90,138,554
4422.3,1934.94,-793.516,197,63,166
23288.4,309188.0,-9846.0,244,418,9136
4345.38,2311.18,-622.24,11,63,184
4005.39,372.266,932.1,15,54,28
6477.21,5055.47,-2233.3,18,109,317
20726.8,276817.0,1382980.0,290,420,9137
4858.74,2679.92,-390.22,19,65,202
10598.1,39800.8,-1272.78,26,193,2118
15598.3,176293.0,1106.22,64,367,7087
7465.83,14268.9,-379.68,13,127,802
9024.83,12235.9,-2549.02,23,136,619
14489.9,91054.0,-6164.0,62,293,3887
4394.99,496.51,75.179,25,65,35
4200.41,1691.42,-616.89,7,61,134
14185.8,90695.6,-1389.1,206,254,3973
3756.75,675.337,-434.75,11,58,43
5753.83,4587.5,-1043.5,15,98,294
4375.94,2767.86,-947.71,20,65,202
10127.3,30212.5,-5621.18,36,235,1587
18279.6,206970.0,-8591.0,282,350,6633
4316.42,2558.11,-1349.9,15,65,202
17766.9,95430.0,-8758.0,57,336,3544
15355.2,164170.0,-2690.27,40,320,6391
4269.51,1655.35,-462.81,10,61,134
9985.93,20398.8,-915.261,25,157,1113
7782.5,4720.45,159981.0,110,131,271
4196.57,1683.19,-518.57,8,61,134
15718.1,88468.6,-5259.14,89,301,3369
5560.92,7623.93,-715.808,12,104,457
14261.0,117461.0,-9463.0,43,317,4723
9585.28,11596.9,-2660.1,133,156,654
12310.9,69328.4,20235.3,175,262,3211
7033.36,12518.3,-930.178,21,123,726
10315.6,20115.8,1272.32,28,157,1113
6207.94,4782.0,-4071.0,15,108,319
4582.53,1120.55,-659.38,28,62,102
6293.19,5015.34,-907.657,63,86,367
12068.6,54178.1,-4460.82,155,218,2391
7190.36,7981.46,-2289.2,13,117,427
6340.27,5542.88,-1317.71,21,85,343
4620.28,1472.15,419.383,171,76,147
18476.2,188178.0,-10049.0,75,373,6289
10150.5,26298.7,-641.075,40,174,1415
11560.6,56370.1,-1239.79,180,209,2967
23083.7,296049.0,2544.28,303,468,9276
11166.3,66594.0,-3740.0,20,193,2822
18994.7,283321.0,-15139.0,201,507,10256
8315.78,20595.1,493.23,35,143,1203
7858.45,8660.3,3276.9,45,144,553
10016.8,36304.0,-4744.0,40,212,2054
14628.5,100370.0,19469.1,44,283,3965
4860.41,2863.54,2595.25,112,67,224
16314.1,177958.0,83.1993,257,367,7087
7026.67,11380.8,4123.8,161,111,651
5799.22,1080.51,-1573.4,6,57,76
4485.22,2140.57,876.09,23,75,165
4348.84,2798.35,-1422.8,17,65,202
14016.5,49518.0,-5312.0,22,226,2263
10455.9,37040.3,191.885,147,205,1751
8984.32,12148.7,-1565.8,86,117,519
11332.7,39330.7,-1042.04,100,166,1414
7407.08,14080.4,-1099.5,25,120,809
3841.16,2218.62,-470.547,8,43,161
4170.33,6077.53,-360.69,22,68,481
8447.4,8032.0,-2235.0,49,146,458
6770.13,10413.7,-1954.88,20,109,689
11243.6,37429.4,871766.0,148,219,1875
11521.0,63953.0,-7046.0,11,220,2395
15594.3,216210.0,-3143.1,286,336,8195
14159.2,165654.0,-3405.48,43,320,6391
17075.9,160482.0,-7070.47,194,359,6068
8314.48,19882.9,-1622.73,113,163,1162
14606.8,251340.0,-4261.33,102,346,7851
4469.69,1989.23,21515.1,112,66,166
17122.6,85536.1,5498.6,74,340,3632
6677.54,5294.25,32592.7,91,108,318
8503.97,12210.7,256636.0,75,128,693
15053.6,86695.5,-1654.7,93,301,3369
13583.2,14562.0,-4579.0,148,231,697
9105.88,18313.0,-4139.0,35,155,774
8334.46,25019.6,-1143.95,81,157,1519
16673.2,200707.0,-7861.42,153,390,7459
4839.96,2005.56,-902.81,11,75,165
4255.96,2807.67,-462.33,26,65,202
13566.1,55687.8,-2304.89,115,224,2192
27244.7,408580.0,-13376.0,117,649,12837
9125.29,32861.6,-3103.51,114,176,1922
4604.71,2852.1,-196.8,37,65,202
8779.94,14303.6,6379.0,90,140,845
7062.15,17573.0,-3700.0,23,152,1107
18082.2,64575.0,-7839.0,187,342,2468
11868.9,81424.4,-3638.33,77,272,3539
6661.98,7738.0,-2490.0,10,114,520
3445.69,325.853,1698.7,11,54,28
19022.9,193999.0,-8440.0,97,402,7099
5815.74,3973.64,739.03,15,100,294
4783.84,2831.45,-1143.23,17,77,244
5307.71,4368.25,-984.83,15,85,346
5006.1,3802.44,-1095.0,16,77,292
12431.7,70216.3,674961.0,170,262,3211
5595.95,3103.51,-1425.0,10,94,224
12807.8,41707.6,-6486.52,44,278,1938
10791.5,68791.3,-1288.13,194,247,3373
4971.11,1989.8,-610.33,14,75,165
8306.6,13299.4,132006.0,118,170,771
20544.8,196454.0,-1945.31,232,403,6746
12180.9,27407.0,-4994.0,53,216,1316
4129.33,1674.31,-367.27,10,61,134
6485.48,10282.6,-1340.91,24,109,689
17291.4,111363.0,-7625.0,217,358,4338
11457.0,53239.7,-4249.43,129,209,2534
3818.87,1195.58,-554.09,9,55,88
19601.5,269771.0,-10686.0,223,440,7593
9712.39,20458.5,149166.0,105,163,1162
4532.22,1999.92,-53.845,17,75,165
5314.45,3245.51,-737.026,156,71,249
16671.0,120652.0,-9092.92,205,379,4825
4610.77,2891.06,-206.41,33,65,202
17640.1,278992.0,-11426.0,70,454,11127
8814.15,12171.2,-1405.4,11,117,519
10710.9,41367.8,-3833.9,143,227,2059
6023.56,4857.47,342215.0,73,86,367
8360.42,21370.6,494900.0,181,145,1156
10171.7,24594.1,-3866.1,20,186,1264
4662.76,1613.06,-1006.8,8,70,131
4773.87,2078.16,-457.16,7,75,165
3685.4,442.093,-535.81,1,36,35
9892.91,17230.3,-2488.35,34,172,973
4349.77,3097.08,-1420.0,9,62,245
6060.64,5642.0,-2248.0,17,98,370
5947.07,5212.91,-1011.4,7,105,371
20692.8,145184.0,58196.7,283,449,5537
7157.98,17570.0,-2765.0,62,110,929
24483.6,264517.0,-1758.39,280,537,8350
4095.61,1441.61,1130.62,161,52,133
8687.48,19949.9,-1102.15,166,163,1162
9312.97,26158.8,-1005.11,125,157,1519
9489.14,29610.4,-1177.82,134,179,1626
4460.7,5946.39,241.07,15,67,481
4477.36,6204.87,-699.27,7,68,481
4721.02,1046.4,-993.25,9,55,88
12320.1,49400.2,-2578.55,227,262,2394
17161.6,161412.0,-4040.59,221,352,6744
13682.1,47374.2,-861.17,179,273,2061
8470.8,14352.7,6054.48,24,140,845
4908.13,2889.53,-1274.43,111,67,224
9473.81,29054.0,-4160.0,22,166,1631
14973.4,106317.0,-8185.0,70,344,4438
13736.7,53197.7,-1123.65,183,288,2334
8619.38,32407.0,-3857.0,33,180,1745
5117.12,2172.97,-451.81,14,75,165
4365.95,1243.1,-991.76,15,59,101
4759.91,6553.51,363.19,17,68,481
12718.4,72585.8,-868.619,185,262,3211
13421.6,86342.5,-5206.08,55,291,3799
14611.0,87157.2,-4232.33,99,301,3369
16335.5,134747.0,-9977.0,81,345,5429
7105.45,17259.4,-2529.0,16,128,1065
6764.72,5356.74,96.9371,51,79,292
10354.5,57372.2,-4904.25,182,223,2822
10186.6,23976.0,-3942.0,9,140,1161
14727.5,90900.0,-4552.99,215,254,3973
3557.65,585.71,160.83,15,43,52
5614.57,3785.75,-855.71,120,85,269
3479.11,1285.66,-506.708,5,40,100
11233.9,23151.0,-132.3,46,176,1313
5152.25,2998.88,-2001.0,3,65,202
10031.4,39405.0,-4657.0,21,192,1934
5635.22,2507.76,480.31,8,81,169
6852.51,5179.66,-2117.09,202,107,346
9594.25,26122.0,-5641.0,60,168,1463
3787.14,550.882,-854.33,5,43,52
12190.2,69796.3,2312340000.0,96,247,3373
13235.7,69383.0,-5859.0,29,263,2902
4891.27,1589.08,-1345.3,5,70,131
12996.6,70075.2,-2669.37,187,262,3211
7708.86,4697.98,454442.0,35,131,271
12055.0,31929.9,49123.5,113,203,1580
8071.71,9463.94,1674.44,19,135,587
10260.6,20141.0,2016.64,29,157,1113
11632.5,67682.1,-4984.96,186,247,3373
14584.0,253377.0,-7342.29,122,346,7851
3405.18,689.08,31.465,4,31,53
3639.44,346.15,1187.8,11,54,28
7736.66,14203.4,-1045.1,14,127,802
8936.89,18986.0,-2480.0,55,184,1067
16195.3,131515.0,-7648.0,60,341,4822
22394.0,198602.0,-4703.61,101,367,7087
10595.5,56838.4,-987.623,177,217,2904
12005.7,74442.0,-5532.0,28,252,3455
7436.61,17607.3,-2250.7,11,128,1065
8015.65,9305.8,-2247.99,183,135,587
9366.24,38941.5,43882.2,74,196,1885
4557.67,788.439,15.874,13,56,61
15539.8,167760.0,297449.0,59,320,6391
12495.1,76453.1,225.247,156,252,3882
7553.7,14013.7,-1829.76,30,120,809
8598.09,26340.6,-1101.14,34,156,1364
8543.56,22425.6,94174.7,62,139,1108
13149.3,65722.4,6025.4,55,279,2979
18382.9,160538.0,44254.4,204,359,6068
4597.04,2744.62,-724.5,28,65,202
15915.8,157643.0,2700.8,105,310,6737
11828.0,36674.2,16939.0,11,225,1755
3656.04,366.886,378.68,7,54,28
8101.63,25110.0,-3365.0,22,151,1411
3997.18,689.896,-340.6,16,58,43
3350.76,672.772,-29.099,3,31,53
3878.54,2416.91,-1061.0,17,63,184
4377.12,2653.65,-714.76,22,65,202
16029.9,166166.0,13118.5,151,320,6391
4249.0,2012.65,-651.77,73,63,166
12924.7,104850.0,-7579.0,69,270,4525
6898.73,12883.1,-750.217,6,123,726
6841.46,7729.31,-889.173,96,104,457
11439.0,28314.6,-206.63,51,178,1410
4901.94,4359.5,-1571.77,17,88,291
7861.86,14377.3,-1390.15,114,140,845
10486.0,26171.9,1405960.0,49,214,1469
6236.59,10915.9,-1031.58,25,102,764
4404.16,1222.0,-1337.0,24,64,101
4527.71,1019.46,-511.01,28,62,102
6810.94,9175.49,-1066.35,7,95,543
18083.8,155943.0,27155.2,212,359,6068
7564.56,16499.0,-2797.0,58,129,887
8859.0,12028.5,18797.6,127,136,619
20975.1,263877.0,-11197.0,51,433,8473
4958.21,2303.0,-1503.0,5,66,148
3829.27,570.498,-435.71,14,43,52
3780.11,544.908,-646.24,4,36,35
6116.6,7427.56,-541.772,78,93,545
7009.17,4381.07,-961.72,17,100,294
8299.15,9382.04,-1260.44,203,107,517
4483.12,1015.95,-888.4,9,55,88
14028.0,92585.3,-1823.17,217,254,3885
10957.2,78135.0,-5349.0,59,242,3705
13088.3,38582.0,-4539.0,22,197,1519
6431.93,3672.18,286.77,29,101,206
3735.49,495.974,-818.59,1,36,35
7235.03,12726.9,-880.685,141,123,726
17310.3,162885.0,-9381.0,187,391,6183
20352.6,412977.0,-10304.1,67,470,14125
8015.87,4808.23,-1131.2,16,110,294
5844.29,7574.48,-938.594,78,93,545
8981.68,20582.5,-1899.1,172,163,1162
7399.73,13363.0,-2796.53,86,137,769
5875.12,4693.53,-831.321,18,85,343
7858.2,17469.0,-3795.0,30,139,848
9731.42,21297.0,-3546.0,74,154,1116
6252.46,4141.04,-13.737,20,100,294
8811.93,14786.0,-3085.69,85,143,771
26274.2,606547.0,-14226.0,196,624,18837
4305.96,2361.88,-1446.9,17,63,184
7444.47,18346.1,-1754.8,12,128,1065
14878.3,59533.9,-45.0433,70,305,2610
10396.5,37844.0,-3647.25,31,196,1997
7006.82,9058.65,-935.369,126,95,543
4478.54,2730.92,-9.9701,30,65,202
12202.2,41137.0,-6143.0,36,216,1754
21804.4,350219.0,14762.5,92,440,10967
6069.43,4904.25,-1001.43,20,85,343
10026.0,40735.8,-586.721,125,207,1995
9497.29,11781.7,-2325.64,229,139,587
9372.78,26922.2,-1092.97,30,156,1364
3412.32,669.685,87.861,6,31,53
13930.5,94659.3,-2829.05,41,294,4249
8825.07,27315.0,-1241.5,43,156,1364
10367.1,22174.8,-2095.05,46,176,1313
8529.59,16046.7,-1012.3,48,160,976
3396.1,655.338,-279.26,4,31,53
8721.8,37855.4,-2856.62,38,180,2054
10967.5,36869.0,-4360.0,35,184,1698
3429.51,693.37,87.215,5,31,53
9552.72,17871.9,-1331.52,20,142,844
4738.93,2881.28,-663.274,105,67,224
11955.2,37225.0,-1846.99,122,166,1111
10599.9,23368.0,-2046.0,12,160,1020
4414.3,526.592,226.27,22,65,35
8217.59,13245.0,-3086.0,25,158,811
32972.9,527254.0,-16245.0,130,710,15353
5921.16,5460.0,-1488.0,5,67,339
10579.4,83405.0,-5987.0,21,207,3708
8603.27,18339.1,-4902.8,14,146,891
3791.91,558.23,-546.06,5,43,52
4741.54,1952.85,8.103,13,75,165
14882.4,88229.5,5179.8,85,289,3710
7593.35,10148.0,-2145.0,52,135,622
18202.0,217802.0,-10080.0,64,399,8339
11461.2,41671.2,24435.6,211,227,2059
9834.83,24386.7,-1545.27,38,177,1313
9510.49,27442.0,-1463.08,180,158,1403
11318.9,68939.0,-2711.67,199,247,3373
5943.8,6882.91,-3417.5,24,92,485
6246.81,8115.14,-3530.9,5,106,549
6092.54,11053.0,179.999,18,102,764
6601.22,11319.6,-72.4859,21,102,764
5172.89,3003.67,-1901.8,3,65,202
12603.7,71155.1,5878390.0,158,262,3211
9333.09,24253.0,-1605.84,113,154,1252
15422.8,77664.1,2238050.0,86,320,3466
8902.29,12474.2,-2521.88,95,136,619
3875.67,691.597,-322.77,17,58,43
15201.2,88293.8,2679.0,88,289,3710
8664.57,34452.0,-3987.0,30,164,1809
6743.52,4139.68,-767.481,16,101,270
3781.05,536.44,-803.75,3,36,35
7849.52,9477.51,-1096.11,98,123,621
14400.0,138873.0,-5322.4,202,279,5626
9085.66,26084.7,-1088.58,125,157,1519
5925.48,5113.75,-685.375,21,85,343
3489.72,697.248,29.794,3,31,53
6428.64,5012.71,-1644.9,15,87,322
9228.01,11704.5,-171.969,123,136,619
14733.3,102065.0,-3290.4,52,283,3965
23382.0,267266.0,-11236.3,285,540,8870
3755.63,1185.29,-552.74,9,55,88
14410.4,79233.2,1012.67,157,320,3466
12428.8,73400.6,-4521.05,30,249,3630
9024.83,33309.0,-5994.0,52,182,1696
6999.2,28125.2,-2317.9,12,131,1686
24017.0,267863.0,56126.0,288,540,8870
4015.63,624.873,-365.35,24,58,43
13825.5,77429.0,-7440.0,120,255,3298
4895.63,1670.02,-1648.4,6,70,131
4618.39,2175.0,-806.72,5,61,184
3864.51,2178.03,-733.585,51,54,165
5737.02,5211.78,-2016.7,21,99,372
3585.81,534.821,-329.3,14,43,52
5824.29,4249.0,-2686.0,14,85,316
3863.89,1224.43,-407.99,9,55,88
13347.4,61750.9,-2172.9,19,247,2754
6870.39,4075.64,-1613.12,86,101,249
14185.1,139739.0,857.476,57,308,6057
7077.61,5436.65,-1394.55,48,79,292
18626.5,205686.0,-10037.0,93,462,6527
15031.8,94946.7,-6623.29,202,283,4064
12344.4,80268.8,7368.98,45,272,3539
9848.6,11459.5,-2995.78,252,154,557
4808.02,2800.07,-1039.7,23,65,202
4812.24,2869.89,-478.526,103,67,224
12708.4,38695.3,-4136.3,116,234,1581
6224.07,8067.5,-1873.0,14,99,583
9565.92,13931.0,-2147.0,14,166,770
5903.56,6912.46,-3384.0,22,92,485
16719.3,217622.0,-3515.66,38,336,8195
4368.04,2562.74,-921.94,9,72,205
13870.5,165105.0,-6904.04,50,320,6391
16218.2,165186.0,-7454.0,147,376,6283
13204.5,142276.0,-8216.0,144,322,5630
10770.8,36471.8,-3617.45,159,225,1755
9750.04,30505.5,524221.0,140,179,1626
5405.98,2476.0,-2410.0,6,82,184
4413.89,2512.02,-1288.5,14,65,202
6434.34,8750.0,-1509.0,10,108,520
4963.79,2886.73,-2602.9,5,65,202
4911.96,2599.12,-903.63,12,72,205
7685.73,6849.0,-2773.0,11,103,398
10781.1,131388.0,-6077.56,177,279,5626
5482.57,4053.96,-943.29,12,85,267
12594.3,63545.2,3247.5,49,279,2979
14819.6,143505.0,28855.0,102,362,5847
9240.84,38667.9,-1350.09,73,196,1885
3772.86,568.414,-455.51,5,43,52
9940.74,40255.6,-1555.79,116,207,1995
8167.39,4711.77,-1433.17,98,131,271
8432.94,14127.6,26362.4,103,140,845
8559.46,25294.5,-560.893,26,154,1252
3818.3,1519.99,-872.01,6,56,114
4069.24,2367.6,-954.75,15,63,184
3445.38,623.796,76.561,17,51,45
8732.66,38505.0,-5823.0,25,205,1992
8635.41,25187.2,-744.302,121,157,1519
5462.23,9473.74,-64.094,11,100,581
10040.8,34602.6,-990.157,20,208,1691
12851.4,80768.0,-7079.0,136,334,3803
3789.6,533.395,-839.14,3,36,35
8420.45,9647.58,-2229.36,202,130,490
31469.2,1043200.0,-19470.0,138,740,29083
13733.8,115406.0,-5886.0,43,298,4809
6606.55,4066.81,-833.365,140,101,270
8968.47,18254.4,-808.671,193,133,890
3666.6,478.579,-957.89,3,36,35
18906.7,318641.0,-11280.0,80,539,11420
12183.8,89290.7,-5282.11,224,254,3885
9644.27,29051.4,3157.58,23,156,1364
9126.04,10648.2,27248.7,21,139,587
7719.38,9278.47,-1308.77,211,107,517
7811.93,13354.4,-1116.3,73,170,771
11902.7,36583.2,-1878.54,89,166,1414
6624.7,5549.06,-1234.32,11,99,321
13700.2,44492.6,-4044.57,192,278,1938
8043.03,13868.9,-2818.88,34,170,771
7605.35,14688.8,263.87,25,127,802
11624.2,37767.6,38293.4,30,235,1818
13005.9,157352.0,-10049.0,37,289,6062
7210.88,8893.08,-1158.85,136,95,543
9408.54,9499.0,-2491.0,25,103,344
12167.2,68560.9,270857.0,178,262,3211
13092.1,94861.0,-3329.0,217,164,1746
6620.0,5402.25,-197.824,107,96,347
7826.1,8939.9,-1342.12,212,107,517
6023.3,5242.14,-814.48,7,105,371
3744.22,473.331,-618.54,2,36,35
9856.26,30237.8,35792.8,229,171,1747
4015.81,768.08,-2033.8,13,54,64
12427.1,52731.6,-506.063,151,218,2391
6619.73,5230.88,-682.84,13,96,347
15444.7,28066.0,-7183.0,53,281,1122
4098.82,2215.49,-1169.5,10,63,184
4445.06,2550.81,-401.31,29,65,202
8649.58,13201.0,-1866.0,26,144,653
5882.9,1810.73,-1323.73,45,71,103
19745.1,411425.0,-9750.6,60,473,14125
5321.57,3367.15,-2083.5,21,70,205
4441.47,547.531,126.66,19,65,35
6688.55,27644.0,-2124.0,41,136,1517
8826.09,26957.0,56360.3,35,156,1364
3599.89,570.343,-427.24,13,43,52
8315.0,33614.8,751.652,93,148,1919
17632.7,164837.0,1434140.0,243,352,6744
10267.4,26404.5,-1144.37,27,174,1415
9572.27,39147.9,2284.41,69,196,1885
5229.24,4255.3,-1030.06,17,88,292
23871.7,316380.0,-13518.0,141,477,9693
5311.88,3700.43,-925.86,118,85,269
7871.38,13642.8,935.87,34,127,802
11273.7,70129.0,-5918.0,40,240,3052
4331.99,5830.41,-46.822,18,68,481
3762.39,1205.36,-722.14,10,55,88
9063.3,10236.0,-302.774,250,154,557
20782.5,378608.0,-10140.0,71,465,13465
4644.47,1737.59,-993.14,16,61,134
14904.8,78131.5,36493.1,69,320,3466
25372.5,253583.0,-15233.0,74,481,8345
6150.54,11316.8,1140.58,18,102,764
8355.73,21771.0,-3423.0,73,156,1211
6755.83,11156.0,-1737.0,31,147,660
6232.58,6307.0,-2520.8,16,108,424
9659.15,30056.3,22630.4,240,171,1747
4518.94,2487.49,-1120.5,26,63,184
33593.0,327382.0,-8376.0,144,500,8219
8616.91,10739.7,-3427.08,119,156,654
12397.3,60918.6,-2077.83,196,223,2822
18560.3,258932.0,-10508.0,130,355,9401
15332.3,99883.1,-2469.84,40,281,3974
3448.21,690.68,19.405,4,31,53
8707.05,13851.5,4163.25,279,170,771
4014.22,1521.39,-183.185,38,41,100
7207.52,4058.72,-914.688,85,101,249
15439.9,80248.1,28511600.0,103,320,3466
14656.0,96820.6,541.735,234,294,4249
11861.4,61265.0,-5992.0,71,221,2746
3549.03,519.05,-700.56,5,43,52
6383.39,22394.9,87233.2,62,128,1255
9538.67,26758.0,-3913.0,216,182,1521
9261.09,11478.6,40535.4,135,156,654
6316.37,8182.65,-3156.4,10,106,549
11040.9,38246.3,3653.58,161,205,1751
6582.85,8052.88,-2844.4,9,106,549
11640.8,60595.4,-2625.59,208,214,2600
4835.45,1884.27,-630.7,10,75,165
5766.14,11002.5,-2096.12,250,102,764
3660.47,453.112,-703.73,3,36,35
13667.8,90300.4,-689.507,291,254,3973
4347.84,6563.71,-48.614,14,68,481
4298.13,515.311,203.55,23,65,35
9528.01,21479.0,-1878.22,167,163,1162
3824.34,2168.43,-906.282,20,54,165
29416.7,405234.0,-13642.0,114,592,11141
9189.13,14227.0,-1055.64,119,148,729
5005.63,2762.95,-404.89,9,72,205
7776.07,14190.9,687.24,33,127,802
4657.96,3021.21,-662.74,38,65,202
15615.2,155517.0,2549.8,98,310,6737
3995.97,2100.7,-1457.2,4,63,184
10692.9,41554.5,-3938.86,143,227,2059
6197.77,7988.99,-3492.1,5,106,549
4579.31,2232.26,-1171.4,11,71,188
4805.62,1048.97,-1467.9,16,66,101
4050.01,1932.78,-652.925,73,63,166
5304.55,3336.36,-1901.2,21,70,205
5134.86,3011.12,-2010.5,3,65,202
10401.9,26548.6,-2989.27,136,185,1313
9424.31,19630.4,896525.0,204,157,1113
11843.6,53984.9,-2025.6,45,220,2461
5346.54,4136.87,-1601.17,40,79,292
5914.3,2718.73,69.73,10,81,169
3549.69,749.792,379.55,4,31,53
9855.47,41397.7,31051.4,224,159,2181
6130.54,11032.3,473.984,26,102,764
5618.16,4257.58,-1043.97,14,88,292
9540.07,33585.7,362192.0,94,176,1922
4074.63,1299.97,-649.64,16,59,101
15070.3,59444.6,389397.0,155,305,2610
9577.54,18666.0,-3293.0,15,114,487
9161.12,28728.2,-1172.65,150,179,1626
5617.14,3107.2,-1190.5,10,94,224
5818.4,4461.77,-796.421,17,88,292
4103.59,715.238,-431.31,16,58,43
5803.89,2538.27,233.61,6,81,169
3779.32,528.743,-565.54,0,36,35
4380.32,480.73,26.506,20,65,35
4496.07,531.353,442.92,14,65,35
22248.2,492155.0,-12958.0,109,501,14307
15179.0,156076.0,2820.2,102,310,6737
6365.55,4918.78,-2113.2,15,87,322
14922.6,154596.0,2441.2,115,310,6737
6797.54,1838.58,-1202.8,11,84,136
3415.41,675.618,223.24,4,31,53
5987.66,11118.5,-504.482,252,102,764
9307.03,17189.5,-3159.49,91,183,931
4392.26,399.604,843.85,11,54,28
9938.05,27002.6,-1538.86,45,158,1403
11437.2,33306.0,-2911.0,100,206,1212
8595.6,15001.0,-2758.0,23,145,891
9351.84,43231.0,-5611.0,52,185,2315
5593.25,1013.76,-1453.1,6,57,76
18063.4,197087.0,-5718.48,159,390,7459
6882.23,11630.5,-1011.03,151,111,651
10083.8,29548.0,-6737.0,60,180,1211
9045.09,30432.4,-1378.64,235,171,1747
4233.46,6342.78,187.09,27,68,481
3338.65,378.495,758.4,7,54,28
9658.82,10190.5,-3493.0,96,154,587
10961.8,39866.0,-1299.46,207,193,2118
13731.5,85350.0,-6827.0,107,259,3297
5066.07,3643.75,-811.016,123,85,269
7529.7,13870.5,883.24,19,127,802
30143.4,876210.0,-19987.0,134,775,23367
8136.93,17134.7,-1594.57,18,142,844
5976.87,10806.0,-2662.0,3,98,654
10954.7,27047.9,-2254.22,55,214,1469
8608.64,27648.2,7034.77,19,156,1521
5854.96,7813.79,-1253.1,12,99,583
8748.41,26198.1,285752.0,30,156,1364
10112.9,33159.5,245.031,117,176,1922
9032.69,26819.0,445861.0,27,156,1364
3779.46,1224.1,-652.32,9,55,88
14159.7,53182.9,1637.19,48,288,2334
11702.1,56359.4,-1948.68,25,209,2967
4750.21,1284.04,-1291.7,20,66,101
6219.4,8278.75,-3591.9,5,106,549
4812.61,1150.85,-734.34,11,62,100
9621.18,39337.6,243540.0,69,196,1885
5812.52,4869.1,-986.989,17,85,343
4299.46,1051.57,-856.83,20,66,101
3782.61,452.1,-738.3,2,36,35
5998.82,2773.61,-742.48,8,65,202
8300.85,16660.5,-67.7442,187,133,890
3799.52,1190.61,-714.27,8,55,88
8731.22,47679.0,-3458.0,48,181,2321
9280.53,13634.2,-1194.73,106,148,729
11373.1,67829.7,-1372.18,194,247,3373
5683.66,1813.68,-1331.51,73,84,136
16561.5,177101.0,34272.6,121,367,7087
11731.8,49287.7,2360.23,20,190,2118
8379.38,9365.18,1064.8,38,144,553
15950.5,89473.3,23693.0,82,289,3710
3845.99,2176.51,-890.977,183,54,165
9726.0,25806.9,-1223.82,30,174,1415
5981.93,5059.22,-928.79,109,96,347
21353.6,348481.0,-1859.11,279,440,10967
13974.6,205332.0,-10237.0,66,347,8206
3996.77,2100.63,-1886.1,4,63,184
7231.91,7540.39,890.57,38,109,432
3620.94,537.031,-818.57,7,43,52
5665.27,5370.0,-2183.0,14,90,370
22897.2,257305.0,2737.98,283,537,8350
3729.69,511.031,-674.07,3,36,35
4176.39,649.727,-561.85,17,58,43
25040.4,598196.0,-11483.0,110,504,13970
11379.8,26846.9,11662600.0,105,172,1412
12577.8,61450.5,-588.144,218,214,2600
10572.3,64547.0,-6935.0,34,243,3052
7461.0,4966.98,-869.775,38,84,205
11575.2,68931.5,33960800.0,199,247,3373
3981.91,1501.72,-998.931,158,52,133
11620.6,48985.2,-4332.75,65,202,2258
3705.42,462.733,-1009.0,2,36,35
17824.3,174016.0,719.343,227,403,6746
6840.27,7800.79,-3029.0,11,117,427
13230.1,55250.0,-7064.0,176,269,2329
8126.65,15489.9,-616.32,32,127,802
5851.78,7222.69,-738.705,18,104,457
25168.2,273970.0,-4054.2,289,537,8350
3756.9,459.036,-734.88,0,36,35
9641.72,34330.5,-838.283,119,176,1922
3495.89,567.89,542.68,11,51,45
12030.1,57419.2,-4785.33,194,223,2822
5048.12,2902.23,46997.0,23,77,244
14275.3,86456.8,151.657,68,291,3799
4950.01,2654.68,-590.23,14,72,205
10746.2,50074.4,-1350.19,88,190,2118
14252.1,65622.2,-3512.33,109,224,2192
6940.47,11327.9,-167.371,150,111,651
11280.2,41702.5,-2818.75,160,227,2059
3354.06,584.353,-154.57,3,51,45
18932.4,195288.0,-9356.0,67,389,6408
6162.61,11289.0,-812.451,85,102,764
7769.81,13255.9,-2497.2,2,125,694
6917.68,7675.66,244.246,54,90,405
8972.09,14033.6,-76.636,117,148,729
4288.43,2566.94,-1369.6,8,65,202
7052.68,4507.59,-1912.4,15,110,294
4139.33,2557.95,152.87,32,65,202
12107.5,74698.8,-4138.35,32,249,3630
22389.3,282722.0,5722.4,243,468,9276
6425.55,5264.78,197.128,12,99,321
3833.48,2078.35,-1655.9,3,63,184
9384.91,20939.9,38678.1,101,163,1162
3803.77,2140.32,-429.247,6,43,161
4154.62,2680.21,-239.18,17,65,202
16570.1,157566.0,1581.9,90,310,6737
7579.37,8893.72,3.4067,14,130,515
7182.64,7852.86,-1039.51,103,104,457
9910.71,36843.4,-1944.04,36,196,1997
4300.8,2757.44,-198.51,20,65,202
10066.5,37230.3,-710.497,34,196,1997
13092.6,41135.1,-358.719,191,278,1938
7811.32,12531.5,71029.1,121,130,694
4684.33,2268.06,-992.11,5,61,184
9570.27,12474.1,641.27,23,152,693
22350.5,351509.0,-1468.16,273,440,10967
7711.84,13318.8,-3257.3,2,125,694
10655.8,35879.3,-476.365,208,208,1691
13256.2,60891.7,-2703.65,36,247,2754
4237.13,2484.0,-719.0,19,77,186
10803.6,31185.1,3060.63,40,203,1580
9471.82,26259.5,-1000.77,157,174,1415
7161.05,8051.06,-2263.47,102,109,546
10427.2,35981.0,-7151.0,76,201,1636
5347.77,3338.04,-1993.0,21,70,205
16350.5,175772.0,173123000.0,249,367,7087
6908.15,7846.45,-2565.6,11,117,427
4125.98,2462.66,-659.15,28,63,184
15623.0,158578.0,2873.4,115,310,6737
9172.48,20653.7,-2994.45,164,163,1162
4359.11,1720.85,172.98,9,61,116
13612.8,95790.4,-5623.52,190,273,4429
8310.81,9107.07,1503.1,38,144,553
9510.1,12372.0,-207.55,34,152,693
6884.5,13938.2,-859.051,91,120,809
14451.4,74148.0,-5885.0,42,291,3217
8471.98,22109.0,-170.718,135,145,1156
3407.45,1957.74,34495.6,14,43,161
5838.89,2532.59,678.76,11,81,169
9208.81,15635.0,-2743.0,11,140,767
22149.9,350784.0,661278.0,280,440,10967
8886.55,12751.4,-1770.29,88,117,519
7753.27,8902.35,461.27,14,130,515
14846.9,183809.0,-9681.0,258,404,6978
18942.0,164643.0,-11506.0,308,460,5862
4048.32,1680.2,-714.71,5,61,134
8131.59,2434.0,-1782.0,15,110,134
8894.25,21286.9,-32.049,38,143,1203
6067.51,6505.0,-2640.0,19,112,460
4821.22,1567.97,-1018.8,5,70,131
4255.86,678.011,-371.63,18,58,43
5543.73,3534.13,-717.675,9,85,269
4909.7,2761.93,-2345.7,5,65,202
11437.2,48160.6,74561.3,81,190,2118
9930.66,23442.1,-1132.68,53,176,1313
12326.8,79097.0,-3923.61,43,272,3539
13100.9,74328.9,-5409.95,179,262,3211
8929.82,12472.6,-1156.08,23,136,619
6989.8,11292.4,40414.2,148,111,651
13270.8,85981.0,-600.686,57,291,3799
4592.28,2197.01,-656.73,7,61,184
15369.7,162992.0,4202.2,107,310,6737
9474.91,17369.1,-3872.62,31,183,931
12960.5,60888.0,131080.0,32,247,2754
13981.1,140416.0,-3080.52,329,308,6057
9130.73,27471.7,-2947.34,181,158,1403
4855.41,2273.93,-1657.5,13,71,188
7042.7,4331.24,108026.0,32,101,270
4400.89,1460.0,-1490.0,7,54,130
5645.18,3113.07,-984.92,10,94,224
11881.6,49227.5,-4448.89,224,262,2394
3947.38,2196.71,7069.81,182,54,165
9306.28,37955.0,8904.43,50,180,2054
4063.14,1178.93,-57.131,1,59,101
7537.13,6302.33,-624.1,95,116,399
3003.15,1324.74,148.725,3,40,100
5207.96,1100.19,-1624.5,3,57,76
7174.03,3027.0,-2085.0,11,108,187
3354.09,668.215,-195.19,5,31,53
3446.76,672.923,115.55,3,31,53
3962.05,690.447,-600.47,16,58,43
7687.23,12561.8,-1239.47,116,130,694
3911.88,546.717,-232.62,12,43,52
8050.82,33093.9,-2650.02,19,148,1919
23205.4,516725.0,519117.0,146,540,18067
6857.95,5537.07,-596.776,15,99,321
4630.07,2110.85,370.47,30,75,165
6187.7,1056.23,-1720.1,6,57,76
4030.51,767.924,-1927.0,13,54,64
11895.2,92624.0,-5161.0,50,263,4520
21863.5,278438.0,10587.3,286,468,9276
17503.1,193829.0,-8563.0,79,336,6868
6873.97,11732.5,-382.356,157,111,651
13571.3,49574.5,-1701.19,135,215,2188
8690.2,4672.35,330788000.0,80,131,271
11151.2,24320.0,-4891.0,29,204,1162
8642.13,16668.6,-1284.78,22,142,844
11285.5,25809.0,-4623.0,42,203,1308
10349.9,49929.0,-5396.0,44,255,2530
8953.58,24963.0,-5053.0,37,164,1410
4205.36,459.619,1020.0,11,54,28
10865.1,26665.6,129987000.0,127,158,1403
10709.6,41651.3,-3858.28,143,227,2059
4591.43,2830.08,-724.72,25,65,202
16825.3,162635.0,-3805.87,212,352,6744
12922.6,59578.6,-1284.91,158,209,2967
3645.5,471.519,-751.2,1,36,35
8288.36,14328.4,15928.5,12,140,845
12774.0,72561.2,-1135.04,193,262,3211
13735.8,87547.6,-1031.81,57,291,3799
14126.3,52165.7,1400930.0,180,288,2334
15863.0,80008.1,16682.4,240,336,3302
4174.02,2651.12,-294.9,28,65,202
9467.95,20486.8,-1034.79,27,157,1113
19904.4,273815.0,-9939.0,263,459,10533
13815.8,47320.0,-1389.32,148,273,2061
9791.23,26974.2,-3195.6,112,166,1414
5544.44,3098.79,-1490.7,10,94,224
9718.49,25406.0,-4625.57,32,214,1415
4396.04,759.444,-1886.2,9,54,64
5993.39,5248.21,-1004.1,9,105,371
16530.1,136293.0,46412.7,286,449,5537
8752.9,33996.0,-3043.0,23,170,1869
11933.3,58048.0,-5589.0,74,255,2754
11168.3,64955.0,-6410.0,156,222,3290
4294.6,2126.43,-1342.7,11,71,188
9663.67,36127.2,-3613.19,26,196,1997
13158.4,59487.6,-833.279,183,223,2822
11303.5,60203.7,-1325.79,233,214,2600
10125.4,38416.0,-4956.0,30,195,1862
4137.59,2193.84,-495.65,26,63,184
9053.18,21460.0,558.16,40,143,1203
17320.7,158342.0,2602.25,213,359,6068
9929.4,26542.4,6973.57,105,174,1415
5401.62,4414.09,-939.7,14,85,346
9935.58,40668.0,-3910.0,113,207,2061
5181.42,4305.66,-1844.03,15,88,292
4611.85,6345.93,-523.71,15,68,481
6086.52,7463.7,-1373.62,108,80,395
8193.31,9814.76,96833.7,14,123,621
8091.82,26097.9,73943.0,68,194,1521
17198.5,145465.0,3834210.0,81,362,5847
6645.77,10459.1,-1134.69,24,109,689
9220.35,11134.7,-3107.8,41,154,557
3935.91,2176.63,-1154.05,51,54,165
10896.2,38074.9,528363.0,213,193,2118
6885.17,7731.26,-2899.3,11,117,427
4385.4,2562.82,-827.39,9,72,205
5575.77,3649.43,-611.798,9,85,269
5547.02,2508.77,543.56,2,81,169
7853.16,24393.0,-1586.0,93,157,1207
8771.18,11126.6,158737.0,129,156,654
3857.32,2196.31,-520.709,3,43,161
7070.53,10050.2,1487.7,18,115,547
3627.54,557.709,-226.21,14,43,52
6989.88,4701.97,37.978,22,100,294
3843.45,382.272,737.06,11,54,28
4901.01,1641.67,-1176.2,6,70,131
5683.06,7580.03,-423.52,14,99,583
7494.64,12944.1,-950.631,138,123,726
3962.14,1564.94,-843.8,9,61,134
9619.17,39298.4,-2561.25,225,159,2181
7543.74,16068.5,-2072.83,97,134,970
5270.03,1077.18,-1540.1,2,57,76
15526.4,177443.0,-1251.02,217,367,7087
7891.72,20243.0,-3773.0,24,146,1256
4478.69,2505.74,-625.02,33,63,184
3777.36,1190.71,-1041.2,9,55,88
8131.86,9606.61,-2415.71,205,130,490
6429.33,7750.0,-731.0,13,109,491
11954.0,69533.1,1355910000.0,96,247,3373
4304.37,2739.8,-220.01,36,65,202
4372.1,2718.28,-388.95,21,65,202
12160.7,57185.3,-1917.4,51,220,2461
14938.1,148379.0,-8753.0,58,330,5848
8868.6,13949.2,-669.444,109,148,729
8990.25,31478.0,-3793.0,33,179,1638
15379.6,129045.0,-6456.0,65,335,4818
8167.44,13385.0,-3618.0,20,146,804
4179.31,1664.81,-616.08,4,61,134
10896.1,34052.0,-4550.0,35,196,1580
3477.19,698.086,190.51,7,31,53
6481.0,3632.44,422.25,16,101,206
12089.1,53612.6,-3060.38,126,209,2534
12402.6,61997.2,-5501.85,50,246,2754
10861.9,37959.0,617.001,32,205,1751
6716.41,5038.0,-4134.0,22,115,342
5044.92,4259.9,-1777.2,13,88,292
9995.13,35350.0,-2737.0,28,216,1809
25044.2,249546.0,-370.474,280,537,8350
13472.6,62530.0,-4386.57,175,237,2672
5111.42,3277.06,-2139.7,21,70,205
4315.51,542.989,268.27,26,65,35
19315.1,408001.0,-7503.96,54,463,14125
11288.5,55509.4,212.629,177,209,2967
10472.6,37594.8,-1407.01,34,196,1997
3600.5,584.85,-391.71,14,43,52
9895.34,25767.8,-2475.33,234,154,1252
3576.21,701.14,-313.5,7,31,53
17688.8,139461.0,-10361.9,329,449,5537
18541.6,147401.0,-6082.55,327,449,5537
18448.6,202825.0,-6423.58,158,390,7459
6998.49,12909.4,-1053.19,140,123,726
11432.0,69023.6,-3010.92,49,247,3373
6591.64,7155.68,-848.316,107,95,427
6967.49,9009.0,-2253.0,45,105,369
12077.7,71440.8,-511.424,189,262,3211
3813.41,655.893,-37.577,18,58,43
6060.89,12953.8,-1143.2,9,103,883
14652.1,69340.5,78152.9,42,325,3143
4192.73,6138.94,-649.36,14,68,481
41892.4,1088640.0,-21648.0,171,897,27204
6988.64,6751.36,858.102,168,108,428
9387.64,28537.9,-1365.62,153,179,1626
5825.5,1712.17,-1133.99,179,76,147
4847.12,2200.43,-1118.3,11,71,188
7693.61,9521.97,-1115.62,99,123,621
13440.7,47276.0,-4723.0,158,205,1362
4536.42,6768.46,-30.514,24,68,481
15609.4,156506.0,1316.3,102,310,6737
28487.4,551602.0,-16915.0,130,677,15870
16976.1,151956.0,-7745.0,57,288,3975
3422.58,668.784,-265.46,6,31,53
14976.0,78326.7,-3423.22,128,223,2059
12498.9,48009.0,-7247.0,168,256,2258
7622.0,14898.9,966649.0,36,134,970
3903.28,556.01,-772.8,2,43,52
6899.29,13620.5,-3586.2,17,118,762
7582.27,9210.41,-356.458,16,138,554
3749.51,471.963,-705.98,0,36,35
6802.47,13940.7,941.32,87,120,809
18459.9,161519.0,-8388.0,65,318,4732
11953.0,117388.0,-5447.0,313,237,4524
12116.6,45605.9,1264.51,152,273,2061
6457.75,3377.99,1743.1,23,101,206
13196.9,102202.0,-6058.0,82,329,4345
5562.28,4217.49,4165.1,84,72,340
11796.1,53810.0,-3978.0,34,235,2460
6056.37,8020.12,-2777.7,5,106,549
3434.18,601.741,99.963,16,51,45
9561.71,11786.5,-2304.71,231,139,587
9284.66,28588.0,59659.7,129,179,1626
4767.25,2358.25,1543.3,32,76,165
3666.85,528.491,-1077.1,5,43,52
12998.8,60444.0,-2544.38,28,247,2754
3915.1,2300.99,-1148.9,18,63,184
10752.9,28596.7,22144.4,53,194,1521
15323.8,253756.0,-1536.89,105,346,7851
5568.45,1992.59,-1214.4,8,77,165
13347.9,32928.0,-4251.0,25,221,1265
14315.8,78811.1,1888.12,87,320,3466
5143.49,4500.94,36945.0,14,79,342
9243.91,38701.5,-1357.96,73,196,1885
17313.5,86005.5,3046.9,76,340,3632
6418.68,11886.7,38393800.0,55,105,765
4244.62,568.63,246.92,26,65,35
4758.35,2756.68,-127.54,13,65,202
3628.3,532.269,-873.21,4,36,35
6997.4,8912.12,2941060.0,128,95,543
7309.76,12500.0,-2478.0,29,151,806
4029.9,679.608,-694.87,15,58,43
30791.5,611153.0,-16422.0,100,770,17713
9605.83,75726.0,-5931.0,26,218,3707
21104.5,349601.0,-2526.69,285,440,10967
6998.9,6980.98,-1085.29,100,95,427
5150.41,1469.51,-1489.29,31,71,103
10329.7,28879.1,-3040.77,61,194,1521
3069.48,308.332,-323.571,25,36,26
4124.42,2193.84,448267.0,23,54,165
4251.23,748.172,-2008.9,12,54,64
20169.4,250973.0,-5164.0,47,403,8860
7510.54,9256.0,-3518.0,49,120,584
9105.39,22060.4,-247.074,61,139,1108
5009.23,10692.0,-1550.0,13,89,762
12562.1,54615.5,-584.694,148,218,2391
4467.21,1369.0,-1350.0,14,68,87
4482.6,2794.39,-915.6,22,65,202
4527.33,2206.63,118.97,27,75,165
4108.72,2248.3,-1556.3,4,63,184
6670.64,7027.12,75599.8,65,90,405
7307.77,7026.79,7366.11,114,95,427
8204.3,13712.8,-2578.02,116,170,771
16184.3,167802.0,-297.704,43,320,6391
9111.26,12426.5,9812.89,125,136,619
7405.55,9286.47,-1838.05,16,138,554
9604.06,10561.2,29607.9,30,154,557
9903.51,10184.0,-305.801,253,154,557
15469.4,167102.0,2403720.0,58,320,6391
13693.8,51949.5,1249.2,123,288,2334
3627.48,551.06,-647.65,5,43,52
11228.1,39556.8,-935.024,205,193,2118
12736.5,58966.4,420873.0,183,223,2822
11475.3,69274.4,-4836.93,197,247,3373
11952.4,52427.0,-1474.83,151,218,2391
5433.22,1005.6,-1738.0,8,57,76
7527.38,9149.45,-2974.61,80,138,554
15462.6,170902.0,-8338.14,224,403,6746
13916.3,115655.0,-7036.0,58,292,5213
13750.9,62008.1,-1319.73,22,247,2754
6525.24,12028.4,-891.604,223,105,765
10494.2,10493.6,-534.757,96,154,587
3606.41,471.875,-787.93,4,36,35
4701.28,541.837,588.66,26,65,35
4444.6,2689.98,-804.29,14,65,202
8227.16,4649.97,60239.2,98,131,271
10235.1,26152.2,-1057.06,156,174,1415
5614.59,3514.05,22458.6,62,85,269
16117.4,152817.0,-7912.0,177,337,6065
6970.93,4129.54,-1310.66,87,101,249
11856.3,56665.9,2782480.0,37,209,2967
18465.8,220384.0,-7814.0,233,395,8086
3765.74,1434.29,-280.364,4,40,100
4058.27,531.603,124.12,22,65,35
11562.2,58703.6,5605250000.0,243,217,2904
5828.06,5908.0,-2432.0,16,101,398
3638.44,489.713,-603.42,1,36,35
3982.34,415.429,1670.8,7,54,28
16394.0,102313.0,-6697.0,40,323,4153
14197.3,94748.1,-5073.72,236,254,3885
7874.9,33136.2,-2410.44,94,148,1919
3289.0,675.629,288.39,7,31,53
6938.18,9855.0,-2483.0,41,121,525
