RMSD,Area,ED,Energy,SS,ResidueLength,PairNumber
3,12462.1,60594.3,-3668.59,32,247,2754
0,15337.3,121624,-5856,35,299,4918
5,9418.94,17629.7,-593.842,195,133,890
4,9331.73,11717.2,-1059.27,135,156,654
4,12768.7,72974.1,-1336.23,191,262,3211
1,3769.08,644.369,-615.49,24,50,42
0,16879.3,253730,-10642,71,381,9943
4,7529.7,13870.5,883.24,19,127,802
0,6251.57,2015,-2135,13,88,133
4,4409.96,1998.89,-896.817,112,66,166
2,14154.6,50705.5,8879840,56,262,2394
4,3767.83,490.415,-792.31,3,36,35
4,3837.42,546.149,-751.3,7,43,52
3,9036.04,35318.1,17604600,83,148,1919
1,5013.09,2798.99,-1647.2,120,77,244
1,12531.5,49541.9,-4556.35,226,262,2394
0,7508.44,17084,-2070,22,136,1016
3,5564.3,7845.93,-1158.4,15,99,583
3,16688.1,167683,-4386.72,55,320,6391
5,3693.77,563.966,23.181,13,43,52
0,15553.3,145531,-8265,45,345,5640
5,11500.7,60077.2,-2535.31,230,214,2600
3,14640.4,52628.8,-3409.96,127,223,2059
0,6667.66,4105,-2502,27,124,272
5,4756.15,6332.25,-338.92,17,67,481
4,5370.22,1776.78,-981.136,26,76,147
4,5664.16,2439.07,509.8,4,81,169
2,8273.85,26714.9,-3078.63,31,156,1364
2,12428.8,73400.6,-4521.05,30,249,3630
0,7666.97,8800,-4650,10,136,552
4,4149.79,1637.18,-426.46,8,61,134
2,4989.49,2055.45,-1084.1,10,75,165
4,7567.24,4632.73,-639.425,35,131,271
2,7182.08,4181.46,-1248.27,9,101,249
3,3630.7,537.088,-467.33,5,43,52
4,6046.53,7098.13,49171.8,79,93,545
3,11329.8,77046.4,56050.9,154,252,3882
5,9497.29,11781.7,-2325.64,229,139,587
1,4004.02,1571.01,-1059.9,9,61,134
0,6486.51,6004,-2014,11,85,342
2,6719.11,8757.76,-883.295,4,95,543
0,18884.2,304987,-10969,107,426,11419
4,3525.64,542.317,-691.77,5,43,52
0,5022.81,2826,-1546,10,80,226
5,12053.8,38470.6,487.327,41,235,1818
5,4761.75,2719.35,-981.53,15,65,202
3,13707.6,85530.9,-1570.54,52,291,3799
4,9471.82,26259.5,-1000.77,157,174,1415
5,5693.98,3131.75,-1937.08,52,86,205
4,8079.23,26161.5,-946.455,15,156,1521
4,10279.3,28817.3,-274.025,51,194,1521
1,6443.74,1525.08,-977.94,34,71,103
3,9161.12,28728.2,-1172.65,150,179,1626
3,6983.92,9009.9,-797.823,9,95,543
5,5867.56,1087.36,-1392.5,3,57,76
5,10759.9,27345.8,-3376.35,66,214,1469
0,6798.85,9089,-2855,22,141,592
4,3727.81,544.268,-616.29,7,43,52
5,5369.84,6743.44,-108.07,11,67,481
0,7905.92,8899,-1433,20,123,520
0,8087.36,21649,-5202,23,148,1205
0,16748.3,185838,-7232,176,379,5975
4,20957.8,408611,2057.43,96,467,14125
5,5293.18,4415.63,-938.87,15,85,346
3,13354.4,58028.7,-4461.86,117,224,2192
5,8866.68,19528.9,51998.2,44,119,973
4,3767.33,544.387,-519.7,7,43,52
2,3447.71,1948.55,-328.65,5,43,161
3,3439.03,680.875,236.07,5,31,53
3,4226.76,1681.94,-335.99,4,61,134
5,4640.94,6227.93,-306.8,21,67,481
4,9308.91,17019,-3708.12,29,172,973
4,3489.9,697.549,60.38,4,31,53
3,13813.5,85467.5,231.702,55,291,3799
3,13062.3,51693.8,-4644.84,139,223,2059
3,14855.3,164701,-3093.97,42,320,6391
5,4620.09,1769.35,-229.6,11,61,116
2,11954,69533.1,1355910000,96,247,3373
0,10016.9,47223,-4420,21,206,2252
0,8638.79,15592,-3924,32,149,848
5,3338.65,378.495,758.4,7,54,28
1,7917.46,13733.2,-2799.3,116,170,771
5,6000.57,1921.79,-1126.59,16,84,136
3,4318.76,1032.44,-487.27,28,62,102
2,15295,90866.2,73198.2,283,254,3973
5,13421.9,59982.9,-981.639,190,223,2822
4,15487.6,162881,56290,44,287,6171
3,15426.6,155500,2283.2,95,310,6737
2,6204.36,8094.09,-3917.5,9,106,549
4,16430.4,212322,1418990,257,336,8195
2,4002.66,1470.1,1343.19,159,52,133
5,9230.97,9759.55,1052670,24,154,557
5,4057.74,433.571,1137.9,11,54,28
4,3362.24,719.823,26.021,6,31,53
0,26064.8,656324,-15954,83,614,19827
0,9051.81,18105,-2767,108,166,940
2,7041.87,13393.7,-524.695,18,96,804
5,4332.37,646.972,-204.21,18,58,43
3,11572.1,45735,-4373.88,154,223,2059
1,11008,41874.7,-4924.39,143,227,2059
4,3485.85,669.096,150.46,7,31,53
4,3365.68,684.01,25.012,4,31,53
4,3673.88,535.077,-555.32,4,43,52
2,6341.13,4304.58,-1688.13,50,86,205
2,6075.74,4064.48,-1511.18,83,88,318
5,4406.18,2550.24,-656.75,28,63,184
3,14693.6,77799.8,-4001.24,126,223,2059
2,11987.9,73924.7,58265.5,26,249,3630
4,4134.53,1640.88,-700.97,9,61,134
4,5887.64,1091.13,-1666.3,6,57,76
2,8654.18,33037.8,112250,37,148,1919
5,11137.3,48337.2,-3724.85,85,190,2118
1,6768.24,7816.7,-2898.7,11,117,427
3,8671.43,14358.5,-1590.42,97,140,845
5,5313.02,4564.43,-1010.6,12,85,346
2,11074.3,58037.9,-905.925,321,217,2904
0,8485.82,15549,-1958,55,129,764
2,11042.6,34998,-521.478,31,208,1691
3,4782.75,553.177,304.58,20,65,35
1,9337.94,16925.5,-4096.21,95,183,931
3,7088.52,17547.1,-1661.5,13,128,1065
4,4741.81,3042.42,-241.018,155,71,249
3,10436.9,27043.6,41861.4,40,214,1469
0,13523.1,79116,-4672,30,328,3714
4,8694.16,10473,-2690.9,124,156,654
3,9813.28,24411.7,-799.383,43,177,1313
4,4550.35,6504.93,-230.25,28,68,481
2,5512.16,7519.15,-1074.3,56,104,457
5,4027.07,2246.76,-731,23,63,184
3,9620.49,30353,72669.1,223,171,1747
4,4351.59,2368,-654.31,21,63,184
3,8354.67,12009.4,-1639.51,64,128,693
4,12538.3,38008.7,-2063.25,205,225,1755
1,5474.88,4049.53,-1004.7,12,85,267
4,5749.09,1073.33,-1308,6,57,76
3,13242.8,84999.8,-1467.28,51,291,3799
3,9684.78,24393,6187.2,41,177,1313
5,3860,574.77,-249.4,15,43,52
5,4940.41,6615.62,-339.7,12,67,481
0,12756.9,39217,-3799,50,201,1258
1,6178.98,7775.41,-1811,23,102,517
4,15580.2,211637,440473,277,336,8195
3,4350.47,2168.95,-1429.1,13,71,188
4,3739.67,547.837,-680.76,5,43,52
5,9610.83,22964.3,-2793.44,36,176,1313
3,4164.27,2338.53,-1200.4,15,63,184
4,3824.03,574.734,-519.26,5,43,52
2,5967.08,4125.18,-1276.05,82,88,318
4,8765.28,12374,6693.96,110,128,693
3,5902.5,13188,-1520.6,16,103,883
5,13003.1,60834.4,-396.034,43,246,2754
5,3681.45,454.576,-558.39,1,36,35
3,7545.22,13874.6,-78.067,19,127,802
0,12966.8,121213,-5715,47,253,4908
5,5124.83,2721.01,-1193.7,11,65,202
3,3865.48,1129.59,-691.99,8,55,88
4,6813.67,7484.85,1303.6,27,109,432
0,12260.4,39182,-4420,33,236,1813
0,5433.29,5186,-2792,12,98,397
5,4436.28,2435.1,-332.87,25,63,184
2,3631.6,1328.17,28702.8,2,40,100
4,5931.96,1075.59,-1279.3,8,57,76
2,5440.48,7517.29,-1563.41,99,104,457
4,8815.24,27352.5,-1299.55,180,158,1403
1,4393.54,3097.06,-1259.2,5,62,245
5,10820.9,52155.9,553.284,181,209,2534
0,7233.48,11814,-3064,4,121,725
0,11430.7,53225,-5573,111,255,2391
5,6715.9,6713.55,20522.6,106,95,427
1,6232.97,4323.06,-870.1,14,106,318
4,5954.94,11120.2,-511.442,252,102,764
2,7065.65,8949.41,19.0332,129,95,543
2,4027.74,1464.02,-858.046,155,52,133
4,6623.01,6269.26,8003.59,120,95,427
1,4077.25,1527.19,-986.93,4,55,133
4,8559.19,20973.9,-153.84,33,143,1203
5,3689.09,467.221,-638.68,3,36,35
4,3412.18,656.199,203.57,5,31,53
4,11485.2,58283.8,61116.3,165,209,2967
1,4442.31,1906.5,-354.81,12,75,165
3,4471.27,507.312,-294.08,22,65,35
5,5094.65,2348.61,868.93,27,76,165
2,22974.9,520332,-4051.13,363,540,18067
0,10617.2,27365,-4101,38,210,1527
4,10980.9,48664.3,-1234.25,90,190,2118
1,12404.9,49597.2,-3244.94,31,262,2394
2,8395.93,10480.5,-1317.55,16,139,587
4,8626.33,9161.36,1241.5,40,144,553
5,7817.68,4321.76,-417.156,102,131,271
0,7629.46,12650,-3142,18,134,733
0,8209.78,33790,-3368,92,156,1744
5,10746.2,50074.4,-1350.19,88,190,2118
0,9761.2,34220,-4547,23,188,1991
2,20943.8,148080,-599.336,339,449,5537
0,6082.44,9156,-3039,17,100,651
3,10023.1,24580.4,-805.416,62,177,1313
0,8393.12,25818,-2760,37,171,1261
4,15820.9,215930,-122.316,265,336,8195
4,10288.2,24137,16084.7,121,154,1252
0,16002.9,201826,-7738,41,324,7204
5,3681.57,592.282,-588.02,14,43,52
2,5914.98,3670.53,43015.7,24,85,269
0,4885.3,5091,-1661,14,83,367
3,13304.8,75350.4,-5243.16,180,264,3217
5,3687.98,577.322,-433.24,15,43,52
1,11402.8,41607.6,4995.66,214,227,2059
0,15993,70456,-8891,31,250,1817
1,4586.05,1048.87,-694.3,28,62,102
3,13898.2,137146,-1226.16,209,279,5626
1,5952.97,5190.62,-1573,7,105,371
3,5747.48,7700.41,-771.27,14,99,583
3,9277.61,39095.3,-1213.43,73,196,1885
4,4549.41,6697.2,-173.97,15,68,481
4,9841.96,14423.7,-1053.89,105,148,729
3,8871.28,16666.4,-2576.69,19,142,844
5,3801.86,565.43,-367.34,15,43,52
4,20541,413002,1350.1,96,459,14125
2,7921.73,9397.01,3780.21,198,130,490
3,4177.11,2435.66,-969.29,20,63,184
4,6609.33,7456.66,1234.7,29,109,432
5,4143.86,6416.43,-443.9,28,68,481
2,3873.43,1386.32,-795.736,164,52,133
3,9031.81,22147.8,548.6,35,143,1203
0,9712.34,44845,-5404,22,204,2254
2,3978.24,2297.21,-1284.5,18,63,184
0,7277.55,9470,-3430,92,135,585
4,5439.96,1146.4,-1572,5,57,76
0,15031.8,94946.7,-6623.29,202,283,4064
3,3359.58,606.95,474.96,15,51,45
2,14252.3,136011,-5045.43,44,279,5626
4,10136.4,51754.5,1227.89,61,209,2534
3,4728.81,3000.67,-599.857,17,71,249
5,3751.79,567.511,-544.27,9,43,52
4,10962.8,38811.3,-719.496,28,193,2118
5,13969.8,65504.9,2172080,148,254,2904
0,12958.4,95991,-8195,128,270,4059
4,14202.9,71256.5,-3825.38,119,224,2192
3,9389.33,30515.1,-3047.42,34,171,1747
4,6907.81,11525.5,-1177.91,148,111,651
0,7654.66,12754,-2024,22,132,766
5,4459.11,1747.14,-118.38,8,61,116
3,15217.4,135730,2087.06,216,279,5626
2,11664.6,37512.9,37406.6,25,235,1818
0,8157.24,25093,-1704,41,150,1463
5,10462.8,17380.1,-3917.29,158,172,973
5,7471.89,10898.7,349009,77,114,689
0,9972.31,22175,-4675,33,184,1210
1,5018.21,3015.95,-2292.1,4,65,202
4,12430.4,93230.1,-5095.63,214,254,3885
5,15338.4,160022,3352.8,127,310,6737
4,8779.69,8844.13,2529.3,37,144,553
2,3924.91,673.227,-155.89,14,58,43
2,5772.43,11106.8,1322.13,24,102,764
0,11933.3,58048,-5589,74,255,2754
4,12744.4,72243.7,-2201.48,185,262,3211
1,6103.78,5214.05,-948.16,7,105,371
2,3830.27,1447.86,-748.611,159,52,133
2,14794,135930,8983.86,53,279,5626
0,6939.92,8320,-2453,8,100,552
1,4559.15,1041.76,-491.99,28,62,102
3,9940.74,40255.6,-1555.79,116,207,1995
4,3873.25,630.866,-558.21,17,58,43
1,7913.21,13697.7,-2691.78,36,170,771
3,14559.1,142126,-4615.03,320,308,6057
1,5675.65,2582.74,-3637.2,13,87,166
0,4589.01,1933,-1706,10,61,148
0,13749.4,59648,-5627,32,275,2753
3,3418.76,672.834,40.43,5,31,53
4,6587.84,4806.37,74838300000,57,86,367
0,14318.2,54357,-5977,81,268,2536
3,6006.78,3975.6,-556.753,10,85,269
2,6226.32,4178.11,-1421.39,80,88,318
3,12326,33661.3,1310.3,53,210,1213
5,9116.3,12158.9,1718.3,29,152,693
0,16648.2,149348,-8617,49,302,5522
2,4013.19,2168.84,1575.08,183,54,165
0,12998.8,44231,-3698,128,225,1642
4,4623.28,2324.98,-412.04,8,61,184
4,11571.2,80819.9,15534.5,113,252,3882
4,4128.6,6667.76,-539.65,20,68,481
3,10795.7,39048.1,12746.3,203,193,2118
2,4499.89,6283.03,-512.75,11,68,481
4,3476.17,694.13,175.71,4,31,53
5,8454.89,22034.3,-703.48,191,145,1156
4,19276.6,165990,-11085.5,333,448,5537
1,6084.21,5110.9,50805.1,12,99,321
5,4120.55,401.724,1493,11,54,28
1,3873.52,1210.69,-892.27,9,55,88
5,4615.07,6241.93,-411.08,23,68,481
5,11188.6,47305.7,-3876.39,94,190,2118
3,10629.4,48099.8,102505,69,190,2118
4,4253.55,461.89,369.58,23,65,35
3,7268.37,17310.1,-2241.6,7,128,1065
1,3808.05,1198.28,-822.92,9,55,88
4,7685.79,14274.7,-851.969,96,120,809
0,4034.87,1376,-646,15,54,101
1,6866.06,7785.69,-2901.2,11,117,427
5,6664.58,14725.6,-734.07,17,103,883
5,3388.99,576.418,-495.79,14,43,52
5,7323.8,7057.71,-431.054,40,108,428
2,19628.5,151385,-7118.38,334,449,5537
2,12298.7,74257.5,-4033.82,40,249,3630
1,5577.14,4738.24,-1461.78,19,85,343
3,5084.31,4414.18,-1072,11,85,346
0,9922.61,71160,-6263,20,208,3531
0,12782.6,63943,-5420,57,250,2827
5,4668.81,1210.44,-1560.16,34,71,103
2,7089.67,11446.2,-1134.67,150,111,651
0,6028.46,3836,-1663,13,89,246
4,14461.1,87179.3,4394.5,87,289,3710
0,16961.3,206684,-9240,89,339,7700
5,6375.17,5088.48,-1059.25,67,86,367
4,5384.26,4475.05,349820,9,79,342
5,6906.36,8562.28,-3660.9,11,106,549
5,3468.12,680.268,-215.44,4,31,53
4,7664.5,13238.6,477.463,276,170,771
5,6725.73,9949.45,1231,23,115,547
3,4346.96,2625.13,-1101.2,18,65,202
0,17238.6,76475,-9840,47,358,3140
3,12385.5,37558.3,-5149.74,201,225,1755
2,7501.34,4183.85,-1346.3,87,101,249
0,7256.58,16538,-2855,47,117,928
3,4929.7,2094.04,-747.81,3,75,165
0,14119.6,117576,-6711,65,286,4623
1,3692.07,1193.52,-838.32,8,55,88
2,4710.87,2013.63,-464.03,9,75,165
4,7563.29,15490.6,-994.201,87,134,970
5,4224.44,556.574,265.19,26,65,35
3,5045.19,3269.42,-368.697,160,71,249
5,16262,214557,468655,280,336,8195
5,8518.2,25884.1,-450.215,47,156,1364
1,4487.23,964.452,-712.39,4,55,88
1,6381.62,8208.72,-1358.9,14,108,549
1,5249.22,3700.6,-1323.2,8,89,249
4,3556.77,732.423,283.35,7,31,53
5,10990,43794.4,-872.167,29,197,2257
3,4536.43,989.437,-988.94,21,66,101
2,11780.2,74478,-5247.81,26,249,3630
3,4456.34,1013.53,-583.98,19,66,101
3,11559.4,43948.9,577075,92,166,1414
3,9750.92,30828.8,4050440,46,171,1747
5,3570.44,573.574,-75.474,13,43,52
0,13731.5,85350,-6827,107,259,3297
2,4859.67,1783.11,-999.69,4,70,131
3,5503.41,2522.25,298.77,5,81,169
0,7510.54,9256,-3518,49,120,584
5,9166.97,21664,-643.472,209,145,1156
2,12983.4,57561.4,241488,165,209,2967
4,3679.03,543.626,-482.79,5,43,52
0,8101.63,25110,-3365,22,151,1411
2,7750.75,9238.05,-1523.17,85,138,554
5,8165.5,16990.1,-848.012,99,134,970
0,19377,128979,-4644,47,303,2824
5,7558.02,7410.29,-1122.71,107,95,427
3,11609.3,79400.6,-6198.65,41,272,3539
5,6954.85,9276.71,7396.06,197,98,520
2,5417.1,3421.08,-765.787,137,51,132
5,7083.68,5913.33,-1005.16,86,95,372
0,15025.5,77663,-5382,55,289,3460
0,13077.4,80616,-6104,42,299,3463
5,4725.95,2827.88,-794.58,16,65,202
2,13773.5,135837,-2981.48,217,279,5626
5,3548.94,365.999,2189.2,11,54,28
3,4579.07,2674.03,-1226.3,19,65,202
2,5497,3541.24,-725.291,2,51,132
3,21138.7,408618,-7542.04,63,473,14125
3,3999.74,385.689,896.1,11,54,28
0,9477.32,19716.2,-832.89,35,151,936
2,14422.1,59520.7,354.064,149,305,2610
5,4283.98,6441.53,-375.58,14,68,481
4,3561.64,530.191,-380.5,7,43,52
4,5993.45,11122.5,-358.539,252,102,764
4,21006.5,407788,-45.0708,90,467,14125
1,6144.3,8034.82,-3243.1,4,106,549
2,6725.32,5383.21,-792.445,50,79,292
4,3655.09,567.558,-464.33,5,43,52
0,8174.63,36478,-2661,15,144,1925
2,9858.21,10160.9,-2406.85,101,154,587
4,9442.41,11107,2010470000,36,156,654
2,16910.5,159964,-3743.06,242,352,6744
0,8058.96,14685,-2836,10,152,849
3,8229.78,14283.4,-1936.13,17,140,845
3,6212.36,10182.9,-2181.72,27,109,689
5,10256.7,23732.5,-1131.63,76,152,1165
4,6174.77,4106.29,-104.55,13,100,294
4,14922.6,154596,2441.2,115,310,6737
5,20735.5,410852,167.467,89,462,0
0,7654.51,17279,-2452,21,146,1020
3,7559.54,14025,-1816.63,29,120,809
0,10612.5,36323,-6617,131,227,1757
5,14630.1,75508.8,2737.5,96,336,3302
3,12973.4,36732.2,-1559.59,149,225,1755
5,10626.2,40092.2,109638,215,159,2181
4,22801,281963,2319.06,256,468,9276
5,3606.62,464.767,-654.23,2,36,35
1,5950.65,6905.25,-3547.2,24,92,485
3,19198.4,165888,771542000,191,352,6744
3,12262.3,38584.6,90170.7,38,235,1818
2,3852.78,1448.62,-647.497,156,52,133
5,8150.94,7926.71,-1303.68,63,109,486
4,4887.96,1994.33,-934.414,112,66,166
5,3502.05,434.433,-659.8,1,36,35
0,11696.1,52790,-4227,42,226,2749
3,16002,220674,-4158.52,267,336,8195
0,8018.17,15195,-3919,14,145,847
5,9629.37,16137.6,55544700,49,160,976
5,4246.94,478.125,-0.88595,26,65,35
3,10959.1,48336.4,69183.5,94,190,2118
3,3857.32,2196.31,-520.709,3,43,161
2,4542.15,1047.71,-545.82,28,62,102
0,6730.38,3413,-2873,40,91,205
0,14510.6,145694,-9219,48,325,6063
3,4575.71,1037.61,-932.77,20,66,101
0,6850.45,11195.1,-1613.41,2,92,551
4,3367.65,689.224,119.35,2,31,53
0,15420.5,182696,-8513.45,265,367,7087
4,10032.3,21665,1930540,144,152,1165
0,8215.99,13760,-3231.6,118,170,771
5,3443.55,704.014,-124.68,3,31,53
5,3573.18,467.41,-574,3,36,35
4,9602.04,17199.3,-1394.11,27,142,844
4,3741.48,440.685,-795.75,2,36,35
5,16159,88811.1,262300,83,289,3710
4,3796.22,555.695,-622.26,5,43,52
1,5171.82,3359.93,-1783.6,21,70,205
0,3891.56,889,-710,1,58,75
0,13209,116763,-5828,55,313,4728
0,6823.6,17785,-1714,112,142,1018
0,15275.6,116938,-12641,76,418,4717
3,4949.22,1919.7,-644,2,66,164
0,11482.5,67909,-4368,33,231,3128
1,4135.71,1541.61,-756.68,4,55,133
3,3819.1,470.265,-975.35,3,36,35
5,4629,544.51,-101.16,22,65,35
0,5043.6,4041.37,-1235.5,11,85,346
0,4594.18,3504.35,-884.23,34,75,269
4,3754.24,415.092,654.28,11,54,28
4,11439.4,31969.6,2692.18,139,203,1580
3,6109.85,7563.37,-1511.11,76,93,545
2,6623.89,12079.4,-290.139,216,105,765
0,44446.3,2426140,-25461,110,974,52210
3,13537.8,95788.7,-908.341,198,273,4429
3,12052.6,39046.9,329.112,39,235,1818
2,10524.8,42549.8,-1728.65,123,197,2257
1,3941.24,1183.82,-863.58,9,55,88
1,6398.96,4970.15,-1533.9,17,87,322
3,24278.9,242786,138924,287,537,8350
5,20556.8,277116,1695.64,297,420,9137
4,6230.8,1893.48,-1467.52,7,84,136
4,10047.3,12399.3,-2403.1,37,136,619
5,9723.77,17299.8,-1919.36,30,172,973
1,5397.96,5598.72,-1435,6,89,425
2,6232.72,7348.94,-1280.52,80,93,545
3,6632.2,1873.72,-1200.99,9,84,136
4,7030.81,4384.99,84.658,22,100,294
3,9470.23,30532.8,-3032.63,34,171,1747
1,3898.2,1203.59,-792.36,9,55,88
2,6230.32,11195.3,-744.412,24,102,764
3,11978.8,33776.7,1844.3,49,210,1213
1,5182.55,3681.8,-379.08,21,82,289
4,11002.1,37111,-4510.66,188,208,1691
3,11784.2,52401,-291.322,152,218,2391
3,11958.3,33338,4096.4,47,210,1213
2,6290.21,8367.09,-1704,11,100,551
0,18129.7,222326,-12236.8,306,498,7962
1,3958.85,1192.73,-710.92,9,55,88
5,3843.48,535.288,-373.16,6,43,52
2,12397,74816,-5066.46,35,249,3630
5,10673.3,26522.4,-1338.42,108,172,1412
4,5856.02,7299.39,-515.038,10,93,545
4,23112.1,280625,-1075.9,299,468,9276
3,9967.05,30057.3,173.448,218,171,1747
5,9439.05,18053,-2153.88,30,133,890
0,22483.8,353735,-14115,71,533,11885
2,15282.4,90866.2,73158.8,283,254,3973
4,8259.91,8825.87,1468.6,35,144,553
3,13097.5,60734,-2188.26,32,247,2754
4,9936.06,36688.1,-3600.28,28,196,1997
3,4427.64,2392.56,-825.48,20,63,184
3,6349.34,7311,226.735,45,93,545
3,7879.99,9164.41,-558.466,87,138,554
4,12562.3,93459.5,-5022.25,215,254,3885
0,10516.4,60202,-6683,124,210,2745
2,8162.92,33024.6,384.878,23,148,1919
0,5291.91,6072,-2804,7,89,428
0,10380,18576,-3511,21,204,980
3,4530.51,2211.83,-1526.5,12,71,188
3,15511.5,85332.5,899.337,104,301,3369
0,8747.81,22860,-3547,25,114,809
3,12981.8,60943.9,-1259.74,24,247,2754
5,20575.2,202821,-23.9122,161,390,7459
3,8735.86,16141.3,-1413.71,38,160,976
2,8716.7,33040,164072000,21,148,1919
5,14960.1,78290.2,1991.15,272,336,3302
2,7883.39,9476.29,-2251.63,204,130,490
5,3795.6,518.138,-312.53,10,43,52
1,4825.98,2834.51,-1236.93,119,77,244
0,10531.8,105416,-4725,34,245,4999
4,12786.9,55984.5,131206,123,224,2192
3,7553.7,14013.7,-1829.76,30,120,809
3,12733,79056.2,57974.9,50,272,3539
0,7120.12,11385,-3334,25,131,656
5,3678.01,583.46,-374.16,14,43,52
4,14683.6,87812.9,-6110.31,94,301,3369
0,21038.7,466494,-14581,305,497,16216
5,6183.86,9644.05,-677.786,132,98,651
2,3917.02,785.971,-2009.3,13,54,64
3,11845.1,34203.6,1669.3,52,210,1213
0,6991.97,10710,-4395,13,131,653
5,4408.19,6611.86,-569.43,23,68,481
3,3718.25,487.021,-600.17,1,36,35
1,4421,1770.47,-878.44,8,66,164
0,4262.84,409,-952,9,55,36
4,13500.6,60791.9,-5242.53,23,247,2754
5,4188.56,6053.07,-614.45,13,68,481
5,9530.78,11261.9,861167,41,156,654
4,3647.33,465.122,-762.33,1,36,35
3,8813.64,25121.5,-1665.96,32,157,1519
1,8447.04,15657.9,-3148.7,31,141,932
4,10525.3,33142.6,9090320,122,176,1922
3,8910.43,12388.8,1460680,118,136,619
0,20947,156105,-8543,105,452,5433
0,14937.5,63855,-7274,134,270,2611
3,4946.97,1422.95,-729.295,115,59,112
4,9199.84,10936.1,-1195,46,156,654
2,6397.77,5278.02,-1490.6,7,105,371
0,7903.91,13417,-1334,91,144,692
5,5263.66,4562.13,67897000,8,79,342
2,4420.45,975.285,-668.24,4,55,88
0,26007.7,797757,-16135,76,601,20021
3,14810.9,86376.4,-506.957,72,291,3799
2,7040.37,4036.99,-1704.49,87,101,249
3,8196.45,11759.7,-1810.58,60,128,693
3,7296.62,17443.6,-2158.7,8,128,1065
3,3383.5,671.888,304.53,6,31,53
0,14747.2,87630,-5471,157,318,3885
4,10029,12069.6,-2361.03,46,136,619
5,9359.72,16074.3,-385.155,180,133,890
3,3460.13,692.013,198.62,6,31,53
3,24202.3,270592,3008.71,293,537,8350
4,13057.5,80033,-5281.68,48,272,3539
3,7066.65,14293.5,-787.631,100,120,809
5,4386.5,2702.81,-1088.6,33,65,202
3,7848.26,14305,568.02,22,127,802
0,15563.5,101245,-7593,60,309,4155
2,15099.9,251940,-924.222,102,346,7851
1,4828,2886.39,-958.604,19,77,244
2,14875.8,88433.5,-6696.15,94,301,3369
4,7245.58,7688.71,775.07,40,109,432
5,3585.81,534.821,-329.3,14,43,52
0,10247.1,21673,-5139,41,197,1025
5,3848.94,2526.5,-876.4,40,63,184
1,5893.8,6943.47,-3263,22,92,485
3,11682,52680.2,31441.6,155,218,2391
2,4717.17,2247.39,-1756.9,10,71,188
5,3601.06,478.175,-772.51,4,36,35
4,3656.76,579.411,-211.84,11,43,52
5,3719.81,591.368,-315.24,12,43,52
3,9948.72,30795.4,-1124.07,230,171,1747
4,5730.05,4523.23,-947.366,87,72,340
5,4262.77,2566.83,-1170.4,33,63,184
2,4262.13,709.249,-699.29,24,58,43
0,11273.7,70129,-5918,40,240,3052
1,5676.26,5086.94,-1558.81,11,99,321
5,5788.58,4162.94,437.94,25,100,294
4,12087.1,69153.9,180.999,186,262,3211
0,8260.54,10455,-2182,23,136,584
3,6496.48,7581.84,-1139.96,9,93,545
1,4336.56,2115.41,-1558.6,10,71,188
3,6592.11,11568.7,-1144.33,86,102,764
5,3648.49,489.831,-834.72,2,36,35
0,5799.93,6030,-1152,12,80,316
5,3751.59,382.3,980.89,11,54,28
0,12764.2,48389,-3600,76,250,1639
4,12076.5,76188.2,2436.93,45,252,3882
5,12924.3,96336.5,-2619.67,190,273,4429
2,4628.43,569.711,-296.26,23,65,35
3,13203.9,90468.9,-4710.24,213,254,3885
5,20504.8,274060,24021.8,307,420,9137
2,10800.6,33787.8,-5143.56,125,234,1581
5,6652.41,4287.43,-580.489,135,101,270
2,8692.59,34207.9,-2177.61,19,148,1919
0,10587.5,33936,-4754,101,214,1696
3,5153.38,3480.37,-593.444,133,51,132
3,6943.69,13480.9,-925.939,20,96,804
5,5869.3,2611.41,301.34,6,81,169
4,8533.25,9710.12,-1003.01,92,138,554
0,9409.38,15514,-2695,32,146,735
4,9918.04,26001.1,-368.391,27,174,1415
4,3611.15,560.18,-615.07,5,43,52
3,6207.92,1874.89,173.791,71,84,136
5,3762.08,538.82,-573.25,6,43,52
1,8542.28,9390.89,80528.9,12,135,587
0,14722.1,95151,-8205,35,280,3543
0,5635.71,2256,-1618,53,97,171
5,3714.6,575.899,213.44,13,43,52
4,5292.49,2341.45,-928.33,13,71,188
4,6854.93,2013.95,23131.2,22,84,136
3,4404.94,1935.38,-523.075,75,63,166
3,11233,39187.6,-1231.91,158,205,1751
0,7474.26,7338,-2444,28,106,483
4,3933.47,614.711,-545.71,18,58,43
0,15667.4,191744,-10109,71,380,7094
4,7612.96,10881.4,-1318.18,84,114,689
1,4110.41,5773.2,-434.87,19,68,481
0,13458.1,128005,-5575,55,302,5316
0,9498.21,20818,-3721,161,162,1255
5,3987.18,652.548,-407.09,12,58,43
3,12294.8,36614.7,431481,13,225,1755
4,14184.5,78848.6,3400.93,158,320,3466
3,4398.55,1028.2,-1214.7,19,66,101
0,7905.8,24105,-2635,23,152,1408
2,4136.95,789.802,-1680.3,13,54,64
3,8862.85,10629.5,-827.926,23,139,587
5,3663.63,566.142,5.4233,14,43,52
3,14408.2,86962.5,-1513.49,82,291,3799
5,8077.7,9180.48,1674.5,41,144,553
2,4076.41,392.484,1079.5,11,54,28
5,3919.35,398.268,1385.7,11,54,28
4,10961.8,39866,-1299.46,104,193,2118
0,7536,18370,-3568,67,138,977
0,8626.26,21900,-3695,17,147,1018
1,4028.93,1190.02,-56.901,2,59,101
1,8259.54,15584.1,-2760.3,30,141,932
2,4383.62,514.692,-41.407,22,65,35
0,15638.1,84409,-6999,59,345,3468
2,4389.12,5976.28,-476.1,16,68,481
2,10832.1,44285,-1698.78,34,197,2257
5,11563.1,48079.4,-172.853,92,166,1414
0,13114.3,88578,-6136,41,264,3537
3,6922.19,5451.88,-1041.1,57,107,346
4,7116.44,13807.7,-1024.75,31,120,809
4,10153.8,26216.1,-1837.13,150,174,1415
0,23804,370592,-13780,130,484,10110
2,13967.5,100396,-3675.61,42,283,3965
2,3663.05,356.843,1004,11,54,28
3,4637.25,1051.38,-1739.2,21,66,101
1,6057.99,5134.93,195816,10,99,321
5,13263.9,63810.4,4930.1,48,279,2979
4,18150.1,270127,-4551.94,98,346,7851
4,3783.12,474.806,-544.93,1,36,35
5,14021.4,68970.4,7284.02,70,325,3143
3,5639.66,10634.7,-838.481,66,102,764
4,3762.5,515.023,-860.17,7,43,52
4,7158.28,5846.69,255.47,21,105,371
4,6354.26,1904.64,-1444.36,7,84,136
0,6066.6,6393,-2099,17,108,424
5,6265.55,4204.93,-267.67,26,100,294
3,8476.63,9979.96,-2214.67,95,123,621
4,3798.39,552.388,-499.41,7,43,52
0,9640.15,35265,-4289,20,166,1993
0,12923.9,85868,-10960,55,307,3717
3,12216.8,48798,526453,91,166,1414
0,11171.4,125214,-4446,77,247,5830
2,6852.15,12173,-231.121,213,105,765
4,4157.88,5957.41,15.795,14,67,481
2,16552.6,140389,-10931.3,320,449,5537
3,8363.78,20535.7,209.49,36,143,1203
0,10923.6,31479,-5018,65,233,1587
1,10747.2,41642.4,-3819.49,159,227,2059
0,7636.87,9368,-2372,28,106,553
3,10179,43650.6,-1722.29,129,197,2257
3,3976.47,825.625,-1845.7,13,54,64
5,13648.7,68882.8,3850.76,158,325,3143
3,14439.4,52278,34514200,69,288,2334
0,10630.1,67105,-4794,25,241,3209
5,4694.85,2274.25,249.12,26,75,165
3,8830.5,16078.9,-1137.69,117,160,976
2,6751.46,9242.83,-564.374,4,95,543
4,4200.96,1649.96,-251.52,9,61,134
3,6682.17,10440.1,-2131.72,21,109,689
3,9036.22,28819.3,-2558.22,22,179,1626
4,7706.86,11582.4,-1182.65,93,114,689
4,5206.09,4744.38,96734,9,79,342
0,12944.7,39455,-6490,55,240,1999
3,8954.71,35954.6,345.906,83,148,1919
1,5071.72,2813.26,-1007.14,116,77,244
3,10782.8,57843.4,-340.628,320,217,2904
2,4532.22,1999.92,-53.845,17,75,165
5,7151.07,8959.03,-1012.72,34,98,582
0,4971.98,1961,-1616,12,78,149
3,7930.42,9272.76,14851.2,193,138,554
4,5293.75,1088.43,-1469,2,57,76
4,6848.32,5961.57,460029,84,95,427
2,21119.9,410472,53263.9,56,473,14125
0,8708.28,21326,-2007,31,136,1110
5,9732.25,18600.6,35987.1,184,133,890
3,8643.95,25222.1,472.064,23,157,1519
5,7110.92,6881.74,727.68,27,108,428
5,9848.96,23507,-2212.27,37,176,1313
3,7180.48,9791.7,742.81,13,115,547
2,6058.77,11243.2,3449.38,253,102,764
4,15461.3,156198,1952.9,114,310,6737
5,4713.91,1105.64,-90.283,15,62,100
3,4071.79,2142.46,-1810.2,4,63,184
3,7622,14898.9,966649,36,134,970
0,13169.7,47322.9,-7244.23,165,298,2196
5,3632.89,580.036,-338.98,13,43,52
0,32053.9,829913,-17926,110,637,22296
4,10483.2,26165,-1620.24,130,172,1412
5,3843.85,566.562,-805.37,14,43,52
3,8994.51,12096.1,-671.238,122,136,619
5,6676.78,2255.22,360.9,10,76,165
2,11436.8,55716,-1932.88,180,209,2967
5,5092.87,1755.06,-916.676,178,76,147
3,9205.97,38292.3,-3142.92,37,180,2054
2,5133.86,3017.88,2054.71,153,71,249
4,4069.24,2367.6,-954.75,15,63,184
5,4752.85,1840.52,1383450,112,66,166
5,14506.6,95617.9,-86.5884,263,294,4249
4,7796.7,9991.3,-1397.8,83,123,621
0,13464.5,74290,-10597,61,323,3135
3,7514.61,9529.78,-957.61,19,123,621
4,7213.12,12573.1,-642.865,33,130,694
0,10466.2,38197,-4910,18,213,1875
1,5717.19,12729.2,-1461.7,20,103,883
4,3709.84,536.995,-537.05,5,43,52
1,5390.84,5590.43,-1611.5,6,89,425
5,10575.7,40398.1,571178,208,159,2181
3,8471.36,16923.2,-2753.69,21,142,844
3,4062.94,377.765,1074.1,11,54,28
2,4260.62,2489.91,-815.14,20,65,202
2,9912.1,34300.6,-2426.02,195,208,1691
1,6041.38,5257.2,-1912.3,23,88,370
3,9605.11,39378.8,-326.231,69,196,1885
3,7973.18,14209.6,-362.93,18,127,802
1,11186.8,68911.8,-5143.27,199,247,3373
2,18989.9,161914,1211750,153,352,6744
0,14817.5,116176,-12487,68,415,4717
4,12839.1,42262.2,1667550,42,278,1938
0,19416.5,225400,-9813,71,378,7096
0,21592.6,399506,-15413,105,502,12822
2,6092.75,5309.81,-1068.9,8,105,371
5,7811.32,12531.5,71029.1,121,130,694
1,6234.91,8182.96,-1090.5,16,108,549
3,4337.84,1987.99,710.83,11,75,165
5,5415.64,1821.66,-880.909,178,76,147
0,12188.2,37054,-3707,27,200,1575
4,4766.02,2584.4,-1041.7,27,63,184
4,4666.82,1620.96,-655.4,4,55,133
5,9128.01,21141.9,-1478.54,101,143,1017
2,15866.6,162845,-7357.41,213,352,6744
3,10584.8,26665.9,-1419.22,152,172,1412
0,12324.9,94102,-5956,50,261,4155
2,4522.42,1046.34,-690.37,28,62,102
5,12009.1,36824.1,-183.58,132,216,1932
5,22394,198602,-4703.61,101,367,7087
0,21119.9,364880,-11564,93,524,12196
3,5794.74,3934.92,-6.3567,17,100,294
3,5699.93,7733.24,-1523.9,17,99,583
2,3524.83,1997.21,-381.13,6,43,161
0,4154.01,503.521,-730.57,15,65,35
5,8226.43,12418.3,-2629.86,53,130,694
4,4527.75,6547.67,-509.31,24,68,481
3,12925.5,36683.9,-1903.38,206,225,1755
3,7432.88,17798.9,-1790.7,14,128,1065
5,5495.15,4928.18,8692900,3,79,342
4,12501.2,57435.2,-1024.4,46,220,2461
3,3469.25,701.3,-3.8099,6,31,53
0,19335.2,443793,-11134,75,447,15151
4,15893.7,156615,2724.8,94,310,6737
3,8770.03,16049.1,-1734.78,47,160,976
1,6972.99,13569.2,-3329.4,16,118,762
4,14597.6,144619,-497.531,186,308,6057
1,4460.59,1783.15,-471.68,8,66,164
5,5253.57,4323.73,-549.603,14,72,340
0,14287.2,96400,-5843,62,284,3221
2,7887.29,9538.2,-2407.39,201,130,490
5,12898.9,80366.7,-5924.57,51,272,3539
5,3547.39,564.412,33.505,16,43,52
4,14668.3,94625.4,-1186.39,221,283,4064
0,8707.77,31938,-5842,35,159,1691
0,10447.9,27058,-3975,63,179,1211
0,12739.1,78916,-6889,41,276,3461
3,11230.9,55952.3,-1323.23,176,209,2967
0,28001.7,856241,-16124,83,625,26243
5,4142.97,1903.16,16300.5,81,63,166
0,6090.81,8732,-2142,4,120,518
4,7205.61,11338.8,28263.8,90,114,689
0,9406.71,43250.7,-4053.71,127,197,2257
0,12634.9,96773,-6422,139,287,4148
0,9968.79,8248,-3528,35,142,402
2,13816.5,96933.3,-3647.97,40,281,3974
2,8849.14,9807.59,-1382.01,177,135,587
3,7269.25,12647.7,-903.917,138,123,726
2,6303.85,7573.13,-1690.02,80,93,545
0,11550,30945,-4057,102,184,1417
5,3776.4,596.888,-326.39,14,43,52
5,6785.41,9790.93,-1175.65,138,98,651
4,7162.38,14148.8,25355.2,103,120,809
2,6211.92,5339.42,-614.82,9,105,371
3,9167.01,37850.9,-2149.65,37,180,2054
1,5839.13,6932.17,-2999.8,22,92,485
3,9338.26,16534.1,-482.142,112,160,976
0,14772.3,102492,-7417,54,308,4248
2,17173,139969,-8960.85,313,449,5537
4,5441.75,3972.88,-1099.02,120,85,269
5,10822.5,42911.5,-4773.58,151,223,2059
5,4067.24,695.017,75.103,18,58,43
2,12278.1,49336.5,-4083.38,103,262,2394
0,13149.2,121366,-6203.3,202,281,4717
0,20931.5,204786,-11710,281,482,6638
4,9931.57,32340.9,212308,114,176,1922
0,7334.17,6997,-3343,15,121,397
2,6870.39,4075.64,-1613.12,86,101,249
1,6908.44,7817.66,-2586.6,13,117,427
3,5314.29,2478.64,335.74,4,81,169
5,6052.78,2548.54,185.08,8,81,169
4,8781.48,16247.9,-1277.15,114,160,976
2,5040.66,3804.6,-1608.46,18,79,317
0,11020.3,46781,-5876,38,216,2060
4,3983.73,2195.84,-985.06,10,63,184
4,4154.62,2680.21,-239.18,17,65,202
0,8754.11,27397,-4556,13,142,1255
2,10897.9,41335.7,-3333.76,143,227,2059
0,16859.7,145229,-8708,79,358,5429
5,10577.7,28563,-1630.84,57,214,1469
5,5257.76,4828.16,118220,8,79,342
0,18994.7,283321,-15139,201,507,10256
1,5730.24,12724.8,-1789,16,103,883
2,4698.55,2727.66,-1398.5,12,65,202
0,21032.8,308639,-11645,73,424,8607
3,8692.08,21348.9,-171.98,36,143,1203
3,8448.6,8858.37,1921.8,36,144,553
4,3638.97,558.419,-530.99,14,43,52
3,11379.9,55855.2,-795.398,30,209,2967
4,15439.1,158347,3209.8,122,310,6737
4,3454.74,715.406,-284.72,2,31,53
2,6162.61,11289,-812.451,85,102,764
0,17560.6,329969,-12518,54,398,11263
3,8443.11,16010.4,-1835.79,48,160,976
5,4406.14,2355.76,-879.44,31,63,184
3,4475.5,1012.94,-1374.9,21,66,101
4,12278.3,60078,956.691,142,233,2897
4,3336.12,664.261,16.741,3,31,53
3,6396.56,7446.61,-1274.14,77,93,545
3,6376.51,5260.59,-805.979,102,96,347
5,12434.4,62065.8,7465.4,53,279,2979
2,6009.15,4139.68,-1360.37,86,88,318
2,10900,38067.9,5339.41,159,205,1751
3,13412.5,46970.3,548.199,139,273,2061
0,9908.07,18263,-4163,30,165,1018
4,17716.9,157395,328.327,196,359,6068
2,16097.4,164289,-7518.99,257,352,6744
5,11137,51100.1,1158.83,130,209,2534
4,6305.38,4192.26,-357.43,17,100,294
2,17449.4,165324,5039.11,217,352,6744
4,3338.66,662.875,146.48,3,31,53
0,8066.17,12304,-3258,57,142,659
0,12157,70389,-6564,157,274,3295
5,13473.6,62562.2,1775.48,304,233,2897
2,3866.08,1454.91,-822.828,159,52,133
1,3692.39,1200.27,-596.41,9,55,88
5,6370.84,5361.73,205184,7,95,372
4,12459.5,52695.4,-4360.6,148,218,2391
4,8849.91,22672.8,-2170.16,118,166,1111
5,3661.09,559.614,-518.71,7,43,52
0,19065.6,196213,-10291,479,419,7105
4,23761.2,260652,-1151.77,302,540,8870
2,6091.92,5310.43,-863.57,11,105,371
5,6014.31,2758.06,257.89,8,81,169
1,5431.77,4239.3,18657.6,20,88,292
5,4591.05,521.643,418.14,22,65,35
2,15580.9,101985,5844.47,46,283,3965
1,9019.8,16824,-3388.68,92,183,931
0,27380.3,742906,-18695,74,628,22089
5,13098.1,73747.7,-1751.92,33,247,3630
5,4477.67,6674.26,247.14,30,68,481
0,13733,90423,-5367,51,251,3617
2,5982.29,8128.82,-3436.8,10,106,549
5,6775.76,4233.83,-871.982,28,86,205
4,24247.4,279655,-2530.05,288,540,8870
4,13165,46116.6,16104600,149,273,2061
0,7088.49,8151,-4811,13,120,486
4,10992.4,38369.4,528433,62,205,1751
5,4237.55,515.702,505.51,22,65,35
3,3633.25,491.044,-748.12,2,36,35
4,10235.1,26152.2,-1057.06,156,174,1415
4,3451.87,661.852,-439.52,1,31,53
4,6654.23,10213.9,3611.03,32,101,584
2,4981.48,4300.76,-1532.58,20,79,317
0,11115.9,27620,-4883,73,188,1165
5,15649.1,143859,-7227.5,254,362,5847
0,5929.41,4630.41,-1741.2,15,98,294
4,5447.78,4437.29,-982.88,13,85,346
0,11097.1,47352,-6153,42,211,2248
3,4418.29,6287.51,-105.27,15,68,481
3,6469.06,10307.9,93175.6,22,109,689
1,5037.41,4040.55,-1238.4,11,85,346
4,5427.26,4580.23,-1315,17,85,346
3,7900.88,10871.6,-1780.99,198,156,654
5,18467.3,288564,-545.094,123,346,7851
5,4629.48,1841.39,-382.42,6,61,116
5,11538.8,38492.7,2489.58,38,235,1818
0,8383.39,10145,-2080,29,128,620
3,8360.63,12181,-1812.3,60,128,693
0,6459.99,8340.74,-2370.9,14,100,551
4,9108.62,16500,-1579.6,111,160,976
3,4333.83,1661.66,-669.28,6,61,134
4,16849.1,175870,-8587.86,224,403,6746
5,19611.5,275948,7177.32,309,420,9137
3,7859.97,9479.92,2662.83,103,123,621
3,6107.57,5213.59,-153.14,10,105,371
1,6046.59,5263.46,-1942.6,22,88,370
1,4464.56,978.334,-1114.5,14,66,101
1,7568.63,12866.3,-1819.03,77,132,806
3,11707.9,38709.3,602.868,153,235,1818
2,6232.97,8090.33,-3948.4,9,106,549
4,11237.3,47749.2,-2471.57,67,190,2118
0,5137.01,1902,-1715,8,76,166
5,4767.25,2358.25,1543.3,32,76,165
5,5801.45,947.518,-1620.1,11,57,76
4,13566.1,55687.8,-2304.89,115,224,2192
2,7187.53,4181.75,65488.6,14,101,249
2,6813.74,11963.6,10234100,33,105,765
4,8220.32,21417.2,44338.1,211,145,1156
4,9646.48,25927.6,-572.008,23,174,1415
3,7407.08,14080.4,-1099.5,25,120,809
0,11899.1,59288,-6406,22,194,1874
0,9680.16,18674,-4377,21,177,1071
5,14249.8,140197,836.541,331,308,6057
5,12020,71417.9,2370.4,45,201,3289
5,16615.4,214199,13451.7,75,336,8195
0,15531.3,151640,-6446,65,315,5846
3,24208.6,276714,-4608.65,288,537,8350
4,22079.3,405041,-392.298,59,473,14125
3,21861.2,258583,66328000,279,540,8870
0,9079.9,13551,-3675,27,144,693
5,10513.8,42083.9,9998400,84,159,2181
3,4364.81,1704.76,-860.27,8,61,134
0,11191.7,44486,-5873,22,229,2120
5,13868,68890.9,6117.2,171,325,3143
4,8749.22,20080.4,212086,93,163,1162
2,7097.95,13459.7,-1152.69,18,96,804
4,9195.73,35566.7,-2523.24,32,148,1919
3,6381.75,3521.4,216.51,15,101,206
4,11845.2,28100.5,561.65,39,178,1410
3,13289,61873.6,-5306.3,22,247,2754
0,13224.3,82194,-9924,102,330,3715
3,10155.6,27080.9,-866.604,151,172,1412
0,13167.9,61614,-8234,52,319,2904
0,14036.5,61957,-5160,29,271,2753
3,7214.34,12691.1,-2267.91,145,123,726
0,13424.3,139083,-8246,150,326,6508
5,21617.5,275975,-1656.18,287,420,9137
2,5370.52,3688.39,-1792.07,120,85,269
2,4268.95,6239.8,-118.76,26,68,481
2,17751.3,139747,9859.04,305,449,5537
4,3541.46,563.702,-314.04,4,43,52
1,7052.68,4507.59,-1912.4,15,110,294
5,15369.7,162992,4202.2,107,310,6737
4,8368.72,9905.5,-980.934,195,138,554
0,12208.3,33304,-3864,121,198,1580
0,22998.6,363854,-14267,144,544,10847
4,8366.07,4706.44,-701.904,92,131,271
5,4664.12,547.87,735.53,23,65,35
0,9060.89,16635.6,-4433.97,94,183,931
3,9477.91,16706.4,-1189.73,111,160,976
3,3720.46,517.487,-926.09,2,36,35
3,4328.73,2636.03,-1027.2,17,65,202
2,4030.81,2086.12,-2256.4,4,63,184
4,4502.97,2591.91,-436.49,33,63,184
5,5435.59,4790.64,78907,12,79,342
3,4260.31,5926.97,-428.38,8,68,481
0,7729.33,26693,-3277,20,133,1569
3,16486.3,264212,5911720,112,346,7851
5,3834.56,603.147,-201.9,13,43,52
4,14695.8,42794.4,192233,234,278,1938
5,3566.31,458.947,-821.03,2,36,35
0,6882.29,18070,-3665,23,124,1113
5,4604.96,2620.97,-1199,23,63,184
3,8676.19,29689,-1164.44,106,132,1513
5,4356.36,1293.92,-532.24,8,59,101
0,4776.94,2173,-1561,2,65,180
0,10793.3,16001,-7076,43,192,814
5,9408.27,9609.58,-1471.18,242,154,557
3,3375.3,1409.09,-627.122,1,40,100
1,4799.63,2854.56,-1138.23,120,77,244
4,6269.6,7493.86,-955.084,79,93,545
5,4531.72,2275.08,-459.62,3,61,184
2,5988.36,5162.87,-1073.7,11,105,371
2,3838.8,2067.27,-1447.4,4,63,184
3,4818.62,2141.7,12.839,12,75,165
4,6795.73,6341.24,13611.1,27,95,427
5,3523.67,582.275,239.36,16,43,52
0,13020.1,43856,-7670,76,286,1807
4,6639.92,6191.33,-865.614,15,95,372
0,11455.2,68638,-5616,177,247,3371
5,8445.6,9689.73,-1141.29,190,135,587
2,6075.99,4134.36,-1425.57,264,88,318
4,7217.41,11557.5,-1334.67,155,111,651
4,4553.41,6508.52,-58.182,15,68,481
0,6302.84,7301,-2549,58,112,485
3,4097.6,1175.23,-634.98,9,55,88
0,19058.8,186884,-11048,92,439,6521
3,9253.55,26647.9,-1070.36,31,156,1364
3,6694.32,3702.76,1014.3,25,101,206
3,8732.83,37780.9,-3090.77,46,180,2054
0,20431.6,454817,-10879,83,486,14809
0,16171.4,109979,-8090,65,351,4633
4,12167.2,68560.9,270857,178,262,3211
3,4540.68,1011.4,-879.69,28,62,102
2,7722.62,9214.03,150.14,24,130,515
5,5150.75,2618.84,-677.99,15,65,202
2,4788.97,2787.99,101338,109,67,224
3,14135.2,165019,-160.732,49,320,6391
0,36655,1422530,-17263,129,875,36502
0,9779.28,32369,-3867,84,174,1631
0,26274.2,606547,-14226,196,624,18837
1,8081.75,13840.2,-3458.03,120,170,771
3,4907.18,2087.66,-774.43,3,75,165
3,4294.18,1697.88,-372.22,5,61,134
0,7564.5,7627,-1351,15,130,519
4,9442.28,12336.9,568.84,27,152,693
5,7843.02,9450.01,1078.39,214,107,517
5,3590.39,588.214,-257.14,14,43,52
0,14484.6,104901,-8855,161,309,4621
0,4773.05,1068.01,-429.49,27,62,102
2,17067.9,139083,-8100.6,311,449,5537
0,22340.2,338607,-10788,66,433,9681
5,4272.23,2282.3,-345.52,30,63,184
2,4742.43,2257.45,-1168.8,12,71,188
4,23831.7,234683,146041,290,537,8350
0,9681.7,35203,-5716,31,192,1871
0,11594.1,76018,-6502,61,260,3294
2,11917.8,38126.1,-399.942,152,235,1818
5,3634.13,466.339,-1003.5,3,36,35
3,5782.42,3995.87,-646.712,82,88,318
5,6587.89,6056.55,33580.9,15,95,372
4,6012.85,4014.8,-105.94,15,100,294
3,3461.22,677.871,156.45,4,31,53
5,4469.12,1969.68,-787.463,114,66,166
4,9003.93,11437.6,338.735,127,156,654
2,22237.7,515804,-2599.38,363,540,18067
0,27777.9,752786,-13265,101,576,18650
3,13735.8,87547.6,-1031.81,57,291,3799
4,13236.2,68501.4,25978800,142,325,3143
3,5123.06,4284.25,-1072.3,13,85,346
5,4042.51,6156.24,5.1258,14,68,481
5,6397.49,3540.83,321.948,47,86,205
0,12174.1,72181,-6643,37,253,3134
5,9994.89,23436,-1011.73,43,176,1313
5,4881.06,2097.74,538.5,33,75,165
1,5331.06,5572.53,-1837.5,6,89,425
4,5856.81,5133.33,-1496.51,85,86,367
3,5127.88,2998.48,-1833,3,65,202
0,26606,438191,-8733,92,482,7114
3,7180.14,13105,-1713.66,22,105,765
4,16845.7,158781,2200.41,198,359,6068
4,4887.58,2612.2,-1112.9,14,72,205
4,13781.8,60587.7,-3697.44,184,223,2822
3,3631.32,457.096,-787.04,0,36,35
5,5007.57,6580.17,-51.477,16,68,481
5,7008.23,12709.3,1596.65,63,132,806
2,8713.7,9618.1,1185660,203,130,490
5,7633.55,15671.8,-693.518,104,134,970
4,13530.9,96653.5,-1444,181,273,4429
0,6716.41,5038,-4134,22,115,342
0,6411.13,9698,-2686,59,104,652
3,13117.6,37966.9,-1855.44,148,225,1755
1,4510.26,1774.2,-707.74,7,66,164
3,7197.27,13917.6,7789.09,103,120,809
5,11011.6,28530.8,-4277.85,68,214,1469
0,11766.9,58730,-5731,77,243,2679
2,6355.39,5309.38,26121.8,10,99,321
1,5390.6,4698.02,-1506.4,13,85,343
1,4459.72,974.147,-1265.2,14,66,101
0,7503.73,8545,-3731,64,109,517
0,12345.7,129127,-8041,47,297,5838
2,11951,73778.1,62255400,28,249,3630
5,11984.9,28918.6,-247.93,46,178,1410
0,19041.9,226347,-9737,79,397,8735
0,10945.4,61284,-6007,41,282,2834
0,6325.75,6949,-1754,34,66,270
3,22439.1,285630,-563.957,306,468,9276
4,13055,63225.6,5289.9,52,279,2979
4,10396.9,17885.9,-1935.17,156,172,973
2,4145.84,624.554,-451.43,8,58,43
2,3836.93,405.851,786.29,4,54,28
4,13674.6,64012.7,4842.1,39,279,2979
0,9854.06,43705,-4264,131,193,2254
2,6470.33,5336.38,-756.96,8,99,321
4,9922.39,26618.1,-1720.67,32,174,1415
2,4698.68,4170.53,157.291,20,79,317
1,5101.32,3115.88,-2588.8,4,65,202
5,14013.1,86171.3,-1929.46,227,247,3711
3,15558.4,156196,2612.3,97,310,6737
0,8527.11,11952,-3472,16,140,694
4,3746.14,652.086,-488.16,20,58,43
5,4611.55,2324.83,8983.5,43,76,165
5,5882.05,4738.99,32.9625,71,86,367
3,14834.5,59842,190.738,77,305,2610
5,12158.1,60247.5,-1098,204,214,2600
2,11321.7,56504.9,-990.73,172,209,2967
0,12781.6,152051,-4562.7,95,310,6737
5,4694.27,4257.94,-1389.56,76,72,340
4,5795.08,1110.74,-1447,7,57,76
1,4155.83,1540.68,-860.14,4,55,133
1,7789.58,13726,-2818.84,116,170,771
3,9387.64,28537.9,-1365.62,153,179,1626
2,3963.34,1451.17,-874.726,159,52,133
0,4211.76,1203.62,-727.39,2,59,101
4,9354.93,12384.7,-1277.08,87,117,519
2,4161.69,6146.83,-299.21,17,68,481
0,8395.76,9479,-2327,26,141,553
3,5615.42,4566.68,627.308,68,86,367
4,3698.29,447.063,-674.71,2,36,35
2,21785.2,347732,-3332.33,281,440,10967
3,8037.16,13988.3,41.969,21,127,802
0,7188.02,9908,-2307,19,120,486
3,6320.43,11363.8,-738.699,24,102,764
1,11584.7,69069.1,-2642.93,189,247,3373
1,4504.32,3329.18,-383.296,15,74,269
0,11228.2,69214,-4965,25,258,3375
1,3245.01,587.641,120,3,51,45
0,13912.4,121962,-4903,229,281,5516
5,4765.29,2161.37,-5.92,13,75,165
4,11786.1,56493,-432.4,30,209,2967
4,3730.11,565.707,-793.15,5,43,52
2,8129.93,32981.8,-531.364,97,148,1919
0,3743.07,2097.33,-1786.6,1,63,184
3,11728.9,38328.3,688.529,35,235,1818
2,4538.78,521.019,654.61,18,65,35
1,3276.02,582.226,264.46,3,51,45
2,20136,347916,-2647.01,285,440,10967
0,6363.31,9414,-2356,34,101,586
1,5215.77,3669.63,-494.32,19,82,289
2,5763.26,7542.96,-859.857,99,104,457
3,4571.25,6338.45,-679.3,27,68,481
5,7719.38,9278.47,-1308.77,211,107,517
0,6621.48,17858,-2851,16,118,1062
5,5135.96,2259.22,462.63,22,75,165
3,12039.4,54377.3,-1901.4,44,220,2461
2,8090.27,33847.3,26097.3,31,148,1919
0,11608.1,96538,-7983,23,286,4803
0,18227.1,347111,-13228,90,479,12500
5,5057.66,2343.84,1836.1,19,76,165
4,3994.38,680.278,-456.86,12,58,43
2,5685.68,3670.96,-685.135,17,85,269
3,9185.35,12123.3,-588.743,124,136,619
5,4141.92,2275.01,-1267.8,18,63,184
2,6240.8,8101.15,-3627.3,11,106,549
1,4294.99,2108.65,-1029.1,8,71,188
5,4758.25,6501.71,-216.18,18,67,481
5,3711.54,437.282,1406,11,54,28
1,5089.64,3122.03,-2456,4,65,202
2,4606.71,2012.17,17.456,10,75,165
1,6020.4,5228.36,-953,7,105,371
5,4153.16,6205.69,10.276,14,68,481
5,4178.45,733.523,-385.7,16,58,43
0,19022.9,193999,-8440,97,402,7099
5,12065.1,57389.5,-781.18,49,220,2461
5,4611,1085.24,-101.11,12,62,100
5,3701.47,342.959,1660.8,7,54,28
2,7345.41,5778.38,-1344.21,44,79,292
0,14483.3,141340,-7339,108,296,5330
2,4813.68,2034.4,-4.9254,14,75,165
0,3349.59,574.889,-174.17,3,51,45
0,5543.24,1838,-1423,6,81,147
5,4727.21,2489.94,-872.46,25,63,184
0,10665.4,79696,-6138,64,263,3794
0,12530.7,29450,-5413,159,198,1369
5,3463.91,590.774,-411.87,15,43,52
5,5033.87,1683.06,-1436.49,177,76,147
4,10681.2,45545,203512,117,197,2257
3,4426.72,1035.46,-56.258,27,62,102
0,6370.71,5028,-2654,10,103,295
1,6964.13,12524,-614.879,13,123,726
3,6561.02,5276.77,29782.2,10,99,321
4,9411.26,17603.1,114669,191,133,890
1,3244.89,581.69,-133.74,3,51,45
0,15444.7,28066,-7183,53,281,1122
3,4289.75,2446.58,-784.87,12,63,184
3,11607.5,31959.8,1566150,39,203,1580
3,3321.78,675.991,-49.582,5,31,53
4,3589.63,573.6,-513,14,43,52
5,4800.68,1575.71,-1660.6,5,70,131
2,5150.41,1469.51,-1489.29,31,71,103
1,5639.84,3136.11,-1362.1,10,94,224
2,5221.59,2077.12,206.64,20,75,165
0,11452.7,43564,-5316,116,232,1874
1,3841.88,1531.27,-1205.4,6,56,114
4,12709.1,79167.1,-3625,81,272,3539
4,6118.46,11794.9,-1127.25,11,105,765
0,9212.45,27492,-4952,27,196,1686
0,24236.6,582468,-10073,92,540,19224
4,7143.56,6832.32,-829.521,20,118,426
1,5605.33,3110.92,-1712.7,13,94,224
2,11705.3,56217.9,-431.053,174,209,2967
4,13612.8,95790.4,-5623.52,190,273,4429
0,4716.41,2785,-3205,9,77,202
4,9660.16,12475.7,637.75,22,152,693
4,3781.05,536.44,-803.75,3,36,35
2,19479.1,157945,-4752.97,327,449,5537
4,17763.7,160111,1660720,213,359,6068
1,6778.93,7853.26,-2960.9,11,117,427
5,5783.9,6812.96,-533.842,102,80,395
4,5975.62,7503.7,5299.41,62,90,405
3,7420.24,17661,-2076,8,128,1065
2,13078.8,134265,14406900,161,279,5626
3,9826.69,29203.4,11115.8,29,179,1626
4,4949.92,3221.14,-1063.62,14,71,249
4,15191.8,156200,3977.1,108,310,6737
3,10644.4,37710.8,-2486.53,30,205,1751
4,5093.38,2388.72,-1462.7,12,71,188
5,11731.4,37903.8,-1596.18,36,219,1875
0,6233.82,2923,-2977,119,94,224
4,4092.41,1391.76,867460,115,52,133
0,16151,95724,-9819,55,335,3630
0,11273.8,66623,-4567,39,198,2460
4,5945.46,7186.24,37686.4,79,93,545
4,13813.5,98890,1256420,194,281,4061
2,6662.43,13118.7,-1330.43,29,96,804
2,11202.2,57790.5,28214,165,217,2904
0,7593.35,10148,-2145,52,135,622
2,3656.04,366.886,378.68,7,54,28
0,11511.5,88007,-6440,50,275,4708
5,4094.63,637.956,142.16,21,58,43
4,9511.03,27215.7,30051.6,140,158,1403
4,3526.57,529.956,-513.93,15,43,52
3,13946.3,87248.1,-1366.94,55,291,3799
0,11993.5,39628,-6394,39,258,1937
3,4330.53,6334.77,447.13,18,68,481
3,6244.84,3402.9,586.82,19,101,206
0,3999.15,1191.89,-297.54,2,59,101
4,6765.43,7715.91,1095.26,59,90,405
2,12214.7,49204.2,-4427.54,107,262,2394
2,9430.86,17210.7,-3059.63,97,183,931
4,11329.5,49058.6,-1953.4,55,190,2118
4,3962.01,662.728,-486.14,16,58,43
1,10692.9,41554.5,-3938.86,143,227,2059
0,14231.4,126441,-10153,59,348,5022
5,10078,22357.6,865.48,54,143,1203
4,10604.2,32823.1,803.983,104,176,1922
0,30240.5,543358,-14115,114,708,16061
5,12500,52617.9,-3605.67,160,288,2334
1,6824.87,7845.15,-2377.3,11,117,427
4,6823.16,6509.19,612.324,84,95,372
4,8572.08,8118.92,-772.546,63,109,486
4,7856.47,20494,1516.6,35,143,1203
3,6335.46,5659.32,-1386.67,18,99,321
0,6060.64,5642,-2248,17,98,370
3,11617.4,56606.5,-3664.49,165,209,2967
4,9639.05,12029.7,-2279.58,34,136,619
2,12458.8,48937.3,1693830,191,262,2394
2,8342.37,10540.6,-1653.21,18,139,587
5,3902.09,409.444,829.17,11,54,28
3,4354.14,1706.93,-747.41,5,61,134
5,8968.47,18254.4,-808.671,193,133,890
3,8462.48,14123.9,26233,98,140,845
3,6214.93,5091.24,-1720.52,106,96,347
0,8498.3,15941,-3609,28,142,765
1,4418.2,978.673,-696.96,4,55,88
3,3665.12,519.505,-734.73,5,43,52
0,13540,56810,-4735,35,229,2194
3,14111.3,142789,-4640.68,326,308,6057
5,7077.62,18920.9,-1661.4,20,128,1065
2,14237.9,89672.7,-935.379,222,254,3973
4,9538.05,12206.4,-2386.45,27,136,619
5,3492.35,696.593,219.84,7,31,53
5,9511.29,11782.8,-2504.29,231,139,587
4,4761.88,2835.4,-840.03,16,65,202
3,10050.1,24527.5,-432.184,43,177,1313
2,14858.3,166583,-325.088,43,320,6391
4,12510.7,54230.4,-3771.3,43,220,2461
4,6594.93,6542.54,170263,121,95,427
0,8659.58,28084,-3323,62,150,1305
5,3814.45,651.76,-587.03,21,58,43
4,4641.42,7041.04,-360.15,17,68,481
2,4044.87,689.438,-857.17,20,58,43
0,8257.41,26603,-4922,10,142,1109
2,4000.26,2228.21,-1033.66,182,54,165
4,7841.06,14144.1,-6.9054,30,127,802
3,9312.97,26158.8,-1005.11,125,157,1519
5,4712.42,575.995,-195.66,22,65,35
3,5735.51,3990.67,-1128.01,118,85,269
2,7821.1,10020.6,-2908.73,187,135,587
3,12183.3,47983.7,-4303.72,125,215,2188
0,6541.84,5810,-2687,9,88,369
2,4047.89,2191.37,22200.3,51,54,165
1,14747,101507,-601.329,45,283,3965
0,8238.3,13777.7,-3575.69,118,170,771
0,22860.5,162868,-10739,97,431,4260
5,9352.7,27363.3,-2901.17,102,166,1414
5,3368.37,671.762,-314.97,4,31,53
4,6262.42,5064.32,-1515.45,82,86,367
5,9225.27,12428.1,-1253.19,93,128,693
5,4378.01,2150.87,-620.26,4,61,184
0,8606.25,8420,-4215,15,147,491
1,4783.84,2831.45,-1143.23,17,77,244
3,9231.22,37875.8,4595.61,40,180,2054
5,3815.02,539.31,-214.46,14,43,52
0,6983.99,22291,-2688,23,123,1460
5,4913.13,2363.47,-372.7,4,61,184
2,6868.74,12064.9,-1005.78,8,105,765
5,12511.5,52735.4,-2514.08,211,288,2334
4,5465.53,2648.26,134.94,9,81,169
2,5397.97,4276.59,-832.01,19,79,317
0,9147.41,39660,-4400,80,202,2124
4,6393.36,1854.89,-1251.42,71,84,136
3,12471.6,53908,-4079.3,158,218,2391
3,6770.13,10413.7,-1954.88,20,109,689
0,18517.1,234827,-6751,73,405,8213
4,9619.19,27334.3,-1767.62,178,158,1403
5,5035.48,1610.81,-889.31,5,70,131
5,4243.28,493.843,14.541,31,65,35
4,3637.06,342.443,1878.4,11,54,28
5,12604.4,0,-1763.98,195,225,1755
4,23267.8,277014,224370,313,468,9276
3,11285.7,26930.6,4866040,95,172,1412
2,4050.14,1456.39,-736.304,159,52,133
3,6604.14,7644.06,98218.2,18,104,457
5,6641.18,9643.61,2204,23,115,547
0,5518.18,3258,-4057,14,112,228
0,14124.2,95898,-6454,58,282,3978
4,8442.5,4922,-942.58,33,131,271
0,4183.54,1120.04,-955.765,52,57,76
3,11886.3,47536.2,32003.5,136,215,2188
2,10036.7,34363.9,-2380.12,192,208,1691
3,11048.4,131726,-5987.52,204,279,5626
0,16765.4,158957,-7752,42,315,4346
1,13482.1,90609.1,-1997.63,281,254,3973
5,4032.95,646.94,-620.31,17,58,43
0,14136.1,49985,-7186,119,254,2066
1,7787.35,13295.4,-3222.3,3,125,694
3,12715.3,81695.5,2264850000,0,252,3882
4,9582.97,25600.8,-818.822,22,174,1415
0,16671,120652,-9092.92,205,379,4825
3,3475.71,672.048,322.38,6,31,53
0,12266.9,55772.6,-3126.4,48,220,2461
5,12268.7,33464.2,3183.3,68,210,1213
2,8211.02,32789.9,-364.879,22,148,1919
4,15439.9,80248.1,28511600,103,320,3466
2,4807.45,2157.95,509.46,7,75,165
1,6014.02,1762.26,51077.5,34,71,103
2,6906.75,4681.22,-809.384,42,78,268
4,4755.02,2045.72,-326.39,10,75,165
1,4434.04,976.723,-1396.5,14,66,101
4,5744.25,5292.4,67.3055,82,86,367
1,5235.93,3692.86,-631.3,19,82,289
3,9926.17,30542,-1319.9,42,171,1747
5,4644.22,1029.1,-1064.5,10,62,100
5,3637.74,542.374,-138.82,13,43,52
0,9944.73,34911,-3899,121,172,1682
4,9013.78,25127.8,-466.381,38,157,1519
0,10243.5,18966,-4673,98,176,977
0,9252.19,14009,-2288,13,164,770
3,5221.27,1116.34,-1541.9,3,57,76
5,6801.13,8633.05,22986.3,31,98,582
3,9742.43,24780.8,-1081.64,35,177,1313
4,16350.5,175772,173123000,249,367,7087
5,13557.4,62237.6,134950,303,233,2897
2,3848.63,2207,-1027.71,20,54,165
4,4075.91,1629.17,-448.69,8,61,134
3,9856.26,30237.8,35792.8,229,171,1747
0,18666.5,151825,-12146,258,465,5752
0,5975.64,10069,-3987,5,140,688
2,14037.4,134952,266033,212,279,5626
4,8187.12,9814.76,97062.2,14,123,621
4,23642.8,282331,198707,298,468,9276
0,22308.6,433155,-19270,114,577,13655
3,4830.25,2687.32,-711.49,13,72,205
5,12015.6,36666,-1700.87,151,216,1932
0,19837.6,387848,-6805,51,391,10104
1,6296.77,8174.53,-993.86,16,108,549
3,3685.57,422.098,685.64,11,54,28
0,7106.19,6011,-3147,25,106,297
4,6236.87,13427.3,-1382,15,103,883
5,14832.5,87977.5,1079.54,71,298,3369
4,4599.67,1040.6,-1088.8,22,66,101
4,4807.58,6308.83,-278.28,10,67,481
5,17293.9,154740,-837.294,213,359,6068
1,6859.01,7950.18,-4026.5,12,117,427
2,22606.4,347413,40462300,101,440,10967
4,13151.9,96686.2,-1266.74,179,273,4429
3,4066.36,2324.59,-99.657,25,63,184
2,5318.75,1183.26,-923.67,32,66,87
2,5397.9,4538.34,-1741.12,13,88,292
2,4867.18,2873.87,-777.372,113,67,224
4,3343.73,693.401,-6.1274,5,31,53
3,7378.37,14231.8,300415,26,120,809
3,4904.93,2884.67,-1053.86,109,67,224
4,10929,43340.9,47256.3,69,196,1885
0,15463.7,151524,-5042,43,311,6067
1,4807.01,2841.4,-1185.81,120,77,244
4,13998.4,140817,3061.7,282,308,6057
4,7135.58,13768.2,5172370,90,131,971
2,8486.1,11980.5,-1932.87,116,128,693
3,9130.93,37719.1,-2319.02,44,180,2054
5,4495.03,2229.78,26.983,35,75,165
4,3962.28,409.291,1417.2,11,54,28
3,12297.6,72937.2,-6072.3,158,262,3211
4,4426.88,2377.51,-683.74,20,63,184
3,7392.12,14960.1,23500.5,120,134,970
4,9040.79,12457.1,2717470,99,136,619
0,17759.7,145361,-10407,58,426,5536
3,4114.31,2311.25,-726.45,11,63,184
4,4051.67,1563.91,127.403,117,52,133
4,6714.99,7583.07,542.09,30,109,432
0,24534.4,465689,-12609,55,498,12195
2,4155,6122.28,-411.84,11,68,481
1,8629,9476.3,-2714.28,86,135,587
0,14278.7,152195,-8449,45,308,5960
5,3741.4,473.822,-787.72,1,36,35
5,4321.66,6247.2,36.567,12,67,481
0,15862.6,106705,-7445,57,319,4157
4,6293.14,4200.1,-473.31,17,100,294
5,3408.47,705.945,292.75,7,31,53
4,22775.9,410847,-160.189,60,473,14125
3,7381.69,14177.2,1205560,41,120,809
4,3722.4,481.323,-836.83,2,36,35
3,5428.84,2637.81,681.95,4,81,169
5,4583.45,2779.43,-871.11,19,65,202
4,3744.4,449.553,-780.88,2,36,35
4,4863.91,496.867,2109.6,24,65,35
0,11803.2,82563,-5875,36,229,3792
4,4104.36,2323.15,-1043.2,6,63,184
5,3594.66,601.194,449.89,13,51,45
5,4222.63,6685.53,-196.72,15,68,481
5,14838.6,98678.8,3509.5,248,281,4061
0,12928.1,107212,-6402,62,283,4527
4,8842.69,20599,-1816.74,105,163,1162
5,6082.05,1097.18,-1912.8,7,57,76
0,5179.72,3699.83,-1584.1,8,89,249
2,3785.82,378.929,581.53,6,54,28
3,11796.9,56056.3,-1590.72,175,209,2967
0,7882.36,22368,-3237,57,148,1165
2,4454.91,2590.48,-692.66,14,65,202
3,5884.47,8077.37,-1212.5,21,99,583
2,4835.26,1719.57,-1236.1,4,70,131
3,11692.2,54267.8,-2867.8,54,220,2461
0,11964.5,42689.1,-6271.47,71,254,1873
4,23966.3,279160,1410.11,249,468,9276
4,7463.3,13978.3,6442.68,28,120,809
4,8765.15,12739.9,636.639,123,136,619
0,6567.62,10486,-2194,10,116,725
0,23393.9,612936,-12921,155,536,19034
4,10353.2,44043.6,-523.838,33,197,2257
2,4915.91,1715.2,-1266.5,5,70,131
0,5155.67,3779,-1592,4,77,245
4,23256,282723,-12717.4,301,540,8870
2,7221.15,8661.32,47420.5,138,95,543
5,4246.92,6284.31,409.34,27,68,481
3,6425.51,6759.7,104567,68,118,426
0,29136.3,1193400,-18455,169,735,33060
5,4812.7,2153.36,627.72,22,75,165
3,4811.14,2132.34,65.951,5,75,165
3,9361.86,28589.4,13106.8,131,179,1626
2,15350.6,100601,-2999.04,37,281,3974
0,12050.1,48336,-5349,40,250,2395
4,13419.9,80216.1,-5345,50,272,3539
3,24236.1,275831,-1396.3,305,540,8870
1,6183.82,6328.01,-1984.3,16,108,424
2,7315.62,9130.83,-978.547,132,95,543
0,6266.27,6973,-3852,58,98,426
5,5863.44,1052.83,-1399.9,6,57,76
1,3996.77,2100.63,-1886.1,4,63,184
4,17624.5,183639,-9904.04,223,403,6746
5,3593.47,486.188,-849.99,3,36,35
0,14606.9,163923,-8240,251,320,6741
0,13007.2,88088,-5658,30,232,2900
1,6471.37,1981,-981.346,32,71,103
2,6166.11,4175.54,-1377.97,11,88,318
3,6717.11,5520.44,-750.635,12,99,321
4,13627.7,98009.4,2823.87,197,281,4061
4,4144.98,6130.56,-557.41,36,68,481
3,7267.19,12580.5,-1029.44,141,123,726
5,14474.8,102703,1408.21,246,281,4061
0,7627.04,3722,-2012,10,90,168
3,10495,27111.8,40838.1,141,172,1412
5,4580.58,2587.77,-739.35,31,63,184
0,18668.6,62693,-3831,38,289,2193
5,8438.72,21479.2,686.97,46,143,1203
3,5741.25,2612.83,596.67,3,81,169
3,11499.8,38593.3,-103.923,37,235,1818
4,4791.32,2851.55,-1095,26,65,202
0,6772.75,7659,-4207,12,109,484
3,4319.39,2627.35,-654.06,16,65,202
5,12286.8,45138.5,1258.7,152,273,2061
4,8989.21,12402.7,-1749.94,9,117,519
0,20346.2,451497,-14199,113,581,15338
0,9640.17,17835,-4873,43,183,975
3,7259.05,17476,-1468.7,8,128,1065
5,3960.32,2515.18,-1154.7,18,63,184
0,5970,5093.59,-1798.56,115,96,347
4,4050.29,2172.9,1451780,189,54,165
3,4297.58,2641.84,-703.35,23,65,202
5,4381.22,497.13,685.46,26,65,35
2,3871.53,391.502,1359.5,11,54,28
5,3909.75,331.249,830.17,11,54,28
0,6544.62,8594,-2795,17,116,490
4,11483,31824.7,42793.8,101,203,1580
4,4941.63,1648.11,-1144.9,5,70,131
5,9177.33,18157.8,-1350.8,193,133,890
2,4047.23,2517.47,-792,12,65,202
4,6861.81,13287.8,-1391.52,22,96,804
5,16622.9,178725,-1681.13,274,367,7087
5,4918.77,6596.9,-11.531,20,67,481
3,4583.02,1945.68,-385.06,2,66,164
4,15177.5,75595.4,127066,269,336,3302
1,15079.7,252014,-4455.47,102,346,7851
3,8696.58,14816,-1680.36,96,140,845
1,6295.24,7771.56,-2229.5,23,102,517
5,5169.06,3143.15,-825.112,25,77,205
4,7656.73,8139.45,-1671.06,61,109,486
5,10265.8,28669.6,-1771.88,29,156,1364
5,9022.61,27385.6,-260.14,102,166,1414
5,9391.82,28629.3,-453.303,46,179,1626
0,24823.2,304405,-14551,108,573,9832
4,15995.9,80548,15971600,109,320,3466
2,4742.32,2230.23,-1465,12,71,188
1,5855.43,4718.89,-1005.71,20,85,343
3,11724.4,59110.4,4040.14,153,217,2904
3,4597.81,1040.13,-1016.8,28,62,102
0,15422.5,116573,-6940,56,337,4919
0,10017.7,42155,-5362,26,202,2253
4,12081.2,70089.2,1624.4,49,201,3289
2,6395.13,7987.31,-2932.8,9,106,549
5,14783.7,87911.9,-1311.63,70,298,3369
3,16253,214293,-1278.79,266,336,8195
4,3766.85,565.097,-322.19,15,43,52
2,5323.86,3626,-650.883,118,85,269
1,8117.85,13683.7,-2516.84,122,170,771
3,4038.14,660.999,-556.16,10,58,43
4,14182.4,69120.1,-4004.98,113,224,2192
3,8211.24,11903.9,-1709.78,64,128,693
0,15546.2,219097,-10307,60,380,8329
5,5416.6,2091.83,-272.18,8,66,164
5,4857.78,4186.94,-1338.33,85,72,340
4,9598.6,26050.5,-514.271,29,174,1415
4,3839.56,402.49,778.48,11,54,28
4,4224.84,2621.09,-832.51,14,65,202
3,9639.99,39006.4,-2257.14,211,193,2118
0,11110,70438,-6441,80,243,3292
1,5747.19,5179.7,-1588.3,21,99,372
4,8388.94,27901.7,-1357.05,128,156,1521
4,17739.2,159026,79697,181,359,6068
0,9935.58,40668,-3910,113,207,2061
2,5925.53,5359.42,-856.41,11,105,371
5,5326.39,4319.5,-747.01,15,85,346
2,7252.88,12704.7,-209.831,19,123,726
5,11103.6,35038.7,-3339.91,146,199,1696
3,8595.15,25528.3,-2745.53,27,157,1519
4,4682.05,2671.04,-938.31,19,63,184
2,3764,395.316,80.318,15,54,28
5,5348.65,4627.6,222420,7,79,342
0,12894.8,77900,-7732,81,266,3704
4,15213.1,94949.5,-2733.92,235,254,3885
5,9374.38,16607.9,296.582,27,172,973
0,12469,29181,-5754,22,210,1259
5,14702.4,89100.9,-732.538,213,254,3973
5,5210.04,4687.09,-1560.07,13,85,343
1,6021.49,15192.1,-2001.6,14,125,1014
5,10882.8,23466.4,517080,39,176,1313
0,14040.8,191664,-8384,116,318,7457
3,6160.82,3478.48,662.38,20,101,206
2,8041.49,9497.71,-2963.87,205,130,490
3,12048.9,36615.2,5166.99,200,225,1755
4,7155.43,6948.18,-2358.73,71,118,426
5,7717.18,6452.27,50.6306,167,108,428
3,13153.7,60447.3,-1615.18,39,247,2754
3,13597.4,87125.9,-349.688,51,291,3799
3,6543.04,5368.09,10201.9,12,99,321
0,10268.2,52415,-5180,301,216,2600
0,18457.8,285268,-9389,59,446,10107
3,8990.18,27026.6,-1022.99,27,156,1364
0,14355.2,37287,-3819,36,204,1526
0,6279.92,2887,-2615,3,110,166
4,15214.5,191557,-2422.84,49,286,7322
2,6347.08,12071.1,227457000,55,105,765
4,3761.27,473.604,-775.3,1,36,35
0,13060.6,53713,-4093,91,226,1876
4,5846.86,3921.29,-202.16,11,100,294
0,9351.84,43231,-5611,52,185,2315
1,5121.32,3121.55,-2515.9,4,65,202
4,8454.15,8779.41,1323.2,42,144,553
1,7635.8,11168.5,-2224.6,21,121,622
3,8226.24,8875.03,2280.3,38,144,553
3,7539.93,14408.8,101.04,9,127,802
0,8418.49,10420,-2232,39,110,401
2,7538.44,9446.14,-1046.66,15,123,621
5,13015.3,78493.8,-1825.3,130,320,3466
0,8958.09,35419,-3358,45,195,1929
1,6877.61,7764.92,-2115.7,11,117,427
3,9534.69,30621.6,-1418.54,228,171,1747
2,6971.49,8992.71,113438,133,95,543
1,7735.51,12841.4,-1924.81,15,132,806
2,6414.83,5029.13,-2029.9,14,87,322
4,6984.04,7115.31,114771,13,118,426
4,10191.8,29056.1,-1231.54,96,166,1414
1,11256.2,68682.2,-2379.95,193,247,3373
3,9566.35,37913.1,4115.83,50,180,2054
4,12347.7,58185.5,-1025.29,193,223,2822
2,14592.2,90515.3,-1473.52,293,254,3973
5,7025.71,7506.68,1367.8,40,109,432
2,7462.13,9462.89,-1197.11,20,138,554
0,14970,91861,-7784,112,358,3296
3,22631.6,353452,-2307.86,96,440,10967
2,11702.1,56359.4,-1948.68,25,209,2967
4,9497.03,12502.1,-2346.2,31,136,619
0,13738.9,73284,-9270,53,298,3296
2,15418,102615,1371210,48,283,3965
1,4468.75,960.131,-897.18,4,55,88
3,4787.2,1991.26,-219.3,9,75,165
3,12034.3,54938.9,-2344.5,50,220,2461
3,22596.3,247200,96449.8,293,537,8350
4,13972.5,59982.5,-4180.27,134,215,2188
3,8902.82,25795.7,187087,32,157,1519
3,9066.1,12374.1,10189.9,125,136,619
0,6285.74,9889,-2219,28,115,584
3,11871.9,54018.3,-1258.2,46,220,2461
0,25348.3,512776,-12626000,286,580,15345
0,11622.3,56288,-5022,48,227,2461
2,20195.5,346854,-2726.47,280,440,10967
5,7980.65,10801.7,-1325.06,22,123,621
0,19555.2,505467,-10840,49,446,18060
5,10208.6,36703.3,-2603.55,35,196,1997
3,4349.83,1066.71,-1062.6,14,55,88
0,18994.4,119235,-7400,96,376,4623
4,14696.2,43754.4,-5576.58,60,278,1938
4,4468.64,2735.55,-692.423,98,67,224
3,8071.71,9463.94,1674.44,19,135,587
4,3720.25,441.156,-479.5,3,36,35
2,13234.7,136071,-5054.2,206,279,5626
0,7191.85,11166,-2483,35,119,619
0,15247.4,74358,-6678,26,255,2394
5,6272.55,5333.97,1543900,87,86,367
0,12289.9,41736,-7535,18,190,1526
1,4412.06,2566.63,-1536.5,9,72,205
3,7229.76,14822.2,1067520,35,134,970
3,9869.85,35558.1,-193.566,23,208,1691
3,4475.69,727.543,-963.65,16,58,43
3,5801.7,3275.31,-749.167,12,71,249
4,15735.4,177479,-2519.83,271,367,7087
5,3853.94,519.7,-535.76,9,43,52
0,5884.05,10534,-1654,38,113,653
0,28487.4,551602,-16915,130,677,15870
0,10431.4,67813.3,-5623.38,48,247,3373
2,5775.36,7559.43,-1007.19,103,104,457
3,5605.56,3765.56,-890.55,121,85,269
0,12232,100285,-6058,48,278,4429
5,4447.76,810.869,-1648.6,6,54,64
5,3482.97,614.632,116.3,13,51,45
2,5530.04,3600.01,32098.6,58,85,269
3,15728.2,88617.7,546.122,106,301,3369
1,3862.03,1187.52,-784.04,9,55,88
3,4074.09,658.633,-729.43,15,58,43
5,12269.4,57444.2,5057650,118,224,2192
3,15311.4,60006.3,-1218.01,79,305,2610
1,6804.19,7764.94,-3293.2,12,117,427
5,3490.79,703.864,170.55,7,31,53
5,3859.29,422.899,834.54,11,54,28
4,5030.02,3745.62,-1616.69,43,79,292
3,12107.5,74698.8,-4138.35,32,249,3630
5,14707.3,96914.3,-1444.47,237,294,4249
2,5425.5,3632.87,263.057,10,85,269
2,4363.08,2662.77,-717.35,21,65,202
0,11165.2,62912,-4330,55,205,2749
0,7564.56,16499,-2797,58,129,887
2,6381.51,8081.12,-3501.1,5,106,549
5,3859.18,566.613,-536.62,6,43,52
2,5253.2,3644.9,-1072.73,65,85,269
5,4341.32,2888.22,-535.67,36,65,202
0,13257.9,141041,-6093.32,40,280,5954
3,13348.9,93455.1,621.742,148,273,4429
2,16727.1,164039,39944.1,244,352,6744
5,4254.9,2188.6,-990.46,10,61,184
0,8998.16,16628,-4142,13,157,933
5,7622.12,7674.75,289779,54,109,486
4,9461.9,12230.1,1085,25,152,693
0,7227.76,9436.53,-3298.93,87,138,554
3,9528.57,10088.7,2287450,203,130,490
0,9298.1,16407,-3554,83,171,849
3,5917.24,13477,-1649.6,10,103,883
2,14878.3,59533.9,-45.0433,70,305,2610
0,6589.8,15744.6,-2210.64,110,118,971
4,19276.7,178669,192176,217,403,6746
3,8471.22,35816.9,8744.94,97,148,1919
4,4290.11,1991.65,-888.668,114,66,166
4,7543.74,16068.5,-2072.83,97,134,970
4,4484.39,1006.14,-1136.1,14,55,88
2,4049.18,2109.02,-2048.4,5,63,184
1,5071.11,4022.85,-1168.7,11,85,346
0,15509.3,219614,-8553,38,308,7443
3,17079.5,145422,-355.133,299,362,5847
0,21369.5,347280,-7390,187,321,7456
4,4961.85,1199.41,-492.47,15,62,100
3,4550.14,1017.15,-1111.3,22,66,101
5,10684.4,27346.4,-4174.01,115,214,1469
3,8784.37,12167.6,-1066.41,129,136,619
4,5388.1,1043.64,-714.89,4,57,76
4,9340.01,20473.4,-3027.5,111,163,1162
3,3537.69,395.348,1552.6,4,54,28
5,7770.21,14298.4,784.82,28,127,802
5,5799.22,1080.51,-1573.4,6,57,76
2,5950.63,4126.49,-1281.93,7,88,318
3,3847.67,2167.58,-559.86,5,63,184
4,9624.87,25908.1,-743.862,19,174,1415
4,13757.7,94459.6,1544.57,51,273,4429
5,9315.41,10953.5,-1138.99,144,139,587
5,3742.34,485.15,-762.56,3,36,35
4,6829.4,6175.42,-950.88,20,99,372
1,10783.2,68790.2,-4810.77,193,247,3373
4,9548.87,30371.9,-951.17,45,171,1747
2,20451,167082,-3191.58,313,449,5537
0,17800.6,198032,-2508800,78,383,6636
3,10536.5,42914.4,-1780.77,20,197,2257
0,12756,68486,-4464,38,264,2681
0,5004.54,1073,-937,14,66,87
1,3990.81,2137.59,-614.62,4,63,184
4,6899.16,7355.65,1090400,84,95,427
2,6790.58,13197.8,487.34,180,96,804
5,4191.51,394.862,523.79,11,54,28
0,19609.8,211971,-9450,90,443,7714
0,11287.7,71531,-5459,51,197,2965
5,3670.21,480.331,-863.55,3,36,35
1,6301.06,7816.14,-1874.4,25,102,517
3,6575.84,3432.7,399.56,21,101,206
2,3753.2,1332.06,359.442,1,40,100
3,3801.85,501.517,-1054.4,3,36,35
3,16813.9,157256,516.35,201,359,6068
4,3458.09,712.648,159.07,4,31,53
4,9994.25,12021.8,2551740,101,136,619
4,3603.26,473.521,-480.29,2,36,35
3,8668.76,14753.2,-1376.81,96,140,845
5,11301.6,51832.6,-1394.59,134,209,2534
2,6666.6,13283.2,-959.975,191,96,804
1,5774.78,1586.01,-1177.77,36,71,103
3,6084.43,7186.56,92675.5,75,93,545
0,13009.2,49986,-6042,51,241,2255
3,12297.2,33536.4,1547.5,46,210,1213
3,9416.08,24505.7,-1696.92,39,177,1313
4,10418.7,27959.9,3445710,56,194,1521
5,4979.32,1458.79,-782.64,11,59,101
2,10451.7,10486.3,-3010.62,99,154,587
0,6086.52,7463.7,-1373.62,108,80,395
5,3575,481.413,-991.58,3,36,35
5,14814.3,100396,337287,249,281,4061
5,3999.89,693.419,-829.83,16,58,43
4,3751.68,549.782,-602.99,3,43,52
4,3846.37,563.836,-717.15,7,43,52
3,13363.8,53228.9,553665000,148,218,2391
2,14065.1,135587,5584.98,52,279,5626
3,3939.47,628.452,-1071,12,58,43
4,3286.88,677.463,-230.07,4,31,53
0,20378.7,277026,-8123,87,420,7714
2,6464.27,7582.64,5616.58,92,104,457
2,10322.8,51433.4,-4689.75,114,224,2192
1,6338.12,5149.34,-2317.5,12,109,317
5,5870.97,5233.23,-348.102,67,86,367
5,9873.51,20493.6,-1404.97,24,157,1113
3,8322.41,33050.6,2783250,92,148,1919
0,4756.01,1947.8,48.944,8,76,165
2,3861.43,2313.6,-1034.2,25,63,184
4,5359.57,1074.66,-1418.3,7,57,76
3,19075.1,177856,8345.73,240,403,6746
5,22806.9,278255,-391.512,314,468,9276
3,6507.76,5161.85,-868.388,100,96,347
0,9470.42,26827,-5310,54,227,1368
0,10910,23503,-5542,41,223,1209
5,4698.45,2916.15,-665.82,28,65,202
0,6097.88,2340,-1099,42,86,184
5,3769.96,494.08,-660.82,4,36,35
4,13094.8,61047,-4966.09,34,247,2754
5,9117.43,9545.34,-1418.42,243,154,557
0,6943.55,17346,-1834,31,136,1022
4,12564.3,58223.6,-3781.05,180,223,2822
3,12302,55554,-51.761,45,220,2461
3,8934.95,14815.9,-1562.72,18,140,845
1,7097.74,4537.45,-1984.3,11,110,294
4,10338.3,45143.7,-467.794,126,197,2257
5,4640.53,539.191,459.95,26,65,35
5,15563.7,89061.9,4000.6,89,289,3710
1,10991.3,41970.8,-3706.61,160,227,2059
5,5934.95,2517.35,596.57,7,81,169
4,12764.3,58616.8,1139290,169,223,2822
0,15132.2,134839,-11936,55,410,5536
4,3214.7,614.51,-35.947,13,51,45
4,8533.4,16125.6,2202.96,44,160,976
2,8194.88,9700.68,-2172.81,15,130,490
0,7256.53,10719,-2008,24,126,658
4,3789.6,524.911,-727.4,7,43,52
5,8476.92,4794.27,353088,99,131,271
3,6333.77,10771.7,109511,253,102,764
2,3956.41,2216.28,-499.959,179,54,165
4,6968.61,11653.3,-1114.61,152,111,651
5,14258.4,102585,-376.008,222,281,4061
2,6209.76,5326.5,-244.37,7,105,371
5,4445.06,2550.81,-401.31,29,65,202
1,5857.26,4338.88,-1451.4,17,90,317
4,6317.05,4172.27,-431.03,21,100,294
5,4567.91,6437.05,-3.8307,8,67,481
0,9142.47,12258,-3883,5,152,618
3,6451.13,10390.4,254663,19,109,689
1,5939.96,4333.3,-1546.4,18,90,317
4,6341.13,4114.52,-754.42,14,100,294
4,15386.8,95685.2,-1428.86,240,294,4249
2,4101.98,2336.83,-1000.3,11,63,184
4,4481.66,763.267,-283.73,11,58,43
2,15990.6,166613,-897.278,51,320,6391
3,16304.3,167185,-562.183,50,320,6391
3,15015.1,78971,9284.43,63,320,3466
3,6561.92,11519.9,-2127.64,148,111,651
1,4269.13,2118.61,-1150,10,71,188
3,5435.67,5851.62,-1326.7,11,89,425
3,13658.4,142597,-6074.06,305,308,6057
3,4174.34,6022.94,-113.92,18,68,481
3,9088.55,29058.2,-629.875,37,179,1626
4,4480.17,2800.13,-678.88,19,65,202
5,4231.61,485.643,470.09,18,65,35
5,5064.84,2843.18,-853.508,100,67,224
3,12173.2,54643.7,-1393.8,52,220,2461
3,13538.9,55887.5,-3693.7,48,220,2461
5,5351.64,3305.24,1960.51,53,86,205
0,7775.25,11044,-1893,18,131,694
3,10939,35767,-651.495,20,208,1691
5,15048.7,92541.9,-4817.91,293,254,3973
4,3618.67,524.38,-815.95,7,43,52
3,10456.2,38212.2,21591300,30,193,2118
5,4058.94,6523.99,28.086,40,68,481
4,3365.91,707.002,347.78,3,31,53
4,3348.04,661.741,319.17,4,31,53
4,15383.4,154456,1460.5,109,310,6737
3,6418.5,10366.4,-1259.27,24,109,689
0,10933,37516,-4226,38,208,1692
5,7888.98,12477.1,166395,42,130,694
2,7171.68,4058.54,17246.3,7,101,249
4,5030.24,1632.58,-1583.1,6,70,131
2,4192.73,6138.94,-649.36,14,68,481
0,16284.7,129857,-7704,208,349,4074
3,14400.9,93700.9,579.642,231,294,4249
4,7183.59,18199.5,-1879.1,16,128,1065
4,6753.94,7379.27,-275.87,34,109,432
3,5787.03,4251.28,-460.831,85,88,318
0,8082.78,31458,-3113,24,158,1806
5,4402.3,2012.65,897.37,35,75,165
5,3870.99,556.549,-273.75,15,43,52
4,9182.84,27788.9,4576.21,108,166,1414
5,4077.48,2362.94,-632.13,28,63,184
3,7643.61,14512.7,1175.64,21,120,809
4,12000.6,59661.3,-1207.9,184,223,2822
3,13537.2,87537.3,-2229.32,57,291,3799
0,13812.7,25574,-3182,59,263,1072
4,12867.2,71450.2,11439.1,182,262,3211
0,16111.4,176001,-11582,44,381,6737
5,6895.78,16706.4,-2351.4,18,125,1014
5,11484,51534.1,-3205.25,130,209,2534
3,4838.02,2015.41,-505.09,15,75,165
2,12918.5,74234.7,-1106.26,23,249,3630
0,10522.8,29021,-3790,31,206,1418
5,4725.24,2216.88,538.41,28,75,165
4,11943.4,49557.9,-1300.56,221,262,2394
2,4152.06,5950.16,-199.58,14,68,481
3,3910.83,2096.73,-1199.2,24,63,184
2,8178.19,32814.8,36977.3,23,148,1919
0,11575.6,45815,-4397,22,218,2186
4,4347.17,2501.72,-617.09,24,63,184
3,3767.66,541.742,-526.71,6,43,52
2,15751.1,161191,-7074.04,224,352,6744
0,10922.8,58786.6,-5342.8,32,233,2897
1,3841.6,1209.31,-739.99,9,55,88
4,3953.49,1642.63,-775.09,8,61,134
2,7947.47,9625.89,-2534.62,199,130,490
4,4903.74,1642.52,-1121.9,6,70,131
5,12035.2,54901.9,95682.1,151,218,2391
0,10640.1,12755,-3169,25,135,585
3,4847.3,1025.53,-666.05,19,66,101
4,12856.9,63202.4,5147.4,47,279,2979
0,6544.47,6654,-4397,40,129,456
3,5095.4,3159.28,-1719.1,20,70,205
5,4265.03,2334.94,-203.58,18,63,184
4,7841.7,12903.3,-647.657,7,123,726
0,8943.03,29027,-3757,34,167,1628
0,15662.3,173536,-7156,53,328,5633
4,6033.63,4218.73,505.93,15,100,294
5,4609.48,2716.46,-1106.1,22,65,202
3,3651.83,542.295,-713.93,5,43,52
0,8619.38,32407,-3857,33,180,1745
5,5711.87,1702.87,-1191.16,52,76,147
5,7664.39,9918.2,118139,207,107,517
0,8272.41,13807.3,-3577.02,117,170,771
1,5729.26,4593.43,-1227.6,16,98,294
3,4822.44,2967.91,-754.951,104,67,224
3,6135.51,4038.61,-910.16,11,100,294
0,11326.5,37324,-3800,52,199,1752
5,4383.1,6300.63,55.458,20,67,481
5,6998.46,6972.29,-298.621,102,95,427
4,4925.45,1616.41,-1340.6,6,70,131
3,11964.4,38315,250959,36,235,1818
1,5251.02,3673.14,-236.29,21,82,289
2,11013.5,58012.2,-1376.62,162,217,2904
3,4167.7,2608,-1252.3,17,65,202
3,9972.12,25899.1,-1940.49,113,166,1111
5,3876.6,2277.33,-723.03,18,63,184
5,4175.03,2603.82,-599.66,14,65,202
5,6841.46,7729.31,-889.173,96,104,457
4,12447.6,20509.4,271.694,28,167,973
3,9590.3,30800.8,7086.92,226,171,1747
5,4201.33,392.093,1218.7,11,54,28
5,3773.68,527.618,-691.13,3,43,52
4,4092.32,1653.64,-837.53,8,61,134
1,6162.32,4333.51,-548.47,14,106,318
5,8521.41,17515.3,-708.068,23,133,890
4,7324.08,7415.35,1267480,112,95,427
2,5921.01,4057.26,-1169.51,261,88,318
0,18148.9,177102,-10113,218,411,6750
5,9396.14,40062.5,-201.956,228,159,2181
4,19920.7,274550,2826.45,291,420,9137
0,10159,49814,-4426,27,202,2183
1,7845.55,12820.7,-2011.57,77,132,806
4,3900.62,565.818,-537.39,3,43,52
2,4646.7,2162.39,-1369.2,13,71,188
5,5997.43,1062.44,-1545,7,57,76
2,14881.4,164773,-2197.52,46,320,6391
0,16734.1,174094,-11808,105,376,6866
1,4130.77,1220.39,-838.03,11,55,88
5,3705.17,350.666,1646.3,11,54,28
1,6290.34,4800.87,-1778.2,15,107,319
3,8426.98,25336.5,-340.519,41,157,1519
0,5544.47,5440,-3155,11,97,369
1,6927.14,7889.99,-2666.5,12,117,427
4,3897.42,2432.24,-780.84,20,63,184
3,3295.23,578.649,-415.49,13,51,45
4,8891.53,14539.3,-3013.47,96,143,771
1,10845.8,41724.5,-3000.87,144,227,2059
5,6813.61,3815.31,-700.998,48,86,205
3,3651,405.57,1147.7,5,54,28
5,14030.9,94747.9,3544.18,247,294,4249
4,5987.77,4020.33,-711.79,13,100,294
2,10274.4,37853.8,-518.872,168,205,1751
4,9904.18,27555.1,-3415.16,68,194,1521
3,4144.14,1682.26,-581.08,4,61,134
5,5021.87,1785.97,-525.792,176,76,147
5,3989.49,2457.18,1586.8,19,63,184
0,12651.9,118196,-8045,25,313,5428
1,3803.53,642.847,-593.1,24,50,42
0,17444.8,126722,-8662,130,321,4343
0,10867.8,60408,-6633,132,261,2828
3,4160.12,2327.35,-1313.1,21,63,184
4,8078.68,9020.79,1044.2,18,130,515
1,6012.82,1642.56,-1218.76,35,71,103
3,8939.84,17148.7,-1140.31,24,142,844
2,14701.5,90429.7,13925.6,218,254,3973
0,15138.4,102912,-10427.8,333,412,4346
5,4362.15,525.557,285.91,21,65,35
5,8983.41,21147.6,3585.9,37,143,1203
2,10299.5,35308.3,-1952.88,197,208,1691
0,16543.6,230510,-12818,83,364,8856
5,7153.05,17351.8,-2137.9,11,128,1065
2,6263.19,7373.75,-1214.33,80,93,545
4,3529.74,569.366,-506.37,3,43,52
0,6857.45,4171,-2890,15,100,269
1,3837.17,1190.56,-1231.3,10,55,88
1,11453.3,69121.9,-3370.44,49,247,3373
1,3572.94,1416.5,-832.675,159,52,133
3,13625.7,91921.6,-4635.12,220,254,3885
0,12956.3,152509,-8236,74,314,6735
5,8816.72,12246.5,67521000,84,136,619
2,8388.19,9653.55,-1008.91,188,135,587
3,6905.09,9301.76,-1535.56,89,138,554
5,5711.48,1075.4,-1020.2,6,57,76
4,11401.3,48775.3,-1491.13,70,190,2118
3,11823.3,71223.4,-6146.24,163,262,3211
1,23407.2,516224,298509,324,540,18067
4,6144.2,13307.8,-1349.1,12,103,883
0,14989.4,102157,-8431,58,357,4340
3,5622.88,3545.77,-653.018,133,51,132
0,4222.68,1358,-1940,4,63,117
2,11272.7,56197.3,-570.982,174,209,2967
2,7054.41,4054.19,-1207.9,10,101,249
4,4002.27,1617.84,-358.32,9,61,134
5,3846.04,338.422,941.71,7,54,28
3,12703.8,41398.2,-2999.19,41,278,1938
5,4073.91,2858.5,-882.69,23,65,202
0,12014.3,56491,-6593,122,247,2464
0,6060.12,12913,-231,62,109,806
1,8146.19,12888.5,-1999.26,77,132,806
5,9528.01,21479,-1878.22,167,163,1162
0,7016.58,8070,-1503,30,123,487
2,8175.71,9499.54,-2585.19,213,130,490
4,13837.2,47336,-2561.77,148,273,2061
3,4517.33,988.345,-834.68,19,66,101
0,10240.9,23211,-3569,23,171,1062
0,14966,81467,-7924,88,318,3551
2,3895.21,1479.51,-996.999,160,52,133
3,7077.64,14179,-1048.4,25,120,809
3,4363.3,2039.45,364.78,20,75,165
3,11728.3,35976.2,-2234.67,196,225,1755
0,13883.6,71792,-4577,56,287,3215
4,4964.65,2619.82,1325360000,106,67,224
5,4492.86,2474.33,-842.13,3,61,184
2,6832.53,12062.3,-840.783,221,105,765
3,6998.49,12909.4,-1053.19,140,123,726
4,8921.57,26436.9,-273.466,36,156,1364
3,19317.4,409475,-10346.4,67,473,14125
2,6918.34,5286.62,-89.5309,48,79,292
4,19734.7,181419,-7781.91,221,403,6746
4,6923.47,7338.21,914.83,32,109,432
5,12991.6,68308.1,414175000,63,272,3295
0,13779.4,128523,-7673,75,346,5420
3,5873.77,4059.9,-262.1,11,100,294
1,9367.82,17336.1,-3203.77,35,183,931
5,4616.58,1655.82,-1204.4,5,70,131
2,4235.43,6133.69,223.03,15,68,481
2,4728.49,0,-1630.8,26,79,317
3,9436.48,39537,-892.925,69,196,1885
3,5887.22,4107.95,-1224.22,80,88,318
5,16035.5,249811,6647.69,117,346,7851
4,7005.91,17865.1,-2245,13,128,1065
3,6642.87,10329,-1354,23,109,689
2,15323.9,102702,-3203.62,40,283,3965
1,5182.04,3692.19,-268.23,19,82,289
4,3978.44,392.109,973.83,11,54,28
4,4235.47,2708.94,-1052.1,23,65,202
3,6509.7,5260.19,-825.37,17,96,347
3,16386.8,168450,-1874.69,69,320,6391
4,3776.39,544.548,-812.93,7,43,52
0,6458.54,13652,-2561,64,109,887
2,10395.4,10366.4,-1569.11,102,154,587
3,10272.2,10479.1,-2271.04,105,154,587
2,11832.4,48768.3,-4068.47,224,262,2394
1,5769.06,12727.4,-1670.5,20,103,883
5,9650.24,11305.7,-328.264,84,139,587
3,5911.14,7822.25,-768.26,25,99,583
0,14278.5,112490,-9345,36,311,4436
0,18082.2,64575,-7839,187,342,2468
4,16860.4,158684,4147.69,188,359,6068
3,9774.51,24204,847309,37,177,1313
0,10837.1,50217,-6917,97,192,2118
5,4422.26,6324.37,-591.5,20,67,481
3,8090.05,8806.03,1322.3,41,144,553
3,10938.4,27043.5,-3878.41,40,214,1469
4,3603.8,582.036,-566.61,15,43,52
0,7878.39,25256,-2813,146,157,1408
0,16365.5,127663,-8240,66,363,4723
4,5878.89,7207.28,-1094.33,80,93,545
0,3294.91,1114,-289,11,35,83
5,3365.54,683.849,157.42,3,31,53
4,4347.84,6563.71,-48.614,14,68,481
2,13100.9,74328.9,-5409.95,179,262,3211
4,3894.17,703.172,-424.84,4,58,43
3,7999.67,8724.25,3023.3,38,144,553
5,23662.8,295521,-718.402,292,468,9276
3,4004.65,1223.95,-556.22,8,55,88
5,3650.77,464.644,-832.95,3,36,35
3,9698.21,39129.2,170793,69,196,1885
3,7974.59,14252.1,-1823.76,95,140,845
2,5117.12,2172.97,-451.81,14,75,165
3,8174.94,21099.8,1182480,179,145,1156
3,13677.4,60300.4,-1999.63,38,247,2754
0,20587.6,317945,-12979,175,421,9269
5,9406.39,16657.9,123973000,85,142,844
3,8815.54,28863,-1333.42,126,179,1626
1,4909.01,4048.01,-1291.1,10,85,346
2,7203.07,9320.97,314.182,24,138,554
3,15827.4,155853,-79.711,99,310,6737
4,17726.5,158108,3261.33,213,359,6068
0,7858.98,20495,-4000,46,153,1210
3,9053.71,28932,-1333.61,132,179,1626
2,12579.5,49950.3,-4084.19,172,262,2394
0,7858.4,14244,-1943,10,125,807
5,3572.13,581.064,-413.82,15,43,52
0,9317.49,13891,-4416,19,163,694
4,3401.47,698.732,217.56,6,31,53
4,5590.46,7042.01,-842.763,10,93,545
0,7471.39,22485,-3800,13,133,1256
2,5959.03,7232.32,-477.36,174,93,545
3,12110.8,75393.7,-5128.98,24,249,3630
0,10725.7,35630,-4015,52,199,1811
1,7983.67,13863.8,-2671.61,117,170,771
1,5215.18,3345.71,-2060,21,70,205
3,6884.5,13938.2,-859.051,91,120,809
4,7906.49,4586.83,-1014.27,31,131,271
0,10214.4,83983,-4047,141,244,4151
3,7961.94,9236.04,56.651,22,130,515
4,11581.8,31397.8,-2190.15,120,166,1111
3,13661.2,86713.8,-797.491,70,291,3799
4,14440.1,209136,6546.85,272,336,8195
2,4376.63,2818.87,-658.84,27,65,202
0,9043.34,96542,-3050,21,207,4508
0,14793.9,142726,-8163,239,371,5742
2,6215.95,8101.82,-3691.1,10,106,549
3,9791.23,26974.2,-3195.6,112,166,1414
3,14622.3,57916.8,-2304.4,133,215,2188
2,15029.3,102358,12416.2,47,283,3965
3,10233.4,27048,-3215.3,147,172,1412
4,3503.22,661.043,130.35,4,31,53
4,6749.83,5907.42,348055,83,95,427
2,3327.35,1915.74,45856.5,6,43,161
0,23164.1,626764,-10352,115,484,9688
2,4502.54,2182.69,-1423.1,11,71,188
5,9349.61,10156.7,5390780000,167,154,557
0,10052.6,37314.6,-4110.87,28,196,1997
4,4302.87,2294.4,-960.89,25,63,184
0,9101.86,16048,-5035,84,164,890
4,9027.88,12381.7,-645.76,89,117,519
5,16570.1,157566,1581.9,90,310,6737
5,3596.14,704.278,218.82,2,31,53
4,20444.7,192110,1867.8,247,403,6746
0,11202.1,35439,-5864,41,270,1643
0,17268.8,217864,-6873,256,371,8983
2,5114.94,4223.36,-1140.06,19,79,317
4,5867.01,7138.97,3609.22,73,93,545
2,7244.34,4098.86,10086.8,87,101,249
2,4294.15,2669.53,-1060.6,14,65,202
3,4556.3,6151.03,-742.95,15,68,481
2,4147.98,2175.3,234383,183,54,165
0,5939.53,8625,-2332,14,108,585
3,11545.7,32268.3,410.419,112,203,1580
0,33310.4,617204,-19392,168,701,15881
3,9631.27,27165.5,-1247.17,17,172,1412
3,14818.4,136222,1162960,194,279,5626
3,6169.41,4998.45,-900.34,66,96,347
2,12002,56308.1,-2259.64,29,209,2967
4,5232.31,2473.15,-824.93,15,65,202
2,6063.83,8070.35,-2909.5,10,106,549
0,18089.6,230148,-14894,236,479,8609
3,23837.8,267799,-4835.44,298,540,8870
4,5343.99,2263.41,583.55,19,75,165
0,12114,50825,-4883,28,214,2062
4,3406.47,593.16,137.81,15,51,45
3,3850.63,400.723,1059.3,11,54,28
0,12609.2,95216,-5374,30,267,3978
0,14848.1,52804,-5029,36,250,2062
3,4441.99,1066.41,-632.81,28,62,102
5,5345.72,2543.49,-1292.4,14,71,188
4,23447.3,292238,2343.43,299,540,8870
3,3251.51,662.843,403.21,6,31,53
4,3810.44,547.477,-482.25,5,43,52
4,11313.6,39521.6,2164.22,149,193,2118
5,14099.4,95005.3,1907.86,248,294,4249
0,16159.2,113629,-7506,72,378,4731
2,5426.57,3607.76,11599.2,7,85,269
0,18598.4,276713,-11365,67,504,9413
3,4738.81,2013.06,-451.82,7,75,165
4,4264.79,828.62,-2377.3,6,54,64
1,4870.17,1404.47,-1486.8,42,71,103
2,4203.07,6079.43,-552.18,16,68,481
4,4779.29,1646.96,-1586.3,5,70,131
3,6035.2,3981.68,-673.44,12,100,294
4,16613,200678,-7878.72,153,390,7459
0,14520.8,185944,-7460,166,307,6856
4,5886.41,7201.67,39616.6,79,93,545
3,6180.73,5081.55,-884.545,115,96,347
4,4724.82,1978.45,-280.35,3,75,165
0,7944.4,10611.5,-2813.46,23,140,590
3,9182.77,25382.2,-3514.36,115,166,1111
4,8991.61,12202.7,42566.8,207,117,519
1,4385.99,3099.38,-1187.3,9,62,245
5,3711.42,478.455,-738.64,2,36,35
2,8047.83,10544.2,-2785.86,144,139,587
3,4538.38,1027.79,-579.72,28,62,102
4,12738.3,70459.9,5757230,176,262,3211
3,8031.74,12102.3,-759.976,64,128,693
4,23326.5,276216,14573100,282,468,9276
4,12777.3,55217.7,-958.054,144,218,2391
3,7717.76,14133.8,-2282.3,118,140,845
5,3732.96,472.375,-685.63,3,36,35
2,13487.9,75884.8,1620350,189,262,3211
3,5268.53,3656.92,-874.211,118,85,269
3,9258.86,27517,274234,55,194,1521
3,9274.84,28640.3,-1055.67,133,179,1626
4,4282.72,803.434,-1811.2,13,54,64
0,15062.9,134097,-8653,86,361,5642
4,3765.74,1434.29,-280.364,4,40,100
3,9820.66,24177.8,434426,37,177,1313
0,12559.9,70116,-6262,277,252,3376
2,4189.63,6188.92,-621.53,28,68,481
0,10844,67197,-4388,171,218,3369
3,4074.13,2309.19,-1135.4,28,63,184
2,15204.2,99707.4,-2481.71,40,281,3974
3,5138.66,2053.3,-276.89,12,75,165
3,12054.3,71103.2,312.064,155,262,3211
0,17435,172004,-9250,75,371,6516
3,14354.1,54648.1,-1589.62,137,215,2188
3,12352.8,90833.9,-4250.2,240,254,3885
4,9529.13,12254.8,5342.29,116,136,619
4,10297.9,37520.5,131.413,42,219,1875
2,4164.43,502.88,-91.972,18,65,35
3,8335.98,25181,-657.853,26,157,1519
5,13088,86003.6,-2066.43,216,247,3711
3,5039.04,3139.86,-768.173,160,71,249
5,4234.54,381.262,1073.6,11,54,28
4,9626.71,25774.2,-966.759,157,174,1415
4,9632.18,22490.5,34931.8,82,139,1108
0,10663,60648,-5207,36,217,2673
3,6997.4,8912.12,2941060,128,95,543
3,14502.9,137240,787.039,209,279,5626
2,7956.39,9451.19,-2179.82,183,135,587
2,5713.99,7266.19,-1390.91,23,95,549
3,9990.38,24457.3,844.444,40,177,1313
3,7183.56,9334.66,5400.92,14,95,543
3,11146.6,48617.6,34636.2,92,190,2118
0,29510.1,503334,-20413,446,714,13658
5,7748.45,12609,-2209.68,22,130,694
5,3735.38,501.052,-1015.9,3,36,35
2,7402.38,12172.9,1098270,17,105,765
2,20789.6,176798,-3924.35,338,449,5537
0,8045.91,18543,-3928,30,153,978
5,8396.05,10864.4,327164,29,140,590
3,10253.2,31410.3,-2543.78,145,203,1580
3,4950.01,2654.68,-590.23,14,72,205
0,18311.6,211337,-10401,105,352,4825
4,4799.29,1553.08,-1203,6,70,131
5,15833.6,179080,-3853.99,72,367,7087
2,10476.5,38399.2,-769.747,162,205,1751
1,5595.39,2601.32,-3001.3,12,87,166
1,5250.87,3712.02,-953.73,6,89,249
3,4290.83,469.127,696.06,18,65,35
5,13146.4,61470.7,15317,311,233,2897
4,7190.94,18116.4,-1269.3,13,128,1065
2,9159.64,30523.4,-1279.45,27,132,1513
5,6432.18,1075.94,-2007.4,6,57,76
0,17336,206087,-6446,53,313,7214
4,18281.9,270306,-4727.02,102,346,7851
4,12755,46402.4,-287.002,182,273,0
4,9145.34,13687.6,-820.214,120,148,729
2,5359.6,4415.19,-1710.56,22,88,292
5,4711.54,554.959,-317.99,23,65,35
0,12696,112954,-6761,43,273,4619
2,8371.48,9257.78,137683,177,135,587
1,6278.16,8370.15,-2031.1,11,100,551
3,9141.93,38004.7,-2569.16,45,180,2054
3,4227.1,2633.94,-760.01,21,65,202
2,4113.41,1452.12,4970.27,160,52,133
0,5639.09,7112.15,-3282.6,19,92,485
5,18514.7,147541,-5145.16,76,362,5847
2,4219.69,650.336,-179.31,19,58,43
4,7709.97,15371.3,-636.64,26,127,802
2,10918.1,35061.5,-1669.52,202,208,1691
4,11507.2,31877.5,20186.2,67,203,1580
3,6853.29,12224.7,-1724.21,223,105,765
5,4115.58,696.361,-203.95,19,58,43
0,12062.9,40010,-2844,36,232,1872
0,11893.3,36702,-7769,146,242,1586
4,10307.3,12473.7,-2311.47,22,136,619
2,6936.8,8946.79,-1401.12,23,95,543
0,7373.01,12295,-2754,18,137,802
5,13165.5,63339.4,3416.1,50,279,2979
0,8862.58,18382,-4782,62,164,1019
0,27123.8,1179210,-18406,106,754,32298
3,13269.6,91516,10783.3,218,254,3885
1,5164.63,3125.09,-2410,4,65,202
5,4087.13,378.292,631.43,9,54,28
5,3728.43,428.262,1152.6,11,54,28
5,4562.63,556.301,514.56,26,65,35
4,3885.95,630.998,-55.585,16,58,43
5,15573.1,195062,-799.515,55,286,7322
4,9984.51,34123.4,-586.717,41,176,1922
4,9535.85,33273.9,-1068.93,117,176,1922
1,6026.18,1668.93,4208.78,35,71,103
0,10255.7,66668,-6050,97,207,3048
4,5649.64,7173.95,31805.9,77,93,545
2,15221.2,102685,-3339.39,40,283,3965
2,3939.58,2182.71,-964.749,183,54,165
0,13153.3,32392,-6684,32,217,1581
4,8601.89,9618.43,-993.804,16,138,554
2,15575.2,102721,-3424.18,33,283,3965
5,10764.5,47930.2,-2677.28,84,190,2118
3,8276.76,14448.1,-802.01,17,140,845
3,6697.32,9202.32,-919.743,4,95,543
0,12905.3,66038,-8059,60,286,2901
0,11001.4,51849,-6097,77,229,2605
4,3671.79,487.582,-705.74,3,36,35
4,12892.9,78736.1,72.7097,55,272,3539
2,5659.04,4368.51,-735.872,22,88,292
5,3815.54,600.054,16.084,14,43,52
4,5474.06,7483.87,-1462.7,14,99,583
2,7974.36,9420.71,5725.93,198,130,490
0,11429.2,40005,-5264,33,228,1933
3,4015.78,2172.39,-390.72,11,63,184
5,3845.05,479.092,-743.84,2,36,35
3,7758.77,4614.42,-1013.21,32,131,271
5,5242.02,1034.62,-1194.9,3,57,76
4,4406.56,2089.09,136.33,22,75,165
3,9805.79,10383.3,-3188.91,99,154,587
1,5855.25,1879.62,-1414.67,40,71,103
5,17183.4,144052,552685,237,362,5847
5,11667,53109.8,-1139.97,121,209,2534
5,7110.23,7362.97,-129.873,49,90,405
4,4625.6,1582.41,-1073.8,5,70,131
3,6544.79,5193.13,-1003.58,61,86,367
3,4549.48,1027.14,-1384.3,20,66,101
5,5274.94,2808,558.08,11,81,169
2,9981.45,38505.3,-2119.61,44,180,2054
4,3765.76,550.65,-790.53,7,43,52
5,8255.19,8933.03,2695.6,40,144,553
3,13721.1,52118.9,205952,184,288,2334
0,16203.5,81612,-9219,200,298,2744
0,32758.4,1009300,-18029,117,708,25126
2,6275.58,7452.76,-1142.72,12,93,545
2,22988,515654,-4404.06,346,540,18067
3,8424.96,14650.9,-1199.96,18,140,845
1,5932.65,5194.3,-849.18,8,105,371
5,4431.38,1993.38,643.1,29,75,165
1,4945.86,3028.57,-2176.3,4,65,202
3,8919.69,15983.6,-719.419,52,160,976
3,6570.66,5513.64,-1419.72,14,99,321
5,9189.76,13919.3,-685.775,91,148,729
2,7502.13,12638.6,-689.987,148,123,726
5,4304.71,2888.45,-671.69,24,65,202
0,9577.54,18666,-3293,15,114,487
1,6455.39,1848.97,-989.905,37,71,103
0,25677.8,378161,-17270,98,537,11893
4,4344.49,1052.95,-1261.1,22,66,101
5,12775.7,58522.8,417.178,181,223,2822
5,4618.97,2121.46,513.15,14,75,165
3,11946,54027.1,-34.798,48,220,2461
3,8560.81,14544,-1168.18,100,140,845
0,8376.93,9162,-3145,18,126,485
4,13731.1,97387.4,4038.95,199,281,4061
3,11100.9,27263.1,8684.91,113,214,1469
3,8398.22,21168.9,193573,179,145,1156
0,10869.5,37399,-3637,32,230,1877
3,13544.3,52729,2599.74,60,288,2334
0,8383.06,16050,-3858,8,169,892
3,9244.1,39125.5,-798.791,69,196,1885
3,4271.97,757.629,-1354.5,13,54,64
5,3765.81,468.461,-808.54,3,36,35
0,11255.8,58260,-9073,35,257,2530
2,9036.43,20263.2,-3430.15,79,163,1162
4,8009.55,8777.03,2293.7,37,144,553
3,4237.28,1018.18,-797.49,28,62,102
4,4955.22,3712.59,-1652.2,40,79,292
2,6121.48,5369.34,-1330.6,11,105,371
3,9058.21,16891,-527.442,21,142,844
3,11958.3,53086.5,-446.737,150,218,2391
0,9596.77,58559,-5867,112,209,2968
4,9925.16,26364.4,-1284.49,149,174,1415
5,4706.77,6572.62,-377.53,24,68,481
0,10506.6,71081,-7433,32,245,3454
5,3601.47,560.19,-455.55,14,43,52
2,3990.02,380.186,450.41,7,54,28
2,4645.87,2121.4,-82.185,11,75,165
5,4839.4,2765.98,-1048.5,5,65,202
0,9408.54,9499,-2491,25,103,344
4,9638.66,31810.5,-3191.53,108,166,1414
0,15865.9,128549,-10817,234,388,5432
4,7863.65,4703.6,-921.444,98,131,271
0,6840.55,5239.04,-2379.81,204,107,346
5,7796.91,11653.4,43475.3,219,114,689
5,8087.07,15614.1,-2226.91,33,134,970
3,6442.16,7254.32,-1472.78,8,93,545
2,22113.8,350457,-1370.88,275,440,10967
3,7939.43,4717.18,42504.6,110,131,271
0,18117.7,321659,-10918,253,429,11112
5,7404.02,4965.08,-556.898,20,93,248
5,8567.54,21400.6,65106.9,86,139,1108
4,10104.5,26600.1,-1097.22,151,174,1415
3,4527.13,2197.47,-1648.6,12,71,188
5,11030.4,52130.8,-83.0694,143,209,2534
3,6113.52,10362.7,-2084.23,21,109,689
3,12130.4,78703.8,-203.43,41,252,3882
2,23689.8,260378,80486.3,300,537,8350
5,7038.14,5310.65,-2310.74,222,107,346
4,7718.53,9742.16,-2011.71,93,123,621
1,5699.17,2575.02,-3081,13,87,166
0,9325.69,31956,-3774,36,193,1643
4,6062.89,2589.29,388.27,8,81,169
0,6478.4,15429,-3243,174,134,890
4,9300.46,26868.8,-2225.75,182,158,1403
0,7299.89,14933,-3802,50,134,852
0,6680.35,5217,-615,7,81,294
0,17117.8,146232,-9046,236,392,5539
1,6223,8338.46,-2096,11,100,551
1,5753.49,4285.79,-1545.5,16,90,317
4,14553.9,93364.8,-770.23,44,294,4249
2,5728.45,7706.91,-904.191,102,104,457
3,3337.42,589.576,-307.7,13,51,45
1,5602.61,1775.42,-1414.33,43,71,103
2,4109.29,408.417,1415.1,7,54,28
3,9750.37,16966.6,-2613.24,157,172,973
5,5315.6,4226.41,-915.289,12,72,340
5,3589.26,579.791,-243.34,13,43,52
5,6863.72,9276.82,7039.07,197,98,520
5,5288.43,2837.98,-563.85,6,65,202
1,6131.56,7974.35,-3379,4,106,549
3,4353.75,2315.32,-1600.2,17,63,184
3,9452.19,28949.3,410189,124,179,1626
0,6158.57,6137,-1644,52,93,428
3,6925.92,11414,-828.531,164,111,651
3,12357.8,79747.5,-897.771,152,252,3882
3,15098.6,94925.4,180724,231,294,4249
4,12144,70565.8,-1414.07,160,262,3211
4,12605.8,63099.2,4135.6,39,279,2979
1,5753.44,1817.02,-1193.39,45,71,103
5,7902.26,4737.08,-811.308,31,131,271
0,15502.9,110327,-9131,179,329,4063
5,9165.81,17875.1,740.979,220,133,890
3,4720.79,2211.06,-1398.8,12,71,188
0,31465.8,575225,-11897,320,593,11751
0,10693.3,38245,-4301,32,234,1880
0,14994.8,91637,-8839,243,302,3711
5,3590.03,495.349,-927.49,2,36,35
1,8170.54,9437.43,-2658.35,183,135,587
3,13310.3,60994,-228.835,24,247,2754
4,3718.81,450.048,-618.34,3,36,35
3,3989.03,2196.91,-1443.2,9,63,184
2,7822.69,9512.21,-2620.64,10,130,490
2,7018.27,4083.13,-1024.48,10,101,249
5,4622.85,2799.18,-391.9,31,65,202
2,10363.9,57478.2,2223.79,162,217,2904
3,13187.7,64184.5,4810.9,44,279,2979
5,13184.1,46598.5,31.7367,173,273,2061
3,9307.36,10534.5,21279100,228,130,490
5,3746.3,453.297,-638.67,3,36,35
0,13563,95178,-7155,207,291,3883
2,12094.9,52943.5,-1310.37,152,218,2391
2,14039.4,135676,-1352.32,210,279,5626
5,4361.47,1145.13,-636.21,27,62,102
4,3797.01,584.883,-554.13,5,43,52
0,20515.5,544343,-13284,104,457,15149
4,9722.7,17089.8,-2828.92,152,172,973
4,8039.75,12543.4,43575.2,27,130,694
2,10433.5,35123.2,-3555.2,26,208,1691
3,8336.35,11748.7,6971.49,60,128,693
1,12190.2,69796.3,2312340000,96,247,3373
3,7714.51,13900.6,-120.29,21,127,802
3,3867.98,452.938,-876.89,2,36,35
0,18085.2,188960,-16007,224,498,7108
5,5088.15,3118.68,-1667,16,70,205
0,7309.76,12500,-2478,29,151,806
0,9356.83,23465,-5298,151,193,1206
0,7199.77,7911.56,-2284.49,20,113,521
2,8756.3,19827.7,-1231.13,170,163,1162
4,15236.2,154897,2068.6,103,310,6737
0,13963.8,68462,-8036,56,290,2907
4,4130.89,2429.24,-1857.8,15,63,184
1,4119.11,2164.9,13818100,51,54,165
3,7769.26,9401.89,-1352.76,99,123,621
0,15909.9,199853,-7748,296,346,8209
4,9760.58,28111.6,-1502.75,170,158,1403
4,9733.08,25915.6,2218.16,24,174,1415
4,3309.73,662.179,237.73,3,31,53
2,22734.9,516214,-261.733,340,540,18067
3,3919.07,2209.72,-514.742,3,43,161
4,10006.4,40138.4,12740.3,136,207,1995
3,10423,58986.5,2076.75,308,217,2904
5,7484.15,13677,-800.959,120,143,771
4,11955.2,37225,-1846.99,122,166,1111
5,3967.74,651.543,-743.45,19,58,43
4,5345.41,3429.8,-665.711,136,51,132
5,9232.79,14008.4,723.667,115,148,729
5,8986.88,12208.5,1381.4,37,152,693
4,5041.27,1616.65,-720.187,184,76,147
4,13111.5,79589.1,-826.057,50,272,3539
4,15171.1,87259.6,3703.2,80,289,3710
3,12521,90443,-5203.37,230,254,3885
1,5757.19,12759.7,-2005.4,20,103,883
2,12092.7,56480.7,-2562.06,29,209,2967
0,5766.14,11002.5,-2096.12,250,102,764
5,11372.5,37792,-4473.07,190,208,1691
0,17068.6,69791,-2436,33,283,2466
5,4734.45,1890.81,-326.17,5,61,116
5,15168.7,80101.6,149.849,299,320,3466
2,12179.1,49316.7,-3822.87,221,262,2394
1,6131,5171.21,205.601,21,85,343
3,8379.99,25311.7,-219.931,33,157,1519
4,9452.9,11374.4,-1435.53,38,156,654
1,4001.93,772.225,-2254.1,9,54,64
4,3377.65,705.375,145.32,3,31,53
3,5551.23,7812.44,-1153.2,13,99,583
0,15922.1,72783,-3842,44,287,2976
2,9707.35,38889.6,-256.142,69,196,1885
3,12112.6,54331.5,-3296.5,44,220,2461
4,4651.13,6422.16,68.239,15,67,481
4,3568.04,557.617,-449.15,15,43,52
1,6284.4,5135.88,-2755.2,18,109,317
2,4810.02,3784.94,-1652.7,24,79,317
5,4327.93,2690.68,-313.45,26,65,202
3,4690.78,6436.28,-167.16,16,68,481
3,11937.5,52664.2,-654.071,154,218,2391
5,15113.2,76156.3,242209000,208,223,3131
2,4717.01,2118.33,246.69,12,75,165
5,9589.1,22863.4,88.2562,101,182,1212
2,4784.94,2575.92,-376.72,10,72,205
2,3862.95,382.233,986.84,5,54,28
3,4750.02,2150.43,-294.03,21,75,165
2,5304.55,3336.36,-1901.2,21,70,205
0,8027.83,4443,-1719,24,96,207
5,3684.2,388.242,1433.7,11,54,28
0,11634.8,40508,-5543,31,257,2061
4,14252.1,65622.2,-3512.33,109,224,2192
4,5902.75,7223.7,-1180.49,80,93,545
0,13228.5,32191,-4957,42,211,1471
2,5662.92,7585.97,-1627.77,103,104,457
4,4064.03,2401,-484.94,23,63,184
4,9134.15,20775.5,5902.32,103,163,1162
1,5397.36,2862.01,4443000,17,77,244
5,3711.35,482.844,-620.29,3,36,35
4,8462.2,8832.87,2685,43,144,553
1,5472.29,4040.98,-938.28,12,85,267
2,7675.84,9410.29,-2537.54,199,130,490
0,9558.97,11208,-2779,18,155,552
1,5268.31,3346.22,-1917.4,21,70,205
4,3603.3,504.052,-610.89,3,36,35
0,7903.34,21539,-2367,14,133,1298
5,4697.78,3062.14,-860.834,102,67,224
4,4597.41,1060.95,-1198,24,66,101
1,6440.17,1887.86,-1170.81,35,71,103
4,4070.86,2462.18,-662.38,37,63,184
0,8204.68,17699,-3108,31,159,938
2,11264.2,55462.4,2924.63,176,209,2967
1,10948.9,41888.7,-3432.67,43,227,2059
0,8029.93,21801,-4473,39,144,1207
3,9593.02,39261.6,-4313.33,177,193,2118
0,8435.28,10479,-3604,65,144,621
2,15425,167550,135167,57,320,6391
3,6167.48,4296.1,-815.768,82,88,318
5,5175.77,1677.94,-1416.87,175,76,147
4,8147.02,9651.8,-518.932,41,138,554
2,7965.62,9507.1,-2499.94,201,130,490
0,6281.22,18698,-2943,30,118,1201
2,5959.76,11139.7,-719.101,253,102,764
4,7971.69,12474.4,-843.501,28,130,694
1,5628.93,4794.22,-1270.32,17,85,343
3,5955.56,0,-680.55,11,103,883
0,29416.7,405234,-13642,114,592,11141
3,4215.36,538.368,195.79,23,65,35
3,8919.37,39564.3,-3869.29,75,196,1885
3,3378.78,668.33,-350.92,5,31,53
1,6876.21,7818.7,-2731.4,11,117,427
2,8603.27,18339.1,-4902.8,14,146,891
5,6343.52,7803.47,-122.9,47,99,583
3,4321.44,521.175,272.61,22,65,35
3,11553.7,32084.4,10260500,60,203,1580
5,3448.94,670.478,315.98,4,31,53
2,5244.51,4337.34,-955.176,17,88,292
2,4337.82,6622.06,-738.93,32,68,481
5,4321.54,6567.34,-236.76,25,68,481
0,13216.8,96910,-1869,33,308,4332
5,23053.2,198487,-4339.85,91,367,7087
0,29163,640365,-13217,123,656,15886
0,14107.1,79695,-6825,252,310,3464
3,4602.81,1041.85,-521.46,28,62,102
4,5617,1069.24,-1548.4,6,57,76
4,6718.4,6924.1,-1153.78,17,118,426
5,4833.93,1157.77,-1336.3,22,66,101
0,21086.8,396734,-11776,80,488,13307
5,9338.86,21353.2,-1653.45,26,143,1017
5,8929.99,10919.6,-650.761,119,156,654
5,4602.78,1205.63,-1548.84,34,71,103
4,10956.1,18475.4,-1939.32,149,172,973
4,10085.7,25574.3,7526.07,25,174,1415
5,3647.18,338.564,1900.8,11,54,28
1,6230.81,8013.54,-3404.6,4,106,549
0,13235.2,70016,-6748,60,282,3218
5,12955,62415.5,5432.3,50,279,2979
3,5837.99,7529.36,-1694.43,91,104,457
5,8784.25,13732.5,3737.58,34,143,771
0,4400.89,1460,-1490,7,54,130
3,9724.84,30526.4,1174640,42,171,1747
3,12960.5,60888,131080,32,247,2754
5,8535.84,12377.4,1229.2,40,152,693
4,8405.19,23231.8,415223,135,154,1252
5,10316.2,36522.3,-569.238,42,196,1997
2,6057.86,8030.59,-3685.4,4,106,549
3,7299.97,14229,-1002.01,29,120,809
5,5567.2,3766.63,-773.483,4,51,132
0,5678.97,4384,-1244,8,98,270
5,4296.33,381.81,1291.7,11,54,28
3,5521.83,2539.7,639.9,3,81,169
4,5810.83,4240.82,-61.41,34,83,268
0,6904.21,6044,-2426,19,100,249
0,14192.7,75413,-7939,120,311,3379
3,21931.6,283892,-13255,312,540,8870
5,3669.64,421.767,1248.3,11,54,28
2,4485.79,2743.55,-525.03,24,65,202
4,12154.1,36883,-2065.11,20,225,1755
5,6118.71,4639.33,-1112.39,17,88,292
2,14684.6,100098,-2174.66,44,281,3974
5,10772.8,24905.9,156437,107,182,1212
0,6121.07,10508,-2108,28,99,691
1,5081.19,3041.22,-2025.9,4,65,202
3,14191.8,92908.9,-966.287,215,254,3885
5,3738.81,609.293,-256.15,15,43,52
1,7763.39,12852.4,-2084.64,15,132,806
4,3742.14,470.049,-740.59,3,36,35
4,8813.82,11287.2,45493.2,129,156,654
3,7102.8,5351.34,366171,198,107,346
5,19930.9,277057,7302.55,296,420,9137
3,5785.08,5236.85,-110.191,83,86,367
4,3784.23,454.161,-1066.6,3,36,35
2,6175.38,7999.5,-3538.1,9,106,549
4,16340,145202,-242.285,235,362,5847
2,3749.5,381.106,583.84,15,54,28
0,18279.3,179592,-7271,241,326,6285
0,10667.2,21020,-2927,25,163,521
0,10298.1,14995,-2608,40,155,659
4,13712.1,44258.5,-4063.56,114,234,1581
1,3928.7,2074.12,-1501.1,3,63,184
5,22806.9,278255,-391.512,313,468,9276
2,8420.45,9647.58,-2229.36,202,130,490
4,3699.66,537.419,-926.54,5,43,52
0,8551.05,29076,-4693,100,168,1523
5,4702.45,6277.35,92.161,16,68,481
2,7127.08,5406.87,-833.308,50,79,292
5,3924.08,6270.65,-34.124,27,68,481
5,4709.05,2920.56,-896.16,23,65,202
3,9954.58,26209,4024.25,158,174,1415
1,3790.53,643.254,-396.97,24,50,42
4,15158.3,75505.5,130101,269,336,3302
5,3687.77,471.148,-813.53,3,36,35
0,15780.2,136299,-8626,192,362,5429
3,4846.9,1930.81,-506.11,4,66,164
2,3879.42,1444.97,-745.865,156,52,133
4,9627.71,25278.3,-1542.38,34,177,1313
1,6837.09,7804.57,-2351.3,11,117,427
3,10637.8,43630.6,-728.375,125,197,2257
0,9956.9,29408,-3095,72,150,1311
5,5595.9,2910.99,-944.54,6,65,202
0,13734.9,219648,-6746,241,360,8602
0,11021.6,45565,-7086,98,192,1993
4,8326.88,8862.04,1295.1,37,144,553
2,7544.59,12525.9,1781.71,144,123,726
1,4327.87,2104.21,-1268.6,8,71,188
1,5202.18,2841.78,-1283.13,117,77,244
1,4139.77,2114.27,-1680.3,4,63,184
2,15030.3,252506,-3294.56,102,346,7851
0,6430.13,10601,-3291,100,116,691
5,9182.13,17449.8,-1101.26,194,133,890
0,8595.43,15694,-2810.18,18,138,934
4,16553.9,257928,12489.3,130,346,7851
0,13092.1,94861,-3329,217,164,1746
0,16403.8,159822,-11206,94,444,5966
2,4041.27,757.896,-1711.7,13,54,64
1,6894.21,7846.39,-3408.9,12,117,427
2,5053.73,4273.34,-830.116,22,79,317
5,15134.5,88927.2,269590,81,289,3710
0,9125.29,32861.6,-3103.51,114,176,1922
5,8787.03,20901.4,396.37,27,143,1203
0,22769.7,251647,-10564,93,480,8610
0,12897.7,111016,-6278,29,305,4428
4,14849.6,144419,-164.636,277,308,6057
3,10927.1,38774.5,505109,44,193,2118
4,4777.65,6123.8,511.3,14,68,481
5,3502.48,524.88,-438.29,14,43,52
5,8638.06,26647.7,-1684.1,37,156,1364
2,4102.94,5944.86,-85.735,16,68,481
0,27158.7,707986,-16151,180,666,19052
3,6323.83,7774.27,-1658.65,49,93,545
1,5065.16,3126.55,-2464.8,4,65,202
3,4172.46,1686.83,-367.53,4,61,134
2,6219.4,8278.75,-3591.9,5,106,549
5,5509.82,9909.2,-456.825,17,98,651
3,5562.27,7711.59,15.821,22,99,583
4,9839.58,25453,-597.762,46,177,1313
2,9119.92,30266.9,-1248.87,27,132,1513
0,12484,53275,-5933,59,229,2391
0,7157.98,17570,-2765,62,110,929
2,5648.78,11009.8,9.98002,23,102,764
2,5610.22,5082.99,-2010.03,10,99,321
2,4146.68,2324.02,-1651.4,6,63,184
4,5691.06,4078.1,-773.566,84,88,318
2,6167.79,7997.67,-3508.2,4,106,549
4,8883.35,10864.7,-539.253,40,156,654
2,5832.68,7649.55,-395.884,102,104,457
3,7745.82,4930.65,-1033.02,44,86,205
4,4018.96,1628.77,-325.37,8,61,134
3,15361.3,60328.4,1981860,146,305,2610
4,14445.8,74035.3,-285.94,38,272,3295
3,5417.91,2532.72,731.35,9,81,169
0,8801.61,20083.2,-2410.03,100,163,1162
5,9880.09,29588.7,-1404.28,38,156,1364
5,9552.72,17871.9,-1331.52,20,142,844
3,8095.41,14262.5,-1893.34,17,140,845
3,3629.27,710.187,-10.209,5,31,53
5,8550.66,11279.2,-2995.74,127,156,654
4,4097.15,2376.56,-165.55,20,63,184
0,13452.2,113214,-5376,44,248,4521
3,12265.6,34000.2,1012.6,49,210,1213
2,6410.43,5179.39,-1506.77,37,79,292
0,15885.8,163367,-6995,155,399,6299
4,9316.8,36696.1,-3977.1,31,196,1997
0,13211.1,132082,-4671,110,269,5619
2,4043.51,756.706,-1683.9,13,54,64
0,5007.65,4860,-4035,27,109,348
3,8677.6,16206.3,-1517.09,114,160,976
3,3791.77,522.114,-826.9,5,43,52
3,9776.25,30641.5,466.066,33,171,1747
5,4000.55,2186.75,-1283.4,17,63,184
4,12823.7,57239.3,-532.21,42,220,2461
0,14694.6,352052,-8629,241,383,14113
3,8651.71,34488.5,368800000,76,148,1919
0,8591.69,31014,-3056,79,161,1804
1,11999.9,69601.9,1274960000,96,247,3373
0,10777.1,25677,-4613,27,185,1116
4,9575.4,26349.8,-750.762,150,174,1415
3,15100.7,60232.4,772.634,158,305,2610
5,3997.18,689.896,-340.6,16,58,43
4,10469.9,27767.5,-3518.19,63,214,1469
4,4819.08,2778.57,-654.5,6,65,202
1,4197.4,1527.52,-797.45,4,55,133
4,10155.2,34791.1,-3485.74,122,166,1414
5,3527.15,510.667,-668.95,2,36,35
4,3720.17,1914.06,-418.179,6,43,161
3,7550.05,14014,-1828.3,30,120,809
0,9537.87,30067,-5280,36,179,1469
5,4684.33,2268.06,-992.11,5,61,184
0,5604.15,7086.81,-3690.2,23,92,485
5,12761.2,46367,-121.476,144,273,2061
2,7298.02,12627.6,-753.42,140,123,726
0,4700.62,1570.65,-1357.27,11,67,134
0,14715.3,173010,-7374,46,313,7578
2,7112.29,12069.9,-852.651,8,105,765
3,6147.31,3473.39,584.97,16,101,206
4,11191.9,48974.9,-2796.41,70,190,2118
5,14347.8,98892.4,2538.88,176,281,4061
4,10515,27808.6,972734,145,172,1412
2,14076.7,135007,-3393.82,207,279,5626
2,5381.75,4246.37,-1368.29,19,79,317
3,6545.33,8396.73,-2018.3,5,106,549
4,4407.77,2226.59,89693200,186,54,165
3,13005.1,93830.8,-843.88,193,273,4429
5,8837.58,22060.3,163.31,30,143,1203
4,6144.94,5668.35,-1101.2,23,105,371
5,5711.29,2548.08,782.7,8,81,169
1,6141.02,5240.85,-953.52,7,105,371
4,20635.8,276004,34699300,310,420,9137
3,4273.86,2229.98,-1649.3,4,63,184
0,6688.55,27644,-2124,41,136,1517
4,3843.06,553.378,-652.32,5,43,52
2,7077.61,5436.65,-1394.55,48,79,292
4,9223.77,26158.7,596666,24,174,1415
3,7300.2,14148.8,-1048.05,99,120,809
3,13265.7,95082.6,-515.986,181,273,4429
3,3583.52,709.054,33.598,5,31,53
4,7252.41,9239.59,1259.4,28,130,515
3,7366.74,9427.86,1607.69,169,135,587
4,16626.4,259665,-438.882,123,346,7851
5,6361.4,3892.08,-1221.48,50,86,205
3,12893.6,60001.1,-1246.56,29,247,2754
0,11531.9,54310,-4786,79,216,2679
3,15854.5,165797,-2742.44,52,320,6391
2,9055.49,20303.6,-3312.69,101,163,1162
0,8470.06,16579,-3321,41,151,851
3,9485.37,37252.7,-3969.24,36,196,1997
0,14865.2,143234,-10126,249,336,5954
1,6923.75,28275.3,-2418.4,11,131,1686
5,7081.88,10310.4,522.757,213,101,584
2,8633.3,14354.2,1195480000,65,170,771
2,10171.8,35602.4,-215.838,192,208,1691
3,13346.9,91590.4,-4309.91,219,254,3885
0,4008.07,1942.5,-1303.23,112,66,166
0,15577.5,141482,-10038,97,346,5322
4,3314.32,691.741,-9.3917,2,31,53
4,9672.77,12389.8,115.82,20,152,693
3,8402.96,8750.79,2513.9,40,144,553
0,12353.9,65136,-3098,153,213,2749
2,4690.22,2090.16,-146.44,13,75,165
4,4081.5,2427.95,-607.9,23,63,184
2,13667.8,90300.4,-689.507,291,254,3973
5,7659.71,12586.9,-1439.6,36,130,694
3,9894.46,34690.2,299.506,32,208,1691
0,16277.3,95702,-5959,94,339,3545
4,8980.67,10020.3,555.036,32,154,557
0,10631.3,71083,-5818,83,240,3538
5,3529.56,522.118,-594.94,10,43,52
4,4918.51,2867.34,-863.46,11,72,205
2,4956.61,4271.69,-876.833,20,79,317
5,5006.31,6506.71,13.244,19,68,481
5,9122.98,12404.4,-1083.89,13,117,519
0,14453.3,93126,-9233,53,290,3803
4,5359.34,7336.92,-689.16,12,99,583
2,3964.89,767.882,-2016.1,13,54,64
3,9389.63,28963.6,-888.549,101,179,1626
2,8585.12,13882.9,298096,112,170,771
5,4047.27,6593.71,983.28,39,68,481
5,3729.62,481.768,-559.18,2,36,35
1,6123.42,5302.17,-888.87,8,105,371
0,13745.6,49955,-6365,42,260,2196
4,11669.2,30398.9,-3256.24,65,194,1521
2,7573.72,9232.94,586865,197,138,554
3,4683.7,2006.36,2594380,73,63,166
5,4602.54,6340.77,318.4,21,67,481
3,23494.5,284244,2032.25,308,540,8870
2,7379.69,12629,6004.8,143,123,726
5,8045.85,10495.4,2868.79,210,118,621
0,5641.7,8208,-2231,8,75,397
3,4769.24,1971.65,-837.462,113,66,166
5,8046.35,15511,-515.375,92,131,971
3,7030.35,12668.9,-2308.18,145,123,726
5,20271,162112,659013000,106,359,6068
4,24202.9,256198,-4149.53,278,540,8870
1,3885.67,1213.1,-770.59,9,55,88
3,11567.8,31702.5,42130200,168,203,1580
5,8356.02,11261.5,-1222.57,97,123,621
2,11343.2,56568,-1958.03,177,209,2967
1,5588.16,4745,35705.7,21,85,343
5,4209.82,6607.91,-44.457,25,68,481
5,5914.3,2718.73,69.73,10,81,169
5,3736.89,590.728,67.864,16,43,52
3,13700.7,90324.1,2110.39,186,254,3885
4,5466.86,2237.33,-1574.39,18,82,185
4,5706.86,1788.46,1534930,16,84,136
4,6486.17,8163.01,-2562.3,9,106,549
3,4222.1,485.318,458.93,20,65,35
1,6409.72,8186,-1275.9,13,108,549
5,4045.68,644.685,-471.8,16,58,43
5,11537.9,33038.6,3248.4,66,210,1213
0,21466.7,361472,-10697,49,425,9547
4,10246.1,14961.8,-1961.87,38,143,771
0,19556.9,324534,-12399,108,509,11268
3,6458.29,3541.07,964.21,18,101,206
4,3764.61,529.035,-298.86,5,43,52
5,5240.18,1695.79,-839.385,183,76,147
3,3424.71,695.531,-314.05,3,31,53
4,4832.12,1595.03,-1186.7,6,70,131
2,23088,516898,3709260,312,540,18067
2,6013.08,11087.7,2519310,255,102,764
4,4913.3,2825.39,-517.63,12,65,202
3,11820.9,56738.1,-1108.54,178,209,2967
4,4570.98,2342.83,-643.56,3,61,184
3,23781.7,260814,-3062.91,302,540,8870
5,3859.04,6196.06,-132.22,17,68,481
2,6651.93,13067.3,-1032.34,73,96,804
5,4654.82,2312.4,-1304,6,61,184
2,15552,166428,8311.18,40,320,6391
4,23463.7,292027,79.0593,300,468,9276
2,9241.29,17207.5,-3081.11,94,183,931
4,12872.1,52897.3,-3711.24,129,215,2188
5,5577.54,1069.48,-1709.6,6,57,76
3,6839.48,3657.5,611.15,20,101,206
5,3600.5,584.85,-391.71,14,43,52
5,3776.9,470.107,-720.28,1,36,35
0,10534.5,24614,-3788,46,194,979
2,13653.2,89714.6,-527.118,229,254,3973
0,21749,374162,-14448,230,515,13303
2,6959.17,17373.4,-2088.3,14,128,1065
1,15381.2,102356,55191.7,45,283,3965
0,21859.2,468861,-10019,101,442,12979
3,4559.11,2204.84,-1514.2,13,71,188
2,8538.14,18398.6,-4726.8,16,146,891
0,27653.6,540607,-9850,140,588,16047
3,10522.9,48160.1,279349,68,190,2118
4,22825.9,280167,5841.24,238,468,9276
5,3674.86,602.626,-539.09,15,43,52
4,3923.09,2553.46,-1099.7,9,63,184
4,3567.25,690.436,300.18,5,31,53
4,14159.7,53182.9,1637.19,48,288,2334
3,9759.86,39853.1,55810.8,104,207,1995
5,5335.93,991.983,-911.191,32,62,76
4,6034.49,10981.1,-433.465,32,102,764
3,12096.8,54357.5,-4082.5,44,220,2461
4,4429.92,2367.67,-1228.7,4,63,184
4,8966.99,13877.7,-1767.25,270,170,771
5,10908.3,54941.5,3705.89,172,223,2822
0,7392.96,14840,-2080,50,124,768
3,6721.91,7302.37,646.41,22,109,432
5,5701.51,3662.8,17.541,36,78,226
3,3791.91,558.23,-546.06,5,43,52
3,13215.8,41993.1,-6314.1,241,278,1938
4,14175.7,61001.4,-3425.69,141,215,2188
5,3595.96,590.831,-448.11,16,43,52
4,3700.42,565.514,-696.06,5,43,52
4,6487.9,4849.42,3269140000,58,86,367
4,4531.84,1001.83,-1549,22,66,101
0,15734.7,104475,-8409,168,350,4525
0,17466.3,241417,-9446,56,378,7474
2,3966.13,5918.93,-734.41,22,68,481
5,4372.06,2222.78,-1259.8,3,63,184
2,14473.6,90580.5,-2268.68,216,254,3973
1,8119.55,9434.07,-1114.47,16,135,587
1,5756.36,4789.96,-896.656,17,85,343
0,15173.6,112122,-6748,42,308,4156
4,21340.1,289194,-3167.53,294,468,9276
5,4877.97,2218.05,373.35,37,75,165
3,10239.4,36923.8,142523,34,196,1997
2,7144.59,8836.02,212411,123,95,543
5,12581.6,61658.4,617159,195,214,2600
2,14788.1,102056,-3843.51,47,283,3965
0,15170.4,75481.4,-8270.75,284,336,3302
2,4024.23,640.51,-203.86,16,58,43
0,9803.29,20838,-3429,129,172,1116
4,7768.58,13362.3,367.083,32,170,771
3,4361.42,6720.95,283.19,34,68,481
5,19803.3,271944,648.326,349,420,9137
3,4523.02,2671.53,-513.91,23,65,202
0,12888.3,92503,-7139,211,251,3715
5,6023.56,4857.47,342215,73,86,367
0,12888.4,171016,-6821,63,299,7334
3,4223.02,1688.23,-694.03,7,61,134
1,6286.8,1680.81,-1022.61,36,71,103
3,9251.83,29103.4,182184,147,179,1626
0,9959.17,28656,-3032,11,141,1259
4,11643.5,32207.2,100005,39,203,1580
4,5074.07,3220.97,-933.357,14,71,249
5,9638.9,9995.64,-1403.74,104,149,549
0,11151.2,24320,-4891,29,204,1162
4,8372.22,21600.8,33727400,78,139,1108
3,7753.27,8902.35,461.27,14,130,515
4,8954.65,17145,639020,228,133,890
0,14151,151835,-8600.31,432,350,5741
0,13451.6,137340,-5789.86,46,279,5626
5,7194.35,7088.19,-744.564,111,95,427
2,9535.55,10266.3,-1801.96,102,154,587
0,8143.2,7649,-2771,42,144,456
2,7080.52,28192.7,-2694.2,13,131,1686
0,13840.2,162182,-5688.4,41,287,6171
1,5196.61,4220.37,-1139.44,17,88,292
0,11899,35288,-5172,25,223,1809
5,14388.4,49588.7,-1037.93,167,298,2196
1,8228.69,12957.6,8086.79,17,132,806
4,15225.8,157332,766.79,112,310,6737
0,10795.3,26759,-4841,51,194,1312
4,10943.1,27206,-114.714,118,166,1111
4,9006.95,26897.3,-2198.23,182,158,1403
4,9313.96,12342.9,-352.3,20,152,693
5,4517.98,547.113,324.62,23,65,35
4,8657.51,16829.8,-79.0423,21,142,844
4,7511.4,8874.15,-492.601,184,107,517
0,15127.6,154244,-7299,34,312,6053
4,6723.72,6973.63,76286.3,21,118,426
3,4692.23,2736.18,-819.13,22,65,202
1,4946.9,2827.49,-1078.49,20,77,244
3,10067.1,24468.7,9743060,35,177,1313
5,3641.37,519.135,-819.08,2,36,35
4,12344.2,71231.7,72.0619,177,262,3211
0,29565.4,539595,-14483,70,570,12042
4,12725.8,46391.7,114.02,149,273,2061
0,13975.7,103627,-7165.28,46,307,3979
2,10083.7,35151.4,25412.3,195,208,1691
0,8242.99,30391,-4940,70,170,1805
4,6431.93,3672.18,286.77,29,101,206
0,13197.8,67201,-6259,143,255,3211
0,9447.87,39223,-5248,54,208,1873
3,6664.84,10331.7,-759.174,23,109,689
0,8908.78,30630,-4273,29,184,1749
0,17237.6,283372,-12391,84,450,10381
2,5019.14,1532.76,-1481.63,31,71,103
3,6640.92,5372.34,-535.963,16,99,321
2,6116.44,8079.88,-2857.9,4,106,549
0,6138.45,6713,-3008,54,109,426
5,4832.21,3163.06,-1877.2,17,70,205
3,9739.63,40071,74963.2,114,207,1995
3,4308.69,1019.63,-1082.1,20,66,101
4,4257.79,799.014,-1449,13,54,64
0,15450.2,65642,-7630,83,299,2400
3,12195,36679.4,-2669.8,16,225,1755
2,12346.7,73999.7,-2852.47,33,249,3630
4,3638.76,1396.73,-347.223,48,40,100
0,9793.81,31848,-3534,41,201,1691
4,13223.5,60448,231865,35,247,2754
0,23662.2,210146,-10607,92,505,6761
3,13056,93538.7,-127.882,149,273,4429
4,6785.53,7290.64,253.5,29,109,432
3,12200.8,38386.3,-272.08,31,235,1818
0,3619.91,2399,-977,7,56,183
4,3576.21,701.14,-313.5,7,31,53
2,8531.47,33868,2376.64,24,148,1919
3,4232.77,2390.26,-1046.8,3,61,184
5,7748.42,7453.69,-2185,65,109,486
4,9427.53,11485.1,433936,40,156,654
0,8087.84,23021,-2302,17,145,1357
5,6693,3938.38,698.21,26,101,206
0,4885.26,7598,-1470,9,88,582
5,4066.34,365.113,645.94,17,54,28
2,21989.7,349310,-1137.98,271,440,10967
1,22107.3,514846,-4355.03,367,540,18067
3,7105.45,17259.4,-2529,16,128,1065
1,7784.35,13312.6,-2554.2,2,125,694
2,4068.29,1424.63,-767.692,164,52,133
0,11858.1,80434,-4352,38,239,3706
4,4475.89,6080.43,-719.94,14,68,481
3,8420.87,10191.8,-2924.73,184,135,587
1,4170.59,1328.29,-1202.9,1,57,129
2,12080.3,33748.7,1019.5,49,210,1213
5,8057.33,7107.74,-737.163,28,118,426
5,5869.3,1148.98,-1311.5,2,57,76
0,13571.7,68498,-4652,27,264,2680
2,3115.23,1201.33,53190.1,2,40,100
4,6664.35,11075.6,-1239.75,156,111,651
2,7711.94,9540.04,-2645.64,201,130,490
5,9213.29,12473.5,-1271,119,136,619
0,12250.7,57494,-7835,136,288,2972
2,6192.54,5008.68,161434,85,96,347
5,4176.39,649.727,-561.85,17,58,43
3,11933,54791.4,-3123.3,47,220,2461
5,3821.5,458.093,-822.06,0,36,35
0,16394,102313,-6697,40,323,4153
4,12528.8,63320.2,-4760.79,194,223,2822
3,10838,27355.4,-1787.64,129,172,1412
0,8004.08,7714,-2038,75,126,458
5,14185.1,139739,857.476,57,308,6057
0,14076.8,80523,-9205,99,387,3224
2,7010.74,12617,-2131.05,141,123,726
4,3598.12,447.337,-772.06,3,36,35
4,4979.3,3219.61,-1000.22,14,71,249
5,13814.9,102502,2339.03,251,281,4061
3,8269.96,14676,-1559.23,21,140,845
2,4608.79,2051.52,-185.68,11,75,165
5,4980.21,2722.07,-849.42,11,65,202
5,8072.57,20488.2,1234.1,37,143,1203
0,14274.7,70276,-7360,36,284,3218
3,15141.3,164833,-1988.59,41,320,6391
0,7935.44,4487,-4533,36,180,272
0,10847.9,65821,-3592,33,223,2535
3,3680.96,455.971,-854.76,2,36,35
1,6734.96,17215.7,-2426.1,7,128,1065
0,13175.1,61875,-5602,56,274,2827
3,4591.21,1047.92,-1401.7,19,66,101
2,4588.46,2187.79,-664.6,11,71,188
0,8891.96,8580,-3250,18,123,517
2,4409.68,400.058,650.05,11,54,28
4,3362.81,699.879,-302.38,3,31,53
3,12469.9,71569.7,-608.454,186,262,3211
2,6481.29,13424.5,-960.31,16,96,804
3,5627.93,2529.63,732.7,9,81,169
3,4220.2,685.457,-656.63,17,58,43
5,15718,158558,2595.9,116,310,6737
4,6478.58,10782.8,-106.183,258,102,764
4,8560.29,14213.5,-3138.49,103,143,771
3,13925,66674.1,20060.1,107,224,2192
1,9849.05,17161.6,26095.6,97,183,931
5,5194.9,4681.57,-1563.82,14,85,343
5,13884.6,69476.4,7385.41,53,325,3143
0,9385.48,46587,-3634,27,205,2461
2,5435.23,3617.9,666.88,117,85,269
1,5599.58,3110.97,-1570,10,94,224
1,4700.43,2823.32,-958.125,20,77,244
5,9105.39,22060.4,-247.074,61,139,1108
1,5925.48,5113.75,-685.375,21,85,343
2,3998.11,765.154,-2056.4,13,54,64
2,3947.38,2196.71,7069.81,182,54,165
5,5147.82,2165.4,-619.34,9,66,164
2,3813.2,2296.53,-1546.6,28,63,184
4,18403.8,160469,60368.4,94,359,6068
4,8141.16,27162.8,-884.927,18,156,1521
5,4002.96,375.81,1388.2,11,54,28
3,12634,42238.4,115221,40,278,1938
3,10603.6,37586.4,-2521.67,29,196,1997
4,13092.7,93851.1,1952930,176,273,4429
3,14184.3,94688.6,-3454.56,43,294,4249
5,10705.2,27457.8,-3819.42,54,214,1469
4,6463.15,9940.98,8982.18,32,101,584
4,4427.71,2388.24,-274.42,23,63,184
1,5912.87,5140.19,-928.565,17,85,343
1,5105.63,3126.07,-2286.5,4,65,202
1,7097.59,4502.6,-1948.2,5,110,294
4,8981.68,20582.5,-1899.1,172,163,1162
5,8229.59,8839.41,2752.4,34,144,553
4,10373.2,26055.5,4219880,75,172,1412
1,4846.25,2856.03,-1354.41,21,77,244
0,16655.6,157508,-9783,66,393,6185
0,20098.3,191792,-10205,70,425,6872
3,21268.3,255782,93622100,269,540,8870
4,10354.5,57372.2,-4904.25,182,223,2822
1,3779.46,1224.1,-652.32,9,55,88
2,5992.79,4132.52,15687,83,88,318
3,13462.7,80112.8,137339,56,272,3539
2,15826.8,134269,1715370,321,449,5537
5,9217.48,17005.7,-3008.81,29,172,973
2,5416.85,4064.01,-1546.68,82,88,318
0,17677.6,214089,-10454,104,397,7827
3,4903.31,1934.88,-681.18,2,66,164
4,7327.78,11431.3,41817.9,200,114,689
4,8621.98,27422.6,-2800.39,135,156,1521
4,4125.07,1627.54,-416.77,8,61,134
2,13812.5,96921.5,-3621.04,39,281,3974
3,13077.9,59655.6,5193.9,28,247,2754
0,9988.13,19980,-1701,23,163,1020
1,5203.41,4226.32,-961.249,14,88,292
3,5571.3,7661.47,-1149.8,9,99,583
4,8462.29,21320.4,631.4,37,143,1203
2,7819.24,9376.97,-2410.25,201,130,490
4,3625.09,365.449,1103.5,6,54,28
2,10730.8,57883.8,-2920.34,161,217,2904
3,5238.08,3283.31,-809.648,156,71,249
2,14890.9,166262,-579.087,57,320,6391
3,8454.71,14456,171164,24,140,845
4,25284.7,252660,-3331.28,295,537,8350
2,3825.92,2187.72,-862.795,183,54,165
1,11481,68947.8,-2125,199,247,3373
2,7114.29,9112.82,-913.662,120,95,543
5,7846.06,10497.5,-927.941,210,118,621
5,10879,27558.4,-2717.82,74,214,1469
5,9919.75,20443.4,724.619,25,157,1113
4,13034.6,64172.8,3893.7,42,279,2979
0,8558.17,12080,-2506.57,253,132,729
4,4635.53,1565.47,-1173.8,7,70,131
1,5207.93,3374.04,-2101,21,70,205
5,7952.38,7653.64,124187,49,109,486
0,15942.2,170459,-9141,42,340,6402
3,4410.05,6283.69,-444.72,15,68,481
0,7578.54,7659,-1835,13,116,399
0,9281.72,29930,-3733,42,181,1636
0,17547.2,230237,-8940,62,352,7824
0,10736.9,51211,-7770,128,249,2391
2,11218.3,41607.8,3770.01,156,227,2059
5,5427.5,3156.05,-1561.9,19,67,186
5,15890.5,214467,-3345.91,263,336,8195
3,6069.71,5217.05,-918.06,10,105,371
3,8143.19,20803.9,616.76,37,143,1203
2,6079.87,5296.64,-363.94,11,105,371
4,5522.8,2659.98,-484.074,130,53,133
0,6902.46,6002,-3025,7,104,373
0,5192.84,3965,-1683,10,86,270
2,7033.32,12439.5,-1091.44,7,123,726
0,14941.2,86906,-7672,76,299,3801
5,14067,98965,-110.72,176,273,4429
1,7741.02,13323,-3031.9,3,125,694
0,18976.6,290677,-10296,63,405,9961
5,14858.4,178323,-3617.11,279,367,7087
5,12202.2,60856.8,-1802.78,210,214,2600
5,14927.1,78822.6,5875.24,259,336,3302
4,3590.26,552.822,-761.05,5,43,52
2,4598.34,1018.04,-870.75,28,62,102
0,23251.8,368308,-11716,129,585,11137
2,15404.7,167537,-3400.23,52,320,6391
1,6957.36,28296.2,-2357.4,12,131,1686
0,10589.2,46863,-6468,36,184,1810
5,4951.74,1573.94,-1559.1,6,70,131
4,13627.7,98009.4,2823.87,232,281,4061
1,9384.53,17156.1,-3753.2,94,183,931
2,12023.1,73445.8,-4694.06,33,249,3630
4,10447,32133.1,989484,115,176,1922
4,5969.54,7038.84,-1034.26,78,93,545
3,5437.82,2472.29,98.091,4,81,169
4,6861.47,11514.9,-1099.37,152,111,651
4,6375.44,4359,-133.79,20,100,294
1,3848.66,641.942,-336.88,33,50,42
2,6147.81,10952.5,58497.9,19,102,764
4,9126.3,11325.4,4011360,26,156,654
0,11838.9,47987,-6127,64,245,2463
1,5084.42,3140.3,-2446.3,4,65,202
0,9085.12,34207,-3850,34,151,1307
5,5930.77,1133.24,-1586.7,9,57,76
3,14054.7,142767,263.961,313,308,6057
3,9121.65,16653.9,-450.338,24,142,844
0,19817.1,227021,-15977,252,513,8096
2,8769.28,20648.2,232953000,65,163,1162
2,3598.96,2120.5,-692.26,172,54,165
3,7581.61,14204.6,31118.4,94,120,809
5,3507.33,664.015,227.89,5,31,53
5,3834.99,445.901,-888.59,3,36,35
4,10223.7,26247.4,-950.675,26,174,1415
4,14882.4,88229.5,5179.8,85,289,3710
0,24062.1,489428,-13503.6,114,587,14495
1,6899.29,13620.5,-3586.2,17,118,762
4,7501.75,11028.8,68399.4,199,114,689
4,8512.96,9120.19,1806.9,41,144,553
4,7425.95,17061.2,-1982,20,125,1014
3,12499.8,138985,-5436.04,170,279,5626
2,9254.28,20144.9,-3284.2,101,163,1162
2,4482.74,549.771,-78.733,23,65,35
3,8183.79,21013.2,717.07,39,143,1203
4,3684.77,551.327,-517.74,6,43,52
5,3956.37,6153.17,185.53,36,68,481
0,10990.4,41785.9,-5401.15,136,227,2059
0,7468.17,16231,-4132,26,148,1019
2,5684.05,7489.4,-960.624,10,104,457
5,3442.62,666.79,-308.54,4,31,53
5,13585.1,66640.8,-3411.68,202,243,2902
3,5266.03,2704.35,-600.4,14,72,205
4,15338,156565,1256.7,105,310,6737
4,11406.7,31993.7,-1556.51,124,203,1580
4,5156.37,2818.84,-969.797,29,77,205
5,9631.27,27404.4,-585.287,34,158,1403
4,12737.5,55797.2,14820.6,124,224,2192
0,7927.3,9051,-1792,15,107,399
4,4989.56,1974.15,-793.86,4,66,164
5,11847.2,26529.8,524792000,108,172,1412
0,21874,98011,-7816,92,436,3305
2,8670.29,32985.7,108917,33,148,1919
4,8850.21,12409.2,80.3157,130,136,619
2,6872.78,13288.2,-747.653,17,96,804
4,8861.52,11511,22510.1,130,156,654
3,10174.9,25678.9,-1564.02,128,172,1412
5,4821.79,1546.81,-893.37,8,70,131
5,8881.28,28508.1,-1341.16,114,132,1513
3,9874.78,24635.1,-1694.11,30,177,1313
5,5510.87,2449.12,755.25,8,81,169
4,5478.47,1102.65,-1016.3,6,57,76
1,7566.74,11164.1,-2247.1,19,121,622
2,6743.2,13112.6,-1028.14,183,96,804
0,3868.64,1213.42,-1168.5,9,55,88
4,11207.7,48842.1,-2515.17,61,190,2118
5,4510.18,2910,-614.54,37,65,202
0,12716.3,94474,-6013,172,339,4243
0,5462,5518,-2216,20,93,320
5,3598.08,570.034,-70.121,16,43,52
5,22811.1,278275,-235.939,314,468,9276
1,3957.86,1189.61,7.4633,2,59,101
4,13062.5,79824.2,3070,56,272,3539
0,15947.4,236801,-11443,450,384,9123
0,7259.99,14228.2,-2176.6,7,127,802
3,3482.78,693.145,228.59,6,31,53
3,21498,410689,-7372,66,473,14125
4,4081.4,1631.94,-724.5,8,61,134
4,15591,196163,-3697.89,66,286,7322
4,11774.8,28303.4,-4045.88,48,214,1469
4,9375.96,21832.1,1348620,219,145,1156
0,12299.7,86305,-6213,186,245,3968
4,4711.3,2621.41,-715.94,17,65,202
2,15163.6,100155,-2122.1,39,281,3974
3,7815.69,5313.23,-861.824,44,86,205
0,17079.9,258219,-10581,61,437,9683
5,10905.1,28996.9,-3763.11,84,214,1469
2,6059.68,7994.77,-3342.7,10,106,549
3,4413.44,2845.1,-1282.5,20,65,202
3,10722.2,27443.3,-1714.89,24,172,1412
3,13172.9,93893.8,201963,138,273,4429
5,14174.8,63458.7,-5151.81,20,247,2754
5,5210.15,2674.02,-715.83,16,65,202
4,8500.49,28167.8,-1836.8,35,156,1364
3,24188.9,280121,-9744.17,282,540,8870
5,8494.28,9915.42,-1277.95,92,138,554
3,5945.86,7467.09,-577.097,20,104,457
0,10635.8,34152,-5527,66,184,1691
5,7960.82,10072.7,-1260.42,87,123,621
4,12042.9,29046.5,330.68,40,178,1410
3,5586.67,4677.7,965.565,65,86,367
5,3977.68,2434.84,-1002.4,18,63,184
4,9502.31,30629.4,600269,141,179,1626
5,4808.79,2377.24,-110.202,109,77,205
0,17325.9,140899,-7189.61,56,321,4630
2,15674.9,166790,-7341.63,231,352,6744
1,5681.55,12735.6,-1944.3,20,103,883
3,9904.98,24322.1,136461,39,177,1313
0,14613.5,129639,-9769,212,323,5530
3,7037.2,13848.5,49769.5,95,120,809
5,4424.56,6617.68,-613.67,18,68,481
5,5822.28,2221.86,2536.2,27,82,185
0,6505.27,12110,-2084,12,129,767
1,4977.14,4338.83,17.7781,18,85,343
2,12652.3,74033.4,-1434.71,21,249,3630
0,8577.57,16383,-2204,24,154,891
5,13052.9,62456.4,4728.1,46,279,2979
3,9145.13,25554.9,371.539,37,157,1519
2,19902.2,155726,-5961.33,325,449,5537
3,12882.3,59999.6,-1966.21,34,247,2754
0,12780.6,70303,-5343.96,186,258,3058
0,11415.1,53379,-6903,114,237,2607
3,9018.68,12256.5,-2451.8,28,136,619
2,6092.54,11053,179.999,18,102,764
3,12837.3,38601.7,-1030.8,37,235,1818
2,3746.81,2116.86,142108,171,54,165
5,6205.17,1117.26,-1881.5,6,57,76
0,19391.9,146844,-11314,72,382,4918
5,12845.2,62272.4,6294.2,47,279,2979
5,9885.34,12526.8,232330000,41,136,619
4,12810.3,64081.3,2390.2,43,279,2979
0,10374,50431,-5036,94,221,2254
4,4431.33,2133.44,687.87,24,75,165
3,9392.62,12332.3,-1552.85,22,128,693
4,7444.47,18346.1,-1754.8,12,128,1065
4,6343.39,7276.84,946.38,29,109,432
5,5043.76,2336.24,-1553,12,71,188
5,3656.62,439.577,-635.36,1,36,35
4,8532.9,13608.9,-36.7912,106,148,729
4,9280.53,13634.2,-1194.73,106,148,729
5,3472.5,590.266,522.79,13,51,45
4,5369.69,4013.44,-1564.3,34,79,292
1,12031,69614.5,1475410000,96,247,3373
3,13149.7,60150.8,-2161.99,25,247,2754
3,10622.4,27523.1,24692,34,214,1469
4,10763.5,51211.5,-10.9824,189,209,2534
1,5031.45,3122.48,-2656.1,4,65,202
4,12950.6,65022.7,-1154.26,182,223,2822
4,8448.06,10812.7,-1442.39,225,139,587
1,11429.4,68774.8,-2307.56,43,247,3373
3,5215.59,4254.21,-1465.32,21,79,317
5,5008.45,2220.83,-744.98,7,75,165
5,5552.93,1048.28,-1223.1,6,57,76
5,9760.81,14552.9,122358,132,143,771
0,5510.91,2945,-2456,18,80,226
1,5713.71,4355.04,-1718.2,17,90,317
5,3734.47,468.396,-845.42,3,36,35
1,5472.68,4994.65,-1556.76,20,85,343
4,19191,333542,-1529.38,194,440,10967
3,9544.62,38959,-2251.31,108,193,2118
1,6086.74,5211.16,-927.36,7,105,371
2,12075.6,36356,-5293.34,132,234,1581
3,4090.61,1938.13,326.32,194,63,166
5,3310.08,663.905,216.39,5,31,53
3,9846.16,39155.6,588492,112,207,1995
5,3489.72,697.248,29.794,3,31,53
4,6021.48,6959.33,1138.6,45,93,545
4,4853.99,2687.28,-534.74,26,65,202
5,3419.02,653.615,-239.12,4,31,53
2,7240.34,4084.05,-1384.13,9,101,249
4,9384.29,27627.7,-2249.12,175,158,1403
3,5156.65,3011.01,-2233.3,3,65,202
5,12736.8,45255.7,-1677.61,61,227,2059
2,7116.09,4028.35,244060,12,101,249
0,7241.02,3753,-2116,40,122,248
4,9161.81,11412.8,-2922.56,134,156,654
3,9648.91,24472.5,-400.39,26,177,1313
4,8343.35,8831.12,2047.9,33,144,553
5,3950.48,2502.21,-1470.8,9,63,184
0,10687.3,67100.9,-2963.6,50,201,3289
5,3591.52,488.024,-841.83,4,36,35
0,9624.16,32837,-4625,195,137,1624
5,16867.2,92372.2,4886.35,205,296,3464
2,7611.54,9556.16,-1463.2,96,123,621
1,4533.85,2011.18,-580.94,8,75,165
3,6154.45,7405.25,-1253.64,10,93,545
0,10538.2,29944,-3381,33,183,1418
5,3859.38,357.141,861.92,11,54,28
0,9806.74,14095,-5036,69,176,734
2,4691.87,2192.92,-1519.2,13,71,188
4,4066.16,2305.19,-611.89,29,63,184
2,5947.07,5212.91,-1011.4,7,105,371
5,15565,160806,-7528.64,197,359,6068
0,6097.37,11781,-2591,20,102,763
4,9937.81,26639.7,-939.698,152,174,1415
4,18426,195772,120.061,144,390,7459
0,14156.5,87086,-7748,77,293,3625
1,5707.61,4733.96,-730.93,21,85,343
0,10104,36767.5,-3127.05,28,205,1751
3,9367.34,37738,74879.6,41,180,2054
5,5235.05,2393.75,-1193.1,16,65,202
1,5725.28,5209.32,-1726.4,20,99,372
4,4048.97,2099.65,-1531.9,16,63,184
2,23186.3,519586,6240780,320,540,18067
3,13197.8,61444.7,-4857.53,34,247,2754
5,17763.9,84495.3,5747.5,73,340,3632
2,10748.2,57064.3,-2293.99,160,217,2904
3,5202.93,7708.81,814.44,67,99,583
3,9347.44,37924.6,-2471.9,40,180,2054
4,3627.92,546.447,-497.88,4,43,52
0,9455.71,46342,-5722,136,184,2319
0,10127.6,47418,-6411,24,222,2254
0,10530.8,44557,-2292,54,196,1808
4,16957.8,222059,-2837.76,55,336,8195
5,7604.06,14379.5,987.29,35,127,802
0,5153.53,1550,-1227,31,69,90
3,4630.05,2218.61,-1597.4,11,71,188
3,9815.82,10425.8,-1933.6,100,154,587
2,6907.84,13353.5,33.7022,13,96,804
2,8604.47,12045.8,-1702.12,60,128,693
3,22832,242950,131516000,280,537,8350
5,8349.14,25570.1,-538.68,34,156,1364
5,4766.58,3336.09,-1283.64,144,71,249
3,7869.98,4806.75,-1037.51,101,131,271
4,7515.07,13589.8,-3271.72,118,170,771
2,3791.16,2165.48,-479.736,4,43,161
0,7782.16,6518,-2882,27,120,458
2,7132.41,5616.03,-967.265,42,79,292
3,5228.1,1045.67,-1108.4,8,57,76
4,11191.9,42299,-1223.95,97,166,1414
5,9088.34,17760.6,-347.168,193,133,890
4,4318.24,725.517,-566.61,19,58,43
0,10123.4,34010,-4434,85,192,1685
0,15579.1,99985,-4230,133,309,4069
3,12114.7,37051.4,-1279.73,206,225,1755
2,5618.16,4257.58,-1043.97,14,88,292
2,4919.82,3492.81,-910.55,194,51,132
4,5646.07,1084.5,-1092,7,57,76
4,23758.1,316148,284.984,297,540,8870
5,10382.7,26099.7,307445,132,154,1252
3,8334.46,25019.6,-1143.95,81,157,1519
5,4672.58,1788.54,-519.99,10,61,116
2,7687.91,9770.68,-2886.66,176,135,587
5,4481.5,729.828,-720.88,24,58,43
4,6783.77,5946.1,578155,83,95,372
1,8625.7,13853,-2185.71,281,170,771
3,10911.3,31797.8,-1481.47,97,166,1414
1,5044.59,3124.53,-2524.9,4,65,202
5,3724.61,563.935,-423.73,15,43,52
3,9684.86,29909.7,-853.873,223,171,1747
3,24170.5,270648,2521.94,290,537,8350
3,13073.3,91000.1,-3074.01,240,254,3885
5,3973.4,426.917,1615.3,15,54,28
0,12113,65296,-6327,89,257,3207
3,8766.68,37885.2,-2890.44,41,180,2054
3,10631.6,58263.1,-1021.92,315,217,2904
5,3337.45,694.031,-137.88,5,31,53
0,6959.19,4624,-2803,34,106,295
3,19941.6,255619,-12125.5,290,540,8870
3,10781.2,56048.2,385.081,169,209,2967
2,4199.49,2533.57,-1406.3,19,65,202
5,16127.6,77990.4,-77.8139,157,336,3302
2,5827.41,7636.09,-1031.03,98,104,457
2,6120.64,4152.67,-1268.79,7,88,318
5,3991.28,2355.96,-1015.7,19,63,184
0,18628.4,153951,-11084,54,416,5645
1,11022.8,41824.5,19890.4,160,227,2059
5,3504.91,483.302,-829.86,2,36,35
2,10540.8,43162.1,-1505.02,130,197,2257
5,9290.16,17559.9,-199.019,195,133,890
0,17165.8,191399,-9671,79,413,7595
0,15094.7,138485,-6108.8,65,315,5630
2,3790.41,2226.62,-493.782,3,43,161
1,6477.21,5055.47,-2233.3,18,109,317
4,5893.92,12981.5,-1099.2,15,103,883
2,3981.8,723.988,-777.99,12,58,43
0,14504.1,104172,-1876,50,339,4439
2,21346.9,516904,-5297.25,313,540,18067
2,11966.5,38012.1,-1794.62,156,235,1818
0,4227.87,1884.97,-979.073,33,55,147
3,6444.09,7412.65,-1350.08,78,93,545
2,3732.44,389.438,1112.3,7,54,28
4,5014.81,2323.15,-1781.3,11,71,188
0,14713.3,65468,-5430,48,273,2762
4,7816.76,9075.62,-1159.62,177,107,517
4,4480.06,1983.48,-833.896,114,66,166
2,4690.02,1906.43,-884.94,2,66,164
3,12390,71242.7,14835.7,164,262,3211
3,4449.95,2256.08,-1513.2,12,71,188
0,14430.7,183887,-11076,32,312,7579
4,13774.3,47010.5,-776.591,179,273,2061
1,5105.45,3130.64,-2435.6,4,65,202
1,14624.6,252524,-7303.14,108,346,7851
3,10444.9,58205.2,2082.8,299,217,2904
0,7733.84,16384,-3084.13,150,139,848
3,4277.64,1024.77,-1081.9,21,66,101
3,10153.1,24636,384.915,49,177,1313
3,13977.2,77663,-2116.68,40,248,3630
4,4908.13,2889.53,-1274.43,111,67,224
5,3475.99,725.526,381.69,5,31,53
5,13383.1,88629.4,-1634.62,221,254,3885
3,4501.69,1031.1,-1135.5,23,66,101
1,11033.8,41618,2651.98,159,227,2059
0,4626.96,2835.74,-1355.84,107,67,224
2,13646.7,85831.8,1632.73,50,291,3799
3,7336.31,12644.3,-971.452,7,123,726
5,15037.3,210651,-2934.44,69,336,8195
2,7965.6,9760.91,-2525.15,202,130,490
3,4115.19,6366.83,-6.7701,21,68,481
2,3952.55,2197.27,-1071.93,35,54,165
0,21078,208652,-9187,92,430,6984
0,10798.3,37565.6,-4833.26,160,216,1994
4,23020,278761,40.4849,67,468,9276
4,3564.86,537.608,-383.37,14,43,52
3,10298.2,35802.9,422670,37,208,1691
3,3679.62,1959.96,-301.811,7,43,161
3,4212.04,612.326,-407.25,24,58,43
1,5318.23,4235.72,-1476.12,13,88,292
2,8257.72,33361.9,1768.47,97,148,1919
4,10717.5,51458.5,1001.42,119,209,2534
5,4150.72,684.946,-197.85,17,58,43
5,4588.96,2651.15,-833.63,22,65,202
3,8760.68,16781,-637.941,29,142,844
4,16551.9,259786,3766.39,101,346,7851
2,21223.9,411354,18748.1,58,473,14125
0,14174.7,163596,-7948,154,344,6859
0,14115.9,101596,-5575,48,278,4152
3,5426.87,2472.82,265.8,4,81,169
4,19797.6,275243,26624.3,305,420,9137
2,5445.37,10873.8,-897.714,81,102,764
0,23710,434797,-9049,98,472,11282
4,3480.01,663.588,205.64,4,31,53
4,3392.96,669.631,-249.07,3,31,53
3,4200.32,705.46,-607.55,24,58,43
3,8934.46,10754.4,-1244.48,136,139,587
0,13741.9,86115,-9409,22,251,2752
0,6776.82,10982,-2549,18,120,689
4,8873.66,21855.3,1166.4,39,143,1203
1,6231.94,6332.35,-1892.6,17,108,424
0,12549.8,104309,-6188,36,314,4721
0,17564.4,364615,-10537,214,442,12655
0,17239.4,113399,-8154,347,329,4345
4,3986.73,653.717,-784.51,17,58,43
3,6715.67,5200.68,-1121.24,184,107,346
0,10343.5,35212,-3669,124,210,1697
2,4256.49,2279.44,-1204.8,10,63,184
5,13262.5,60759.6,-708.598,191,237,2672
5,3678.58,575.067,158.3,18,51,45
0,13811,100657,-10343,141,297,4154
4,8353.36,8722.92,2491.1,36,144,553
2,5911,12881.8,-1102.7,17,103,883
2,7866.24,9529.72,-2447.34,203,130,490
3,5739.25,3240.1,-686.403,155,71,249
3,13148.4,73042.5,36990.8,35,262,3211
3,12235.6,78397.7,-1168.06,57,272,3539
2,5709.89,6968.55,-321,12,95,549
0,6218.54,8208.84,-1740.1,13,108,549
0,33218.7,1332590,-24325,194,866,36765
0,16289.5,66247,-4266,33,254,1475
5,4712.9,1176.59,-693.94,13,62,100
5,8708.79,9452.58,-22.479,237,154,557
5,5077.85,2953.1,-764.553,103,67,224
5,14615.1,48902.1,2768.88,146,298,2196
3,11994.3,52699.2,-662.653,151,218,2391
0,14368.7,151613,-8315,59,320,6285
5,3509.84,655.104,193.56,5,31,53
5,3449.23,653.818,326.14,3,31,53
5,11776.8,28540.5,752.49,48,178,1410
3,4985.88,563.148,-110.06,20,65,35
5,9241.61,13849.8,-1523.76,24,148,729
4,12138.7,94908.6,12956.9,187,273,4429
0,5085.98,3998,-2035,7,71,292
5,5244.34,2336.27,712.21,15,75,165
0,8998.96,21480,-2199,27,141,1160
4,8291.13,26234.3,-3025.4,32,156,1364
4,7793.05,9639.06,-1995.09,85,138,554
5,14630.2,86207.7,481.616,64,298,3369
0,20810.7,493202,-11555,88,477,16755
5,6295.52,3310.31,1814,22,101,206
0,21309.3,308967,-11106,99,487,10388
1,4883.11,4250.86,-1768.95,17,88,292
1,9569.1,17270.9,-3952.67,94,183,931
1,7953.11,9377.76,-1826.55,182,135,587
3,3558.03,707.767,-156.11,5,31,53
5,8308.9,14267.3,386.66,45,127,802
3,5805.8,7678.64,-1644.3,16,99,583
3,11665.4,77233.4,4543.4,155,252,3882
1,6027.95,5249.51,-2146,22,88,370
1,9313.18,17198,-2883.46,94,183,931
5,3394.61,596.503,-175.56,16,43,52
3,6631.98,10360.2,76471.2,21,109,689
2,4385.63,2254.7,-795.382,22,54,165
2,4955.82,4217.28,-1335.21,21,79,317
4,11615.8,42959.5,-1064.64,147,223,2059
4,9612.53,23616.5,-1388.39,113,166,1111
4,4270.88,2263.28,-1707.2,5,63,184
5,4561.29,415.902,885.85,8,54,28
4,8023.08,20719.1,-409,36,143,1203
2,10131.7,35216,58585.1,194,208,1691
5,11756.2,38850,-375.045,39,219,1875
0,5405.98,2476,-2410,6,82,184
4,5476.78,3986.26,-1573.39,39,79,292
3,13633.2,86656.2,1836.51,63,291,3799
0,17823.9,197002,-8784,58,399,7458
5,8608.64,27648.2,7034.77,19,156,1521
0,18950.7,507291,-8707,96,432,14619
0,16862.9,158979,-8631,59,354,6405
5,5624.43,9282.35,62.8376,138,98,651
2,11624.2,37767.6,38293.4,30,235,1818
5,5852.88,1164.56,-1328.2,3,57,76
5,4549.88,2635.62,-813.02,19,65,202
4,11477,18225.4,24153500,43,172,973
0,12338.5,36608,-6731,100,204,1638
0,8545.76,15478,-3906,24,172,894
5,4674.75,2893.39,19990.2,28,70,225
1,6827.82,7875.01,-2294,11,117,427
5,7659.42,7029.54,-1183.74,106,95,427
0,13789.8,51294,-4580,49,260,2198
0,17970.8,212784,-10014,78,442,8093
4,3621.97,550.816,-580.18,14,43,52
3,3308.46,619.678,-329.42,17,51,45
5,8910.44,17284,-1500.35,22,142,844
4,4723,2849.85,-124.86,31,65,202
3,23552.2,272344,-700.623,294,540,8870
5,7928.05,12018.4,38219900,147,123,726
4,8737.15,10813.4,-1561.58,8,117,519
3,6080.39,5041.65,-623.787,113,96,347
4,7688.68,33435.9,117688,74,148,1919
4,11599.1,32005.6,5693.38,144,203,1580
1,4723.45,2828.97,-1006.68,120,77,244
3,12203.6,79962.6,1499.3,47,272,3539
0,8580.52,14183,-2421,28,118,845
5,4189.61,6363.26,106.23,36,68,481
0,9114.07,30118,-4620,144,184,1632
2,7507.47,9064.08,-364.6,9,130,515
0,9717.95,20396.4,-3570.24,43,167,1026
4,9036.52,20834.2,-43.5155,134,145,1156
4,4466.61,2532.7,-393.942,94,77,205
0,7669.19,15376,-3014,14,134,933
2,7142.13,13291.2,18741.9,22,96,804
5,7003.14,17966.1,-2114.1,12,128,1065
3,14320.7,88355.9,-2397.65,64,291,3799
4,4443.44,2345.08,-139.85,11,63,184
3,10160.6,38428.4,1796.46,15,193,2118
0,12719.6,33670,-6539,66,235,1365
4,14106.6,69248.5,-3910.32,112,224,2192
1,4003.84,5690.15,-530.25,20,68,481
0,7631.72,13841.4,-2760.01,37,170,771
5,5247.99,3066.03,-890.44,91,67,224
1,4406.02,2560.59,-1208.2,8,72,205
3,13740.7,59644.8,-1892.97,22,247,2754
0,11393.8,29304,-3706,17,183,1162
4,9754.97,12142.6,123.27,23,152,693
3,4748.24,2677.63,-1025.2,15,72,205
5,7234.65,8934.88,-2815.7,9,106,549
5,8981.26,21183.4,-1855.05,108,143,1017
3,12345.1,33802.4,1424.9,45,210,1213
5,9915.14,17166.7,-2582.3,153,172,973
5,5994.63,2633.11,348.46,16,81,169
2,8840.32,12183.2,-1142.89,144,128,693
2,7187.73,5728.22,-877.464,38,79,292
5,3667.76,577.947,-15.883,15,43,52
0,14581.8,112831,-8850,60,338,4723
2,15332.3,99883.1,-2469.84,40,281,3974
4,4246.9,2431.73,-892.38,21,63,184
2,17176.6,161481,-6960.22,222,352,6744
0,9582.41,44132,-4902,21,205,2387
4,3542.14,493.249,-928.9,1,36,35
5,14135.1,66510.3,831241,148,254,2904
0,11569.5,54583,-4870,80,195,2596
3,3450.68,675.575,421.47,4,31,53
5,12616.1,37092.8,-1440.82,197,225,1755
5,16176.4,214418,-2619.43,265,336,8195
0,6381,7979,-2636,7,96,485
3,9296.43,38062,-1977.46,38,180,2054
3,9092.02,30430.5,-1510.65,44,132,1513
3,15072.6,216878,-4446.08,271,336,8195
3,6823.62,10448.4,-1164.5,24,109,689
2,6271.54,8243.96,-3640.9,10,106,549
2,13577.2,135642,-4246.43,55,279,5626
2,13087.9,85792.1,-1854.56,56,291,3799
3,7421.47,25905.5,223945,85,166,1414
3,9177.53,35130.6,-446.656,42,148,1919
0,18040.9,271890,-13502,68,430,9684
0,8962.13,30811,-3380,162,161,1578
3,12337.2,37035.2,-1346.95,203,225,1755
3,3424.86,696.534,229.57,7,31,53
2,6090.08,5295.34,-1228.5,8,105,371
2,8330.51,33395.4,-2747.19,21,148,1919
0,20674.6,280557,-10185,386,471,9276
3,14073.8,137096,-1300.05,210,279,5626
1,9401.23,17321.3,-2909.87,257,183,931
3,6706.83,5256.04,-1147.84,192,107,346
5,4312.5,6544.23,624.15,25,68,481
3,8012.64,10998.9,-2120.49,124,156,654
3,11511.5,49361.7,-4254.24,147,215,2188
3,22593.4,408774,1021.14,58,473,14125
3,10744.4,36398,-5427.72,166,225,1755
0,10954.3,33367,-3700,57,198,1522
4,4663.32,1549.93,-1154.6,6,70,131
4,4774.14,2229.7,-850.49,12,71,188
2,10718.5,10391.4,31243.2,95,154,587
0,15462.5,161451,-8745,59,353,6186
0,12795.6,70120.7,-6426.16,225,262,2980
1,7283.9,4754.03,-1534.54,56,86,205
1,5659.05,2599.31,-3233.8,12,87,166
2,8203.94,34068.1,-572.835,92,148,1919
2,4026.39,2043.77,-1676.4,5,63,184
2,16108.8,137559,-10861.4,338,449,5537
4,3723.37,441.711,-976.29,2,36,35
5,9526.6,27445.5,-1174.94,102,166,1414
3,7763.32,9202.54,402.35,27,130,515
1,11373.1,67829.7,-1372.18,194,247,3373
5,3979.02,2553.84,-749.61,19,63,184
5,3678.02,522.064,-920.05,2,43,52
0,13271.7,125960,-6280,70,313,5215
5,11308.3,51486.3,-2743.59,140,209,2534
0,10794,98318,-6448,112,261,4611
3,13996.9,165158,-2053.95,48,320,6391
0,12435.3,95263,-6925,26,275,4064
4,23423.1,281461,109441000,91,468,9276
3,4318.79,1102.41,-771.4,28,62,102
0,12703.5,56475,-4502,49,278,2752
4,3635.93,499.786,-786.47,3,36,35
4,13005.8,92613.1,7643.84,202,273,4429
4,4169.05,4013.42,-1105.23,45,72,340
4,9117.47,12261,-1509.22,11,117,519
4,4413.84,6174.11,31.622,21,67,481
4,9630.01,11988.6,2011.7,22,152,693
0,14830.9,287465,-8539,63,352,11258
4,3678.91,551.962,-498.82,6,43,52
1,4589.1,3331.03,-425.725,20,74,269
0,18105.5,148703,-7249,146,341,5529
5,4847.8,2875.33,-386.72,36,65,202
3,12079.8,54321.2,-970.71,47,220,2461
2,9300.68,21028.6,312918000,65,163,1162
5,11030,27543.1,-2672.4,56,214,1469
0,13278.7,99579,-8949,182,281,3971
0,7084.18,16105,-3843,23,133,1058
4,3415.41,675.618,223.24,4,31,53
2,6178.01,8080.51,-2745.7,5,106,549
5,6331.54,2393.08,74317,3,99,167
5,5698.25,2435.98,518.77,18,75,165
5,4970.37,3201.09,-1819.4,17,70,205
2,6382.11,7558.77,-1680.03,80,93,545
4,5764.17,3828.22,37.1085,30,82,245
5,9269.52,9794.57,-799.812,20,154,557
3,11812.4,78725.6,-742.766,35,252,3882
4,4185.95,2719.87,-703.82,27,65,202
0,9581.38,29231,-4549,122,220,1637
0,18533.3,177059,-9075,48,392,6182
5,16750.4,180076,-1335.12,83,367,7087
4,8791.97,26370.5,-1391.93,112,166,1414
5,3577.61,345.525,1190.3,11,54,28
0,13527.4,122181,-6998,319,343,5220
5,5891.4,5230,-310.356,80,86,367
0,10418.4,23189,-3524,26,186,1167
4,15461.8,157775,1286.9,112,310,6737
3,4427.38,2661.5,-1730.1,9,65,202
0,20970.6,402791,-9736,106,482,10834
0,7751.61,11858,-3661,40,156,695
5,5687.22,4731.87,-726.4,9,85,346
4,9374.87,23967.3,-84.5798,177,154,1252
0,15698.1,77392,-8602,194,362,3059
5,4574.73,2296.3,-512.11,4,61,184
3,5571.38,4598.57,-1681.88,23,88,292
2,6033.52,5280.19,-970.6,8,105,371
4,3620.94,537.031,-818.57,7,43,52
3,11971.9,62878.1,11324.4,255,245,3058
4,6019.07,5034.09,6767.8,18,79,342
4,15124.3,88555,3767.2,80,289,3710
4,4077.08,2240.16,-629.37,19,63,184
2,5970.21,4926.44,8371.97,24,85,343
4,3958.5,1953.77,-498.583,3,43,161
5,3749.14,488.28,-822.82,3,36,35
0,15068.2,80795,-6727,42,284,3544
4,3176.48,664.222,201.6,6,31,53
1,6965.25,4512.37,-2156.9,5,110,294
5,9420.23,18690.6,-106.686,210,133,890
0,22988.3,622457,-11421,82,485,14976
5,3611.41,558.699,47.795,14,43,52
4,5655.68,7194.39,-1081.23,8,93,545
2,6857.82,8052.36,-3191.1,11,117,427
1,8616.15,26067.4,-3157.49,34,156,1364
3,10594.9,37841.6,-3158.83,38,235,1818
4,4813.09,1647.91,-1251.2,5,70,131
0,8878.09,27349,-5099,96,172,1629
5,4267.14,1194.91,-540.67,13,59,101
0,14199.5,92142,-8044,46,295,3974
3,11515.4,32218,294.333,33,203,1580
2,3231.7,583.706,-95.747,15,51,45
0,15127.5,77451,-6201,33,278,3220
2,20953.3,347055,-2885.84,295,440,10967
0,9617.97,25660,-3086,26,168,1309
2,4269.95,6059.82,-740.83,12,68,481
4,3654.75,517.378,-836.1,1,36,35
2,14712.1,90211.7,25430.3,225,254,3973
4,10339.1,38842.4,-458.278,207,193,2118
3,6393.56,3591.95,561.77,32,101,206
5,5911.79,4754.17,-289.298,70,86,367
2,5298.1,4196.8,-978.771,18,88,292
0,15207.7,124274,-7919,40,372,5436
4,8011.43,12102.8,465491,117,130,694
5,4479.07,2100.31,133.98,19,75,165
3,14455.3,142404,-5825.11,322,308,6057
4,3728.91,496.196,-642.18,1,36,35
3,4196.57,1683.19,-518.57,8,61,134
0,13530.1,123155,-8247,46,366,5423
0,12379.9,69765,-8529,150,278,3378
5,6254.88,7103.92,-569.379,61,90,405
3,4400.18,2059.16,-804.313,189,63,166
4,23358.6,283917,1300.04,294,468,9276
5,7904.45,14766.2,590.98,44,127,802
0,7577.23,10674,-2280,14,125,692
3,8700.23,9959.88,-2798.04,83,138,554
3,3338.34,659.382,-7.7934,3,31,53
0,13570.4,77711,-6402,52,300,3452
2,8561.08,10570.3,-570.032,226,139,587
5,13092.3,74295.9,-1946.27,37,247,3630
2,4425.42,2589.56,-464.45,17,65,202
4,8647.85,16643.8,-1682.41,187,133,890
0,7428.85,10558,-4187,82,146,588
0,20170.8,201103,-8861,90,402,6755
0,12823,68073,-6167,104,292,2679
1,11043.1,68742.7,-2491.98,194,247,3373
5,4463.73,6729.86,205.75,32,68,481
5,4447.11,2231.8,-804.6,11,61,184
0,7175.6,5759,-2562,13,118,402
1,5533.73,2001.06,-1199.5,8,77,165
3,6173.29,4200.43,2426010,12,88,318
1,6088.85,6332.08,-1955.5,18,108,424
3,9024.81,28790.1,15628.8,152,179,1626
2,4405.73,511.642,3289.9,22,65,35
4,4148.06,347.864,1034.4,11,54,28
5,7385.93,9225.01,17634.5,213,107,517
5,8715.86,13927.1,-891.737,124,148,729
2,6101.91,5280.31,-1167,8,105,371
5,7824.02,8784.21,1305,49,144,553
3,3898.26,2356.1,-1080.4,13,63,184
2,5943.49,11316.1,-1317.11,25,102,764
4,13202.4,93660.8,-871.518,146,273,4429
4,3758.81,582.88,-559.42,5,43,52
2,14570,101990,-3448.42,53,283,3965
5,4202.86,646.536,-758.59,17,58,43
3,18306.4,196636,-1.79794,155,390,7459
1,6013.21,5249.86,-2084.6,23,88,370
5,3507.18,478.167,-809.19,3,36,35
4,9416.5,11584.9,1940.67,125,156,654
0,8921.57,26722,-2185,26,167,1511
2,10615,38120.2,-2507.47,26,205,1751
0,5080.41,4052.72,-1485.3,11,85,346
0,13690.4,94158.5,-6290.13,255,294,4249
4,6246.33,2230.07,-829.113,163,82,185
0,15098.8,66975,-4212,40,229,2603
4,6076.25,1783.3,-1277.02,30,70,103
3,16292.8,165789,610985,52,320,6391
3,12095.6,36685,51560.2,18,225,1755
5,4826.71,2835.38,5920.01,92,67,224
4,10757,55556.8,21234.8,41,209,2967
5,5653.13,6614.48,6812.33,60,109,486
4,7748.3,25508.1,-3856.61,110,172,1412
2,8087.72,9620.35,-2548.66,199,130,490
3,20675.4,244859,-2962.81,273,540,8870
5,17122.6,85536.1,5498.6,74,340,3632
2,6418.68,11886.7,38393800,55,105,765
2,21971.2,352231,3416930000,65,440,10967
3,5943.56,7231.43,-1259.11,10,93,545
0,7463.99,19010,-2080,56,130,1109
3,5276.23,3221.64,-845.802,156,71,249
5,7264.05,16775.1,-2216.2,13,125,1014
3,7706.81,20271.5,1010.8,31,143,1203
2,7161.72,34345.5,-2845.17,75,148,1919
5,15479.3,216066,-4630.62,297,336,8195
5,6646.47,8117.72,-2045.14,83,109,486
2,4011.44,798.95,-1557.7,13,54,64
4,18448.6,202825,-6423.58,158,390,7459
0,8269.86,12165,-3472,25,150,729
1,5678.05,4731.15,-999.614,17,85,343
4,4199.1,505.741,168.69,28,65,35
5,6642.33,3920.82,555828,45,101,270
4,12180.4,41204.3,173.17,57,278,1938
0,8321.72,14779,-3863,62,144,807
4,12916,46893.8,1368.5,166,273,2061
2,4970.07,1129.18,-716.681,33,66,87
5,27052.5,256608,-8588.17,286,537,8350
5,4789.07,2985.29,-859.85,28,65,202
1,6847.87,7638.82,-2470.6,11,117,427
0,7540.5,6903,-1599,15,130,456
1,4075.96,5701.13,-482.28,20,68,481
5,16652.1,85290.9,3063.9,77,340,3632
0,5849.32,4670,-2029,46,95,344
0,19923.2,102294,-3680,50,311,3384
5,21251.2,275501,3153.65,323,420,9137
5,9861.33,32352.5,1298.57,33,199,1696
5,4665.15,2983.04,-365.08,36,65,202
0,7678.78,12467,-3029,10,133,803
4,3767.58,585.245,-651.1,5,43,52
0,7961.39,16648.4,-2864.98,17,133,890
4,4731.92,1980.95,-909.253,110,66,166
5,4780.98,2193.63,324.53,17,75,165
0,9828.94,25214,-4294,44,200,1313
0,17907.4,266541,-8833,90,479,9409
5,5611.1,2608.97,352.23,9,81,169
3,4978.42,2086.85,-977.46,7,75,165
5,4588.04,2124.24,630.3,15,75,165
5,9466.49,19486.4,-5022.7,10,146,891
0,12016,78920,-7044,190,261,3620
4,11924,41682.5,22206.7,168,278,1938
5,11173.7,53283.8,309.571,49,215,2394
4,6610.33,7469.49,536.57,34,109,432
3,10673,43319.2,-1217,25,197,2257
4,16256.4,87714.2,-6388.63,102,301,3369
2,7285.61,12475.7,-1727.63,142,123,726
0,11316.7,31063,-4898,55,209,1468
0,13194.1,116609,-7899,185,319,5113
4,18270.5,159138,71486.3,198,359,6068
2,5655.41,3662.18,-801.944,8,85,269
1,5753.83,4587.5,-1043.5,15,98,294
2,11906.5,73852.8,-4273.69,33,249,3630
2,6894.81,12385.3,-794.298,7,123,726
5,8761.67,20103.2,1596.07,145,163,1162
5,5779.38,1056.02,-1586.8,6,57,76
4,6062.35,5085.95,-502.379,71,86,367
0,6024.84,1776.01,-1710.1,8,84,136
5,9614.67,11360.2,-1249.84,27,139,587
4,4413.43,415.565,503.12,11,54,28
2,8467.57,9597.34,-1134.44,184,135,587
3,12881.7,72868.8,-1972.29,36,262,3211
0,5432,5338,-2290,9,78,345
1,5097.37,3126.4,-2425,4,65,202
3,7649.26,10786.6,-445.451,30,101,584
5,3993.92,2367.95,-296.1,28,63,184
0,16499.9,174033,-10696,52,340,6515
4,4879.64,1981.95,-738.81,8,75,165
0,6404.48,5855,-1791,29,83,369
3,12437.4,31830.6,10564000,150,203,1580
4,8037.17,4660.18,-880.452,87,131,271
0,6661.2,2238,-2309,16,118,186
5,14326.8,90130.4,117912000,224,283,4064
4,9593.49,26507.9,-242.267,24,174,1415
0,13676.7,99194,-8587,48,296,4061
0,15354.2,116772,-9317,69,362,4351
0,6174,11360.5,-2285.64,160,111,651
3,12495.1,76453.1,225.247,156,252,3882
3,5431.98,1014.41,-1100.4,6,57,76
3,4120.23,760.745,-1870.2,13,54,64
5,10981,23540.8,-1501.29,46,176,1313
5,8050.72,16767.9,-791.91,20,142,844
3,4154.91,1687.02,-773.24,5,61,134
0,5979.59,5876,-1439,24,102,425
4,10362.8,26794.3,-830.224,121,172,1412
3,6003.25,4084.39,-476.47,12,100,294
4,3642.71,536.612,-410.03,7,43,52
3,5291.58,3202.11,-664.15,157,71,249
2,6316.37,8182.65,-3156.4,10,106,549
3,12425.1,54809.8,1634.8,53,220,2461
4,3653.99,525.416,-310.01,5,43,52
4,6891.89,7322.38,729.22,29,109,432
3,3651.62,507.13,-786.85,0,36,35
4,7305.2,7255.36,10461400,68,109,486
0,17144.2,117534,-6485,59,314,4252
1,4755.78,1891.82,-562.79,11,75,165
3,4186.66,1691.58,-689.4,6,61,134
3,11898,49503.4,-4561.68,135,215,2188
3,4621.93,3123.49,24.4223,155,71,249
3,4852.73,2717.38,-1008.3,15,72,205
2,14031.2,99628.9,-4053.34,46,281,3974
1,9656.88,16873.6,111708,35,183,931
4,4279.44,1664.34,-731.52,10,61,134
2,6999.2,28125.2,-2317.9,12,131,1686
2,7891.32,5394.16,-608.589,41,86,205
4,8063.11,9370.64,520.26,19,130,515
4,4349.24,6750.93,-26.913,19,68,481
0,5596.69,10420,-2176,149,99,759
2,14907.6,89522.2,-786.842,104,301,3369
3,4637.91,1890.02,-239.95,4,66,164
3,10578.4,43335.6,-409.935,158,197,2257
0,15381.8,99780,-5578,62,332,4346
4,11944.4,53062,-3627.47,149,218,2391
5,8757.97,20305.5,608.554,47,163,1162
3,12277.7,71299.5,11272.5,155,262,3211
4,3709.7,544.165,-509.27,5,43,52
5,4555.91,2893.4,53.866,38,65,202
3,14129.1,91252.4,1661680,220,254,3885
4,3835.74,552.57,-1102.5,5,43,52
4,8880.95,14534.6,-3029.13,92,143,771
0,11367.6,58186,-5547,42,220,2388
3,9076.02,12512.4,8993.27,123,136,619
2,8734.23,12003.1,-1011.22,65,128,693
3,12355.3,53956.6,-951.28,43,220,2461
1,4076.15,1540.45,-955.72,4,55,133
4,4591.43,2830.08,-724.72,25,65,202
2,11748.2,36239.7,6057.84,136,234,1581
2,15522.5,99860.6,1367.6,132,281,3974
4,12121.1,36654,-3920.54,119,234,1581
4,4598.46,2891.77,-1131.3,39,65,202
5,4672.06,1927.43,394.59,27,75,165
4,7648.01,11484.5,5676.46,217,114,689
5,15464.7,94287,-891.442,229,254,3885
3,9722.27,38010.5,2637.84,49,180,2054
2,3824.34,2168.43,-906.282,20,54,165
5,3838.04,741.77,-381.02,6,58,43
5,3436.7,682.387,239.74,4,31,53
3,6989.69,8912.12,2881570,128,95,543
0,10975.7,55595,-4187,30,249,2675
5,4397.27,2137.88,-946.08,8,61,184
5,4268.39,704.195,-803.74,16,58,43
4,14331.9,67587.9,-2947.68,119,224,2192
3,5692.86,7581.37,1046.3,17,99,583
1,6834.47,7827.44,-3225.3,12,117,427
5,5467.95,2459.8,491.03,24,75,165
5,4840.09,2842.94,-399.27,36,65,202
0,10823.1,32730,-3880,69,196,1636
4,4216.08,2483.12,-974.78,17,63,184
4,7604.96,10728.4,86514.6,176,114,689
0,14492.5,157976,-5479,52,332,6280
5,3570.78,695.697,304.48,5,31,53
3,4525.76,1047.35,-616.35,28,62,102
1,6962.79,7897.6,-2760.6,11,117,427
2,3965.35,2105.85,-1878.2,4,63,184
0,8011.98,18919,-3633,48,144,1018
0,12493.9,46376,-7824,209,257,2002
2,9220.61,20270,-3299.31,75,163,1162
5,6407.72,4222.11,96.9404,147,101,270
4,17632.9,147946,-1347.74,71,362,5847
1,8394.26,9205.69,101350,180,135,587
4,6939.47,7494.68,24.485,24,109,432
4,4897.27,2321.96,-1385.9,14,71,188
1,6514.7,1664.6,-985.849,38,71,103
0,8439.47,50170,-3176,28,183,2597
4,8964.8,8781.95,1375.3,35,144,553
2,7008.31,13454.3,-956.289,194,96,804
0,5790.14,11643,-2007,11,83,617
1,5803.28,4324.1,-1679.6,17,90,317
3,10160.3,24575.4,-263.77,43,177,1313
5,4695.12,2762.12,-1210.6,9,65,202
5,4074.63,1299.97,-649.64,16,59,101
0,11935,35259,-3697,24,200,1368
1,5973.77,6889.07,-3285.9,22,92,485
1,3915.51,1197.65,-755.75,9,55,88
4,4800.7,538.61,-15.548,26,65,35
3,13536.8,85795.8,343.421,62,291,3799
4,13475.1,96252.7,1084.98,181,273,4429
4,3492.95,702.489,290.38,6,31,53
4,4633.97,2066.31,234.12,27,75,165
0,7446.86,9442,-2257,43,123,487
3,5542.57,3426.5,-716.915,132,51,132
3,3250.52,573.587,-257.68,13,51,45
5,3569.11,665.531,-8.9904,3,31,53
4,10952.8,47518.9,-2856.28,38,190,2118
0,15518.6,72589,-7119,118,331,3060
0,11368.1,74421,-6095,28,252,3291
4,3679.27,579.329,-451.29,7,43,52
5,8134.29,17137.1,-1883.07,176,133,890
5,4145.66,6261.81,-280.87,29,68,481
2,11196.2,68489.8,114062,47,247,3373
2,11596.1,56143,-994.722,26,209,2967
1,6368.67,4783.93,-1969.1,15,107,319
2,6789.23,5556.14,-1042.54,12,99,321
5,8206.32,26009.6,93.0059,54,156,1364
1,3862.76,1216.05,-892.84,9,55,88
3,12459.7,78727.1,-727.131,41,252,3882
5,5595.75,1907.9,-893.451,178,76,147
5,12695.1,37153,-1488.15,197,225,1755
1,5510.63,1995.86,-1359.2,8,77,165
4,8311.94,20409,519.39,31,143,1203
5,9958.91,34527.8,-3728.88,93,176,1922
5,6007.81,1128.66,-1055.1,3,57,76
2,17963.1,163471,2005.59,219,352,6744
2,21513.9,349164,-38.8649,263,440,10967
5,7799.12,9336.07,1350.9,25,130,515
4,12688.5,62093.2,1013.66,160,233,2897
2,11654.6,73529.8,-2445.12,24,249,3630
5,4819.78,2423.6,1839.6,18,76,165
0,15083.6,102916,-11667,247,412,4346
5,7039.52,2677.91,364740,6,99,167
5,9420.44,16539.1,13322.8,28,172,973
2,20903.6,169923,-1994.87,343,449,5537
5,6175.09,3233.65,1602.1,29,101,206
1,8420.22,9113.8,203392,177,135,587
2,10795.6,41625.9,-3054.15,160,227,2059
0,10861.9,43273,-8498,112,231,2188
2,10429.7,43333.6,-1052.19,149,197,2257
3,3653.37,449.347,-914.43,0,36,35
2,5521.95,3571.72,-745.017,61,85,269
1,4818.06,1274.89,-1543.05,36,71,103
2,4141.43,5985.33,-185.12,16,68,481
3,11374.7,31673.9,181952,127,203,1580
5,7959.91,8998.6,371.65,29,130,515
1,11582.7,68802.1,-2990.94,49,247,3373
0,5447.46,3953,-1684,19,87,273
4,5561.81,7158.67,-990.588,15,93,545
5,7042.7,4331.24,108026,32,101,270
4,3703.38,457.988,-948.81,2,36,35
2,8786.86,34010.1,-2522.25,26,148,1919
0,12139.5,43842,-3198,39,212,1585
3,8350.53,4565.62,-1886.21,92,131,271
2,5744.43,4134.41,-706.101,7,88,318
5,6437.98,5314.63,-826.822,101,96,347
0,11474.5,54138,-7100,30,254,2681
5,11565.8,27800.8,-3008.12,64,214,1469
4,6021.92,4325.65,-977.246,18,72,340
4,4128.04,6427,244.28,23,68,481
3,13629.9,92182.6,-4076.04,197,254,3885
2,3838.65,2194.93,-984.574,20,54,165
3,2863.88,1219.01,1441.55,4,40,100
3,11249.9,37437.1,-1295.06,85,166,1414
4,4182.85,469.776,182.65,22,65,35
5,15557.2,81127.5,-612.305,280,320,3466
2,3923.53,767.18,-1836.2,13,54,64
3,5836.84,2644.18,491.67,8,81,169
2,6112.95,8124.14,-3359.3,10,106,549
5,10315.6,20115.8,1272.32,28,157,1113
4,3802.02,641.888,-646.15,8,58,43
3,3849.04,2231.58,-406.93,8,43,161
0,10857.7,41083,-5391,56,194,1872
1,4861.61,1891.11,-678.23,10,75,165
3,9474.8,24961.1,-1148.04,112,166,1111
5,5805.07,3462.13,-837.792,71,75,166
0,10984,43581,-6839,191,230,2061
0,7725.22,9689,-3081,37,121,618
4,13304.9,74379.5,76263800,36,247,3630
1,6925.67,13615.7,-3811.9,16,118,762
4,8627.44,12469.8,-1818.49,11,117,519
4,4314.14,2401.47,-1575.1,13,63,184
2,7452.27,12512.9,-1299.81,144,123,726
4,10272.9,28233.5,-1129.28,143,158,1403
2,22016.3,347820,23735500,261,440,10967
0,8095.8,9323,-899,27,135,556
1,6290.12,8186.38,-1272.3,16,108,549
4,6942.14,9145.91,43.8519,22,138,554
3,7046.47,7354.24,635.03,27,109,432
2,5327.57,4216.27,-868.711,16,88,292
5,7243.31,17037,-2403.9,18,125,1014
4,23564.5,259844,3727.04,289,537,8350
5,14281,99567,1206760,208,281,4061
5,7830.03,10670.8,-1369.43,38,123,621
4,17337.2,159335,-6296.28,87,359,6068
3,5715.96,7713.63,-935.33,14,99,583
5,5279.28,4349.98,-209.68,16,85,346
1,3726.82,1495.86,-1265,6,56,114
3,9649.24,24575.7,-1156.24,39,177,1313
1,6840.27,7800.79,-3029,11,117,427
3,3939.15,424.706,1031,7,54,28
0,12370.2,44187,-6851,49,279,2003
3,6979.59,12515.1,-1203.34,19,123,726
0,10733.8,40627,-5324,172,229,1877
5,9502.65,25281.7,8665470,131,172,1412
1,5316.54,4213.03,-1543.56,16,88,292
5,6971.36,8079.2,-3606.3,13,117,427
3,9547.83,40014.6,-2248.27,108,207,1995
4,7830.02,9822.56,-1201.95,97,123,621
3,13424,81180.8,-835.471,74,252,3882
0,6702.79,6943,-3104,19,140,429
5,7129.54,7732.83,251059,59,109,486
0,14353.8,121382,-8811,213,317,4723
2,7198.45,8795.07,1111.88,137,95,543
3,11636.8,37173.9,-5424.87,162,225,1755
4,3664.61,491.147,-688.59,3,36,35
4,15505.7,156957,2700.3,113,310,6737
3,5481.83,2673.58,688.49,12,81,169
3,7505.63,15335.4,483.856,107,134,970
1,4814.92,2813.32,-1117.95,120,77,244
2,6174.22,4468.37,-1884.62,52,86,205
3,4007.34,2302.69,-634.85,22,63,184
2,6250.27,4177.32,-1413.87,80,88,318
4,15685.2,76400.3,-931.041,253,336,3302
5,15334.4,78258.6,1469.36,66,336,3302
4,3477.01,701.083,-405.89,3,31,53
0,14495,89638,-6244,76,279,3796
5,4984.82,2488.43,-1144.6,13,71,188
4,3866.57,588.607,-730.23,2,43,52
0,34612.6,720919,-17356,208,703,20238
2,4707.87,1998.26,-807.061,115,66,166
2,6194.41,8109.57,-3261.9,10,106,549
2,4902.77,2955.75,-691.221,109,67,224
2,7763.6,9052.78,398.44,10,130,515
2,5982.81,5340.23,-879.13,8,105,371
5,4927.49,2343.77,-1525.7,12,71,188
4,8354.22,20749.5,548.82,28,143,1203
0,8659.16,23270,-3897,8,138,1071
4,11457.3,37289.9,-256.754,188,208,1691
4,14388.9,95079.3,1149070,50,294,4249
5,9374.78,17975.9,861082,193,133,890
0,4883.25,3228,-1698,11,72,226
4,8520.8,4818.16,-1674.95,27,131,271
2,5432.31,4259.4,-785.291,17,79,317
3,13484.7,91675.6,-2444.2,216,254,3885
0,23871.7,316380,-13518,141,477,9693
4,8244.8,9794.66,-950.226,26,138,554
3,14250.9,88497.3,-1107.07,210,254,3973
3,14190.2,94592.3,1086.32,40,294,4249
3,6640.41,5696.93,-96.338,12,105,371
2,5964.72,4132.68,-1393.57,269,88,318
2,7187.99,12697.9,-2117.24,148,123,726
5,5072.98,2650.07,-1004.4,14,65,202
4,3887.98,459.331,-900.05,3,36,35
5,7693.94,11658.7,24397800,87,114,689
4,3321.57,704.708,342.56,6,31,53
0,7238.36,4554,-3917,48,113,271
4,17769.3,161521,622775,191,359,6068
3,6973.58,13775.1,-1429.19,13,96,804
3,8422.47,25302.3,-110.543,33,157,1519
4,3422.79,687.629,-116.32,6,31,53
0,19508.9,227385,-11073,86,459,8343
0,8989.56,19709,-2626,20,133,973
5,4152.84,489.132,497.57,23,65,35
3,8935.67,38458.3,-2600.6,44,180,2054
0,12421.8,43099,-5162,46,252,2192
3,14134.7,87218.4,-741.144,61,291,3799
1,6671.13,17155,-1886.7,7,128,1065
2,7719.36,8935.28,201.1,14,130,515
2,10829,34776.3,-5088.92,129,234,1581
1,5459.24,4285.12,-1554.69,12,88,292
3,4612.28,6384.72,-65.608,16,68,481
4,10766,55136.1,-905.819,168,223,2822
2,6323.83,4129.4,-1081.57,82,88,318
5,7701.82,16480.6,10641.5,103,134,970
1,6343.39,8360.84,-1865.3,11,100,551
4,6346.72,7181.79,-1066.6,78,118,426
2,5077.74,2997.93,-2181.9,3,65,202
2,4068.84,1447.52,-832.48,128,52,133
5,6437.18,7004.46,953562,32,118,426
2,4588.19,2099.77,175.2,14,75,165
4,11394.7,28779.2,-1459.15,55,194,1521
4,20363.1,277472,10123.5,291,420,9137
2,5587.92,7540.72,-1252.2,103,104,457
4,4036.52,674.795,2.9302,16,58,43
0,7210.64,17663,-4147,19,140,976
4,4000.71,2257.56,-873.73,21,63,184
2,6730.77,13323.9,-979.333,181,96,804
5,4690.82,6341.69,-94.515,23,68,481
0,17459.8,300261,-8843.03,50,412,10672
0,14491.2,60356,-6140,64,300,2139
4,14204,84960.4,-4831.95,142,252,3882
2,5957.91,12638.8,-1259.1,12,103,883
4,4564.27,2106.25,337.15,9,75,165
0,8443.12,5064,-1445,25,115,135
0,18282.3,308912,-11053,108,438,11122
5,15238.5,88150.8,5496.4,74,289,3710
0,14760.5,70045,-5125,100,243,2675
0,18752,167196,-6081,87,408,5435
4,7975.25,26455.6,-1260.05,137,156,1521
0,9734.88,86142,-5595,16,219,4053
2,10952,57558.9,-1312.34,314,217,2904
4,6033.23,13432.7,-1658.7,18,103,883
5,8252.08,12022,-2677.01,39,130,694
5,3590.08,537.351,-290.62,7,43,52
0,23524.6,540960,-12723,82,411,12656
4,14947.3,42282.6,854149,66,278,1938
5,9025.97,19909.4,19723.3,202,151,1023
4,14011.2,143407,561755,157,308,6057
4,9444.42,38991.8,-1210.61,75,196,1885
3,6266.23,4112.73,-187.75,12,100,294
3,11304,91380.1,-5309.19,234,254,3885
2,16735.5,163120,-3910.07,245,352,6744
2,5772.44,7513.26,-1148.4,92,104,457
2,16524.3,160942,-3517.88,233,352,6744
0,14927.2,80515,-8934,93,357,3383
2,5260.28,3125.58,-2285.2,4,65,202
0,10324.7,47998,-6436,66,191,2250
0,19302,267837,-11473,54,410,10529
2,14032.2,86397.6,-1144.58,60,291,3799
4,11184.6,57751,412.816,185,223,2822
3,14010.6,164689,-4499.88,46,320,6391
2,16003.6,136070,571035,163,279,5626
4,8041.42,10194.2,-1264.28,95,123,621
3,11024,37618.6,-852.202,32,235,1818
3,12473.4,38421.6,-568.019,44,235,1818
3,6652,5949.88,-945.277,85,95,372
2,6995.44,8856.31,-989.117,128,95,543
0,7622.79,6273,-2288,23,111,346
2,22976.7,517023,-4424.43,135,540,18067
3,11958.3,33744.8,2068.4,48,210,1213
2,7392.27,8916.32,477.05,20,130,515
3,9875.84,26309.8,16967.8,149,174,1415
5,11901.3,23784.9,-1319.87,42,176,1313
5,3630.6,563.565,-168.57,14,43,52
5,9358.48,17459.3,-1294.99,21,142,844
2,4030.53,2078.14,-1591.5,4,63,184
5,3661.85,554.821,-6.0991,15,43,52
0,6390.06,13575,-4016,26,123,846
1,4835.45,1884.27,-630.7,10,75,165
5,4755.22,2490.2,-975.41,7,61,184
5,8236.59,9128.97,529.55,22,130,515
1,9195.67,17476.2,-2540.81,262,183,931
5,11550.6,46660.1,822.46,74,196,1885
5,5040.2,2294.22,334.45,12,75,165
3,12317.2,78785.2,-1064.61,40,252,3882
3,9939.66,30618.7,-1673.72,229,171,1747
3,19315.1,408001,-7503.96,54,463,14125
0,6626.61,20382,-2734,109,114,1156
2,8826.07,25189.9,-2093.69,27,157,1519
3,4784.68,584.581,129.69,22,65,35
1,11574.9,69209.7,-3540.62,46,247,3373
1,5655.9,4345.49,1628.99,16,88,292
3,14718.5,88232,-666.995,59,291,3799
5,8308.04,10987.6,-1214.62,14,140,590
0,6981.71,8698,-2918,20,119,522
3,11711.7,52348.8,-757.065,147,218,2391
0,18617.2,200155,-7116,90,444,6644
3,11987.1,54761.4,-1293.2,49,220,2461
1,5308.76,3701.92,-1268.1,9,89,249
5,4357.19,2661.36,-596.46,36,65,202
3,9770.33,30103.7,-601.467,222,171,1747
5,15575.9,159213,2604.2,116,310,6737
5,8166.15,20788.3,-1981.8,101,145,1156
1,5025.6,4027.68,-1559,11,85,346
4,12187.4,68409.1,-559.087,189,247,3373
4,6092.58,2190.41,-1211.81,11,82,185
0,19783.9,158007,-7007,64,335,5015
2,16888.1,164613,-7323.84,202,352,6744
4,5916.47,3945.41,87.767,14,100,294
3,14002.6,53529.3,1985320,118,215,2188
4,9702.04,12302,-107.165,126,136,619
0,5344.23,8501,-2029,14,90,648
2,10006.6,37561.6,-1127.46,40,196,1997
4,4309.22,2421.78,-1272,24,63,184
4,3789.95,524.216,-707.84,4,43,52
5,5816,1059.44,-1294.6,7,57,76
3,4677.55,2662.73,-762.65,17,65,202
0,9510.24,24876,-3294,23,132,1206
3,6856.92,13165.9,-848.852,21,96,804
0,14875.5,167346,-5778,98,323,6618
4,20544.8,196454,-1945.31,232,403,6746
1,6033.23,5260.42,-2078.7,22,88,370
0,14016.5,49518,-5312,22,226,2263
2,5286.05,4284.81,-1092.5,20,79,317
3,7161.65,14113.8,-1986.1,22,120,809
4,8679.08,21939.1,620.76,37,143,1203
4,25886.1,278345,-1459.75,301,540,8870
3,9512.53,37632.5,-1915.93,38,180,2054
2,7016.69,9211.23,3723.29,133,95,543
0,8834.57,7257,-1484,32,105,319
5,3609.04,585.07,-423.77,16,43,52
3,6895.68,11504.2,-746.468,159,111,651
0,13088.3,38582,-4539,22,197,1519
3,4304.59,655.275,-98.374,16,58,43
3,6534.86,9168.24,-789.42,14,95,543
0,12848.5,41528,-5331,69,264,1695
2,14727.5,90900,-4552.99,215,254,3973
4,7700.28,14209.7,1158700,89,131,971
5,8283.96,20371.4,2225.6,45,143,1203
0,10414.9,26704,-3448,33,198,1466
5,8968.69,24694.4,-1605.53,34,177,1313
0,14031.5,92434,-5909,72,290,3796
5,7355.09,14726.2,-140.471,108,131,971
4,15423.3,157042,3835.9,114,310,6737
0,17952,186946,-8692,248,354,7097
0,19406.4,182632,-5475,103,341,5327
3,6576.4,10291.9,-1232.64,24,109,689
2,8100.5,32960.6,-270.993,94,148,1919
3,8642.13,16668.6,-1284.78,22,142,844
1,6190.85,4328.05,-589.09,14,106,318
5,4794.25,2099.57,366.06,27,75,165
3,6669.62,11284,-1141.51,151,111,651
3,12092.5,36983.1,-2530.87,202,225,1755
0,5923.59,4863,-1367,49,86,315
0,5653.22,5329.26,-454.39,9,105,371
5,8270.54,16290.7,-930.654,88,131,971
3,13718.4,52404.5,21120.7,50,288,2334
4,9837.61,32873.9,-205.667,123,176,1922
3,8313.09,10241.3,-2225.1,209,130,490
5,3737.82,464.951,-958.34,2,36,35
3,8814.29,16805.3,-1349.7,27,142,844
3,14410.2,136607,-2965.9,209,279,5626
5,14459.1,69506.4,16161400,158,325,3143
3,11975.7,37383.5,-5351.14,163,225,1755
2,6878.28,7636.77,-2310.9,11,117,427
3,3448.21,690.68,19.405,4,31,53
1,3942.39,2076.29,-1575.6,3,63,184
4,13004.6,63262.7,4816.5,48,279,2979
3,3391.79,1396.43,-621.404,1,40,100
2,3884,383.628,515.37,15,54,28
4,8426.92,26403.9,-538.368,130,156,1521
1,5959.74,5250.9,-1928.3,22,88,370
3,11226.1,56422.4,-3718.31,169,209,2967
0,10827.4,40715,-3436,44,182,1753
4,4885.45,2005.5,-769.91,7,75,165
5,4530.56,2703.13,-744,24,65,202
0,8618.36,14052,-3110,100,170,732
3,14707.1,68256.7,1162210,147,223,2059
1,4483.87,1774.09,-428.56,8,66,164
2,11101.9,55658.7,-462.706,172,209,2967
0,7233.4,8561.13,-1616.19,61,97,425
5,3547.91,502.454,-816.41,3,36,35
0,5075.35,5590,-90,9,80,399
1,4538.13,1066.13,-657.16,28,62,102
2,3858.08,381.374,953.05,11,54,28
5,5753.14,2238.61,-1121.62,12,82,185
4,3456.83,700.036,96.385,1,31,53
0,10452.5,59151,-4916,237,216,2975
5,3703.12,444.568,-810.87,3,36,35
0,10177,40110,-4292,21,195,1993
0,8785.96,21186,-3020,13,151,1111
0,15255.6,151648,-7653,54,362,6188
2,5946.37,11070.4,-446.356,21,102,764
2,10889.4,18157.3,-1315.83,148,141,850
1,6267.46,7833.28,-2187.3,23,102,517
1,5139.11,2848.99,-1371.21,21,77,244
3,5835.68,7613.26,-1200.8,12,99,583
0,9981.42,28499,-4789,78,174,1418
4,20321.5,272929,2926880,58,420,9137
5,7635.49,14892.1,-297.16,31,127,802
4,4654.01,1215.01,-1528.11,36,71,103
3,15304.1,89525.6,-6021.02,101,301,3369
5,6943.96,4225.96,-770.821,135,101,270
2,18761.6,160922,1819890,157,352,6744
5,14420.9,78396.8,10488.1,245,336,3302
5,4456.11,470.577,-126.44,18,65,35
5,8818.17,21511.8,-1372.83,127,145,1156
5,4431.61,1975.6,875.12,21,75,165
4,7605.35,14688.8,263.87,25,127,802
0,21528.5,317360,-16561,81,509,10544
4,3487.66,681.546,-331.1,4,31,53
1,5350.41,5601.79,-1473,5,89,425
5,10337.3,23521.3,162908,35,176,1313
3,13956.8,52037,-1250.51,176,288,2334
4,9244.8,27571.5,466754,58,194,1521
5,6839.27,9633.32,662.15,19,115,547
2,7543.15,8966.3,177.98,12,130,515
1,7064.18,12490.8,-742.583,141,123,726
0,19731.7,555144,-10219,108,509,20216
0,31956.2,599720,-18538,188,725,17717
4,19104.7,224646,-2112.34,250,336,8195
0,6615.08,4418,-3204,54,111,269
5,10208,20072.7,14626.8,32,157,1113
2,7441.26,9264.32,-1489.27,90,138,554
5,3672.52,466.525,-836.34,1,36,35
2,3942.56,2215.15,-1349.2,10,63,184
3,5864.04,7577.67,-1656.75,95,104,457
2,22350.5,351509,-1468.16,273,440,10967
2,16348.5,160989,-3797.78,251,352,6744
4,8110.61,8621.56,1355,40,144,553
4,15658.4,86678.9,985.658,96,301,3369
3,7250.42,12590.3,-946.767,139,123,726
3,9440.77,17367.4,559505,27,142,844
0,9602.69,19717,-4447,29,187,1069
2,5311.88,3700.43,-925.86,118,85,269
0,10827.7,32593,-5674,46,226,1633
5,19576.6,183949,-9015.43,242,403,6746
4,8048.37,15764.9,158359,33,160,976
5,4215.24,2778.38,-648.13,20,65,202
3,4027.07,2206.96,9483390,186,54,165
4,7389.51,14418.2,-1349.45,91,120,809
3,7673.78,13811.9,-76.948,17,127,802
3,5479.64,7595.05,-499.66,14,99,583
0,24354.2,253814,-10751,94,551,9006
3,12068.4,37508.2,-2513.34,11,225,1755
2,14420.4,251864,-7973.94,107,346,7851
3,12227,53900.1,-2769.5,44,220,2461
0,7541.56,13859,-3866,13,141,928
1,7545.26,11106.7,-2358.6,20,121,622
4,18002.6,159457,-6743.46,100,359,6068
5,7415.57,17213.4,-2016.7,19,125,1014
4,5819.12,7135.8,-1705.73,80,93,545
3,4891.98,2018.83,-807.106,6,66,166
4,18133.5,159193,65774.1,196,359,6068
3,8459.4,12122.5,-1648.29,64,128,693
2,10924.4,69256,-5151.06,182,247,3373
5,20678.9,202193,-3533.97,239,403,6746
4,4280.98,2474.94,-752.02,19,63,184
5,12583.2,61000.1,41985.6,174,233,2897
1,9335.62,16924.5,-3443.19,94,183,931
3,5794.94,7334.88,-951.76,80,93,545
1,7933.32,12850.3,-2521.24,77,132,806
3,6649.72,8992.94,-732.38,132,95,543
2,6931.82,4037.5,11765.9,13,101,249
3,3403.46,674.705,-322.09,6,31,53
2,4529.61,2684.55,-847.57,18,65,202
5,6593.73,3690.54,504.24,24,101,206
2,14537.8,99686.5,-3822.64,46,281,3974
0,18504.7,168220,-8493,234,361,6176
0,17960.1,112022,-9271,362,370,4350
4,9470.15,23041.1,-2646.75,31,176,1313
5,7870.52,8779.57,-3305.7,109,149,549
3,9475.34,30993.9,-3319.29,225,171,1747
5,3588.39,476.941,-529.91,4,36,35
3,4263.5,6230.2,-229.82,13,68,481
4,11058.7,48957.6,2480.17,16,190,2118
4,3408.61,698.306,381.12,6,31,53
5,4160.26,2518.21,-448.83,27,63,184
4,12764.7,41206.2,-1913.47,253,278,1938
2,4566.54,1994.18,-28.16,13,75,165
3,7267.2,17799.7,-2424.8,10,128,1065
3,4926.5,3179.71,-753.022,19,71,249
5,14320.2,62770.7,-3037.4,124,223,2059
4,15013.2,77194,45023.5,271,336,3302
1,12225.3,49510,-4354.53,226,262,2394
4,13425.3,98176.2,3892.38,226,281,4061
4,3752.76,600.215,-536.26,5,43,52
0,13191.3,100055,-5441,83,284,4061
5,8210.73,9688.22,14782400,12,123,621
2,6969.5,8953.64,-1093.44,6,95,543
5,16127.6,77990.4,-77.8139,267,336,3302
4,10055.5,37090.3,251.553,31,196,1997
2,14744.6,136351,509.692,212,279,5626
4,7696.66,26320.3,-2884.79,125,156,1521
5,20290.2,182045,4656.15,238,403,6746
5,11243.6,37429.4,871766,148,219,1875
2,11969.9,67712.2,347904000,70,247,3373
1,3925.13,767.776,-2423.1,9,54,64
2,4052.52,1444.89,-814.222,128,52,133
2,8365.09,33327.7,6437.12,101,148,1919
1,5685.82,4752.37,-792.708,20,85,343
2,20511.9,346767,-4474.48,295,440,10967
4,3437.66,681.244,177.51,5,31,53
4,11707.5,32816.9,-2932.01,112,166,1111
5,6459.31,1116.6,-1434.3,7,57,76
0,8559.59,15566,-3818,84,149,810
3,4912.63,2803.59,-792.697,101,67,224
0,11906.3,28881,-2228200,96,219,1469
5,3552.7,542.938,-284.17,14,43,52
3,10494.2,10493.6,-534.757,96,154,587
5,4534.28,536.293,495.64,26,65,35
5,4642.2,2683.6,-923.1,28,65,202
2,4533.22,2273,-1244.8,4,61,184
0,11345.3,117926,-6098,51,254,5407
0,8324.71,20196,-5675,14,151,1068
4,3567.57,552.172,-495.14,5,43,52
1,7480.95,11013.2,-2219.2,25,121,622
1,8132.15,13756.4,-1208.47,38,170,771
0,11075.5,41248,-3253,24,183,1807
5,4692.71,1084.55,-624.85,15,62,100
0,11313.2,49866,-7591,42,242,2464
5,7661.17,7536.82,1076.15,108,95,427
0,5545.83,3489,-2526,18,81,204
3,3454.76,692.085,216.7,6,31,53
0,15863.1,164393,-8855,214,348,6634
2,4239.27,2556.64,-1914.7,13,65,202
0,10577.9,42989,-3849,34,212,2060
2,7656.11,14020.3,-1358.2,95,120,809
4,10095.9,26250.5,1670.17,36,214,1469
0,10286.7,65727,-5087,26,218,3127
2,5632.14,7496.42,-2032.42,60,104,457
2,7276.41,13961.7,-1401.54,87,120,809
5,9040.64,17917.8,28574.5,196,133,890
2,5553.66,3593.84,22367.4,111,85,269
5,3782.61,452.1,-738.3,2,36,35
4,9892.56,26370.7,9331.46,132,172,1412
1,4151.76,1324.4,-975.03,1,57,129
2,7019.95,4979.95,671.191,223,107,346
4,3560.06,710.747,-311.98,5,31,53
0,9886.06,32724,-4422,97,191,1692
4,14586.4,94869.4,-2268.21,238,254,3885
3,9460.76,39618.5,-797.998,109,207,1995
5,3642.84,478.249,-766.43,3,36,35
5,3631.15,604.719,-21.388,12,43,52
3,4652.28,1013.94,-950.22,24,66,101
2,8113.3,9558.45,-2404.82,202,130,490
0,17740,197414,-8023,90,334,6982
4,3589.62,558.594,-229.85,14,43,52
5,20122.8,272664,5178.37,330,420,9137
3,7138.13,17627.9,-2149.9,10,128,1065
3,8959.16,35224.7,-2551.45,25,148,1919
4,25199.8,299183,-545.466,292,540,8870
4,9239.95,36781.6,-4126.81,31,196,1997
2,7251.95,5380.79,-1039.29,42,79,292
5,3943.82,433.883,1765.5,11,54,28
5,9874.3,31406.7,393144,140,179,1626
3,6064.46,4007.74,-1224.5,12,100,294
4,12397.3,60918.6,-2077.83,196,223,2822
4,15361.9,157268,2020.3,124,310,6737
2,3931.22,2177.43,-1040.68,35,54,165
0,7902.83,13062,-2274,35,152,762
3,9382.37,39183.9,-1162.52,69,196,1885
0,9824.34,30055,-5420,13,198,1418
4,3752.21,548.427,-565.6,8,43,52
4,9282.17,22829,-1489.52,215,145,1156
3,15355.2,164170,-2690.27,40,320,6391
5,7879.02,9374.24,-945.792,200,107,517
1,5840.93,12779.7,-2110.1,20,103,883
1,3926.09,2173.43,-863.534,20,54,165
5,24033.6,270512,12740.4,287,540,8870
2,8747.08,11965.5,-932.464,64,128,693
3,6766.23,8927.72,72047.4,124,95,543
4,14436.2,141208,1897.95,312,308,6057
2,7110.99,4045.03,94241.2,85,101,249
5,3817.13,2547.08,-924.76,23,63,184
5,9022.68,20733.5,-1598.47,29,143,1017
5,11354.8,59682.3,-1346.14,184,237,2672
5,16989.3,143944,310.951,302,362,5847
5,16803.5,199676,-8174.67,168,390,7459
0,10662.8,59738,-5170,139,186,2460
3,4101.51,718.416,-589.02,14,58,43
5,10019.3,34845.2,-3719.38,90,176,1922
0,10871.7,47709,-5206,33,187,2316
0,13196.8,55759,-7015,180,258,2466
5,12406.9,43224,-6355.75,56,278,1938
5,5696.59,2544.66,584.34,8,81,169
4,9834.83,24386.7,-1545.27,38,177,1313
4,4713.22,2985.21,-804.43,27,65,202
2,5628.97,3640.78,908.327,120,85,269
2,14159.2,165654,-3405.48,43,320,6391
3,11651.1,36559.3,-4055.29,9,225,1755
0,12494.5,90004,-5348,46,206,2824
2,13777.3,135830,-2425.19,217,279,5626
5,13327.9,99497.5,-5176.73,174,281,4061
0,7639.79,58695,-5861,1,181,3216
0,10423.5,39854,-4694,180,207,1935
0,8448.12,13295,-2510,16,110,618
4,6750.88,6844.81,-328.518,104,95,427
3,7371.96,12984.5,-1566.8,14,105,765
2,15329.1,88347.5,-29.7703,99,300,3369
4,9871.87,34725,939.977,48,176,1922
2,9086.42,20765.1,43037.6,101,163,1162
4,5447.78,4498.23,-758.31,10,85,346
4,15254.2,76702.3,3779.83,72,336,3302
5,10948,38077.3,728.355,42,193,2118
5,7603.68,12582.9,-1273.8,116,130,694
0,27488,918289,-12882,129,675,24441
3,4354.27,1035.65,-588.71,28,62,102
4,12391.5,70835.5,-6.17162,180,262,3211
0,12227.4,48080,-3344,37,250,2256
2,8533.85,18422.1,-5398.3,15,146,891
0,16939.6,175944,-7546,54,391,7098
5,10321.2,27742.7,448.97,67,194,1521
5,12089.1,53612.6,-3060.38,126,209,2534
4,5463.07,4504.57,-988.43,12,85,346
3,10109,39585.1,-1472.15,56,180,2054
2,7210.88,8893.08,-1158.85,136,95,543
4,3967.27,659.449,-7.9134,14,58,43
5,3632.66,475.529,-780.53,4,36,35
3,6788.04,10387,-1370.62,24,109,689
3,13494.2,60684.7,-1858.41,43,247,2754
2,6326.29,5299.65,-1370.11,49,79,292
0,11843.2,127748,-5542,117,257,5517
0,10774.9,60252,-7011,25,273,2754
3,9311.12,29121.2,-282.586,127,179,1626
0,15156.7,202367,-8665,55,388,7588
1,4333.31,2114.19,-1194.8,10,71,188
2,5984.23,7675.44,43579,23,104,457
4,7746.55,10157.7,-1292.94,102,123,621
5,4610.77,2891.06,-206.41,33,65,202
0,16572.5,168956,-9115,81,355,6404
0,14546.5,89155,-5977,49,267,3540
2,7811.93,13354.4,-1116.3,73,170,771
0,15671.5,192036,-9131,104,327,7097
0,11922.4,49981,-5184,52,249,2393
3,15944.5,166351,-2151.16,51,320,6391
0,11627.1,35361,-4633,34,209,1690
1,3989.75,1586.07,-945.52,9,61,134
2,7948.17,9313.94,-2229.78,183,135,587
3,10081,38566.8,-2343.94,44,180,2054
2,14725.4,58542.7,8855.17,155,305,2610
5,5938.87,1077.69,-1194.2,8,57,76
2,10762.3,57913.3,-2088.48,166,217,2904
2,7076.3,4056.02,27585.5,89,101,249
3,4401.67,2638.05,-1072.9,24,63,184
5,3913.11,2346.29,-706.87,11,63,184
4,4265.46,6535.94,-19.752,18,68,481
1,5089.88,3117.38,-2375.4,4,65,202
5,3594.64,441.354,-628.23,3,36,35
0,4218.88,2634,-1846,15,62,202
3,9573.51,32239.4,5496050,108,176,1922
5,4406.54,2569.25,-663.8,13,63,184
1,8014.64,9417.05,-2170.34,183,135,587
5,6109.18,1927.88,-137.11,12,84,136
5,11575.9,89923.8,-5727.45,240,254,3885
0,8422.21,26098,-2148,34,149,1362
1,6795.4,17184.2,-2014.3,7,128,1065
5,4311.59,6194.83,428.23,23,68,481
0,11533.2,49333,-5951,173,243,2390
5,7754.52,14789.4,1363,35,127,802
5,5743.1,5322.28,881.326,79,86,367
2,7153.58,5399.23,-792.817,41,79,292
2,15997.5,166190,-1101.34,44,320,6391
2,9239.47,20192.4,-3294.87,101,163,1162
1,5869.94,2594.71,-3098.5,11,87,166
4,14396.3,144534,-118.126,302,308,6057
3,6497.42,7389.39,-1255.64,80,93,545
1,3884.76,2188.96,-983.36,183,54,165
4,6735.73,3677.09,555.75,23,101,206
2,3752.66,1459.92,-802.065,128,52,133
1,6232.58,6307,-2520.8,16,108,424
3,7446.96,14879.8,4746.95,70,134,970
5,4657.13,1547.69,-1259.5,6,70,131
2,9178,17163.6,-3025.57,94,183,931
4,5544.72,1041.64,-1358.5,6,57,76
0,8394.2,23530,-4726,15,161,1312
2,6523.03,5382.38,-541.829,14,99,321
5,4231.41,6739.28,-58.336,21,68,481
0,8683.2,12072,-4986,27,168,728
3,4448.64,2603.05,-858.14,24,65,202
2,12052.3,68807.8,-4933.09,187,247,3373
4,13920.4,63931,205103,190,223,2822
5,9025.06,18703.1,-4490,12,146,891
5,3858.85,466.029,-615.46,3,36,35
3,6973.21,11985.5,1001030,34,105,765
3,19799.8,235543,-12554.4,298,537,8350
2,13817.5,86072.6,-3521.43,53,291,3799
0,12695.6,52981,-6376,34,267,2541
2,11677.3,73769,-4926.2,23,249,3630
3,4068.75,806.213,-1799.6,13,54,64
4,4552.69,2376.38,-852.66,23,63,184
1,4957.95,2842.96,-1269.48,20,77,244
3,6005.29,10850.4,93017.7,57,102,764
3,6810.94,9175.49,-1066.35,7,95,543
5,7286.1,16802.4,-2042.4,21,125,1014
5,4064.18,525.458,34.347,22,65,35
5,5421.08,1259.62,-601.623,19,64,90
3,4510.94,1000.79,-808.01,18,66,101
2,15577.9,166361,-1372.52,37,320,6391
3,6554.22,6866.83,118725,77,118,426
4,8613.52,9470.7,-2630.71,200,130,490
4,6795.99,6855.31,-758.438,105,95,427
4,15249.1,191521,5476.82,40,286,7322
4,13888,86969,75339.1,68,291,3799
2,8923.32,30051.2,-1431.79,31,132,1513
0,12343.2,106580,-8275,56,315,4623
5,4101.41,2670.24,-675.07,12,63,184
0,20638.5,150343,-8497,93,400,5432
1,6189.45,6287.48,-1833,16,108,424
1,5499.21,5181.29,-1512.95,18,85,343
4,7320.42,7146.57,-870.308,10,95,427
3,8561,14646.8,-1523.11,18,140,845
5,4562.58,4068.02,-671.865,81,72,340
4,7195.06,7944.58,-2443.2,12,117,427
3,12091.4,54780.2,5960.2,57,220,2461
2,4628.4,2351,-890.3,11,63,184
0,10349.9,49929,-5396,44,255,2530
3,9017.44,27496.9,-3280.12,106,166,1414
4,12591.8,55607.6,167115,102,224,2192
0,4763.01,5350,-842,8,80,424
0,9904.91,41258,-5933,16,187,1993
0,23515.7,181154,-8840,66,384,4725
5,14691.8,100861,1969.75,231,281,4061
5,9053.18,21460,558.16,40,143,1203
0,5388.83,3355,-1810,18,83,270
4,3495.89,567.89,542.68,11,51,45
0,7490.27,7506,-2734,11,116,399
0,7022.37,20205,-3586,66,132,1163
5,13709.4,54837.4,-3576,51,220,2461
3,9002.89,30062.4,-1782.2,231,171,1747
1,5680.57,4595.22,-1260.2,15,98,294
4,3737.05,582.618,-921.58,3,43,52
3,13192.4,52871.6,-469.346,53,288,2334
5,23576.6,282276,2194.41,310,468,9276
2,5398.66,4172.78,2269.84,21,79,317
3,7054.54,11442.4,-985.071,150,111,651
4,3379.89,706.206,158.43,4,31,53
0,10900.6,28928,-6088,44,258,1366
5,4994.25,6692.9,-343.67,19,68,481
4,9375.52,12202.1,-1041.93,119,136,619
0,11184.4,86290,-6738,38,235,3970
3,7918.87,11705.6,-912.466,58,128,693
5,3977.16,401.758,813.77,15,54,28
1,4575.56,1044.65,-497.38,28,62,102
0,15621.7,116715,-8716,59,308,4629
4,4810.32,2025.36,-788.89,3,75,165
2,3974.4,810.066,-1605.7,13,54,64
0,23006.1,350879,-13508,241,458,10540
1,9355.49,17142.9,-2977.5,95,183,931
3,5873.92,7251.56,-1697.71,80,93,545
5,5044.5,2354.97,-1284,12,71,188
1,4302.55,2110.96,-1358.8,8,71,188
4,4653.03,2807.92,-771.258,99,67,224
3,4186.81,1689.06,-810.15,6,61,134
4,19919.7,274817,8011.92,318,420,9137
1,3804.38,1210.96,-831.06,9,55,88
2,5968.52,11514.7,-361.592,23,102,764
2,7168.88,5530.51,-1340.59,42,79,292
3,10209.1,17073,262653,28,172,973
0,16475.3,444024,-8376,70,384,15662
4,10523.2,43740.8,388.365,126,197,2257
5,3667.96,508.705,-223.26,5,43,52
2,3966.89,2103.63,-1362.6,4,63,184
5,14498.7,104133,-5402.51,181,281,4061
1,4099.45,5776.67,-276.25,20,68,481
2,17729,150376,-9982.96,331,449,5537
4,10160.7,33891.3,-662.554,109,176,1922
3,8504.11,25151.4,430.242,120,157,1519
3,11290.5,55691.5,-570.35,173,209,2967
5,4539.57,2297.72,-99.374,36,63,184
2,4910.41,4302.43,-1532.73,21,79,317
3,9648.42,24505.7,-1692.33,38,177,1313
5,4286.31,6311.3,378.42,32,68,481
0,15630.8,87721,-7885,100,322,3553
3,4365.44,1030.15,-1317.5,21,66,101
1,5876.51,6943.51,-2771.1,21,92,485
4,13469.6,79016.3,-4530.79,268,320,3466
3,11408.1,38873,-1014.28,141,235,1818
0,19614.2,501801,-12113,278,506,16575
0,26160.6,301550,-10453,111,541,6647
0,11338.1,54650,-3674,47,219,2391
4,8883.56,37335.9,7564.69,197,193,2118
0,9504.05,26203,-3733,120,180,1467
5,4899.33,6164.34,-463.68,20,68,481
5,18053.9,181843,1729920,80,367,7087
3,14326.6,88609,513.135,56,291,3799
2,4014.75,2323.41,-1142.3,5,63,184
5,12703.1,73033,1043.1,52,201,3289
1,11168.9,68964.2,-5324.03,178,247,3373
0,8751.63,14889,-4903,15,160,769
0,10508.5,35637,-3479,28,205,1692
3,13562.4,51901.4,-496.801,236,288,2334
3,4595.54,1052.54,-1122.2,22,66,101
3,12464.7,55792,-2330.8,59,220,2461
3,4229.43,2355.27,-270.67,18,63,184
3,9438.94,27729.3,23249.4,115,166,1414
5,8279.51,15471.9,1368.7,34,127,802
0,10350.5,32061,-5004,77,171,1466
5,4812.24,2869.89,-478.526,103,67,224
5,10688,23143.4,19.8645,40,176,1313
3,14015.4,53512.4,8914780,124,215,2188
3,4772.43,1924.59,-173.41,14,75,165
3,5599.11,1040.43,-1956.5,6,57,76
0,6464.94,3807,-2202,41,90,205
0,14492.6,74877,-9693,58,349,3135
3,9930.65,30500.2,-1150.54,37,171,1747
2,4746.65,3853.21,-1647.88,23,79,317
0,17068.8,178744,-9938,296,381,6978
2,8306.63,12230.5,198591,67,128,693
4,4665.33,2249.38,-1116.4,6,61,184
0,9158,36915,-4694,105,174,1806
3,3991.37,2397.42,-1233,17,63,184
2,10377.9,39573,-2350,45,180,2054
2,7343.16,9225.17,-391.441,94,138,554
2,5012.89,4224.82,-1084.5,18,79,317
5,6223.28,3372.57,2001.9,26,101,206
1,6867.27,7748.61,-3092.4,12,117,427
5,7836.77,9241.43,14493.4,69,107,517
1,3183.34,575.794,20.573,3,51,45
1,5479.13,4256.74,-1253.56,13,88,292
2,17853,163356,1559.76,219,352,6744
3,4809.05,2188.87,233.9,9,75,165
3,24082.5,250216,4736.59,273,537,8350
3,8410.86,16015.2,253516,39,160,976
0,6976.01,15298.2,-2550.7,159,119,931
5,4269.79,551.361,559.47,26,65,35
0,24058,364155,-14146,62,572,10981
5,12179.3,37070.9,-3013.78,46,205,1751
3,12204.1,71037.8,5118.41,191,262,3211
4,5045.24,1995.33,-1050.71,9,66,166
2,10040.8,34602.6,-990.157,20,208,1691
1,4368.38,3098.75,-1417.7,9,62,245
2,5847.03,7596.52,1473.57,103,104,457
3,13438.5,140643,1916.27,169,308,6057
2,14554.5,56460.3,-2358.46,108,223,2059
5,3802.59,703.199,276.04,16,58,43
0,10469.6,29615,-3379,45,185,1690
4,17925.3,176202,155227,239,403,6746
3,25112.1,298654,-481.181,292,537,8350
0,16798.4,171803,-1925.89,159,376,6746
5,4522.51,2786.22,-659.77,26,65,202
5,3533.88,466.104,-646.65,1,36,35
5,8961.12,12257.9,1205,25,152,693
5,3506.51,313.826,1637.7,11,54,28
2,4402.27,6128.02,-537.47,8,68,481
5,7524.94,14515.9,-481.532,92,120,809
3,24483.1,316185,3237.35,296,540,8870
4,3502.08,689.783,38.63,6,31,53
4,4356.68,2614.81,-1088,25,63,184
3,7269.36,14086.2,-1290.17,94,120,809
5,7215.26,2475.82,-184.82,13,76,165
0,19304.3,248423,-10264,85,434,8609
3,6592.62,5260.34,-772.078,63,96,347
0,6631.09,10245,-2231,36,121,619
2,6707.21,12036.8,-748.322,8,105,765
4,9178.84,11496.2,844.266,121,156,654
0,10093.1,24146,-4369,154,202,1311
4,8929.77,8805.49,-1954.5,99,147,520
5,5006.91,1113.99,-396.3,9,62,100
5,6168.04,1181.3,-1367,3,57,76
4,18345.6,158509,7729410,138,359,6068
3,6053.03,12784.6,-714.54,13,103,883
0,7624.02,22340,-2403,27,156,1407
5,3738.34,516.22,-330.45,7,43,52
4,4435.08,6729.18,-67.469,30,68,481
0,10127.3,30212.5,-5621.18,36,235,1587
5,11264.9,32741.8,2883,65,210,1213
3,21421.7,279173,-3812.05,284,468,9276
3,9610.66,30420.3,-731.134,42,171,1747
3,18964.7,181433,1558900,215,403,6746
2,6421.67,5389.54,-953.457,9,99,321
0,13791.6,124156,-7384,156,287,5016
1,4474.65,978.455,-1351.7,14,66,101
4,4454.33,2302.84,-926.19,8,61,184
2,21045.9,184844,-9958.38,339,449,5537
2,12099.6,73499.1,-2304.44,28,249,3630
4,15955.6,157975,1039.9,114,310,6737
2,7705.79,12790.2,-1832.91,15,132,806
2,7527.38,9149.45,-2974.61,80,138,554
2,5873.36,7080.71,-1162.4,76,93,545
0,9427.02,37741,-3161,22,184,2119
5,3648.05,583.943,27.571,14,43,52
3,5776.58,4245.66,-151.917,8,88,318
1,6090.36,5305.43,-941.85,11,105,371
2,6884.42,9189.57,-933.886,4,95,543
3,4524.33,2665.16,-986.84,21,65,202
3,7159.43,8571.08,-69.94,28,99,583
2,3898.07,2096.32,-1828.6,4,63,184
5,3549.71,460.518,-659.21,3,36,35
3,11765.6,36719,855441,14,225,1755
4,3443.99,673.011,363.57,8,31,53
0,9801.06,34522,-4150,118,186,1698
5,4840.76,982.187,-590.574,120,50,52
2,4378.96,1038.51,-723.65,28,62,102
5,6480.3,1113.21,-1503.4,7,57,76
0,15664.1,99035,-6965,95,288,3061
2,5764.13,10801.8,735.867,260,102,764
2,6897.61,13063.1,1124.1,188,96,804
5,3557.65,585.71,160.83,15,43,52
3,8817.17,12348.3,405.392,29,136,619
4,3316.55,662.729,219.15,3,31,53
0,9856.84,20391,-4116,22,182,1209
3,8863.69,16611.6,-1529.5,28,142,844
2,14770.1,250438,-3623.77,101,346,7851
2,4149.92,2619.98,2389.9,16,65,202
5,7461.87,7507.52,141272,21,118,426
2,8124.09,9608.98,-2623.81,203,130,490
0,9584.25,12886.1,-2925.05,96,141,621
3,4772.51,2969.37,-1302.21,92,67,224
1,6336.66,5149.57,-2445.7,12,109,317
5,10125.2,34968.9,-3733.1,113,176,1922
3,6116.53,4001.11,-907.8,12,100,294
2,16922.4,140308,-10841.1,317,449,5537
5,6978.77,2362.34,119.71,14,76,165
0,23067.6,247536,-10796,54,445,7966
5,6265.89,7170.87,-715.172,58,90,405
2,6039.14,5266.13,-1076.4,7,105,371
5,4546.19,2627.82,-454.04,18,65,202
2,7401.75,5688.08,-942.999,42,79,292
3,11352.6,34837,-4481.49,113,234,1581
1,15295.8,102330,27530.6,47,283,3965
4,6627.09,7727.19,1878.68,59,90,405
2,7506.63,8972.21,58.535,11,130,515
0,9225.65,24192,-3164,46,147,1307
4,4484.19,2360.82,-959.62,4,61,184
4,9308.79,12273.8,345.83,24,152,693
5,7195.46,8730.41,-675.286,28,107,517
4,10404.4,26272.2,17505.7,30,174,1415
0,5943.74,2988,-1069,8,88,205
4,9029.99,15713.9,-1514.14,88,131,971
4,6785.19,5661.52,-958.296,15,99,321
1,6265.19,4984.21,-2005.4,15,87,322
2,4773.87,2078.16,-457.16,7,75,165
3,8377.83,4659.46,-1223.69,98,131,271
3,9424.81,39095.3,-2160.98,212,193,2118
3,9907.41,38672.4,-2779.47,229,193,2118
3,15655.9,165179,-1236.98,46,320,6391
3,5496.61,2499.11,339.02,1,81,169
2,4038.9,2115.05,19079.7,181,54,165
4,15744.5,85055.1,1476.68,96,301,3369
5,7020.61,4147.56,-1502.26,43,86,205
4,5714.21,4282.43,-832.73,14,72,340
0,14596.4,131986,-7895,211,329,5319
4,9331.02,20509,-2462.55,168,163,1162
0,12423.8,51665,-7282,56,302,2403
4,3723.73,426.981,634.12,11,54,28
0,26500.5,493345,-16684,113,661,14492
2,7177.62,5487.75,-1000.22,41,79,292
3,11172.4,55912,-1861.19,173,209,2967
5,10668,25489,-521.516,130,172,1412
0,24025.5,274009,-12609,53,544,9011
2,14703.8,250657,-4001.26,102,346,7851
4,15252,77531.6,23322.2,268,336,3302
3,8335.38,10573.4,-746.06,142,139,587
0,13644.9,103937,-9315,59,283,4238
4,8210.92,15764.8,-232.59,28,127,802
2,4468.1,521.889,202.67,22,65,35
5,17953.4,161446,214107000,176,359,6068
5,4765.21,1933.33,-276.89,9,61,116
2,4469.66,2560.22,-507.81,15,65,202
5,4733.64,1666.81,-341.82,118,52,133
5,4214.88,2390.73,-777.97,30,63,184
0,14071,150757,-5746.91,29,282,6509
1,5375.37,2018.47,-1512.2,8,77,165
1,5824.87,1824.92,-1296.76,45,71,103
0,11277.6,43222,-4517,11,173,1414
0,7266.54,12268,-1791,21,119,727
2,6970.69,28098.1,-2466.5,12,131,1686
2,3986.98,2209.75,-1113.06,51,54,165
5,17176.9,84539.7,3985.6,75,340,3632
1,5630.95,3117.91,-1442.3,11,94,224
3,5966.16,5030.06,-1325.74,16,96,347
4,5214.47,2147,317.26,9,75,165
2,11951.3,60335.7,-5499.75,34,247,2754
1,11864.8,49402.8,-4473.05,218,262,2394
5,11980.8,32791.3,1877,55,210,1213
5,3735.25,444.568,-639.78,3,36,35
0,13002.5,52176,-4553,57,246,2393
3,13816.7,87535.5,476269,50,291,3799
4,3744.17,545.954,-481.34,7,43,52
2,4247.24,1920.41,571.582,199,63,166
0,17825.9,165844,-12641,65,445,6299
1,3761.93,2169.02,-971.22,13,63,184
4,20554.4,407353,-866.007,95,461,14125
0,14437.6,104597,-8120,39,300,4155
0,12034.9,46821,-4907,42,204,1694
0,15061.8,133784,-13648,76,391,5531
5,11897.5,51980.8,543891,126,209,2534
0,14560.8,74509,-3917,45,295,3065
4,3812.13,580.794,-561.86,2,43,52
3,9813.98,10188.8,-3478.05,100,154,587
1,8373.73,15534.8,-2356.1,31,141,932
4,6481,3632.44,422.25,16,101,206
2,3999.43,2070.66,-1447,6,63,184
4,3878.27,435.982,-829.7,0,36,35
2,14442,89838.5,276966,283,254,3973
0,10398.1,81260,-4010,37,209,3624
3,3549.69,749.792,379.55,4,31,53
3,10563.8,37734.6,-4087.79,28,205,1751
4,5128.33,4351.63,-1321.99,101,72,340
4,3711.39,507.066,-770.18,3,36,35
3,13862.9,91686.8,-2554.93,220,254,3885
4,14241.4,83349.3,-4765.75,158,252,3882
0,12424.8,51219,-5363,37,254,2326
0,7931.15,15277,-2424,19,143,771
3,11157,38706.1,-2180.21,31,196,1997
3,4819.32,2247.83,-1768.7,13,71,188
3,4382.87,1685.41,-672.83,8,61,134
4,5819.85,7907.8,-899.23,20,99,583
0,10125.4,38416,-4956,30,195,1862
0,5132.79,2480,-1802,7,78,166
4,4213.03,2215.2,-1315.6,8,61,184
0,14801.3,164892,-8297,197,330,6520
4,23493.1,267673,-3514.13,283,540,8870
5,4058.82,2511.86,-462.36,35,63,184
3,11704.6,56066.5,-822.392,180,209,2967
0,8147.95,9480,-3268,37,142,521
4,5297.41,4031.48,-1597.81,40,79,292
4,3760.2,469.435,-870.88,1,36,35
0,24334.1,495991,-16696,130,564,16233
5,4613.45,3034.78,-837.874,104,67,224
4,20358.7,204264,-7669.75,153,390,7459
0,7915.85,10808,-2180,27,133,554
4,7623.59,10868.6,-927.356,82,114,689
4,3804.65,2277.22,-983.42,12,63,184
3,4230.15,1953.99,-1099.47,77,63,166
1,12401.4,49751.3,-3906.71,224,262,2394
5,3495.59,653.729,306.39,4,31,53
2,5426.92,3578.37,-915.085,45,85,269
4,3857.29,523.601,-632.34,10,43,52
4,4630.41,398.561,622.02,11,54,28
5,4339.96,6516.89,279.05,31,68,481
4,6998.47,18063.7,-2071.3,13,128,1065
2,8812.49,17096.3,-2622.07,18,142,844
0,12842.9,75890,-6717,30,275,3625
4,11176.1,50956.3,3560.78,131,209,2534
3,9820.94,10516.1,-3085.22,103,154,587
5,4029.9,679.608,-694.87,15,58,43
3,4660.69,2709.24,-545.17,19,65,202
3,6560.94,10329.9,-1976.69,25,109,689
3,11901.8,46875.7,387215,132,215,2188
4,17744.6,160324,632058,183,359,6068
1,6086.89,5215.34,-1516.3,8,105,371
0,9860.22,47521,-4164,35,200,2465
0,8374.78,8344,-3229,33,153,491
1,4201.24,1333.31,-1264.7,1,57,129
0,6003.43,6181,-4011,17,129,429
2,4382.08,2705.23,-1571.5,13,65,202
2,10501.9,37477.7,-1641.78,29,205,1751
3,4684.26,553.037,-38.629,24,65,35
0,4146.07,1747.76,-860.91,4,61,116
4,3656.07,534.947,-822.97,4,43,52
2,14935.6,163690,-7884.05,243,352,6744
0,8344.76,18864,-4671,59,170,1110
5,7716.24,4704.39,-614.757,32,131,271
2,5368.15,3472.95,-720.849,135,51,132
3,7172.02,13343.6,-1002.84,16,96,804
3,13311.6,60527.6,-1121.15,27,247,2754
5,3563.13,520.865,-271.88,15,43,52
0,6389.79,1462.55,-821.193,19,60,77
0,17719,189517,-10948,199,336,6519
2,22548.1,515581,-2644.77,326,540,18067
0,9633.52,22985,-4130,135,183,1163
5,5883.47,9999.8,-1682.62,133,98,651
2,6115.95,7238.09,-974.088,80,93,545
2,8131.86,9606.61,-2415.71,205,130,490
3,8915.09,30386.2,572.334,29,132,1513
1,10791.5,68791.3,-1288.13,194,247,3373
4,15343.4,188663,1445.88,44,286,7322
0,21778.1,293513,-13912,93,553,9965
3,4151.81,1673.52,-439.32,5,61,134
2,11707.4,73209,-1939.98,28,248,3630
4,11100.8,48715.1,-1824.97,65,190,2118
3,4713.37,2202.11,-1281.4,12,71,188
4,5590.9,4625.04,23681100,67,86,367
0,6349.92,2092,-1710,18,112,152
1,4020.58,1194.48,-325.6,2,59,101
5,13860.2,57569.2,4384.09,83,305,2610
1,5088.1,3134.01,-2562.7,4,65,202
5,15058.2,104110,-535.091,187,281,4061
5,4460.7,5946.39,241.07,15,67,481
1,5396.33,4031.14,-858.27,12,85,267
0,4606.28,3397.19,-814.484,6,60,243
4,13412.8,52300,1932.73,54,288,2334
0,12276.4,59742,-5101,56,249,2826
4,6271.01,11710.2,-634.374,89,102,764
4,3926.57,673.867,-508.91,9,58,43
3,9118.49,10229.5,36617600,228,130,490
3,12327.3,78852.1,-575.727,60,272,3539
3,8359.84,9528.85,-1054.12,91,138,554
3,11931.9,54134.6,-411.71,45,220,2461
5,4912,555.505,542.33,26,65,35
3,7990.27,9585.32,-1940.84,20,123,621
5,3747.56,585.377,-168.38,14,43,52
5,10805.2,33169.5,-3226.29,159,199,1696
0,14064.9,86498,-7110,38,309,3800
4,20041.2,406536,689.178,95,459,14125
2,5627.21,3530.39,-857.764,119,85,269
5,9675.86,40140.4,-1361.4,111,207,1995
2,8544.18,18290,-4826,16,146,891
2,15089.9,87943.2,1249.25,96,301,3369
5,4638.01,2112.23,33910,111,66,166
4,3493.89,689.213,-350.32,6,31,53
4,4774.42,6133.32,195.81,19,68,481
3,13939.9,52711.7,415468,179,288,2334
2,3861.48,2210.73,-495.001,5,43,161
2,6905.01,5434.01,-1046.89,48,79,292
2,3615.74,1942,-425.037,7,43,161
2,15125.9,59567.8,116.752,152,305,2610
5,9673.57,27929.3,-793.135,36,156,1364
5,11140.9,34809.2,-3222.18,148,199,1696
5,3463.53,711.084,-322.44,3,31,53
5,3735.94,493.419,-889.6,2,36,35
4,9279.63,29734.9,-3030.14,212,171,1747
1,3905.46,1591.81,-701.01,9,61,134
4,14816.3,86809.5,-3626.91,108,301,3369
4,9239.49,33285.7,6578.22,113,176,1922
3,8526.17,11947.3,-1004.07,111,136,619
5,4287.35,503.506,452.02,20,65,35
5,5143.49,4500.94,36945,14,79,342
0,9840.6,21615,-3363,37,196,1116
5,15417.6,191230,111417000,81,286,7322
0,8287.79,11330,-3587,27,122,615
2,6933.33,11979.7,-427.99,8,105,765
0,13849.8,55741,-6062,65,258,2327
4,5520.2,4604.29,-1159.8,13,85,346
0,8658.33,11848,-4309,58,119,519
3,9700.06,30596.7,-2695.83,226,171,1747
5,7411.28,12561.7,-1128.49,117,130,694
5,10130.2,12377.3,55045500,27,136,619
2,18285,143332,109924000,325,449,5537
4,10965.3,44240.7,-2106.93,30,197,2257
5,4566.01,520.739,-248.17,25,65,35
4,4715.02,1021.1,-989.59,21,66,101
0,4619.84,1893.76,116.2,6,75,165
0,10009.6,17414,-3689,19,181,894
3,21314.1,405883,340.47,66,473,14125
2,7053.75,3995.3,177941,87,101,249
2,3999.07,766.077,-1565.1,13,54,64
0,14433.5,70563,-4833,29,246,2680
0,10739.7,52746,-4828,188,244,2677
5,6765.34,7336.36,-1138.9,75,109,486
5,5616.54,2790.67,-556.64,6,65,202
0,17836.1,230479,-9034,205,391,8212
4,7307.77,7026.79,7366.11,114,95,427
0,20363.8,167977,-8604,187,374,5026
0,9939.49,61095,-4701,46,218,3134
0,13235.7,69383,-5859,29,263,2902
4,4317.37,517.575,692.01,28,65,35
2,8744.11,13653.3,-72.3937,34,170,771
2,3874.11,2086.59,-1054.2,13,63,184
5,6872.65,7513.55,1184.4,41,109,432
0,8494.6,22292,-4997,105,162,1308
5,6400.82,9159.26,-1887.4,25,100,551
2,6259.5,8031.14,-2555.3,7,106,549
4,7516.15,14664.4,245.91,23,127,802
4,4679.83,2207.07,-960.97,3,61,184
2,3972.81,2064.36,-1869.1,4,63,184
1,11404.4,41656.8,24296.2,212,227,2059
2,22635.9,517543,-1624.64,357,540,18067
4,4102.74,1632.58,-608.39,8,61,134
3,15828.2,165455,-1244.46,43,320,6391
0,6043.07,4588,-2017,5,71,245
0,10468.1,35534,-1313,59,202,1870
5,13139.4,68629.9,3574.96,169,243,2902
3,5517.25,1790.54,-1354.96,74,84,136
5,3356.33,568.163,135.28,11,51,45
4,17883,159892,-6749.95,96,359,6068
4,3666.85,528.491,-1077.1,5,43,52
4,4899.54,6209.71,429.38,21,68,481
3,4394.99,496.51,75.179,25,65,35
5,5249.37,1914.06,-547.002,172,76,147
1,4396.98,1777.67,-505.12,8,66,164
3,8506.45,25311.6,-1.29159,27,157,1519
5,6759.73,8870.42,-1735.5,19,100,551
3,12424.7,79185.9,-4235.2,49,272,3539
4,3760.84,556.513,-509.66,5,43,52
5,5748.9,3824.71,-279.47,15,82,289
0,6569.77,10073,-2982,257,109,587
4,15582.2,141909,23114000,246,362,5847
5,4479.41,2317.16,-891.12,3,61,184
4,13089.4,93563.4,2464.81,148,273,4429
0,19409.6,145465,-5738,51,358,4435
1,10652.7,41639.6,-4027.66,159,227,2059
4,4585.13,1831.07,-431.3,8,61,116
4,10762.5,29601,-4072.74,74,214,1469
1,6081.84,5220.25,-1100,7,105,371
5,3615.19,555.951,-543.22,7,43,52
3,9371.7,10150.1,19513.3,100,154,587
3,4527.25,1036.45,-1388.5,23,66,101
3,21120.3,343053,-2010.8,286,440,10967
5,3357.93,640.283,32.701,4,31,53
2,4254.4,2513.1,-1139.4,11,65,202
4,8350.99,8718.59,2255,33,144,553
5,3806.31,450.132,-898.75,1,36,35
2,3964.67,384.47,968.32,15,54,28
5,11407.4,61134.4,-1914.62,206,214,2600
2,4362.64,526.2,-97.355,17,65,35
0,6266.52,19302,-2065,21,118,1303
2,6084.13,5124.63,-977.77,12,105,371
5,3782.72,455.07,-914.22,3,36,35
3,22659.3,251771,-11792.7,294,540,8870
4,6574.04,3358.39,220.86,19,101,206
4,3996.44,2687.31,-1328.8,19,65,202
5,4462.82,2504.79,-377.21,21,63,184
5,15723.4,162072,1849.4,101,310,6737
3,10610.2,29690.2,-3510.84,114,166,1111
5,4537.39,2871.79,-285.11,19,65,202
5,15518.6,79924.4,4314630,257,336,3302
5,4517.66,2352.41,-531.34,26,63,184
0,10529.1,16657,-4065,19,174,807
2,6262.63,4889.26,-1851.6,13,87,322
2,12362.3,73400.5,-4772.58,30,249,3630
4,5310.52,4471.71,-1650.71,26,88,292
3,4397.5,999.55,-290.48,28,62,102
0,14275.7,104518,-8010,37,312,4345
3,7029.43,13377.9,-1360.54,23,96,804
0,15997.8,102280,-8216,32,339,4068
3,8835.37,16307.1,-3144.47,42,160,976
3,4262.21,2540.59,-429.26,21,65,202
4,7328.87,17606,-2037.6,15,128,1065
3,13503,91207.7,-1851.57,226,254,3885
5,9927.4,14801.2,-1402.06,133,143,771
2,3985.09,2236.93,-979.13,3,63,184
2,7387.5,5728.99,-1308.59,48,79,292
0,8255.31,20153,-2989,101,174,1165
1,4027.79,1569.5,-755.74,9,61,134
2,4399.16,2623.31,-1294.2,19,65,202
4,15415,164280,-1202.74,43,320,6391
2,7839.69,9287.59,11271.4,198,138,554
4,13169.8,61755.9,-1314.71,35,246,2754
0,26353.2,630508,-17593,84,690,19835
0,10414.9,69386,-4704,74,220,3530
0,12183.6,34062,-5380,114,217,1751
4,9911.69,27489.1,-3897.41,59,194,1521
4,9979.91,27154.2,-3383.19,130,172,1412
4,4206.43,1639.41,-976.1,8,61,134
4,4314.47,2526.08,-1094.3,28,65,202
3,14948.1,90908.1,58004.5,295,254,3973
2,21720.4,348370,-2980.29,281,440,10967
0,10779.2,55545,-7223,40,246,2466
4,5127.9,1043.66,-1440.3,8,57,76
3,5663.57,10681.1,-651.126,67,102,764
1,4550.77,2569.38,-882.07,10,72,205
1,3979.67,1571.92,-918.98,9,61,134
2,11995.6,48813.7,-3328.81,226,262,2394
5,4718.51,2241.94,-499.04,2,61,184
2,7220.02,4082.11,-668.944,85,101,249
4,8178.05,25450.9,-2919.16,30,156,1364
4,12333.7,71005.1,-421.905,177,262,3211
3,8771.64,21691.5,135.35,41,143,1203
5,3683.68,581.933,-297.52,14,43,52
4,3705.42,462.733,-1009,2,36,35
0,30805,637046,-14927,89,705,14827
5,4269.33,5981.31,115.42,27,68,481
4,7996.39,25212.6,-3111.27,87,166,1414
2,8207.2,9622.74,-1335.09,20,135,587
5,4038.47,6220.82,734.52,25,68,481
5,4117.93,6093.31,-335.89,29,68,481
5,6456.95,6872.15,-612.509,16,107,431
3,4336.83,1038.24,-485.4,28,62,102
5,4858.33,3051.71,-287.72,33,65,202
3,8357.82,34349,-2561.69,31,148,1919
4,9827.71,32445.3,2133.5,37,176,1922
3,8356.31,21111.5,511.51,40,143,1203
5,4993.51,2882.23,-790.113,105,67,224
4,9471.09,12293.5,71.6,17,152,693
4,6670.64,7027.12,75599.8,65,90,405
5,3630.5,537.078,-543.93,7,43,52
1,4504.62,1941.34,332.03,12,75,165
4,3662.76,538.324,-639.59,9,43,52
4,15473,159753,-7417.37,142,359,6068
0,11925.8,70391,-3668,57,239,3132
3,12431.7,70216.3,674961,170,262,3211
4,11113.3,46006.6,-3505.87,120,197,2257
5,5025.01,1562.95,-1144.9,5,70,131
5,3905.27,625.422,-519.06,7,43,52
4,6823.26,7291.25,44199.6,17,118,426
0,34825.9,1508290,-26917,139,874,41819
5,4421.99,2665.48,-811.49,22,65,202
5,11007.6,58003.8,-4355.36,202,223,2822
1,6325.85,4788.18,-1793,15,107,319
3,4849.47,6787.17,-583.64,18,68,481
0,7039.42,28733.6,-2963.5,11,131,1686
5,12292.1,44644.2,1025.35,172,273,2061
2,16058.6,161357,-4717.32,203,352,6744
4,3765.62,2015.76,-423.242,4,43,161
4,8362.46,15542,-180.46,26,127,802
5,3610.77,540.964,180.49,14,43,52
0,9417.68,54151,-6107,29,190,2392
4,5299.6,1033.88,-1483.1,6,57,76
5,4939.42,6152.76,190.06,21,67,481
1,5916.76,6905.86,-3771.9,22,92,485
2,5869.84,11450,150743,24,102,764
1,3943.75,1562.64,-682.33,9,61,134
2,20712.1,163376,-9807.95,334,449,5537
3,9786.61,31563.4,-2284.37,149,203,1580
4,5024.09,3724.77,-1122.66,15,77,292
5,4627.83,1811,-37.019,11,61,116
0,23940.4,588085,-11491,141,616,16961
1,5832.15,4719.61,89545,23,85,343
0,7733.85,11215,-2248,12,144,692
4,3003.15,1324.74,148.725,3,40,100
1,22750.8,516177,-2344.29,368,540,18067
2,3897.01,2276.76,-1168.2,11,63,184
4,25168.2,273970,-4054.2,289,537,8350
3,4284.91,1958.66,253397,75,63,166
4,12272.6,69165.3,-872.359,51,247,3373
1,4192.1,1529.7,-793.78,4,55,133
0,8742.67,26546,-2700,24,144,1463
3,11733.7,38092.3,-1388.64,150,235,1818
5,4901.39,1091.17,-374.67,13,62,100
0,14718.7,62861,-3884,56,283,2399
3,5268.89,2470.1,1139.2,4,81,169
0,10927.2,74678,-4817,16,222,3366
4,10803.3,27930.6,-2051.88,40,214,1469
5,10422.4,29237.2,-2942.94,74,194,1521
3,5152.25,2998.88,-2001,3,65,202
0,14942.3,142510,-9326.26,234,371,5742
5,4261.16,2638.9,-786.76,11,65,202
4,3814.48,493.803,-881.79,1,36,35
0,19507.1,284377,-10113,61,463,10829
4,4371.66,665.425,-810.14,12,58,43
4,22474.1,410136,322.232,63,473,14125
2,5850.64,4165.8,-1256,82,88,318
0,11736.5,49587.8,-6267.09,228,262,2394
0,10773.3,24336,-4345,25,235,1071
1,4227.82,1332.08,-1408.5,1,57,129
3,11127.5,37999.9,-413.835,159,205,1751
0,24514.4,317109,-10145,110,511,11126
3,11918.4,38691.7,252.142,32,235,1818
4,6815.47,7407.14,596.1,24,109,432
2,5277.56,4243.83,-1177.29,17,88,292
1,6128.74,5164.13,-1044.8,7,105,371
2,7589.4,9576.31,-1193.07,14,123,621
5,9816.75,25982.2,-1532.46,126,154,1252
3,4753.27,2047.26,-624.94,14,75,165
5,3715.44,555.546,-446.56,14,43,52
5,4402.31,2692.58,-554.81,16,65,202
1,6319.34,7808.06,-2082.8,24,102,517
0,18252.2,174643,-6918,152,364,6072
4,4418.12,2718.47,-1123.8,20,65,202
0,21734.8,418722,-15975,105,593,14481
0,12895,104485,-7059,34,296,4344
4,9916.32,39991.1,425076,196,159,2181
5,11562.2,58703.6,5605250000,67,217,2904
0,17831.4,185697,-9459,60,404,7704
5,5455.44,4350.68,-503.22,16,85,346
5,7837.4,12502.8,-1186.71,115,130,694
5,11350.7,40839.3,-1380.95,56,180,2054
0,18624.7,177716,-7238,83,416,5963
0,4780.41,2987.22,-2418.8,23,67,186
3,9264.97,39015.3,219.842,81,196,1885
3,17470.2,160505,-598.567,207,352,6744
3,5687.43,7739.63,-2214.7,17,99,583
2,3746.42,761.06,-2090.6,13,54,64
2,6493.59,13159.1,-1653.96,183,96,804
3,5863.01,13067.3,-1702.8,10,103,883
0,9782.13,41885,-4572,27,213,1992
1,6133.22,5262.32,-1084.9,7,105,371
4,3658.47,411.835,1400.5,11,54,28
5,3720.62,559.064,-169.71,5,43,52
3,6060.86,5244.85,-887.79,9,105,371
0,13439.1,98370,-6451,76,274,4245
1,5138.98,2789.65,1062.19,19,77,244
0,9404.98,25456,-3827,32,223,1317
0,10523,46738,-5420,41,220,2391
3,4355.72,2416.43,-911.95,17,63,184
3,8529.59,16046.7,-1012.3,48,160,976
3,9373.61,39216.3,-1574.31,76,196,1885
5,12497.2,62345,-2008.73,187,237,2672
0,13985.5,92030,-8400,237,312,3890
0,25831,470347,-17250,78,659,13162
4,5138.16,3000.12,3474.3,96,67,224
4,6640.5,7418.72,515.6,38,109,432
1,6387.62,4803.4,-1892.4,15,107,319
5,4845.69,2364.45,83.113,39,75,165
4,4330.27,1986.12,-852.314,114,66,166
3,6502.11,5066.85,-1263.76,113,96,347
3,20125.1,188458,-9177.24,235,403,6746
0,13856.7,117929,-7260,35,285,5111
0,6610.67,8711,-2540,45,109,489
4,11913.5,53234.4,-3093.24,123,209,2534
2,10929.8,41105.1,-1672.21,160,227,2059
2,4077.13,2257.84,-1069.1,1,63,184
0,7368.24,5467,-2075,8,104,343
5,6789.32,6915.81,601.055,21,95,427
1,5220.85,1809.34,-1333.9,3,70,131
3,4867.94,1979.27,-723.44,10,75,165
3,4582.53,1120.55,-659.38,28,62,102
3,5981.63,2685.79,282.55,9,81,169
4,4416.6,1993.15,-880.727,114,66,166
5,4698.83,2367.07,-598.83,6,61,184
2,11589.9,73772.1,-4949.6,23,249,3630
2,4005.9,755.89,-1840.7,13,54,64
5,6147.55,5093.22,-995.575,68,86,367
0,8800.07,27399,-4663,63,153,1359
5,6383.39,22394.9,87233.2,82,128,1255
0,29495.7,856978,-23150,118,863,24470
2,6057.7,8118.26,-3427.8,5,106,549
3,8899.76,24770.9,-1813.33,38,157,1519
2,5525.96,2424.36,1072.5,4,81,169
5,3903.04,494.892,672.82,26,65,35
4,22481.2,411078,-483.517,55,473,14125
3,4780.93,2233.93,-1542.9,11,71,188
0,17766.9,95430,-8758,57,336,3544
2,11490.9,73456.5,-4439.41,28,249,3630
0,7481.51,4842,-3041,135,103,267
0,11959.9,30451,-4809,39,202,1522
4,3723.87,569.643,-555.27,4,43,52
0,9950.38,54303,-4753,34,179,2322
0,15356.8,60277,-5591,42,280,2678
5,8674.47,27815.5,-1494.56,129,156,1521
5,9967.21,36667.8,265140,35,196,1997
3,9575.92,32884.9,-3462.84,94,176,1922
3,16686,137643,621389000,62,279,5626
5,3492.63,537.419,-330.35,14,43,52
3,4139.17,2322.85,-935.02,16,63,184
4,8971.39,22542.9,353.46,39,143,1203
5,4975.16,1134.2,-987.948,248,64,90
5,10127.5,19967.1,-1046.14,31,157,1113
4,8681.41,13612.3,603.031,101,148,729
0,4081.69,876,-717,19,50,52
4,12880.4,78618.5,-424.625,53,272,3539
2,14531.6,134873,4479.67,211,279,5626
0,16664.9,176669,-10099,59,342,5318
3,10598.5,52849.6,5267.4,128,220,2461
4,6509.19,11541.7,-129.01,149,111,651
0,32956.9,509795,-19912,154,782,14166
1,3781.39,1519.59,-1261.5,6,56,114
3,3738.72,459.241,-1003.7,2,36,35
0,13010.7,111613,-9781,175,301,5018
2,4604.9,2719.74,-1139,28,65,202
5,4088.17,464.961,668.62,20,65,35
5,4592.43,1672.96,-1383.1,6,70,131
3,14380.8,93957,679.904,235,294,4249
0,12251,42698,-6334,45,260,2001
5,12698.5,63010.9,1867.5,162,223,2822
2,4347.73,2491.26,-624.99,16,65,202
3,8683.43,13597.7,177434,102,148,729
3,13270.8,85981,-600.686,57,291,3799
3,11200.4,43835,-1264.15,22,197,2257
5,10702,43810.2,-1678.4,22,197,2257
0,4999.83,6100,-2812,74,93,484
5,6145.46,1100.03,-1622.9,6,57,76
5,6127.08,5119.81,-706.374,68,86,367
4,9237.05,20487.7,-1857.88,104,163,1162
0,28243.6,743884,-10156,104,532,17682
2,16759.7,59814.7,12301000,147,305,2610
5,6236.59,10915.9,-1031.58,25,102,764
3,5607.32,2603.91,194.7,5,81,169
2,5191.06,2062.11,-673.3,16,75,165
1,5605.52,3107.99,-1363.3,11,94,224
1,6847.79,7722.5,-2992.5,10,117,427
0,8939.38,21043,-3563,40,149,1019
3,16665.6,145793,2021.2,311,362,5847
5,4723.45,1105.79,-224.01,14,62,100
3,14906.2,144611,-1548.07,279,308,6057
3,12065.7,38536.4,-2664.43,139,235,1818
0,29586.5,849315,-14655,70,568,18272
1,8016.42,9406.56,-1881.06,183,135,587
3,11908.2,78689.6,-5886.64,39,272,3539
3,12799.7,81200.2,929136000,0,252,3882
0,10811.1,32066,-3440,44,183,1638
0,19375.8,218816,-6709,76,383,5962
2,7574.56,9265.39,-504.227,19,138,554
3,9140.86,23785.7,42054.4,103,154,1252
5,4098.17,705.06,-744.67,17,58,43
3,9311.57,32476.3,61.4891,123,176,1922
3,4048.32,1680.2,-714.71,5,61,134
2,4265.07,684.365,-623.9,20,58,43
4,13035.2,92634.5,6390.2,202,273,4429
5,4757.28,2204.45,570.69,20,75,165
1,7769.81,13255.9,-2497.2,2,125,694
0,11430.4,66073,-5077,26,237,2822
2,4661.39,2092.55,286.88,14,75,165
3,15053.4,86225.1,1193.63,95,301,3369
5,12352.3,49887.7,-3808.18,133,215,2188
3,9248.08,26720.4,-1981.19,33,156,1364
5,6538.45,4051.99,517981,55,101,270
4,5728.77,2637.63,479.37,14,81,169
4,6134.18,4125.48,87.861,16,100,294
4,8300.99,4721.74,-890.363,24,131,271
4,14652.1,69340.5,78152.9,42,325,3143
1,5856.5,4312.89,-1538.4,18,90,317
4,20629,408461,-100.048,90,466,14125
0,11092.9,38314,-6539,38,233,1998
5,3890.27,433.61,1375.7,11,54,28
0,7093.75,12571,-3620,286,131,764
5,9890.4,33762.1,691.347,47,199,1696
3,6296.16,5161.98,-1676.32,110,96,347
2,12259,74795.2,-4970.06,29,249,3630
3,10686.5,57689.4,82.3565,319,217,2904
5,3703.47,582.233,-69.748,14,43,52
0,8950.55,18907,-3571,24,149,897
2,4683.25,6147.6,-372.4,23,68,481
0,5785.37,7613,-1976,4,93,486
3,11929.2,33728,3702.5,50,210,1213
0,8664.9,21422,-4481,31,165,1305
5,4375.4,6321.3,-440.13,8,67,481
0,7799.87,16190,-2635,22,137,810
0,10712.1,41421,-4330,133,197,2317
2,15656.3,102638,315.026,38,283,3965
4,4879.87,2050.88,611.46,30,75,165
5,4450.17,6392.07,229.05,16,67,481
1,5309.69,3714.65,185.262,65,85,269
2,5943.09,5311.62,-1179,8,105,371
3,7744.58,13806.9,-203.17,17,127,802
3,15218.1,90305.4,-4007.95,128,223,2059
4,8964.09,20521,-997.874,106,163,1162
0,20311,356720,-16381,50,511,12358
2,12131.2,36646.5,2371.22,201,225,1755
4,22590.5,281100,-368.064,263,468,9276
5,6267.4,3288.74,1697.7,22,101,206
2,3958.48,754.836,-2039.1,13,54,64
0,7409.61,16920,-2584,45,130,932
2,6154.06,5331.75,-671.24,7,105,371
4,4357.02,2470.06,-1372,19,63,184
4,7943.36,4883.07,1122.82,25,131,271
0,7827.78,5280,-3015,14,116,346
3,8507.92,12167.7,-1749.21,23,136,619
1,3951.22,1210.61,-1149.8,8,55,88
4,12392,58054.5,3109660,182,223,2822
5,8254.89,20274.9,433004,130,145,1156
4,4081.13,1629.73,-361.32,8,61,134
5,16034.4,80372,38144.1,252,336,3302
2,4032.9,828.296,-1911.7,9,54,64
2,12244.2,73576.6,-2078.9,23,249,3630
5,4642.95,2437.72,-466.53,11,61,184
3,12255.7,36638.1,-1800.6,128,234,1581
4,8341.1,8937.23,593.62,24,130,515
4,9469.59,39512.3,768358,128,207,1995
4,9736.94,28798.3,-1809.88,114,166,1414
2,12017.6,38344.3,-2248.81,24,235,1818
3,5676.66,3704.57,-836.934,62,85,269
5,3454.86,670.81,229.7,4,31,53
5,7892.32,27563.5,-860.801,125,156,1521
1,6926.07,7855.98,-3144.2,11,117,427
0,10008.1,9011,-2057,18,113,423
5,4701.64,1787.18,-573.9,13,61,116
1,5935.08,1456.84,-1021.98,35,71,103
5,9981.74,40076.1,659.857,225,159,2181
0,6410.8,7012,-2129,18,113,483
2,11288.8,55552.8,-1142.78,173,209,2967
4,4441.21,6426.82,-224.38,20,68,481
2,6592.11,13306.5,-1153,187,96,804
4,6829.59,7094.82,2258.09,13,118,426
1,4600.08,1053.59,-452.13,28,62,102
2,7091.19,13932.3,28286.6,93,120,809
2,8715.47,16694.1,-821.709,23,142,844
4,9461.98,11417,-761.072,36,156,654
2,12581.1,49348,-2888.07,222,262,2394
3,4216.17,1678.24,-819.92,5,61,134
4,3396.1,655.338,-279.26,4,31,53
3,4500.68,1994.72,-686.35,110,66,166
3,10904.6,26967.2,77187.9,147,172,1412
5,5115.86,1063.56,-1310.9,6,57,76
5,9678.3,22859.5,7984240,188,145,1156
5,5459.34,1809.09,-1395.13,180,76,147
0,9876.77,12132,-3185,92,162,622
0,16474.5,178680,-8595,73,347,6976
3,11847.1,33168.5,1110.4,53,210,1213
5,4910.23,1206.74,-745.066,257,64,90
4,8031.01,9814.76,523992,15,123,621
0,38405.3,1857700,-19959,200,807,40369
5,4246.64,369.219,817.86,11,54,28
3,4607.65,1040.64,-1312.2,21,66,101
4,4328.21,489.899,477.16,21,65,35
2,4139.62,2195.55,-333.16,10,63,184
0,7891.08,27703.9,-3184.6,23,156,1521
0,18355.6,247104,-8983.83,180,391,7118
4,4008.68,6442.37,-233.03,36,68,481
4,9487.69,29958.4,-1155.95,228,171,1747
3,12556.6,36435.8,-2352.5,195,225,1755
0,7391.06,14376,-3306,20,152,892
5,20483.7,274486,1195.63,335,420,9137
4,8405.11,9672.36,-975.215,88,138,554
5,3695.8,551.83,-236.52,13,43,52
0,16775.9,90192,-7555,60,367,3140
4,7656.74,12151.3,351374,32,130,694
4,14736.2,192787,-5114.74,62,286,7322
2,7703.55,9007.76,152.98,12,130,515
0,21154.7,175130,-7443,53,410,5323
2,12339,69653.7,4715550000,96,247,3373
0,16684.6,148056,-8123,35,324,5526
1,6023.31,5236.56,-1828.7,22,88,370
3,23064.2,266000,15091.3,284,537,8350
2,12279.5,60183.5,-5367.28,27,247,2754
2,6868.28,17075.6,-1695.7,10,128,1065
0,15097.8,188347,-5336,58,323,7333
2,7648.75,9104.51,113.27,15,130,515
3,9803.48,24615.3,-938.467,37,177,1313
3,5656.79,7767.76,-1449.8,12,99,583
0,7103.61,9871,-1347,19,118,583
5,8886.55,12751.4,-1770.29,88,117,519
4,11976.5,53008.9,-694.547,155,218,2391
1,4068.63,1188.72,-123.77,2,59,101
0,17902.4,117973,-5750,37,315,2910
3,12432.8,78917.3,-4137.25,45,272,3539
0,7735.19,4569.88,-2929.25,100,131,271
2,20893.5,155753,-10325.4,313,449,5537
2,14593.5,250516,-7562.75,103,346,7851
2,5706.97,7626.51,-950.597,9,104,457
1,4214.45,3105.81,-1097.3,9,62,245
2,5296.95,2226.63,-79.978,15,75,165
3,6378.58,7376.59,-1532.3,78,93,545
0,16401.2,196938,-10557,87,438,6987
3,6738.41,11147.9,-1054.37,24,111,651
0,6977.67,9719,-191,18,124,519
4,9758.15,30111.5,-590.579,251,171,1747
5,11735.4,37047.4,-3887.63,42,205,1751
4,10058.1,32710.2,53.1663,122,176,1922
0,15579.8,154695,-7893,200,334,5854
5,3622.52,570.713,-272,15,43,52
4,3953.63,749.89,-2130.6,13,54,64
3,5885.51,3661.07,10132900,42,85,269
1,5135.35,3129.39,-2524.1,4,65,202
2,5392.12,3708.76,-1791.01,120,85,269
2,7056.89,12705.9,-1186.61,147,123,726
5,8858.04,19934.9,-1776.8,178,151,1023
4,3645.5,471.519,-751.2,1,36,35
0,7830.87,6054.8,-2182.43,14,110,294
3,4390.03,995.266,-760.31,27,62,102
3,7801.29,14032.5,-777.7,13,127,802
2,6369.03,5250.18,230.185,13,99,321
3,9741.55,30676.8,-1224.14,35,171,1747
4,16624,214124,6766390,66,336,8195
5,4714.03,2223.31,46353,24,76,165
1,9448,17395.1,-3090.97,262,183,931
4,7064.17,7701.56,815.02,35,109,432
0,11940.2,66792,-5781,45,240,2980
0,9147.94,27657.8,-4304.5,65,192,1521
2,15970.4,102960,1105710,39,283,3965
3,11910.2,48886.9,-1773.97,226,262,2394
5,3701.72,544.774,-602.72,12,43,52
2,8557.09,9829.26,-1244.09,178,135,587
4,24599.9,278618,-1884.54,299,540,8870
2,11394.1,73692.9,-5125.81,29,249,3630
4,3698.05,548.768,-541.33,5,43,52
2,5039.95,4283.09,-1418.19,18,79,317
3,10228,43811.6,-2215.11,225,159,2181
3,4427.96,1031.43,-936.21,21,66,101
4,10029.1,33654,-1707.37,119,176,1922
0,13815.1,96031,-7380,94,301,4067
3,5694.99,7578.44,-651.83,11,99,583
4,6673.68,7990.56,-1761.99,134,95,543
5,9619.17,39298.4,-2561.25,225,159,2181
0,12353.2,66685,-7895,48,285,3059
4,4153.16,1652.43,-870.98,4,61,134
2,3934.67,674.39,-452.93,4,58,43
4,9684.9,12344.3,3727.18,121,136,619
4,5945.62,4154.86,-1037.6,10,100,294
5,4515.98,2692.21,-734.14,25,65,202
3,4058.77,2293.22,-662.74,6,63,184
4,16456,211112,79845700,262,336,8195
2,14883.8,101859,-4094.37,46,283,3965
3,13195.3,45453.2,238383,168,273,2061
2,8640.18,18392.4,-4452.1,14,146,891
4,5297.71,3498.6,-658.832,136,51,132
5,3754.65,582.55,-295.19,14,43,52
5,8259.76,21161.1,1383.9,48,143,1203
5,11450.6,32634.7,3121.9,72,210,1213
3,8036.42,11714.6,-1345.05,114,128,693
3,4265.9,2574.91,-1007.6,19,65,202
2,15270.3,102608,-3576.34,38,283,3965
0,7096.96,7333.25,-2427.51,106,122,429
2,5545.38,4270.83,9859.54,18,88,292
4,3615.2,589.446,-520.92,5,43,52
0,16461.3,99284,-6941,57,335,3808
3,7519.53,5550.33,-441.754,84,108,318
2,3608.21,2084.04,-429.294,3,43,161
0,9333.64,25863,-5669,34,200,1468
1,7017.13,4458.68,-1852.5,5,110,294
4,5006.1,3802.44,-1095,16,77,292
4,14028.6,67707.4,-3441.12,109,224,2192
4,4365.06,356.067,1326.6,11,54,28
0,4801.75,2551,-2942,8,74,203
2,8164.65,34434.5,-2669.38,96,148,1919
0,17624.3,208844,-7547,83,378,7823
3,4199.52,1686.25,-852.39,4,61,134
2,15897.1,261198,-2634.45,119,346,7851
4,4082.38,585.973,-446.9,10,43,52
1,3842.94,1215.73,-758.74,9,55,88
2,8020.26,33015.5,-2086.71,22,148,1919
3,4893.91,4154.99,-445.353,26,79,317
3,8365.73,25212.9,-721.009,123,157,1519
0,18857.5,184122,-6999,229,439,6991
3,5263.44,943.927,-832.454,32,64,76
2,4976.4,2773.49,252065,105,67,224
2,14163.3,90872.4,-2640.61,214,254,3973
3,15846.1,167008,-476.452,61,320,6391
5,7776.07,14190.9,687.24,33,127,802
4,11281.1,47873.5,-2398.12,67,190,2118
3,13654.1,141379,836083,49,308,6057
0,14041.4,162675,-7817,56,329,6616
4,9481.82,20884.9,-2789.39,109,163,1162
2,3985.69,2294.19,-1021.1,22,63,184
4,8961.5,20456.2,-2069.62,168,163,1162
3,14702.1,78989.2,289075,164,320,3466
4,9100.96,29620.7,-1372.4,100,166,1414
2,14872.4,101916,-4046.56,46,283,3965
3,6607.5,12301.7,-1038.64,17,123,726
3,3629.48,526.989,-440.38,5,43,52
4,9691.61,12274.1,650.51,23,152,693
2,6225.59,8133.84,-3632.2,10,106,549
2,15439.7,88747.2,-159.242,95,301,3369
3,4645.9,6349.07,-652.89,15,68,481
5,18688.6,200866,-6289.79,152,390,7459
3,8486.73,34510,15969.7,30,148,1919
1,6155.08,8309,-1768.2,11,100,551
0,14423.1,216087,-10115,197,346,7950
5,6797.84,5901.48,-1175,30,99,372
2,8468.54,10462.9,-1463.23,141,139,587
2,11845.8,33223.4,2868.4,56,210,1213
2,8012.23,9439.2,-1976.58,204,130,490
3,9922.34,27239.1,-1450.03,173,158,1403
1,6863.8,7729.78,-2575.6,11,117,427
4,3767.86,2236.45,-950.13,17,63,184
3,14195.3,76653.7,172003000,245,320,3466
4,13713.4,96340.2,2543.61,262,294,4249
1,9177.29,17200.1,-2965.27,95,183,931
5,4530.31,6299.14,344.26,9,67,481
2,13440.9,40660,141553,114,234,1581
4,3575.69,564.226,-616.98,5,43,52
0,8991.78,69150,-4800,71,206,3532
5,4957.82,6430.45,-419.11,17,68,481
3,3699.61,2222.89,-473.373,11,43,161
0,4606.23,2800.85,-1378.54,115,77,205
1,4934.02,2804.31,-1611.9,117,77,244
0,9929.38,22145,-3401,53,176,1071
5,3641.37,460.757,-478.71,3,36,35
4,9910.71,36843.4,-1944.04,36,196,1997
3,7570.74,15743.5,-2845.57,75,134,970
5,5976.39,5800,-1189,16,89,425
0,25208.8,375931,-12992,254,507,10839
1,5143.1,4426.41,-1081.27,22,85,343
0,7709.41,18841,-3490,14,138,1110
3,24472.1,254469,69801.4,300,540,8870
3,4569.31,498.514,59.385,23,65,35
5,4304.19,1351.84,13287.9,84,51,102
4,11229.4,39569.7,64.1882,171,193,2118
0,14744.9,98681,-11223,54,337,4350
3,9591.57,24432.9,-914.285,36,177,1313
3,3813.19,1346.24,-512.697,6,40,100
2,5111.42,3277.06,-2139.7,21,70,205
0,6571.66,4032,-2315,49,111,271
5,5174.97,2154.36,-446.14,7,75,165
3,4460.11,2760.09,-979.6,21,65,202
0,14820.9,80296,-7500,49,279,3373
3,5115.29,4189.33,-1211.95,14,88,318
3,8945.14,38794.7,-1362.37,47,180,2054
0,5090.28,3447,-1348,9,81,247
2,4967.63,4170.07,-1346.33,18,79,317
4,7735.01,11403.3,-2038.12,200,114,689
4,9416.25,12198.7,3368.13,117,136,619
3,13467.2,46095.6,633839,161,273,2061
2,13179.3,73661.9,-1414.14,42,249,3630
3,12130.9,78382.2,12029.6,163,252,3882
4,9770.64,28340.7,52.5343,66,194,1521
3,5371.89,2927.84,513028,154,71,249
5,3658.31,581.635,-51.23,15,43,52
4,8170.08,9036.43,2175.1,36,144,553
3,4512.42,1002.4,-1275,20,66,101
1,6306.36,5146.89,-2138.1,16,109,317
0,35380.7,1071590,-23119,258,810,25364
5,3821.09,627.272,-479.01,12,43,52
5,10256.9,47787.8,1445.16,84,190,2118
3,10567.6,130885,-6162.35,195,279,5626
2,6709.68,5455.49,-1157.61,49,79,292
5,4546.39,1257.21,-874.83,16,59,101
3,8746.46,29128.6,-920.168,149,179,1626
3,4783.92,1992.91,-953.11,9,75,165
0,29464,731255,-14677,172,670,21043
3,4255.64,1703.86,-836.32,5,61,134
5,4187.72,2774.84,-572.74,23,65,202
3,6220.12,7439.96,-488.775,14,93,545
0,25489.3,546061,-17055,58,609,15345
1,4437.48,1773.34,-701.03,8,66,164
2,6220.62,3560.47,886.16,16,101,206
5,5659.14,2556.61,546.13,11,81,169
4,4920.68,2047.41,-527.43,8,75,165
5,16867.7,218414,-1580.56,258,336,8195
5,3940.72,442.749,-680.63,1,36,35
5,6043.07,2771.93,642.44,9,81,169
4,4547.33,1123.71,-1213.3,22,66,101
4,3284.15,618.226,-469.9,13,51,45
2,7231.55,5658.84,-1245.33,41,79,292
5,4424.71,2385.27,-818.21,9,61,184
2,4225.02,2716.62,-671.38,23,65,202
0,7424.84,13150,-3447,14,131,807
2,7276.97,12589.5,-1707.92,19,123,726
4,12470.6,72870,8144.57,188,262,3211
2,14995.6,252655,-7040.81,119,346,7851
4,9157.23,36264.2,201047000,40,148,1919
2,13877.3,89630.8,-1152.51,224,254,3973
3,8376.84,15865.5,-1086.94,43,160,976
1,7896.51,13892.6,-3294.51,30,170,771
3,5651.02,7719.78,-1047,13,99,583
5,4856.43,1579.12,-1273.6,6,70,131
0,22095.5,355268,-12015,89,513,12358
4,3972.82,688.038,-549.43,20,58,43
0,5737.33,2023,-1661,53,83,131
0,14194.4,101990,-6909,33,314,4521
4,8866.51,9768.44,-1259.21,86,138,554
1,4898.83,2826.54,-886.437,19,77,244
4,6600.61,11512.9,3977.1,149,111,651
2,15658.8,167431,-1626.46,62,320,6391
1,5845.64,5290.44,-477.518,18,85,343
2,5717.07,5092.39,-1582.78,9,99,321
1,5764.88,1814.59,-1330.73,45,71,103
1,5659.05,2568.02,-3061.2,10,87,166
5,9555.33,24135,-1477.98,90,154,1252
4,3633.62,560.499,-643.91,5,43,52
3,5497.77,3704.98,-793.579,9,51,132
1,4121.64,5699.76,-494.58,20,68,481
5,5101.36,1265.68,-686.08,10,62,100
0,12657.2,104063,-6402,41,313,4721
3,4162.8,1687.31,-572.52,4,61,134
3,12082.4,33620.5,1455.6,49,210,1213
0,12462.7,109412,-5505,21,284,4617
5,9883.01,20257.3,-2007.91,30,157,1113
0,11879.9,73170,-7014,62,253,3623
5,15981.1,98748.6,-918.461,58,294,4249
5,4878.32,1868.52,1232850,115,66,166
3,16497.2,166092,154.654,56,320,6391
4,3939.49,469.238,-914.92,1,36,35
5,5688.23,1773.48,-869.264,178,76,147
0,12266.5,88168,-6351,37,268,3974
3,3537.38,588.81,-91.88,13,51,45
1,3829.38,1214.64,-890.95,9,55,88
1,4796.28,1897.31,-597.47,10,75,165
2,7211.97,4070.98,41372.6,86,101,249
3,5685.59,7121.77,6051.01,70,93,545
5,3624.43,545.568,-636.93,3,43,52
0,12369.5,60324,-7202,196,291,2825
5,3784.02,1400.64,-439.71,4,40,100
2,14621.1,102028,280092,45,283,3965
0,8880.52,19684,-1644,33,199,1117
4,7065.96,17229.4,-2141.9,11,128,1065
4,3477.19,698.086,190.51,7,31,53
3,9198.08,37549.1,-263.729,39,180,2054
2,12787.1,74150.8,-1675.54,42,249,3630
4,4469.69,1989.23,21515.1,112,66,166
3,6551.82,10328.8,-2023.75,21,109,689
5,15096,81257.8,2043.82,259,336,3302
4,5667.49,1133.03,-1201.8,8,57,76
4,25120.8,289032,-3137.18,292,537,8350
4,3446.76,672.923,115.55,3,31,53
1,7675.38,11160.4,-2381.8,22,121,622
3,5431.46,7755.79,-2021.7,13,99,583
0,17129.6,127159,-8312,61,339,4727
4,4564.1,752.606,-99.606,13,56,61
4,4086.98,6034.94,-646.29,7,68,481
3,6795.87,5315.5,-987.342,191,107,346
4,17076.1,159082,-7512.63,198,359,6068
3,11097.9,56297.6,-2069.21,171,209,2967
0,22043.5,236918,-6127,55,382,4631
5,15171.5,50236,2836.24,187,298,2196
5,8591.13,21607,-1178.67,128,145,1156
0,16982.6,131354,-9338,91,356,5122
4,22825.9,280167,5841.24,61,468,9276
0,12773,70843,-5725,29,210,2894
5,3479.11,1285.66,-506.708,5,40,100
5,4633.04,2837.16,-738.8,40,65,202
4,8478.43,23457,704087,131,154,1252
4,15477.2,156290,2228.8,104,310,6737
0,23902,495406,-17087,135,633,15518
4,16597.9,179843,23705300,79,367,7087
5,3683.2,384.918,855.53,15,54,28
0,5577.21,5402,-1431,10,90,371
2,6280.41,5375.53,-829.373,12,99,321
0,10873.6,35907,-3725,47,215,1695
3,7558.69,9269.14,-1218.28,98,138,554
3,8121.16,5330.75,-826.641,34,86,205
0,15023.9,162328,-5000,104,340,6860
5,4939.41,3105.36,-1609.4,16,70,205
1,5761.59,5200.64,-1601.5,17,99,372
4,21148,277599,15449.4,60,420,9137
4,4733.69,1041.96,-1012.8,21,66,101
4,4701.62,2162,567.22,26,75,165
0,11094.6,31372,-3698,28,207,1026
0,5928.1,11002,-2326,48,104,764
5,4273.8,1997.12,526.19,24,75,165
4,19104.8,158533,474311,166,359,6068
3,10109,31100.9,-1213.94,38,171,1747
2,10592.1,10487.5,-3107.39,101,154,587
4,7590.97,7449.21,-1295.79,67,109,486
4,7722.87,11408.3,-1234.68,154,111,651
2,4251.1,5947.24,-218.12,16,68,481
4,4638.02,6543.59,137.04,11,67,481
5,3739.94,445.519,-630.78,1,36,35
0,15177.6,192712,-9658,45,335,7450
0,8619.72,27877,-4100,13,166,1523
0,16602.2,215700,-9566,48,378,7708
4,6429.68,11489.8,-602.108,257,102,764
1,6075.1,5138,-1164,7,105,371
0,7191.13,7212,-3103,23,114,460
4,4092.08,1628.95,-890.27,8,61,134
5,4817.84,3057.49,-120.25,36,65,202
3,7343.95,9394.1,-1204.31,193,138,554
0,19808.4,275942,-11019,215,436,8996
3,4480.68,1015.27,-964.83,20,66,101
4,5091.94,2193.56,-1282.1,5,75,165
0,11726.2,86720,-6151,67,201,3535
5,11216.5,33347.8,-1651.52,62,171,1747
5,3794.65,496.91,-652.4,3,36,35
3,4367.6,2643.96,-1286.8,28,65,202
5,4870.7,544.039,391.53,26,65,35
3,7915.64,12235,-1207.24,212,105,765
0,9698.77,29895,-4613,64,174,1632
4,14656,96820.6,541.735,234,294,4249
0,37729,938123,-17535,159,720,23155
3,6218.83,4999.46,25.4093,13,96,347
1,6244.2,1621.41,-1182.81,37,71,103
0,11676.2,136734,-6461,35,271,5516
0,20334.3,136242,-6290,102,359,4922
3,6151.77,4126.92,-337.16,12,100,294
3,6275.22,3412.37,1206.9,30,101,206
5,12292.6,55110.6,-1589.68,26,215,2394
1,6420.02,1617.11,-841.737,34,71,103
2,15350.9,99731.9,-2849.02,39,281,3974
3,3976.22,1930.02,-1088.52,74,63,166
4,4172.12,659.021,-756.61,17,58,43
2,6312.55,5432.27,-1432.14,42,79,292
3,15896.7,157660,2862.8,96,310,6737
2,6948.01,3949.45,-1099.18,81,101,249
4,4529.36,2458.2,-860.62,27,63,184
0,33823.3,1386580,-13544,162,767,23369
0,6317.22,8617,-3164,36,113,615
4,9745.76,19883.4,1946550,205,157,1113
3,25083.1,253828,4091.58,283,537,8350
0,13954,133262,-7038,26,295,5632
4,6130.1,4087.79,-788.3,14,100,294
2,5733.21,2547.86,520.82,2,81,169
5,9902.07,36390.2,-3527.79,29,196,1997
4,7000.3,5629.76,-1399.87,42,78,292
0,6675.67,9544.47,-2419.25,28,118,621
1,3952.33,2049.25,-1371.6,3,63,184
5,4695.15,1551.82,-1350.7,7,70,131
0,8504.05,13863,-5049,105,149,807
3,15987.6,167936,-2541.76,50,320,6391
2,14820.2,136230,-3529.59,195,279,5626
4,8771.49,16629,-824.271,27,142,844
5,7021.85,5715.48,-775.085,65,108,369
2,22315.8,516168,-790.075,345,540,18067
5,7004.1,20864.3,9883.15,46,139,1108
4,13361.9,46943.8,-1962.47,179,273,2061
2,15373.1,99914.7,89.9284,124,281,3974
3,8434.45,8885.74,1926.5,37,144,553
2,6204.84,7992.01,-3534,4,106,549
5,8844.53,9902.37,2990.6,54,144,553
0,14701,113348,-5798,28,271,3061
2,15037,252471,-3396.46,104,346,7851
3,24129.1,279957,-10854.9,281,540,8870
3,6632.57,7267.93,1207,24,109,432
4,4396.39,6265.01,173.18,34,68,481
3,13138.7,94512.1,2290740,146,273,4429
0,12678.4,129029,-6523,32,282,5419
3,3640.69,1498.1,-573.041,6,40,100
3,8939.22,27458.3,222929,39,156,1364
0,7879.03,9384,-2787,80,129,585
1,5125.98,3760.26,-1038.43,120,85,269
3,11994.4,59849.4,-5441.84,35,247,2754
4,4314.41,6186.78,318.26,18,67,481
4,11534.4,41229.7,-1126.18,94,166,1414
0,13225.8,72614,-7054,39,252,2259
5,4339.67,2685.68,-183.33,39,65,202
5,7406.55,14432.9,-2119.97,166,119,931
0,6055.86,2513,-1663,14,72,132
3,4533.38,2543.33,-1058.2,20,65,202
4,4330.61,476.923,49.095,22,65,35
0,11462.1,81596,-7597,38,253,3709
4,11244.8,49077.4,-1195.96,16,190,2118
3,4305.96,2361.88,-1446.9,17,63,184
3,5618.59,2606.35,655.72,8,81,169
0,12736.7,75832,-5688,32,242,3060
5,9585.27,25329,12342.6,103,154,1252
0,12267.4,88963,-5225,27,277,4421
2,13842.6,99564.1,-3984.34,46,281,3974
1,6242.7,8378.84,-1923,11,100,551
3,8096.27,8975.48,2099.5,40,144,553
5,5522.21,1128.32,-1254.3,3,57,76
0,20669.6,294545,-11767,124,534,10401
0,6283.74,4491,-998,8,62,148
0,8203.24,13298,-3344,9,112,549
0,17123.5,241443,-15311,234,472,9004
0,8070.5,21314,-2858,22,145,1109
4,23003.3,282137,2891.02,75,468,9276
4,8336.92,20470.3,-440.767,120,163,1162
3,9376.62,27519.4,-1321.69,172,158,1403
0,3766.9,1264.57,-1000.34,3,51,102
4,9869.52,12488.2,588.4,22,152,693
0,22522.1,254052,-11569,86,474,8352
5,3387.17,666.334,216.76,6,31,53
2,6286.58,8071.92,-3520.7,10,106,549
4,9171.66,28795.1,222886,116,179,1626
5,7519.72,14286.4,-974.966,77,119,931
2,5472.14,4267.78,-711.788,17,79,317
2,10617.1,43447.6,52.1032,132,197,2257
4,13858.7,67679.8,3859.85,52,325,3143
5,4997.78,2182.45,635.62,21,75,165
5,4108.07,2409.69,-736.13,24,63,184
4,16674.1,158642,29811.5,194,359,6068
2,5194.3,2781.63,-1229.2,22,77,244
5,4392.22,1319.21,55.443,8,59,101
0,9366.48,16196,-3019,16,161,807
4,18063.4,197087,-5718.48,159,390,7459
3,10675.1,17921,-1311.1,144,140,850
3,4618.94,2229.76,-1359.1,13,71,188
5,9114.71,27037.8,585.934,170,158,1403
3,5642.01,7633.58,-577.89,11,99,583
0,21676.9,408626,-11500,66,412,10524
3,9726.58,26232.9,-119.228,152,174,1415
0,14915,173280,-6443,60,328,7107
1,4119.83,5765.1,-432.39,20,68,481
0,22276.8,312374,-12796,83,456,9968
3,4715.84,2195.65,-1262.2,9,71,188
1,7750.77,9515.01,-2794.2,15,135,587
4,5615.07,2594.23,523.27,8,81,169
3,19443.5,164584,827468000,167,352,6744
2,7664.72,9331.56,-1514.08,92,138,554
4,9193.26,21822.4,198.62,35,143,1203
0,18130.7,328024,-10699,69,420,12489
4,6095.87,4180.57,-626.48,17,100,294
2,7352.32,9577.27,53246.8,15,123,621
4,22272.3,279444,88.5454,308,468,9276
2,5767.14,4189.08,-988.116,85,88,318
1,3729.06,1504.16,-984.58,6,56,114
2,10211.8,50774.2,-4733.4,125,224,2192
2,8711.06,16468.4,10791.2,20,142,844
3,8159.19,8627.67,1514.9,36,144,553
0,23694.8,544513,-12586,161,597,14153
5,4091.81,2306.24,-1101.9,33,63,184
4,7903.32,13670.4,55.634,35,127,802
3,22429.5,413501,202464,73,473,14125
3,4020.51,2394.93,-1070.4,7,63,184
5,14966.3,48760.4,-174.66,141,298,2196
4,8606.7,21935.8,1112.2,36,143,1203
0,6679.7,11806,-3658,5,118,623
4,7148.86,17998.3,-2306.8,8,128,1065
4,3967.21,625.994,-629.01,21,58,43
5,3625.83,459.978,-713.28,1,36,35
3,5254.64,1008.03,-1567.9,6,57,76
0,14710,198080,-7237,85,336,7949
5,10696.4,29354.4,-3287.78,62,194,1521
3,9389.33,37963.6,-2435.05,40,180,2054
0,11277.1,46123,-5082,33,212,2122
5,14773.4,64325.5,-1531.96,176,233,2897
3,19228.1,231145,-12336.4,298,537,8350
4,9652.74,12630.1,-1007.23,122,136,619
4,13776.3,94547.3,97295.8,50,273,4429
0,8008.15,12458,-3366,24,169,695
0,12515.4,118096,-6188,23,263,4807
3,8273.23,12182.8,5665460,92,136,619
5,14254.2,71099.9,194077,56,325,3143
0,11321.9,59299,-5718,107,216,3123
2,8016.1,9714.74,-2837.18,188,135,587
4,9804.86,27057.2,5856.89,140,172,1412
3,14076.6,87447.4,461865,53,291,3799
3,4463.02,6578.97,-708.92,17,68,481
4,10088.7,39524.7,-1842.86,46,180,2054
3,12340.8,85364,453221,116,301,3369
0,11891.7,119400,-4885,29,266,5413
4,4401.86,1217.04,-393.06,10,55,88
3,5944.57,7556.65,-510.51,13,99,583
0,11246.3,52726,-8662,147,245,2602
3,15297.7,86958,573.077,99,301,3369
5,8293.74,25861.7,-915.769,40,155,1364
5,8530.71,20585.4,1402.03,116,145,1156
3,3795.08,487.157,-665.07,0,36,35
0,10696.9,48279,-6560,98,212,2460
0,8769.53,14427.9,-3734.98,22,167,850
0,10300.9,39557,-4979,23,184,1261
2,4245.22,2185.02,-944.027,20,54,165
3,7459.61,13954.6,1576.94,25,120,809
3,12533.8,71452.8,-809.726,158,262,3211
5,12551.4,32408.6,54.804,45,210,1213
5,6813.62,9727.49,1267.4,19,115,547
4,18431.2,159677,50324.2,197,359,6068
5,3867.64,412.544,1539.9,11,54,28
4,15460.1,88966.7,4178.1,80,289,3710
2,7605.89,8989.75,16.489,14,130,515
4,9275.53,11710.6,-2664.57,123,156,654
3,3671.01,484.365,-853.4,1,36,35
0,16661.6,256695,-8108,78,389,9131
0,10398.7,31181,-4022,57,198,1581
0,8649.42,21504,-3789,18,154,1201
0,12170.8,112477,-5962,30,294,5218
2,6014.32,5280.57,-1350.6,7,105,371
5,6401.56,22316,-160.315,82,128,1255
2,5409.65,2915.2,140110,26,77,244
2,5936.53,7666.13,-983.078,102,104,457
0,8425.05,18124,-2014,82,145,1067
4,9756.63,12582.9,-17.992,22,152,693
4,18547.2,157672,3423510000,95,359,6068
5,18613.6,200406,40068400,152,390,7459
3,6356.34,5117.27,-840.023,15,99,321
0,15957.5,75670,-8383,79,336,3138
5,9861.91,31226.6,433422,140,179,1626
3,4568.66,1103.68,-572.48,28,62,102
3,4235.3,1706.16,-591.22,7,61,134
0,14263.2,173087,-6572,59,301,7444
3,12604.1,80613.6,-6257.1,45,272,3539
0,14082.2,87127,-8126,67,312,3803
4,6765.33,7100.74,-2335.44,73,118,426
2,3922.07,752.774,-2117.2,13,54,64
4,10176.7,27920.8,-651.666,65,194,1521
5,5203.74,2660.59,-1236.4,14,67,186
0,9481.96,37692,-4468,18,188,1993
0,12452.8,70498,-7285,38,238,3292
0,8930.65,13167,-3287,31,151,769
0,14367.8,64045,-4067,32,256,2533
3,5134.86,3011.12,-2010.5,3,65,202
3,11918.3,50367.1,-2390.05,132,215,2188
4,12124.6,91710.7,-4827.56,217,254,3885
2,8872.71,16756.1,-1266.9,22,142,844
0,7959.24,23789,-2861,40,145,1358
3,20784.7,244568,-5635.24,274,540,8870
3,8868.6,13949.2,-669.444,109,148,729
5,3473.11,640.975,186.35,5,31,53
4,3349.69,701.98,252.13,5,31,53
4,8503.97,12210.7,256636,75,128,693
3,8936.95,34976.3,-1141.26,28,148,1919
5,3749.81,524.438,-572.77,5,43,52
4,17874.3,218017,129575,81,336,8195
2,20692.8,154471,-9892.77,341,449,5537
0,8139.72,12663,-2774,77,132,735
0,7035.37,12443,-2279,17,120,768
0,17121.7,85336,-7587,58,242,2125
0,16516.2,122916,-10382,147,381,4924
2,6916.69,12590.6,-1358.86,142,123,726
3,4201.91,1932.93,2891.67,72,63,166
1,3831.76,1203.22,-1201.1,9,55,88
4,7284.26,13963.9,-1284.46,103,120,809
0,18394.9,280847,-12312,58,463,10396
4,7878.97,26613.6,-2907.87,147,156,1521
2,13421.6,86342.5,-5206.08,55,291,3799
3,4514.89,2335.69,-1160.8,19,63,184
5,4930.93,1546.87,-1110.9,5,70,131
0,12738.1,58747,-7221,92,201,2528
0,13651.8,55979,-6808,361,275,2130
5,3962.47,390.989,1350.2,11,54,28
0,13462.9,99465,-5279,42,322,4251
5,9393.36,14035.3,-578.666,68,132,806
2,8574.18,13922.2,-2264.19,278,170,771
4,8651.67,24525.1,8408640,32,157,1519
3,4207.72,1685.11,-574.58,6,61,134
0,14399.7,178939,-5346,211,372,6983
3,5614.62,7645.66,-908.71,11,99,583
0,14632.1,128737,-6668.35,175,328,4524
4,12873.4,63274.3,6429,47,279,2979
3,15263.9,85403.7,501.667,97,301,3369
2,8471.89,4536.49,105214,37,131,271
2,8863.33,25152.4,-685.521,40,157,1519
3,5723.35,7561.82,-271.01,13,99,583
5,4506.84,2263.63,-657.42,12,61,184
3,3936.29,2080.55,-1959.5,3,63,184
0,9293.42,14120,-4559,24,213,736
2,15505,102150,-3293.49,125,283,3965
3,15831.9,137318,530.334,206,279,5626
2,8109.34,13340.9,-1291.17,115,170,771
4,9042.57,11827.7,-200.416,7,117,519
2,4447.67,2036.02,-435.72,8,75,165
4,7784.52,14356.7,-435.55,33,127,802
0,5515.73,5516,-1765,13,89,371
5,14765,81693.7,1895.74,141,320,3466
0,6991.69,7931,-3310,24,116,430
5,3810.99,511.776,-864.87,3,36,35
5,11304.9,60098.2,-1932.8,229,214,2600
2,7213.98,34609.8,-2893.26,80,148,1919
0,15324.3,175107,-7108,51,363,6979
5,4013.65,375.9,1237.5,7,54,28
2,11625.7,56521.7,-1575.6,25,209,2967
4,7014.64,7336.79,-957.749,22,95,427
4,3773.37,664.372,-130.61,9,58,43
5,14465.7,99689.8,1845.32,182,281,4061
2,4091.51,2257.88,-942.013,184,54,165
2,5273.48,3324.23,-1897,21,70,205
4,3488.14,696.189,223.59,4,31,53
2,7144.01,12570.9,-783.948,144,123,726
5,4143.13,490.202,534.88,22,65,35
4,22715.3,280788,779.932,312,468,9276
3,6199.84,7523.34,-1714.14,80,93,545
3,14966.8,83051.7,-3621.74,126,223,2059
4,12791.1,63080.9,4582.2,43,279,2979
2,12307.5,73589.5,-4537.7,26,249,3630
5,9272.7,11184.6,1870460,135,139,587
3,5756.06,4009.45,59.028,11,100,294
1,5502.49,4355.45,-1099.77,17,88,292
0,9212.04,20353,-5027,14,179,1116
0,15847.3,251160,-7825,105,387,10383
3,4196,714.425,-822.91,4,58,43
5,13127.4,62191.3,4021.9,66,279,2979
5,3383.57,668.179,222.77,5,31,53
3,6340.65,11744.9,-1556.95,18,105,765
2,3945.44,2085.51,-1855,4,63,184
0,13121.9,56199,-5313,147,245,2392
3,10930.9,38480.2,-667.216,34,205,1751
3,6893.99,11441.3,-873.391,129,111,651
3,15848.5,166101,-1954.4,46,320,6391
5,4441.52,6288.93,-271.88,24,68,481
3,13925.3,85355.1,24640,50,291,3799
1,7700.06,13268,-2840.5,2,125,694
4,9061.45,12203.8,1336.8,27,152,693
4,8127.89,20796,803.57,48,143,1203
4,9680.45,27496.3,-3937.19,66,194,1521
3,11526.5,53856.1,-3275.2,55,220,2461
4,5023.09,2180.56,-802.08,7,75,165
3,9602.93,10658.9,-3471.08,95,154,587
3,7597.02,11630.4,4550.97,115,128,693
2,3962.05,662.028,-547.81,17,58,43
4,8487.6,25996.6,-1626.15,29,156,1364
4,7401.26,13898.8,257.13,22,127,802
0,9796.62,43080,-3017,262,191,2254
0,11402.2,41014,-4423,42,233,1871
2,4414.83,520.77,125.37,19,65,35
0,4470.58,1600,-1309,6,58,134
4,19267,201709,-7167.46,160,390,7459
0,8003.87,6054,-2601,69,112,294
0,9398.74,20078.9,-2472.55,35,153,1021
0,6883.62,9535,-1855,24,125,590
0,11265.7,60754,-5331,138,232,2602
0,16139.8,100150,-6516,77,399,4359
0,3916.97,1228,-1243,7,53,102
0,16400.2,108034,-9850,101,365,4071
2,5970.74,8157.82,-3294.7,10,106,549
0,12368.6,89909,-6390,38,268,3555
5,4465.85,1176.43,-677.42,29,62,102
5,3681.5,689.643,52.5,5,31,53
3,8218.74,20874.1,-147.52,38,143,1203
2,13974,85519.6,498.768,51,291,3799
4,9421.89,10286,1782680,203,130,490
1,6216.52,6350.07,-2206,17,108,424
3,4853.7,2999.9,-944.194,105,67,224
0,11103.4,38392,-7588,67,231,1695
2,5436.8,4262.17,-1203.07,14,88,292
4,4290.17,2833.3,-225.38,24,65,202
4,12555.7,55473.1,1949900,152,218,2391
0,13227.2,85425,-7354,199,275,3711
3,4652.2,1014.62,-1117.2,24,66,101
1,5167.49,3330.49,-888.282,19,76,269
2,4397.09,2302.76,-857.79,7,63,184
3,8871.25,12213.2,-995.818,128,136,619
3,3233.62,669.848,277.34,5,31,53
4,3496.57,687.509,157.82,4,31,53
0,23580.4,292421,-12268,340,515,8866
1,6830.66,7811.83,-2943.5,11,117,427
3,12113.4,52590.4,-247.441,148,218,2391
5,9059.41,27635.7,-92.9957,94,166,1414
3,8720.29,25035.6,-1333.51,31,157,1519
5,4648.06,2907.07,-227.62,26,65,202
1,8104.06,13945.9,-2937.49,34,170,771
3,11902.9,54347.6,-3149.2,51,220,2461
3,8006.86,9511.97,-1055.66,89,138,554
5,3946.84,734.326,-1074.9,18,58,43
4,9940.91,27540.5,-1154.06,24,158,1403
0,30414.8,949582,-17615,190,660,24673
0,6840.49,9159,-2985,17,122,519
3,12121,54855.8,-2926.9,52,220,2461
5,5000.84,1426.94,-72.236,34,64,116
4,12719.1,63338.6,13581,40,279,2979
5,6863.48,2467.21,21.762,13,76,165
0,12554.4,84718,-7629,105,222,3622
2,5179.94,2913.35,971.942,100,67,224
4,7089.66,7523.27,261.93,26,109,432
3,6229.53,3496.42,373.19,18,101,206
0,14097.2,74090,-10355,140,325,3223
5,4477.07,2336.47,-979.15,17,63,184
4,4376.89,6533.61,84.86,24,68,481
3,6940.47,11327.9,-167.371,150,111,651
0,9504.03,42090,-6041,71,263,1997
0,10123.5,21296,-4017,76,139,889
1,5151.92,2785.03,-1615.31,117,77,244
5,5190.66,9337.32,3149.47,24,98,651
4,4044.52,663.84,-143.76,17,58,43
2,20728.3,174330,-5135.07,337,449,5537
5,12853.6,94147.1,-5110.98,232,254,3885
5,4383.29,394.166,992.28,16,54,28
3,8897.46,25385.8,-1212.92,33,157,1519
0,21171,284271,-10838,48,415,8852
5,3542.37,466.252,-806.45,3,36,35
0,9691.76,14793,-5486,131,179,815
4,18513.8,158007,2977210,163,359,6068
3,4028.4,5964.94,-170.51,18,68,481
4,15546.3,156294,3992.3,111,310,6737
5,5681.78,1033.04,-1352.9,8,57,76
0,8506.9,14673,-3019,44,150,811
4,7846.28,14183,-280.37,27,127,802
5,11235.7,23253.9,-732.07,117,182,1212
3,3933.35,685.45,-274.54,23,58,43
0,21245.6,278356,-10419,74,461,9551
0,11521,63953,-7046,11,220,2395
4,9856.65,53747.5,782021000,121,217,2904
4,12249.4,55267.1,-1779.5,53,220,2461
0,7277.08,6777.61,-1774.63,37,104,427
4,3755.89,549.165,-544.63,5,43,52
3,12921.6,49574.4,-3327.45,221,262,2394
5,17192.5,152338,56648600,244,335,5845
0,20721.5,363348,-9546,113,475,11873
5,3583.39,574.722,-427.37,15,43,52
0,8049,15594,-4192,28,140,771
2,4214.47,2353.17,-547.68,9,63,184
4,11551.2,50352.7,-1868.94,131,224,2192
4,9133.87,13579.3,-1081.42,18,148,729
4,9875.26,26181.6,-755.613,37,174,1415
3,12980.2,78648,2239,64,272,3539
1,8045.51,13827,-2385.44,277,170,771
4,9726.79,17501.4,-1884.43,33,172,973
4,11686.7,31376.3,11428.5,88,166,1414
0,6896.34,9540,-2352,41,115,582
3,4769.09,2261.63,-1362.7,14,71,188
4,3361.79,699.317,-211.35,3,31,53
5,6656.33,22516.7,-2216.44,84,128,1255
0,13667.9,68134,-4419,72,238,2609
0,9594.25,26122,-5641,60,168,1463
2,10754.8,43884,-1325.66,139,197,2257
4,6711.41,7150.28,360054,60,90,405
4,9592.1,32863.7,6142.57,110,176,1922
4,6023.33,4043.31,393.91,26,100,294
2,3915.97,2146.44,-973.627,20,54,165
5,5215.56,3331.09,-285.921,15,77,244
4,3371.17,687.174,115.27,3,31,53
5,4074.72,487.633,643.02,24,65,35
4,10847,47120,242748,69,190,2118
4,10012.7,12169,134263,36,136,619
3,5212.83,2975.81,-668.646,106,77,205
2,4188.39,416.756,750.4,5,54,28
0,16448.7,322709,-9759,63,452,11273
0,4286.17,975.284,-1178.9,2,55,88
0,7160.39,10198,-3190,23,145,589
5,10374.3,26929.3,-1263.52,138,172,1412
5,9870.27,40408.8,-897.519,105,207,1995
5,4526.63,602.709,-567.54,17,58,43
1,6486.52,8158.07,-1171,14,108,549
2,7088.21,8836.02,207694,123,95,543
2,15280.6,99791.8,-1214.7,42,281,3974
0,6305.26,4342,-2608,17,100,270
4,15060.4,79188.2,586037,286,320,3466
4,5802.25,3728.32,-739.627,24,51,132
4,15609.4,156506,1316.3,102,310,6737
5,10997.4,41856,-1794.6,62,180,2054
4,10034.2,26358.8,-1131.43,24,158,1403
0,4306.35,3184.51,-1641.6,8,62,245
4,9626.08,40151,509.695,225,159,2181
4,9744.61,26219.8,-2122.37,38,174,1415
2,4384.88,2727.36,-1244.5,18,65,202
5,13041.6,61584.6,368400,208,214,2600
3,8302.45,4625.94,195030,96,131,271
0,11593.5,55459,-5079,46,243,2605
3,14473.8,71465.3,-1063.85,104,224,2192
4,5719.16,1056.13,-1468,7,57,76
1,6938.25,7799.75,-2769,11,117,427
2,16275.9,161392,-3737.19,249,352,6744
0,18127.6,206348,-7679,143,383,6080
4,15697.6,261372,-7499.73,113,346,7851
4,6437.9,10888.7,322.634,16,102,764
4,12846.8,94835.4,648141,186,273,4429
0,5828.06,5908,-2432,16,101,398
0,10644.1,22722,-3294,33,209,1115
4,6587.05,10185.6,4066.42,33,101,584
3,4195.19,2597.34,-728.71,6,65,202
3,3749.51,471.963,-705.98,0,36,35
3,5820.8,7117.67,-1046.08,10,93,545
1,5829.43,1707.88,-1143.17,45,71,103
5,10893.7,36680.7,-1380.04,31,205,1751
5,3507.43,657.925,282.95,4,31,53
2,6979.6,5241.15,7547.6,51,79,292
0,12084,57667,-5223,39,218,2675
5,10794.8,57953.5,8873640000,243,217,2904
2,11303.4,56116.5,-1588.53,179,209,2967
2,8687.48,19949.9,-1102.15,166,163,1162
0,16818.1,159161,-9435,94,381,6293
4,11276.5,39647.6,352.037,32,205,1751
3,14297.9,77552.7,3902.08,82,320,3466
2,3926.69,768.764,-2251.9,13,54,64
1,3876.42,768.158,-2463.9,9,54,64
5,15143.9,87268.7,5375.5,76,289,3710
4,4417.98,2212.61,-721.48,6,61,184
2,5806.99,4298.05,-903.962,259,88,318
2,4761.33,2264.76,-1340.4,11,71,188
0,11037.7,29559,-5554,30,256,1419
1,6004.96,5256.95,-2096,21,88,370
5,5300.46,2063.97,-1676.2,8,77,165
2,4961.78,3042.19,-843.949,107,67,224
3,9191.65,28669.5,-1911.1,136,179,1626
5,6830.04,6529.04,-885.799,88,95,372
2,15648.4,166231,-476.363,46,320,6391
0,5948.03,6586,-2842,49,109,398
5,10999.7,34897.6,-3215.9,96,176,1922
2,8924.63,20178.3,17711.4,113,163,1162
2,8099.97,33660.1,-2446.27,24,148,1919
0,18112.1,219938,-11279,80,380,7226
4,5038.08,2282.76,1368.5,22,75,165
3,7424.96,9193.9,-2159.15,85,138,554
3,8218.75,10236.6,-2076.66,208,130,490
5,5819.66,3003.96,-905.93,5,65,202
2,9410.62,17515,-2695.68,264,183,931
1,5120.65,3721.28,-349.84,21,82,289
0,11357.4,51813,-3882,44,195,1997
5,8883.99,21712.6,4019350,119,139,1108
3,11728.3,33767.8,2530.2,46,210,1213
2,6265.83,4177.18,-1429.72,80,88,318
2,5442.31,3594.49,35740.4,61,85,269
5,9784.66,10565.4,737.257,256,154,557
4,7214.09,7229.19,-1397.97,57,109,486
3,9946.2,40051.3,50.4029,113,207,1995
4,7763.22,11699.9,625.331,94,114,689
4,9759.5,27193.6,-1809.73,90,158,1403
2,10144.5,35574.1,-1746.7,23,208,1691
1,3975.32,1227.71,-860.51,9,55,88
4,3381.37,677.121,149.53,4,31,53
2,8032.47,32991.5,866.959,20,148,1919
4,4302.85,2472.48,-1324.1,16,65,202
3,14833,96281.5,-2615.25,48,294,4249
1,3968.71,2060.3,-1420.3,3,63,184
3,25379.3,275442,2927.35,282,537,8350
3,4519.67,2061.59,-908.936,6,63,166
3,12614,77944.5,-1069.69,63,272,3539
0,12921.2,95238,-5962.08,192,273,4429
0,12022.3,70442,-5428,187,242,3209
4,6669.9,4355.05,-289.37,18,100,294
0,16276.5,293877,-8702,241,402,11270
3,12998.8,60444,-2544.38,28,247,2754
0,11050.2,47893,-6782,31,213,2255
3,9556.66,39280.7,320.7,69,196,1885
5,7364.4,13954.3,476.18,32,127,802
4,5343.34,4385.53,-1435.87,19,85,343
3,7831.06,12711,-1384.26,24,123,726
0,12441.9,86540,-6083,71,275,4067
4,11894.2,32396,-1382.52,115,203,1580
2,6442.8,5165.13,1004980,11,99,321
0,8396.79,17259.1,-3082.89,21,142,844
1,3940.22,1197.85,-746.63,10,55,88
4,11971.9,71392,-862.627,173,262,3211
2,3817.94,1430.1,-728.635,160,52,133
0,11215,50006,-5919,55,194,2457
1,3990.26,1189.34,-188.93,2,59,101
1,3874.14,2080.61,-1486.7,4,63,184
5,7999.52,9959.13,-1957.76,85,123,621
0,6665.57,10377,-2538,72,117,727
0,5469.46,4589,-2304,3,75,316
5,4339.08,539.613,-99.685,29,65,35
3,7021.36,13249.4,-984.392,18,96,804
4,3768.3,624.932,-478.75,14,58,43
2,3673.83,404.074,541.32,5,54,28
5,9895.34,25767.8,-2475.33,234,154,1252
3,9018.7,29088.9,-3348.23,135,179,1626
5,5895.66,1106.34,-1923.1,6,57,76
1,6762.14,17125.5,-2355,7,128,1065
4,7704.48,9426.72,-2579.1,86,138,554
5,4141.42,6461.24,-14.821,32,68,481
0,10827.5,53313,-5463,117,233,2391
3,10511.3,26442.3,-2140.24,151,172,1412
3,14911.3,89653,-1892.66,208,254,3973
2,9494.88,10095.3,-2804.57,107,154,587
5,7485.92,12702.3,-1077.9,114,130,694
4,5614.13,7267.33,29.5526,97,104,457
0,13873,162182,-8064,192,289,6171
2,8129.93,32981.8,-531.364,22,148,1919
3,8524.48,21875.3,336.47,37,143,1203
3,4379.44,530.756,445.21,22,65,35
3,8745.78,30168.9,-1848.26,50,132,1513
3,8300.61,14588,-2285.12,105,140,845
2,5541.24,4243.91,-1365.74,18,88,292
2,6950.01,3992.92,-908.803,86,101,249
1,5128.97,3122.13,-2464.6,4,65,202
4,9469.12,26447,-339.259,162,174,1415
5,7153.72,17190.5,-1420.8,17,125,1014
4,11152.5,39754.3,-530.336,198,193,2118
1,3869.85,1213.53,-598.83,9,55,88
2,4286.43,2322.23,-1387.6,19,63,184
0,6679.62,4315.8,-1399.3,20,100,294
0,13322.2,90974,-8292,12,229,2755
5,9869.94,20545.2,-2654.75,32,157,1113
5,9556,17301.1,-2453.51,151,172,973
3,9757.37,38660.6,724.553,77,196,1885
5,4708.08,2081.32,-28.661,36,75,165
4,4217.27,502.649,385.45,23,65,35
2,3629.33,2241.85,-1717.7,5,63,184
2,4564.85,2734.02,-1222.8,21,65,202
5,4309.44,540.705,511.85,24,65,35
2,4314.37,536.628,134.58,24,65,35
3,13889.9,141937,-956.771,46,308,6057
3,12042.1,53223.7,-3110.54,156,218,2391
4,12456.8,61537.2,192213,179,223,2822
1,4011.65,767.216,-2127.3,9,54,64
3,7016.86,5271.79,-1080.12,198,107,346
5,6438.45,1881.28,-1075.78,14,84,136
4,5954.19,11515.4,747.252,29,102,764
2,12903.8,36770,-3107.93,123,234,1581
2,8379.86,10607.7,135414,213,139,587
3,4677.26,2285.53,-1217,11,71,188
1,3889.06,2057.32,-1445.6,3,63,184
0,17569.8,122933,-6499,76,365,4729
5,4824.97,1101.85,-262.34,15,62,100
4,5611.16,2159.14,343.19,20,75,165
3,9739.85,24544.9,-1149.2,38,177,1313
0,6119.04,7855.05,-2335.8,24,102,517
4,4697.36,1631.67,-1542.3,6,70,131
0,7182.97,11307,-1738,25,127,694
1,3981.16,1569.49,-997.32,9,61,134
5,6657.09,5924.34,-1562.78,8,95,372
4,6613.57,4262.06,-785.95,19,100,294
4,9942.52,17099.7,-2368.2,154,172,973
0,6958.14,15573,-3385,22,121,1020
5,21073.4,274955,1897.68,327,420,9137
2,11223.4,73683.3,-5009.79,37,249,3630
3,9016.42,12238.6,-574.406,64,128,693
4,4455.38,2437.88,-1068.8,27,63,184
5,4670.71,2033.57,411.91,27,75,165
3,10025.5,38645.1,11311.6,27,193,2118
3,12857,52380.4,-3915.24,129,215,2188
4,7483.49,10115.6,-1922.25,90,123,621
2,13805.2,96929,-3590.66,39,281,3974
4,9233.41,28017.1,-4341.74,55,194,1521
4,3335.5,642.915,59.37,7,31,53
4,4866.29,1648.25,-1349.5,6,70,131
3,8085.86,11998.9,-1683.18,120,128,693
3,5555.51,6939.25,-658.683,12,93,545
0,12838.8,89600,-8601,31,289,3546
3,15498.1,156042,2968.1,99,310,6737
5,5576.74,3223.12,-1926.03,45,86,205
4,21640.6,346890,-263.31,265,440,10967
0,8166.11,26558,-3779,36,160,1518
0,19836.2,291612,-8448,32,390,8600
3,5863.74,3574.81,-811.576,120,85,269
5,11972.3,19879.1,2554.36,37,167,973
0,13867.9,173307,-6335,66,348,6737
4,4648.91,3294.57,-306.166,158,71,249
2,4260.85,2665.86,-1074,23,65,202
1,5044.92,4259.9,-1777.2,13,88,292
1,11317.7,68546.9,-2446.83,50,247,3373
5,4317.28,638.141,-591.23,16,58,43
5,5626.23,6893.2,-893.093,102,80,395
1,8489.43,15640.9,-2885.7,30,141,932
4,15197.2,261640,-7646.26,100,346,7851
5,12821.2,60361.8,-4521.22,161,223,2822
2,8521.8,10518.8,-2080.48,18,139,587
0,24427.9,385447,-13190,286,520,10987
0,12829.9,187994,-8816,147,294,7952
4,17892.1,158976,921.625,213,359,6068
4,4404.81,2026.1,327.52,19,75,165
5,11678.5,60127.5,646187000,243,217,2904
5,14289.2,103927,-795.425,184,273,4429
4,8045.99,8730,1136.8,32,144,553
4,11539.1,47134.5,-1745.35,18,190,2118
2,14344.1,89478.3,175670,207,254,3973
0,7104.82,9583,-2042,21,130,585
4,7619.86,15570.2,-2807.7,80,134,970
0,8595.6,15001,-2758,23,145,891
3,23800.5,266221,-3702.63,296,540,8870
2,5940.5,11283.7,189308,17,102,764
0,6996.4,10868,-1166,14,100,656
0,11271.3,27284,-5604,39,204,1309
5,14094,133911,-2199.44,171,248,5018
3,12124.5,33347.4,3841.5,48,210,1213
0,12503.2,54103,-5672,83,199,2186
1,4441.07,3105.4,-1098.3,9,62,245
5,4355.93,2493.71,-740.08,24,63,184
5,8347.99,8840.02,1091.6,36,144,553
5,5608,2658.58,706.3,3,81,169
5,4055.8,637.82,-936.12,16,58,43
1,4487.33,1782.98,-490.97,8,66,164
3,4662.76,2229.6,-1484.3,12,71,188
4,6095.09,5042.46,-788.473,114,96,347
0,10844.1,38368,-6204,129,211,1809
2,3671.56,371.293,668.13,17,54,28
0,11146.1,49899,-5125,147,225,2251
4,8659.24,20801.9,-3534.18,171,163,1162
2,5754.51,7531.91,2712.67,103,104,457
4,6977.2,5675.11,-985.79,9,99,321
5,5182.86,2576.52,-833.14,11,65,202
5,10237.5,33967.8,14897.4,45,176,1922
4,7121.49,13914.2,-1376.15,32,120,809
4,9814.19,36674.7,-1518.12,26,196,1997
3,9917.6,29836,-1342.18,47,171,1747
3,5933.32,7576.47,-753.67,18,99,583
2,17112.5,163709,-3430.44,219,352,6744
5,4298.29,541.331,553.54,23,65,35
4,21875.5,406247,1956.18,59,473,14125
4,3494.75,704.119,-179.23,3,31,53
3,4538.27,2049.1,-682.677,189,63,166
1,11275.8,41732.2,11318.1,156,227,2059
5,4177.84,6570.01,669.53,25,68,481
3,4005.39,372.266,932.1,15,54,28
1,7949.95,12857.4,-2547.67,77,132,806
4,23072.3,281919,1262.47,308,468,9276
3,8654.22,14691.5,-1191.29,102,140,845
4,3339.15,650.866,-14.478,6,31,53
5,3459.46,563.834,-630.42,14,43,52
0,24626.8,566239,-10187,177,533,12198
4,14769,155900,1915.1,112,310,6737
2,7198.18,5709.92,-1038.78,42,79,292
5,4557.59,6336.97,-565.16,14,68,481
3,10751.4,37869.5,-3862.46,32,205,1751
5,4179.12,6330.26,-48.639,36,68,481
1,6870.39,12392.1,-907.573,7,123,726
2,12052.1,37899.4,4414.04,27,235,1818
4,12103.4,28594,323.16,47,178,1410
4,12979.5,57935.1,-4518.43,124,224,2192
4,23333.2,284119,-12715.7,302,540,8870
3,3311.67,598.719,-488.36,19,51,45
3,14013.6,136992,-1752.75,209,279,5626
1,5683.15,4800.58,-1228.56,18,85,343
5,8788,17243.8,-649.397,20,142,844
2,15108.6,99874.4,-2699.82,39,281,3974
3,10259.8,24723.7,44011,32,177,1313
1,5533.87,2000.32,-1037.7,8,77,165
0,7804.95,12759,-2981,34,160,770
1,8037.11,9445.97,-2055.05,17,135,587
3,5021.82,4383.61,-984.39,87,72,340
5,6474.56,4148.65,-529.3,74,88,270
4,5107.33,2177.67,-766.38,3,75,165
0,18988.1,180356,-16440,240,478,6410
4,9545.74,26700.8,-358.949,138,158,1403
3,7643.24,9520.88,-2406.33,98,123,621
0,5370.74,1847.68,-1537.9,1,70,131
4,3490.17,697.257,468.23,6,31,53
3,11545,56395.9,1960.84,28,209,2967
0,19388.2,252520,-8433,53,353,7830
0,8198.62,10114,-2249,52,115,486
0,8355.73,21771,-3423,73,156,1211
0,9922.84,34495,-5973,130,190,1990
4,7936.7,4634.86,299512,95,131,271
3,6674.27,3810.6,113700,19,101,206
2,9162.69,9795.36,12818800,14,135,587
5,7415.65,11342.7,65138600,85,114,689
2,6000.15,5287.87,-652.72,8,105,371
0,9722.15,23808,-4350,23,237,1214
2,8582.22,18330.8,-4563.5,16,146,891
5,3461.98,571.72,-190.75,15,43,52
4,8306.6,13299.4,132006,118,170,771
5,16835.8,170433,10682.8,224,403,6746
5,4945.26,1152.08,-616.84,10,62,100
4,6681.31,7395.93,666.24,24,109,432
1,5271.46,4310.01,-1709.14,16,88,292
0,13793.3,101543,-9117,50,307,4536
1,4196.05,1324.9,-1139.4,1,57,129
1,3928.46,1567.43,-1028.9,9,61,134
4,8192.31,20441.9,-3605.32,108,163,1162
2,10784.4,44218.4,-2519.33,27,197,2257
3,6053.44,5066.74,-1032.51,113,96,347
3,9034.85,28128.2,-2609.77,95,156,1521
2,4345.38,2311.18,-622.24,11,63,184
0,4614.18,2645.81,-834.35,10,72,205
3,8315.78,20595.1,493.23,35,143,1203
2,3786.52,1404.32,-525.173,31,40,100
5,3406.86,672.363,204.89,3,31,53
4,6391.48,11647.5,-896.295,246,102,764
5,5998.82,2773.61,-742.48,8,65,202
0,8479,8937,-4661,66,139,457
3,20698,248377,-11965,275,537,8350
4,6225.08,1084.13,-1664.6,6,57,76
3,3415.03,664.154,113.17,3,31,53
3,3585.61,2128.64,-449.347,6,43,161
3,9531.69,24385.5,3603510,42,177,1313
0,6272.35,5774,-1963,62,89,399
3,14843.5,80013,-3943.29,126,223,2059
3,16334.4,136706,7739210,197,279,5626
0,5236.42,4737,-1805,5,51,184
5,8542.92,10659.8,-718.071,26,139,587
0,15652.6,124333,-7709,44,322,5217
4,4720.68,2687.84,-357.8,24,65,202
5,3763.26,419.844,1008.6,13,54,28
3,12723.5,61063.9,-581.979,35,247,2754
2,22678.2,514645,-1812.6,361,540,18067
5,4864.51,744.232,-840.43,5,58,43
5,3553.25,591.441,-506.41,13,43,52
4,10141.5,13970.7,11657.9,96,143,771
5,8134.91,16751.3,-1080.77,54,134,970
3,9625.7,30879.5,-1024.32,40,171,1747
0,9228.17,54961,-4459,6,146,2311
5,12901.9,63205.2,-323.702,116,224,2192
2,3856.14,1986.45,-300.401,5,43,161
0,8665.47,11544,-3663,59,127,653
0,11172.8,37930,-4017,51,212,1934
3,4534.06,2001.16,-1186.87,114,66,166
1,11506.2,68873.6,-2491.84,191,247,3373
4,12611.1,54580.4,-2629.3,57,220,2461
4,4618.58,2014.85,562.57,18,75,165
3,4588.61,1052.63,-302.51,28,62,102
0,6277.83,8489.3,-1450.26,91,87,483
4,9177.06,11323.5,4605.47,52,156,654
4,9679.41,25847.3,-1939.92,132,172,1412
1,5823.06,4325.84,-1451.4,17,90,0
3,8032.1,12342.3,-2942.79,25,136,619
0,14405.8,73996,-3841,40,303,2901
5,9587.41,11931.6,-3225.26,68,156,654
5,11790.7,32817.7,-1849.59,157,203,1580
5,10457.7,23641.2,-1451.71,36,176,1313
0,7669.23,7378,-2593,8,128,399
5,9304.82,40393.4,-155.752,118,207,1995
3,14728.9,66310.8,-177.199,109,224,2192
5,4253.62,6215.79,-361.74,28,68,481
4,3675.1,430.273,-817.76,2,36,35
1,6214.8,4335.71,-1030.4,14,106,318
0,9141.66,16149,-2614,18,155,845
4,7636.27,15908.3,-2794.77,76,134,970
4,13425.2,61383.7,24967.8,295,233,2897
3,4387.3,6429.93,-87.781,33,68,481
5,14009.7,64119.4,-3532.8,181,223,2822
5,4924.66,6065.85,-36.877,21,68,481
4,7649.64,14088.7,573.72,13,127,802
3,14089.2,142701,-5870.06,319,308,6057
0,8695.58,13832,-5930,12,158,733
5,9685.35,22243.4,-1923.41,82,139,1108
4,9636.97,27202.4,4888.99,76,166,1414
5,7809.12,9083.53,3350.1,46,144,553
4,10239.3,37067.6,433258,32,205,1751
5,7534.22,12762.2,906.069,69,132,806
4,14807.2,157055,1642.1,118,310,6737
3,4712.9,2253.03,-1287.6,11,71,188
5,7407.08,6675.18,-300.331,162,108,428
4,12997.9,63036.8,-771.346,297,233,2897
2,11080.2,38338.4,-3226.41,35,235,1818
0,6843.7,16251,-3496,177,121,928
0,12672.6,69793,-8708,79,267,3214
0,16827.2,106979,-9409,55,357,4346
1,3791.41,1222.2,57.276,9,55,88
0,6803.97,10427,-2635,19,117,618
2,8353.51,12052,-1705.18,61,128,693
3,15628.8,88282.2,-800.795,89,301,3369
4,10597.5,45800.1,-1530.93,119,197,2257
1,5279.55,3347.14,-2035.6,21,70,205
3,5146.6,2239.47,-67.156,17,75,165
0,6831.85,14129,-3031,15,118,972
3,3357.16,675.264,56.84,4,31,53
5,6820.89,6438.15,-1036,33,99,372
3,6143.61,13078,-877.35,18,103,883
2,6586.2,5243.29,239243,55,79,292
5,7854.81,11632.8,168509,213,114,689
4,7003.65,7415.16,852.09,23,109,432
5,3495.1,707.926,372.8,6,31,53
5,6743.52,4139.68,-767.481,16,101,270
3,14847.4,85884.2,113.537,95,301,3369
5,4095.28,6228.6,-159.23,16,68,481
4,4861.27,4127.65,70.7928,9,72,340
0,12923.8,141705,-7808,50,300,6284
3,6567.32,10515.8,-2088.73,23,109,689
4,3742.55,520.962,-1002.2,2,36,35
0,16006.4,118469,-7085,174,370,4730
3,13491.8,78991.2,-2634.26,158,320,3466
2,11785.4,33523,2440.4,47,210,1213
4,14410.4,79233.2,1012.67,157,320,3466
4,7910.22,11520.3,49383.6,212,114,689
5,3802.32,439.108,-721.2,1,36,35
3,4463.45,2031.29,-41.0785,6,63,166
0,11782.4,24609,-4259,143,197,1212
1,4988.69,3040.26,-2278.5,4,65,202
1,5738.05,12751.7,-1850.8,18,103,883
0,16243.4,121704,-4862,19,283,2543
1,5090.59,1812.6,-1395.7,2,70,131
5,10601.4,44422.5,2405.4,214,159,2181
0,10721,43708,-5055,14,208,2188
3,4731.92,1933.7,6949100,197,63,166
5,4489.4,526.405,-142.63,23,65,35
5,5697.66,1113.85,-1243.5,2,57,76
2,15694.1,162964,-7358.3,194,352,6744
5,5216.9,2918.61,-1558.9,11,72,205
2,22149.9,350784,661278,280,440,10967
4,4874.8,1610.36,-1223.4,6,70,131
3,6958.08,12050.2,-1007.96,10,105,765
2,3928.36,2140.74,-633.77,8,63,184
4,11545,60319.1,-1614.39,216,214,2600
0,27127.7,747880,-11468,95,551,17887
4,9861.62,25849.3,-618.232,29,174,1415
0,26583.3,309356,-15417,114,585,9559
5,21338,276786,1.97007,288,420,9137
3,4202.89,780.274,-1903.5,13,54,64
4,11566.2,53824.5,-1598.31,183,209,2534
4,9701.06,40295,-3120.04,64,196,1885
5,5053.75,2866.62,-914.69,32,63,184
4,13394.4,60238.6,-3828.26,183,223,2822
0,11624,92106,-5656,40,236,4059
4,9802.38,25950.3,-2070.74,24,174,1415
2,13645.3,134916,-3223.34,208,279,5626
3,7649.26,10786.6,-445.451,219,101,584
5,12857.1,83182.7,-4622.45,77,252,3882
0,19469.2,227529,-8675,215,429,6760
4,8458.24,8875.08,2431.8,33,144,553
3,12088.8,28496.9,-731.79,36,178,1410
2,5408.58,3470.91,-758.759,115,51,132
3,6779.48,9117.09,81676.2,131,95,543
2,4374.33,2580.01,-771.07,17,65,202
3,9088.79,25322,224254,27,157,1519
3,5124.87,2998.73,-1884.4,3,65,202
4,4512.8,6755.38,-319.31,28,68,481
5,6691.93,3598.39,523.82,25,101,206
5,4494.34,2267.27,-859.58,6,61,184
4,8272.03,21352.3,1012.2,38,143,1203
4,4365.95,1243.1,-991.76,15,59,101
2,4533.79,524.768,-114.12,23,65,35
3,12157.5,36727.3,441094,8,225,1755
1,7033.94,4495.52,-2235.3,10,110,294
1,5882.71,4734.02,-787.329,18,85,343
5,3778.93,473.01,-674.49,3,36,35
5,8207.36,14978.4,-641.014,98,140,845
2,6309.66,5295.45,-1353.63,7,99,321
2,14031.9,135859,-2086.97,206,279,5626
4,12608.3,37940.5,-1479.95,150,225,1755
4,11228.1,39556.8,-935.024,28,193,2118
4,10955,27047.9,-2255.75,55,214,1469
4,4742.57,6894.69,133.35,24,68,481
4,9443.99,30629.4,337827,141,179,1626
3,5095.51,3200.21,332910,157,71,249
0,8150.71,8903,-2398,11,144,554
0,17099.2,136494,-10925,82,418,5223
3,4602.2,2691.01,-351.6,22,65,202
3,4416.88,1036.6,-446.2,27,62,102
4,6715.13,7093.42,207907,77,118,426
4,4463.09,2477.85,-651.09,13,63,184
4,3789.48,539.564,-693.8,5,43,52
3,4181.07,1690.51,-486.78,4,61,134
2,15641.6,90943.4,159859000,280,254,3973
5,3685.71,558.966,-274.28,17,43,52
5,8120.02,16385,387818000,158,133,890
0,7334.48,11451,-3473,35,122,730
2,7554.86,12523.8,-716.651,136,123,726
0,19217.4,205811,-10695,61,390,6741
3,14014.2,141347,-540.672,265,308,6057
2,4331.99,5830.41,-46.822,18,68,481
5,4363.91,2799.73,-397.01,18,65,202
4,4582.8,2614.43,-817.08,28,63,184
3,14443.2,91834.2,-2800.51,225,254,3885
3,9010.48,12166.2,-814.657,125,136,619
4,5208.83,2831.41,-158.08,11,72,205
0,10957.4,15688,-2751,69,144,697
0,8746.07,17877,-4436,60,145,968
4,9539.96,27295.7,-1129.97,174,158,1403
4,3496.46,540.372,-445.38,5,43,52
0,18279.6,206970,-8591,282,350,6633
4,4325.39,643.465,-934.76,16,58,43
0,9351.51,22154,-3062,23,127,973
3,4371.21,6276.2,-228.53,21,68,481
2,12083.4,73304.2,-4673.37,33,249,3630
0,9890,17482,-2680,24,137,886
2,16436.4,161412,-1838.96,221,352,6744
5,4715.16,1738.32,216.19,14,61,116
2,4480.21,2088.91,506.52,10,75,165
2,12014.8,54540.6,-3069.9,44,220,2461
2,12581.1,49348,-2888.07,34,262,2394
5,5048.95,2953.09,-838.01,10,72,205
3,15139.2,90833.2,-3691.88,131,223,2059
4,4417.3,997.288,-682.53,16,55,88
0,8570.87,39809,-3428,30,171,2184
2,16096.8,164435,-7940.58,216,352,6744
4,3320.62,667.584,53.226,3,31,53
5,14197.3,94748.1,-5073.72,236,254,3885
0,14747.5,86891,-3507,49,305,3221
4,4559.16,6019.2,643.94,15,67,481
3,4194.56,526.423,15.026,22,65,35
0,20518.1,377744,-13820,100,483,12829
4,11308.9,45343.2,1881.47,140,215,2188
3,8950.88,39562.6,-3938.48,75,196,1885
4,20434.1,258287,-11966.7,287,540,8870
1,3746.57,399.517,435.64,7,54,28
1,3795.75,1180.1,-915.29,8,55,88
2,15377.2,166392,-5319.72,49,320,6391
3,3511.15,695.48,269.77,2,31,53
0,12445.6,80724,-6302,143,266,3627
2,6340.12,3518.47,114.04,17,101,206
5,17761.9,84880.5,1574,79,340,3632
0,22892.3,222066,-11301,209,426,7838
3,5781.25,2538.09,333.96,11,81,169
5,12243.3,79012.1,291.427,37,252,3882
1,3787.7,1212.85,-804.03,9,55,88
1,5486.91,4740.29,-303.673,21,85,343
0,11531.3,45643,-6339.66,150,273,2061
5,4581.07,545.303,114.95,23,65,35
4,4190.82,3035.82,-479.83,30,65,202
4,9457.11,36538.1,-4076.58,29,196,1997
1,3218.35,571.267,-608.76,3,51,45
0,5684.12,875,-937,10,73,64
4,5526.45,1115.11,-1052.1,6,57,76
1,4771.77,2836.08,-1201.9,120,77,244
0,16375.7,91296,-6837,70,305,3140
5,4634.78,1504.75,-1030.7,6,70,131
0,16649,180424,-10480,50,356,6857
3,9210.27,16938,-1397.66,25,142,844
5,8995.02,16482.2,49190.8,49,160,976
4,3545.08,538.387,-608.38,15,43,52
3,9058.56,24049.4,11837.3,106,154,1252
5,12077,68227,2511.1,57,201,3289
2,13951.4,135890,-3223.05,204,279,5626
4,6687.47,8010.1,-2750.1,6,106,549
3,13088.1,81948.6,4294090000,145,252,3882
5,7971.15,10921.5,149644,124,124,588
1,6332.12,4789.78,-2036.6,15,107,319
5,4137.59,2193.84,-495.65,26,63,184
4,14723.8,80178.8,836.946,282,320,3466
5,5003.6,1321.81,180.36,13,59,101
5,8790.51,28364.5,-1413.58,114,132,1513
0,8096.65,13960,-2420,35,178,812
1,4981.06,1141.92,-765.732,33,66,87
4,3756.74,552.848,-610.99,5,43,52
4,23920.1,279875,-10731.8,288,540,8870
5,3601.5,584.881,-87.544,17,43,52
4,9204.66,11260.3,1258.51,37,156,654
0,5025.06,3938,-2767,5,90,271
1,6211.13,7810.22,-1993.2,23,102,517
4,11895.4,32151.2,17956.8,166,203,1580
4,22731.1,282795,-4580.27,60,468,9276
3,10794.4,132319,-6067.96,177,279,5626
3,12878,41536.2,-2489.78,41,278,1938
3,9708.09,30767.9,-1831.61,37,171,1747
5,3499.45,604.177,-187.12,15,43,52
0,13759.7,79688,-5038,70,283,3298
5,13705.9,71196.3,140766,61,325,3143
0,8608.53,23982,-4126,20,156,1309
0,6910.29,13650,-2795,19,119,846
0,15793.8,193095,-6398,17,353,6647
2,7839.69,9287.59,11271.4,91,138,554
4,12523.9,95680.7,809001,183,273,4429
2,6841.81,5096.65,-1381.04,42,79,292
0,17228.7,230844,-8095,94,419,8352
3,10203,30253.8,-793.187,45,171,1747
2,8379.39,9499.81,-2159.55,203,130,490
4,17342.9,217739,-2397.19,258,336,8195
5,11388.3,32465,3280.7,65,210,1213
0,9386.98,7653,-2669,29,128,426
5,4645.04,2952.7,-244.89,18,65,202
3,13788.3,91307.9,-2004.89,226,254,3885
4,5862.08,12988.2,-987.92,9,103,883
0,18259.5,159913,-10229,50,390,5968
0,27170.9,629448,-12993,138,674,18282
2,4171.18,6348.41,162.29,18,68,481
4,12332.5,60063.4,368319,198,214,2600
3,11998.8,78029.1,1674.34,37,252,3882
3,4260.11,2563.91,-905.71,18,65,202
3,8112.5,9607.71,7486540,202,130,490
2,11418.2,55988.9,1880.16,176,209,2967
0,7256.68,12383.9,-2613.83,27,123,725
0,13588.7,102517,-6310,87,306,4342
0,19601.5,269771,-10686,223,440,7593
1,5501.32,2000.05,-1146.2,8,77,165
5,4618.16,2963.56,-923.96,23,65,202
4,6019.8,5190.26,-355.54,74,86,367
5,3472.31,548.106,-261.3,14,43,52
5,9561.79,39725.7,-4204.5,107,207,1995
3,8515.21,20863.4,379.11,39,143,1203
5,11364.4,43360.2,-4588.2,148,223,2059
5,3619.67,564.877,-53.308,15,43,52
2,8685.76,18484.1,-4925.7,16,146,891
5,5626.48,1088.05,-1581,10,57,76
2,6839.38,13436.8,-764.473,181,96,804
5,12523.7,32763,1692,48,210,1213
2,5414.3,4784.9,-1029.47,19,85,343
4,4766.1,2817.27,-941.27,17,65,202
2,4911.31,2017.27,-97.223,5,75,165
3,13149.5,72536.3,-1331.35,34,262,3211
2,12674.9,85258.9,-3577.4,53,291,3799
0,15496.8,128042,-8414,251,325,5739
3,5249.24,1743.95,-974.45,5,70,131
5,3449.2,657.678,234.64,4,31,53
5,4361.89,547.789,312.63,28,65,35
3,7341.2,13947.7,-1535.2,26,120,809
3,13192.1,138812,-5526.01,174,279,5626
3,12301.7,78689.3,-627.038,41,252,3882
0,10895,22033,-3578,24,229,1072
3,5677.8,3371.57,3299.36,16,71,249
0,21625.9,333010,-11069,101,415,9262
4,4428.5,6249.61,227.28,21,67,481
3,15817,81124.3,-1880.59,130,223,2059
3,8720.32,38743.2,20288.9,76,196,1885
1,3701.19,2056.84,-1956.1,4,63,184
3,20611.4,255503,311861000,267,540,8870
3,8458.13,8867.61,2613.1,36,144,553
0,6202.74,5452,-1868,40,98,345
0,5229.85,2314,-2097,7,81,184
5,21461.9,410443,5141.88,95,471,14125
3,8680.76,11955.7,-951.815,124,136,619
4,5377.99,1010.6,-1513,6,57,76
5,6162.4,3975.37,1055,32,100,294
2,14984.3,91043.9,-560.154,222,254,3973
5,15072.6,94854.9,1733.34,252,294,4249
4,13758.7,51414.7,-2396.99,225,262,2394
5,4598.28,2373.87,637374,185,54,165
0,18202,217802,-10080,64,399,8339
0,11925.6,72178,-6043,38,272,3296
4,9228.01,11704.5,-171.969,123,136,619
0,6868.97,7683,-2745,37,116,517
2,6189.07,5265.5,-739.11,9,105,371
3,7192.89,12446.7,-927.639,141,123,726
4,4495.83,6334.02,-141.06,11,67,481
3,13932.8,51380.5,30160100,157,288,2334
0,11086,45950,-4715,28,206,2194
1,12278.2,69048.8,-813.691,199,247,3373
3,5973.8,4038.58,-93.46,12,100,294
5,3976.88,693.658,49.508,17,58,43
3,9773.44,38231.6,-2105.05,36,180,2054
2,3913.73,1455.22,-789.979,159,52,133
5,7586.93,6917.85,-645.434,166,108,428
3,10211.4,34065.5,465.367,199,208,1691
0,5266.77,2930,-2285,13,75,187
3,6007.12,13176.7,-1339.7,15,103,883
4,5623.14,3414.74,-1424.32,59,86,205
0,7780.57,13795.4,-3030.68,40,170,771
3,16887,161761,-975.174,225,352,6744
4,9442,28657.4,-2838.81,42,156,1364
3,7465.55,8661.5,-906.723,8,95,543
3,11812.7,33824.6,2808.2,52,210,1213
4,6805.4,6523.96,-898.205,86,95,372
5,4150.28,2675.91,-119.66,24,62,222
4,6589.94,7229.24,-1095.6,16,118,426
4,13343.8,80311.4,-5846.92,40,272,3539
3,13510,142606,1274.95,211,308,6057
5,5014.16,2145.03,-527.56,12,75,165
1,14733.3,102065,-3290.4,52,283,3965
0,12188.7,16295,-4090,184,186,524
4,4132.87,6564.74,-339.69,24,68,481
5,3991.26,697.266,-241.57,14,58,43
5,6382.26,5518.18,-1756.32,82,86,367
3,16008.2,157288,2598.5,104,310,6737
0,6816.35,9614.83,-2804.51,10,123,621
0,13326,118648,-6901,57,307,5214
5,4308.79,6337.81,826.31,15,67,481
1,6884.72,12508.8,-1241.52,7,123,726
4,15480.5,75724.6,1454.51,256,336,3302
0,7399.73,13363,-2796.53,86,137,769
4,11258.5,31800.9,-419.217,40,203,1580
1,4424.63,1782.54,-692.62,7,66,164
0,13366,71552,-4972,63,251,3130
5,3701.94,442.917,-616.47,3,36,35
1,5376.42,4006.38,-509.36,12,85,267
5,3745.59,2144.58,-205.55,12,43,161
0,8127.91,8845.78,-2963.47,132,136,521
4,3706.02,553.52,-525.3,5,43,52
2,11650.2,36852.9,-5137.11,131,234,1581
0,15402.3,124884,-7913,344,301,4916
1,3787.84,1197.58,-740.33,9,55,88
0,6747.89,8166,-1481,41,127,550
2,8452.17,9496.1,-2351.19,200,130,490
0,6494.4,9705,-1880,16,114,620
0,20688.1,162818,-10958,111,420,5230
2,8461.08,11997.5,-1629.99,120,128,693
2,4811.69,2713.59,1286.74,102,67,224
5,3793.62,424.792,670.28,11,54,28
5,4328.99,2728.26,-1260.9,30,63,184
4,3738.18,371.344,863.27,11,54,28
4,4750.72,1979.85,-880.44,3,75,165
4,9158.24,20290,-2791.91,171,163,1162
0,23798.5,409224,-14081,105,552,12996
3,6638.33,10333.6,-1249,23,109,689
2,12998.7,134743,-2584.46,58,279,5626
4,3367.45,665.769,170.98,4,31,53
3,9336.5,29214.2,21389.3,32,179,1626
1,6921.6,7784.74,-2512.6,11,117,427
5,4542.39,6445.18,1009.6,13,67,481
0,8553.85,11848.7,-2363.99,209,117,519
3,9335.32,37582.3,-2122.42,37,180,2054
2,4290.56,494.527,339.47,21,65,35
0,12973.2,50791,-6804,151,288,2328
3,5889.18,7151.62,144.022,50,104,457
0,17365.3,123870,-7688,58,309,4251
2,6334.6,5014.09,-1788.2,13,87,322
3,13571.3,49574.5,-1701.19,135,215,2188
3,9460.1,17590.5,-2265.89,152,172,973
2,8388.05,9533.37,-3019.8,183,135,587
2,11981.9,33423.9,1318.5,41,210,1213
2,8716.47,20154.6,-2442.25,100,163,1162
5,10574.9,19986,-904.094,20,157,1113
4,5767.51,2531.97,448.15,7,81,169
4,4092.77,708.874,-358.1,16,58,43
0,13440.7,47276,-4723,158,205,1362
0,3474.86,1359.07,-593.958,2,40,100
0,17043.6,136879,-6925,47,344,5211
4,15354.8,178483,2638.61,65,367,7087
3,15503.6,59527.6,-1351.23,136,215,2188
3,4427.91,2050.91,305.2,10,75,165
4,4750.21,1284.04,-1291.7,20,66,101
4,9494.57,22472.5,-953.476,216,145,1156
5,19872.8,271426,3601.47,340,420,9137
0,14883.9,113041,-8358,37,311,4910
0,13742.2,144015,-4812.36,200,248,5018
4,26905.2,533968,116459000,247,540,18067
5,10999.7,23324.3,10449.9,39,176,1313
4,12260.2,55052,-2957.2,50,220,2461
3,4266.73,2746.17,-704.28,27,65,202
4,15554.1,75436.5,47516.6,261,336,3302
0,7326.25,6728,-3337,12,114,428
2,12633.9,73636.8,-1830.08,28,249,3630
3,3749.32,497.421,-930.57,2,36,35
5,4346.86,569.883,586.03,26,65,35
0,15277.1,107642,-10052,244,357,4623
5,5534.15,2974.59,-646.62,7,65,202
4,4405.51,2314.44,-239.18,4,61,184
5,4641.5,1652.93,-1063.7,4,70,131
3,7467.5,14101.5,-2206.23,100,140,845
3,6644.73,7318.17,747.25,26,109,432
0,26452,553265,-12980,114,617,16781
1,5903.56,6912.46,-3384,22,92,485
0,7620.4,20031,-3901,66,157,1208
5,6591.64,7155.68,-848.316,107,95,427
2,5508.22,2385.27,1146.1,3,81,169
1,5643.45,3107.48,-1386.2,10,94,224
0,13621.4,161140,-8372,47,325,6619
2,15849.6,137662,1699430000,69,279,5626
4,10225,26340.5,-2307.59,52,214,1469
5,19273.1,196483,14814,155,390,7459
4,6391.95,4406.62,360.25,22,100,294
2,9843.44,38345.8,-2612.71,48,180,2054
3,10642.8,36965.8,357830,213,193,2118
5,15413.7,216620,-4444.45,269,336,8195
2,7604.88,33095.1,16672.1,85,148,1919
3,4316.42,2558.11,-1349.9,15,65,202
0,17112.4,219956,-13390,19,366,8086
0,13672,76606,-4133,34,246,2680
5,3886.69,389.514,1183.8,11,54,28
0,13316.9,90144,-5879,49,277,4151
2,7183.58,4092.19,-1361.31,87,101,249
1,11161.7,41686.5,-3465.21,159,227,2059
2,4275.11,672.754,-811.59,15,58,43
3,12434.6,71880.9,75537.4,186,262,3211
1,3993.25,2194.49,-488.294,51,54,165
3,5748.09,2631.08,304.61,5,81,169
5,5898.65,4147.21,12.645,21,100,294
3,10071.8,37738.3,-713.102,25,193,2118
4,21035.6,411975,-1752.48,94,467,14125
0,8545.74,15570,-3387,29,152,930
3,13172.3,90527,-4731.08,213,254,3885
4,10665.4,17643.2,10978.3,153,172,973
0,7374.56,14058,-3342,91,125,769
1,5033.63,4050.38,-1227.9,11,85,346
5,9051.81,16479.2,-1610.42,50,160,976
4,8767.22,4768.08,66.2224,31,131,271
4,7242.44,14836.3,-1582.86,192,96,804
1,4063.14,1178.93,-57.131,1,59,101
5,12688.8,30547.7,-138.15,44,178,1410
5,9676.31,39751.1,308455,227,159,2181
2,4331.49,973.322,-860.26,4,55,88
5,15924.2,161925,2717.1,102,310,6737
0,17892.2,156781,-7701,90,402,5751
3,18169.6,138783,-8446.61,311,449,5537
3,5862.8,7529.28,-319.59,15,99,583
5,4474.31,727.948,16.714,29,58,43
2,5330.03,4257.61,-1229.93,14,88,292
2,6981.22,13167.1,-711.558,186,96,804
5,4267.54,389.649,1387.7,11,54,28
5,4884.25,530.179,-68.089,22,65,35
4,6517.77,12118.7,1656.48,14,105,765
4,12520.6,56054.2,-2197.81,144,218,2391
4,6767.17,6616.21,9420.81,97,95,427
4,5996.49,5330.85,-1227.06,83,86,367
3,18617.7,178377,24928.4,243,403,6746
2,4095.61,1441.61,1130.62,161,52,133
5,14688.6,83343.4,24102.2,160,223,2822
2,10421.3,44034.7,2130.81,148,197,2257
2,13532.2,55822.4,-4577.32,157,223,2059
0,8675.44,30221,-1765,19,168,1571
3,7599.21,9302.53,953.47,18,130,515
5,6572.89,7283.88,-2698.6,28,92,485
1,3928.2,2188.49,-1164.26,51,54,165
5,16639.9,83804.9,5248,84,340,3632
3,16031.2,90527.4,-6134.2,106,301,3369
3,6989.8,11292.4,40414.2,148,111,651
3,11094.7,56177.3,-790.094,29,209,2967
5,5574.11,4660.9,-1282.53,91,72,340
3,4492.8,2161.91,-1490.3,12,71,188
4,3345.32,628.213,113.97,11,51,45
0,15509.2,176044,-11186,113,338,5638
2,6181.28,5250.52,-1641.6,8,105,371
3,12316.1,55683,7726.97,109,224,2192
5,3755.3,563.831,-458.77,15,43,52
5,14017.1,99227.8,-5407,195,273,4429
4,4403.45,6515.97,-157.23,15,68,481
5,3719.35,508.203,-816.36,1,36,35
4,10709.9,27430.7,49328600,147,172,1412
5,8765.84,17093.5,2420.62,225,133,890
0,15057.5,85240,-7338,65,328,3464
3,14895.5,84297.5,-4170.77,116,223,2059
4,6480,5322.73,490355,106,96,347
2,6246.21,4224.17,-1303.57,85,88,318
2,7431.14,9260.59,-1833.76,89,138,554
5,6166.8,1162.83,-1239.8,7,57,76
2,4085.56,396.905,1325.9,11,54,28
5,5674.03,2494.86,1102.3,8,81,169
5,11102.1,27532.9,286889,47,214,1469
0,12531.9,58910,-6963,52,206,2261
5,5253.95,2149.83,-607.54,9,75,165
4,9829.73,27490.3,-3948.65,65,194,1521
3,3490.54,710.348,106.57,3,31,53
3,5972.08,13055.9,-822.1,14,103,883
5,14446.1,102373,-2225.97,158,273,4429
3,12951.4,60885.6,-2237.92,33,247,2754
2,5686.35,7591.64,-605.034,12,104,457
5,15983.5,159951,1305.9,100,310,6737
4,3787.92,459.049,-842.27,1,36,35
3,15456.4,165029,-1496,47,320,6391
3,3446.82,697.251,-221.77,6,31,53
3,5714.37,7182.89,-1054.15,78,93,545
1,5651.93,2590.23,-3476.9,13,87,166
1,6043.67,5224.07,-979.77,8,105,371
2,14621.6,101775,277058,45,283,3965
5,13837.5,81157.4,493.269,57,272,3539
4,10604.4,28795.7,-1033.64,53,214,1469
0,9180.34,32883,-4972,14,189,1809
3,8157.81,26179.2,-3130.41,35,156,1364
4,9605.61,25791.3,-1073.77,29,174,1415
3,5829.79,7590.62,-314.23,16,99,583
4,11269.7,40163.5,574.835,29,193,2118
5,3435.07,687.88,-353.73,4,31,53
5,13386.9,66155.4,4410.8,33,279,2979
4,13897,96243.6,-2248.08,195,273,4429
4,3327.04,686.378,211.07,2,31,53
4,9761.17,19879,107281,27,157,1113
5,8109.34,12018.1,24310800,27,130,694
4,13170.5,41887.2,-158.296,127,278,1938
3,8091.74,9530.12,629165,30,138,554
4,3265.72,697.895,67.483,5,31,53
3,16294.9,156551,988.26,97,310,6737
4,4223.2,1718.89,-121.11,6,61,134
3,14077.5,91120.2,-2293.69,213,254,3973
2,3998.33,770.556,-2217,12,54,64
3,9107.27,27297.4,-3536.88,120,172,1412
2,8354.29,10575.2,-1373.48,138,139,587
0,7460.16,10315,-3540,67,125,585
3,8774.61,21929.8,794.71,38,143,1203
3,5597.27,7721.43,-1229.2,10,99,583
5,4350.13,715.587,-323.33,20,58,43
5,7914.9,12702.5,-1136.69,117,130,694
4,5784.59,3815.72,-633.861,129,51,132
5,7690.91,14003.4,306.88,21,127,802
3,4143.75,1680.35,-534.14,6,61,134
4,9416.31,11381.2,-337.873,36,156,654
4,4334.58,2752.01,-625.22,54,54,204
3,13165.7,91482.2,-2558.66,218,254,3885
3,6131.04,10362.3,-2079.18,21,109,689
5,4732.69,4157.21,-1044.77,97,72,340
5,9053.71,12279.9,1628.9,32,152,693
5,3729.69,511.031,-674.07,3,36,35
4,8779.94,14303.6,6379,90,140,845
0,8398.54,26080,-3730,32,157,1411
1,6368.01,1900.14,-1104.79,35,71,103
4,20591.9,275656,4343.29,52,420,9137
4,3649.53,711.038,41.98,5,31,53
4,8902.44,12778.7,130.419,122,136,619
5,9165.43,21389.1,-1208.16,97,143,1017
2,17102.4,164441,-6686.8,219,352,6744
4,6038.98,4939.18,-1147.27,112,96,347
0,9244.61,29972,-5500,33,172,1575
0,13678.4,57335,-5957,55,287,2405
0,20352.6,412977,-10304.1,67,470,14125
3,15601.1,155198,1734.3,103,310,6737
4,10421.3,26092.9,3639.18,35,214,1469
5,14667.5,53744.3,1174.73,111,215,2188
0,21687.9,271401,-10382,108,449,7353
2,6446.49,5354.28,-1164.2,13,99,321
3,4414.3,526.592,226.27,22,65,35
4,4630.07,2110.85,370.47,30,75,165
5,3630.31,558.999,-167.71,15,43,52
5,3601.46,500.881,-625.68,3,36,35
1,4267.2,543.673,118.84,22,65,35
2,6120.9,12954.6,-1046.1,13,103,883
5,3735.49,495.974,-818.59,1,36,35
5,3591.61,552.403,135.15,15,43,52
5,4263.09,2533.87,-475.78,28,63,184
5,3738.83,287.321,1736.7,11,54,28
4,10178.9,32119,-713.394,102,176,1922
2,5502.62,4438.66,-1419.18,20,88,292
4,9724.44,39769.8,1766510,104,207,1995
3,5713.88,4005.63,-876.309,83,88,318
4,4734.37,3289.44,-1300.53,150,71,249
3,6648.06,5614.61,-419.66,16,105,371
2,4074.07,700.281,-244.8,8,58,43
5,7342.72,7311.09,-786.802,66,109,486
0,11290,75283,-5918,48,249,3627
5,6898.04,2972.07,508390,1,99,167
0,12015.9,81386,-4906,47,235,3794
0,7659.93,16065,-3086,53,161,930
4,3497.69,579.113,175.71,14,51,45
3,9715.91,38953.1,6510.46,76,196,1885
4,5312.52,4804.23,85735,12,79,342
4,9211.73,13993.7,-672.817,118,148,729
3,4303.86,647.34,-442.09,17,58,43
4,7600.67,15705.7,96125.9,100,134,970
2,21100.1,166408,-9344.77,340,449,5537
0,8600.76,22370,-1212,239,143,1018
0,18052.1,314550,-10434,95,419,11869
0,7161.05,8051.06,-2263.47,102,109,546
2,11479.4,37997.5,-640.518,24,235,1818
3,5040.34,2823.64,-736.65,9,72,205
3,7907.13,13931.9,545.6,27,127,802
0,8880.22,19677,-3487,27,153,938
5,8450.32,20510.6,1666170,126,145,1156
2,5870.16,5220.81,-633.15,8,105,371
4,7546.03,13279.1,355.746,117,170,771
1,6716.2,17154.7,-2473.6,7,128,1065
4,8300.85,16660.5,-67.7442,187,133,890
3,9837.03,23313.1,1221220,120,166,1111
4,3719.74,511.303,-680.55,0,36,35
3,5176.82,4223.71,-529.958,23,79,317
3,7465.83,14268.9,-379.68,13,127,802
2,8015.65,9305.8,-2247.99,183,135,587
0,19272.8,211880,-12631,279,465,7599
0,24246.9,303265,-16011,71,512,9839
3,3461.03,704.21,-299.65,5,31,53
0,6916.11,4539,-2176,4,107,270
4,3714.38,562.463,-495.31,5,43,52
5,15628.8,158303,1883,106,310,6737
2,11413.1,55972.4,468.58,178,209,2967
0,9446.66,25609,-2785,16,151,977
2,6468.34,7525.81,-1639.52,78,93,545
3,12568.4,55272.1,-2259.8,50,220,2461
0,8733.54,44082,-5005,39,188,2188
1,4159.22,1540.79,-872.43,4,55,133
3,5045.95,3015.07,-2312.1,3,65,202
4,8480.1,9161.67,97674900,115,149,549
2,3948.54,2209.99,-1015.4,8,63,184
3,4244.95,2283.95,-411.29,21,63,184
1,4052.88,1320.92,-1158.1,1,57,129
3,6603.14,5069.53,-1069.45,12,99,321
5,4081.98,698.336,-684.55,21,58,43
2,6906.38,4068.85,-2416.57,71,101,249
0,6518.46,17442.3,-3362.7,7,128,1065
2,11160,57923.7,-1396.82,161,217,2904
4,4934.9,3395.31,-887.067,33,71,249
1,5729.31,2585.48,-3444.8,12,87,166
2,4860.41,2863.54,2595.25,112,67,224
1,6898.15,7854.08,-3536.8,11,117,427
5,7999.52,9959.13,-1957.76,21,123,621
4,12820.4,80795.9,2928000,55,252,3882
4,10029,43070.4,-962.508,120,197,2257
5,11503.3,52809,-168.445,132,209,2534
3,4058.03,2335.72,-952.14,17,63,184
3,13594.5,90956,-1887.66,215,254,3885
0,14113.6,127942,-9775,191,300,5011
1,6013.75,15105,-1785.4,15,125,1014
1,5872.35,4784.56,-795.595,21,85,343
1,6134.95,6293.03,-1923,17,108,424
5,13286.5,62631.9,-1746.1,309,233,2897
3,15613.2,155153,3580.1,98,310,6737
5,3733.47,439.797,-919.5,3,36,35
5,4324.69,1273.93,-254.15,15,55,88
3,9932,42738.6,-2163.11,225,159,2181
3,15854.2,166044,-285.954,43,320,6391
3,10601.2,37789.2,-3248.6,28,235,1818
0,9208.81,15635,-2743,11,140,767
5,4542.11,6876.31,119.73,27,68,481
3,4361.25,2259.94,-735.19,16,63,184
1,8522.8,26064.7,-2634.64,33,156,1364
5,14312.6,79326.5,-2970.31,244,336,3302
0,6089.06,4888,-2441,17,90,346
4,12594.3,63545.2,3247.5,49,279,2979
0,15793.5,216990,-9819,44,338,8323
3,20722.9,240262,-10723,291,537,8350
5,10284.1,20613.7,-945.426,29,157,1113
4,8281.29,8526.98,1976.3,41,144,553
4,6605.12,3505.68,59385,32,101,206
2,4014.71,385.936,1043.2,11,54,28
3,9404.15,37924.9,-2450.07,40,180,2054
4,4778.42,1601.77,-1365.7,5,70,131
0,12479.7,98417,-6600,24,249,4152
4,3831.53,562.61,-598.81,5,43,52
4,8907.6,14694,-3037.6,90,143,771
2,16986,162791,-2924.7,250,352,6744
2,4395.68,2656.67,-1280.1,22,65,202
0,8996.56,35056.2,-3728.39,95,191,1582
5,9998.35,33857.8,2004.66,66,199,1696
3,12144.6,36826.1,20720.2,149,225,1755
4,5982.09,4033.59,-645.86,15,100,294
0,6042.7,3197,-3861,15,127,270
1,9072.01,16872.3,63507.8,98,183,931
0,12652.6,81162,-4287,45,263,3299
0,6232.35,5669.95,-2974,18,121,398
2,21120.3,410478,53212.7,56,473,14125
0,11724.8,35923,-4267,74,226,1526
0,4455.79,355.218,-242.751,92,33,20
2,5232.83,4161.48,-965.817,18,79,317
3,15245.1,86195.5,319.331,103,301,3369
5,3977.35,621.273,-28.39,17,58,43
2,11744.3,37936,-1940.05,158,235,1818
5,15609.5,159320,3571.7,116,310,6737
1,3823.17,1224.34,-1110.5,10,55,88
4,3728.58,538.471,-521.04,5,43,52
3,5662.83,2523.39,1.0754,16,81,169
0,4542.28,5311,-2197,18,76,396
4,20116,250425,-12163,281,540,8870
1,4659.24,1988.28,-593.17,19,75,165
2,6167.82,11296.2,-1233.27,23,102,764
2,6051.02,5261.69,-1279.2,8,105,371
4,9495.31,30430,-688.372,41,171,1747
4,4006.4,379.591,1119.8,11,54,28
0,8267.63,27280,-5304,122,159,1628
4,6047.53,7084.12,-1291.19,10,93,545
3,9510.05,39254.3,47641.4,73,196,1885
2,12285.5,73339.7,-2084.89,28,249,3630
3,9921.6,33505.9,-1430.18,119,176,1922
4,3602.59,552.849,-688.63,5,43,52
4,7786.27,4523.08,304.056,105,131,271
1,5688.11,4227.1,-1636.1,17,90,317
4,10201.9,26262.5,140230,31,174,1415
4,3628.31,490.872,-899.34,1,36,35
2,14485.8,59403.4,933.449,151,305,2610
4,3340.29,657.944,-344.88,3,31,53
5,3878.65,689.054,-517.16,3,58,43
4,13879.7,95559.3,3014.88,255,294,4249
0,14151.4,251266,-5729,75,389,10518
0,10603.5,28639,-3634,20,159,1019
0,21416.2,497075,-14524,108,584,15863
0,13376.5,62488,-6093,200,282,2683
3,6575.11,9665.12,-1338.83,23,105,652
0,11157.5,91690,-7129,170,262,4337
5,11087.8,45026.9,-816.573,31,197,2257
3,6330.31,3571.62,1361,20,101,206
4,5407.75,1117.44,-1391.9,3,57,76
2,8933.98,12256.1,13836.9,68,128,693
0,9724.53,39742,-5417,21,177,1803
5,10385.4,22342.6,3421530,101,182,1212
3,5811.94,5853.52,-1126.1,9,89,425
4,4074.73,2469.06,-991.09,24,63,184
2,4066.58,1407.3,-61.3923,157,52,133
1,5458.86,4046.52,-1150.9,12,85,267
2,3238.11,1272.32,-313.271,40,40,100
3,12229.9,48393,1183860,89,166,1414
5,3623.9,351.269,1556.5,11,54,28
3,6015.26,8110.3,-3588.9,11,106,549
2,6650.77,5194.62,21236.3,48,79,292
5,3666.6,478.579,-957.89,3,36,35
2,4606.16,2201.27,-1815.5,12,71,188
3,4390.73,1716.55,-548.08,8,61,134
3,6359.94,10272.8,-1088.08,24,108,689
4,3650.95,536.707,-517.9,5,43,52
5,4068.56,2385.72,-1268.9,17,63,184
4,6959.74,9798.87,1599.7,24,115,547
5,7493.77,27005.9,-1417.93,129,156,1521
4,23101.5,236818,2389.81,289,537,8350
5,10533.2,34107.2,-1106.51,53,176,1922
4,12094.6,29284.1,903.09,47,178,1410
2,5121.83,4281.14,-1382.76,18,79,317
0,9954.57,26379,-3756,22,178,1412
5,3597.44,444.404,-792.46,3,36,35
4,4465.78,2128.56,79.556,26,75,165
4,17508.1,159314,-1226.73,195,359,6068
3,12074.8,52760.8,760.278,153,218,2391
5,6144.87,1112.56,-1025.7,4,57,76
5,4333.4,6524.7,160.55,30,68,481
2,4106.16,2250.05,-889.093,183,54,165
0,7293.31,1720,-2661,28,104,90
0,4533.4,1175,-914,15,62,88
3,13013.7,60956.4,-5304.2,30,247,2754
3,16033.8,164568,-779.863,51,320,6391
5,5696.19,1712.97,-1262.92,173,76,147
4,3781.51,456.319,-618.23,1,36,35
1,6185.98,6313.08,-2230.8,16,108,424
4,12373.1,56627.4,-1174.6,47,220,2461
4,8622.41,12262.6,-2543.41,23,136,619
2,6631.46,4307.54,16467500,46,88,318
4,9151.48,29331.1,-1476.07,149,179,1626
1,8751.26,12132.7,7490.37,144,128,693
4,10118.7,26297.3,901050000,45,172,1412
0,19209.1,269628,-15222,214,429,9549
1,4011.14,657.588,-769.35,9,58,43
1,6763.44,7688.23,-3025.6,10,117,427
0,22296.5,492812,-15125,108,531,15693
3,7693.61,9521.97,-1115.62,99,123,621
5,15815.4,163506,25496.6,50,287,6171
3,10975.4,24451.6,-1963.74,110,166,1111
3,16253,214293,-1278.79,41,336,8195
4,14132.4,80260.5,1191.14,59,272,3539
2,3970.64,2105.89,-1907.5,4,63,184
4,8078.58,13358.3,-779.579,25,132,806
4,3547.86,1463.94,616.743,5,40,100
2,14675.5,89756.4,390674,281,254,3973
3,8322.11,12035.3,-1446.27,64,128,693
3,13239.6,85189.2,-1361.51,64,291,3799
0,17514.8,270319,-9333,310,401,9680
2,5241.34,3422.31,2725.45,2,51,132
3,12196.8,52596.9,-1797.9,148,218,2391
5,14450.3,96190.7,307.667,224,294,4249
1,10658.2,41392.8,-3631.18,160,227,2059
4,9147.13,11445.9,-1242.35,38,156,654
4,9890.44,27276.5,-2639.67,119,172,1412
0,8522.43,29459,-2153,50,161,1683
2,5292.04,3459.11,-776.096,136,51,132
0,14051,240480,-3984,55,308,10216
1,3762.39,1205.36,-722.14,10,55,88
3,10285.7,43664.4,-1855.91,129,197,2257
5,8591.13,21607,-1178.67,201,145,1156
2,10223.9,35248.4,60818.1,193,208,1691
1,5401.26,2021.38,-1333.7,7,77,165
4,9983.25,28573.1,-1419.42,152,158,1403
2,14971.5,101736,7169240,54,283,3965
4,17513.1,161215,-2173.17,92,359,6068
2,4718.22,2948.82,87516,153,71,249
5,3942.3,408.163,1630.6,11,54,28
4,6951.33,6822.71,241.616,103,95,427
0,16254.2,187705,-8758,52,369,7467
3,4429.85,1006.75,-677.3,28,62,102
5,10115.9,27036,-1310.23,142,172,1412
2,6180.75,8086.53,-3376.9,9,106,549
5,4160.79,416.955,1398.5,11,54,28
0,19649,371626,-8177,49,443,11717
2,15606.1,88729.6,60075,92,301,3369
5,3694.53,523.868,-792.13,3,43,52
5,7509.89,12109.1,-949.239,109,130,694
2,7956.51,9424.86,-2151.03,185,135,587
1,5317.21,3696.13,-1205.5,9,89,249
0,6925.37,5704,-1578,41,75,293
0,11750,142056,-4981,22,256,6278
2,12506.3,73505.5,-2561.54,29,249,3630
5,4291.21,2959.31,-790.51,29,65,202
2,4025.5,2106.96,-1460.1,5,63,184
3,8337.61,20943.4,437.41,35,143,1203
4,6315.17,8461.11,-2887.9,9,106,549
3,5855.85,3951.35,-935.41,10,85,269
4,13645.8,41685.2,33454.6,242,278,1938
5,4919.68,4412.5,-980.21,87,72,340
5,3623.1,493.009,-963.49,1,36,35
5,13299.1,62514.7,499.183,306,233,2897
3,12996.6,70075.2,-2669.37,187,262,3211
3,4968.72,2110.88,221.5,16,75,165
4,9184.16,12346.5,7349920,61,128,693
5,3712.56,474.059,-847.59,2,36,35
0,11830.4,37415,-3077,32,230,1937
3,3835.11,2172.43,-452.221,6,43,161
2,14340.7,59508.9,-1000.1,66,305,2610
1,5415.23,4019.85,-1209,12,85,267
3,6888.54,12000.5,-556.237,9,105,765
5,16561.5,177101,34272.6,121,367,7087
2,19476.6,160620,43092300,124,352,6744
4,8535.31,9576.33,83.704,24,130,515
0,23920.1,449777,-12469,112,545,12833
2,6659.1,6428.13,612.66,175,108,428
3,9697.77,36892.9,-1256.44,35,205,1751
3,7034.45,13834.1,-905.606,28,120,809
1,4275.38,1330.42,-997.15,2,57,129
4,6370.86,5447.91,-770.29,27,99,372
4,7461,4966.98,-869.775,38,84,205
0,17361,190729,-8823,48,284,4627
5,8232.33,16454.1,-326.735,19,142,844
4,15135.3,81486.1,5024.06,65,320,3466
5,3443.19,695.548,214.97,3,31,53
0,7508.48,20097,-2308,68,154,1157
2,4310.87,670.21,-83.063,17,58,43
2,15314,102250,-2636.19,128,283,3965
3,4339,537.303,312.01,26,65,35
3,10158.4,24779.1,196.681,46,177,1313
2,11486.2,34952.2,11249200,128,234,1581
2,16471.2,161277,-7512.5,207,352,6744
0,20928.5,268693,-7888,77,456,8740
5,4249.18,6857.22,-158.35,19,68,481
0,10191.7,27998,-3089,41,151,1163
3,13639.5,53513,382994,116,215,2188
4,12171.6,36803.1,-2060.77,194,225,1755
2,21268.5,168238,482374,332,449,5537
0,4825.41,1690,-1032,20,74,149
3,8873.69,24370.4,-2664.82,30,177,1313
2,5522.07,4430.75,-775.552,15,88,292
2,22078.4,352313,-694.379,256,440,10967
2,7129.45,8868.84,-837.622,6,95,543
5,6185.61,7882.99,-644.9,28,99,583
0,11007.1,79305,-3456,33,227,3704
0,24526.4,608544,-9812,387,604,14152
3,8224.3,20729,695.52,36,143,1203
0,20734.5,526515,-13947,92,574,17322
0,6025.06,5780,-1943,6,104,345
5,4847.32,3138.79,-1972.8,16,70,205
1,3191.26,582.6,-371.86,3,51,45
4,3591.68,499.424,-1057.6,2,36,35
5,9446,19927.2,47237.2,40,157,1113
4,9432.56,28525.4,1064540,125,179,1626
2,10381,30065.1,3010.2,126,234,1581
4,5388.05,3397.3,-740.799,137,51,132
5,7803.27,8925.16,1209.1,33,130,515
3,6221.96,4214.05,-773.294,86,88,318
1,6876.55,7884.25,-3403.8,12,117,427
0,33076.4,1034590,-18277,159,820,29095
5,3448.96,667.346,434.49,4,31,53
0,7827.7,7481,-2187,7,97,400
0,10213.2,59305,-5428,25,233,3050
4,9892.91,17230.3,-2488.35,34,172,973
1,4907.91,2859.84,-1235.61,19,77,244
0,11905.9,50151,-6717,49,259,2538
4,23114.5,279654,-1404.54,314,468,9276
5,4160.57,2460.3,-826.9,28,63,184
1,4239.06,2568.98,-1003.3,13,65,202
0,6132.72,3843,-2042,11,100,248
0,16352.5,207560,-10731,87,387,8211
3,5596,7618.4,-589.68,30,99,583
0,18436.7,232931,-14768,191,456,8877
4,11813.9,33520.1,2191.8,57,210,1213
3,4761.06,489.121,67.106,24,65,35
5,11397.1,19995,423.943,50,167,973
0,7383.83,12007,-1608,26,145,768
0,12236.5,133472,-6364,46,254,5416
4,9782.5,27772.1,-1465.38,157,158,1403
3,8172.5,8674.98,1151.8,38,144,553
2,4321.67,6103.14,-547.11,8,68,481
4,4082.01,2307.27,-945.78,6,63,184
4,9275.13,17179.2,4204100,36,133,890
3,12621.7,92789.4,-745.832,216,254,3885
4,12977.9,63102.6,5398.7,47,279,2979
2,9390.38,34859.3,311265,40,148,1919
2,13618.7,76982.3,629755,191,262,3211
2,19765.5,409617,-10286.3,63,473,14125
2,5521.95,3687.22,-880.568,64,85,269
5,8756.75,9885.87,1265.1,37,130,515
2,6031.18,8062.88,-3498,9,106,549
0,11020.6,35953,-4783,82,194,1582
2,7504.03,9344.92,549.986,18,138,554
4,5877.87,4266.48,-1058.66,17,72,340
5,3609.89,452.429,-567.31,3,36,35
3,8521.16,13581.3,262252,113,148,729
4,4891.27,1589.08,-1345.3,5,70,131
1,14577.5,101948,-3548.83,47,283,3965
4,5705.03,1135.94,-1787.1,6,57,76
4,10900.6,36580.4,-3134.74,161,225,1755
2,4253.6,2553.24,-1321.6,11,65,202
2,6406.53,3505.99,1012,17,101,206
3,5409.25,1025.9,-1344.9,6,57,76
1,9647.23,17154.7,25585.6,92,183,931
5,7102.67,7571.16,1513,43,109,432
4,4552.69,2810.11,-1108.9,29,65,202
5,21048.5,414830,-9634.13,69,473,14125
5,5769.33,1712.14,-1297.77,179,76,147
3,10832.2,36375.4,-2949.43,160,225,1755
4,10089.3,26789.5,71215.4,28,174,1415
5,4030,404.07,1017.4,7,54,28
3,7140.3,9603.81,-1626.93,19,123,621
2,8415.94,10513.9,-2101.48,18,139,587
2,4852.64,2696.85,302.697,102,67,224
2,4366.51,5965.78,-291.13,27,68,481
5,7002.47,8814.92,530.235,23,95,543
0,12907.1,90323,-6766,52,277,3719
0,10719.1,55379,-3185,39,192,2601
0,13972.3,151807,-7866,50,331,6285
5,3681.82,458.87,-1023.9,2,36,35
2,3989.05,682.508,-972.83,5,58,43
5,4059.59,685.693,-429.69,9,58,43
4,3692.63,554.131,-332.95,5,43,52
4,9778.68,25805,-287.037,157,174,1415
5,5858.77,2872.96,1362.03,53,75,166
3,6126.11,10915.6,-118.581,23,102,764
0,16399.2,258182,-10008,80,413,9680
4,4424.51,2533.94,-925.74,26,63,184
4,3642.33,567.9,-592.14,15,43,52
0,13708.4,80575.1,-6158.7,64,340,3632
5,7613.87,9257.75,2423.1,40,144,553
0,16024.8,132172,-6483,47,348,5123
1,4778.35,1878.78,-163.94,12,75,165
4,9665.51,12168.7,433.95,19,152,693
2,5676.08,7629.94,-1195.58,14,104,457
4,23086.6,281132,407674,258,468,9276
1,6663.66,7656.42,-2398.3,11,117,427
1,6700.09,17176,-2426.7,7,128,1065
0,13204.5,142276,-8216,144,322,5630
3,4255.96,2807.67,-462.33,26,65,202
5,4743.63,2329.65,-216.79,4,61,184
1,3900.1,772.513,-2192.8,9,54,64
5,6413.51,4145.54,178.158,146,101,270
0,14253.5,80859,-7864,74,299,3464
0,7649.08,9397.03,-3142.2,16,135,587
3,9009.55,28802.5,-1648.63,156,179,1626
3,6213.3,3480.38,649.3,20,101,206
2,14723.3,250643,-3207.15,102,346,7851
4,9879.29,27888.4,8393.65,155,158,1403
5,6577.04,6487.83,-114.593,16,118,426
0,5056.07,3732.65,-1157.1,20,82,289
3,4553.64,2666.68,113.94,17,65,202
5,4237.89,2823.07,-353.05,41,65,202
5,3129.32,1291.47,-316.137,9,40,100
2,6083.46,10838.4,198181,90,102,764
5,4235.78,5992.11,-399.79,15,67,481
2,5631.4,7521.78,-1263.94,103,104,457
0,12106.4,60134,-9203,126,263,2535
5,5316.8,2639.47,-990.99,9,65,202
2,8778.83,18392,-4801,16,146,891
0,10401.9,26548.6,-2989.27,136,185,1313
2,11759.9,33928.4,-4639.54,124,234,1581
2,10884.1,35050.4,-1490.38,33,208,1691
4,3894.93,2246.91,-1065.1,11,63,184
3,11726.1,53020.4,-617.73,116,224,2192
4,6011.05,7508.62,5319.73,62,90,405
0,10527.2,27400,-4357,41,188,982
4,6753.84,11522,-946.933,155,111,651
3,9593.3,12138.6,256.99,21,152,693
3,9595.69,24235.1,1219210,34,177,1313
5,4959.9,1564.6,-1093.3,6,70,131
2,7889.31,9586.19,-2085.23,13,130,490
2,8478.36,18314.3,-4798.6,13,146,891
5,5654.23,1097.77,-1375.2,2,57,76
3,9257.04,36892.8,-4042.1,42,196,1997
0,12211.6,42337,-6104,44,221,1749
3,4269.1,1694.76,-319.65,4,61,134
0,5844.32,9191,-3242,60,111,619
0,14519.2,173915,-5790,61,276,5625
3,4015.86,1656.39,-678.22,6,61,134
3,4139.08,1680.83,-653.28,4,61,134
0,8970.22,14999,-3493,15,165,848
3,6508.34,10313.1,-1347.5,23,109,689
3,13151.2,41629.4,-6291.71,241,278,1938
5,11837.5,36887.8,-2907.31,41,205,1751
0,8876.41,41648,-3024,25,165,1929
0,21126.6,344450,-14064,68,476,11423
5,4442.94,2879.1,-789.73,17,65,202
0,6757.58,10897,-3399,23,116,654
4,8003.84,4820.79,-1733.84,24,131,271
2,9745.18,10186.1,-748.01,101,154,587
3,6130.16,3951.48,-720.26,11,100,294
0,7422.19,15915,-2418,52,140,934
0,16438.5,189878,-9723,71,350,7587
2,6204.79,8066.13,-2820.4,8,106,549
1,5090.11,3123.49,-2115.9,4,65,202
0,14522.9,67960,-8632,245,301,3058
2,7494.64,12944.1,-950.631,138,123,726
3,14390.8,88711.7,406.081,55,291,3799
3,4469.25,1018.61,-1395.1,22,66,101
4,9916.08,33581.5,-645.172,127,176,1922
4,8248.93,15337.5,-1031,30,127,802
3,3446.33,690.087,-274.86,5,31,53
4,5193.97,4370.62,-1487.61,20,85,343
1,3928.03,1192.03,-750.72,10,55,88
3,5248.75,2842.69,240733,107,67,224
2,15111.3,136207,-150.641,199,279,5626
3,3482.95,1398.86,239283,32,40,100
1,10502.7,41231.7,-5540.17,128,227,2059
4,3535.73,679.414,61.304,3,31,53
4,13752.3,96494.2,-5572.27,159,273,4429
4,12380.2,57555.2,4912390,186,223,2822
4,9678.83,17398.6,-1367.85,31,142,844
4,4132.4,1137.52,348964,31,51,102
0,6362.63,12564.9,-2073.3,146,123,726
3,8706.43,26469.1,-1036.42,37,155,1364
0,10776.5,71879,-3766,29,214,3291
4,3609.36,510.694,-510.23,7,43,52
5,4550.39,1205.14,-816.01,12,59,101
5,6473.56,22790.9,-2195.8,89,128,1255
3,3531.26,733.395,-224.93,6,31,53
3,8288.36,14328.4,15928.5,12,140,845
1,4118.07,5696.09,-623.83,20,68,481
4,8367.59,27703.9,-2001.01,34,156,1364
1,3863.27,1215.18,-830.57,9,55,88
2,15418.7,99315.2,-3172.56,45,281,3974
2,15070.3,59444.6,389397,155,305,2610
0,20902.5,253758,-15030,87,581,9006
0,13509.6,92110,-5886,30,294,4064
4,3738.84,558.657,-560.94,5,43,52
5,4566.08,2798.68,-18.828,37,65,202
3,14613,250301,6423.93,102,346,7851
0,11046.1,40932,-3835,43,182,2051
3,14303.3,86256.1,-757.107,55,291,3799
2,4026.85,2073.89,-1771.3,3,63,184
1,3940.57,1180.87,-768.58,9,55,88
5,7475.03,18008.3,-888.98,13,128,1065
1,4418.02,981.523,-470.05,4,55,88
1,11573.5,68787.9,-3340.69,49,247,3373
3,9048.5,23978.8,18781.9,106,154,1252
4,8748.91,12327.1,539.551,109,128,693
2,14258,50356.7,18490800,73,262,2394
3,2700.95,46.3885,-308.623,101,24,5
0,22876.7,414869,-12806,95,509,13313
4,14814.3,96663.2,6570.4,54,294,4249
3,13452.9,51886,-1883.1,164,288,2334
0,12150.4,35499,-5749,35,197,1808
2,8814.94,17172.9,-2594.9,22,142,844
4,4626.77,1052.52,-971.81,21,66,101
5,3990.44,557.138,-1169.5,24,58,43
2,14104.3,99530.4,-4236.96,39,281,3974
2,3939.25,2086.62,-1754.9,4,63,184
3,4074.28,2504.35,-669.54,6,65,202
3,3473.23,716.613,346.7,6,31,53
0,13071.6,151812,-6450,66,284,6506
3,13846.1,91755.4,-2151.27,216,254,3885
5,9679.26,25934.7,-2281.74,176,154,1252
3,4869.96,1912.39,-889.14,2,66,164
5,6922.29,9859.77,1459.8,20,115,547
3,4125.58,5862.23,-189.17,7,68,481
0,15505.6,93179,-7544,53,323,3632
5,4647.35,2265.19,-543.18,11,61,184
2,10392.1,38100.3,-1133.75,30,205,1751
3,8083.72,14353.9,-2665.8,91,140,845
0,19721.2,370210,-10704,274,415,11273
5,3823.61,430.15,629.93,11,54,28
5,10700.9,23652,-785.819,45,176,1313
1,4441.36,981.251,-1168.5,14,66,101
4,5093.76,4068.27,357.83,11,72,340
0,9996.25,27558,-4172,101,199,1523
4,5820.12,1063.86,-1372.8,6,57,76
3,7897.93,22901.8,-694.63,34,150,1214
2,4005.1,2180.76,816.313,51,54,165
0,26806.6,672224,-18932,124,719,19835
0,10627.6,42267,-4607,23,225,2060
5,18276.4,197225,3029.43,150,390,7459
5,9761.19,39992.8,-604.87,114,207,1995
2,7128.12,4059.86,-1458.58,85,101,249
5,11467.8,55077.6,1717.96,161,223,2822
3,4057.92,1169.6,-610.56,8,55,88
2,11379.8,26846.9,11662600,105,172,1412
2,15484.2,100558,-3826.63,44,281,3974
5,7773.63,12782,-508.325,36,130,694
3,13323.4,86399.8,3797.8,58,291,3799
2,4504.99,1033.46,-756.6,28,62,102
3,4050.01,1932.78,-652.925,73,63,166
2,7198.24,4049.34,35503,89,101,249
4,4992.6,2122.03,-772.04,9,75,165
2,14111.4,135001,-3256.49,211,279,5626
2,22304.3,410199,-2095.71,64,473,14125
4,7543.32,13147.6,-1931.76,79,132,806
2,5947.46,5377.58,-928.602,10,99,321
5,5590.31,2540.51,537.9,16,81,169
2,8269.98,33498.2,138.063,101,148,1919
0,7750.82,19685,-3099,89,167,1206
4,7660.96,26992.4,-2875.27,133,156,1521
3,15703.1,88633.2,1548.59,106,301,3369
0,16080.8,128791,-8466,116,296,4816
0,27980.6,579140,-8230,130,628,14318
4,7512.53,13196.4,440.137,33,170,771
1,3912.65,774.03,-2135.4,9,54,64
3,10597.2,27664.2,357462,99,172,1412
3,13875.3,48849.3,20433.6,112,223,2059
4,16990,157832,4405.61,209,359,6068
0,10556.3,24587,-5161,34,203,1314
0,7007.92,15216,-3321,39,128,928
2,12108.1,49757,-3498.77,225,262,2394
4,13045.9,72085.8,-1641.68,183,262,3211
5,9421.29,18862.1,-1975.5,181,133,890
5,7842,14417.3,-130.12,39,127,802
4,4690.13,1556.98,-1219.8,5,70,131
3,3506.36,743.243,354.9,6,31,53
4,6077.17,6377.07,769219,112,95,427
0,6216.72,14839,-3059,33,114,889
4,3909.97,459.308,-678.17,3,36,35
2,5574.89,3509.71,-734.24,134,51,132
3,9734.93,24348.5,-619.802,29,177,1313
1,6091.17,5145.4,-1394.9,8,105,371
4,3534.04,520.912,-496.16,15,43,52
0,8169.53,2794,-2120,23,120,134
3,14852.3,87319.8,1416.99,102,301,3369
0,16409.4,123701,-7798,174,315,4067
5,7364.63,14365.2,-1781.95,27,120,809
5,9986.29,20659.6,-1132.43,37,157,1113
5,12402.6,61997.2,-5501.85,50,246,2754
5,4800.69,2220.21,823.09,32,75,165
4,3234.36,555.657,-253.51,18,51,45
1,3875.1,1203.19,-758.61,9,55,88
4,10230.2,26292.9,-470.176,24,174,1415
5,4554.61,2137.3,-94.977,18,75,165
2,4690.49,1996.37,-41.852,10,75,165
4,21264.1,413904,-7898.82,97,467,14125
0,12864.2,53458,-4921,56,272,2321
4,5207.96,1100.19,-1624.5,3,57,76
3,3632.09,492.888,-650.48,3,36,35
0,16733.5,155718,-6300,53,370,5972
2,5723.72,3742.56,-922.591,44,85,269
3,8152.75,26943.4,-112.967,16,156,1521
0,8091.76,29645.5,-3877.32,145,179,1626
3,10007.1,35661.5,-916.798,22,208,1691
2,7984.59,20620.6,1299.9,36,143,1203
4,11934.4,40793.3,-936.94,150,205,1751
4,9325.6,11610.2,-473.331,30,156,654
0,13378.5,135275,-10438,43,323,5526
4,9906.09,37330.9,-1844.16,37,196,1997
3,5562.23,7508.53,497.1,10,99,583
3,4608.41,1007.37,-519.14,27,62,102
3,12435.7,78813.6,473.215,37,252,3882
5,4827.42,2319.24,-386.54,2,61,184
3,10996.8,57433.6,-3453.69,325,217,2904
4,3470.13,682.685,182.74,7,31,53
4,4662.76,1613.06,-1006.8,8,70,131
1,7616.05,13325.5,-3084,2,125,694
2,13307,63941.7,31944.4,110,224,2192
2,14161.3,59472.7,1102.99,147,305,2610
0,8664.95,38828.1,-4713.97,127,207,1995
5,3376.82,324.671,1520.6,11,54,28
3,4698.27,1990.23,-847.04,11,75,165
5,15430.1,159002,3568.7,115,310,6737
0,10489.7,26406,-4909,46,216,1315
4,15176.5,191806,4610.04,44,286,7322
3,12324.2,79417.4,-1263.62,163,252,3882
0,14242.2,124181,-6765,44,339,5633
5,3628.3,532.269,-873.21,4,36,35
2,5291.96,4276.55,90119.6,20,79,317
0,14499.9,138491,-9102,40,354,5955
0,16156.4,125054,-7554,179,330,4821
3,7164.74,13566.8,1071220,18,96,804
3,7334.25,9539.3,-2384.54,95,123,621
4,9472.67,36738,-3978.93,32,196,1997
5,3750.9,381.482,1461.1,11,54,28
2,4508.51,2552.84,-1117,8,65,202
4,10591,48558.1,-1824.59,82,190,2118
4,14718.7,69122.7,142673,37,325,3143
3,6865.06,7312.64,214.12,23,109,432
2,7220.29,4082.49,-1407.49,87,101,249
4,11876.3,28896.3,-2.8681,48,178,1410
3,14256.8,78406.6,1109.4,72,320,3466
3,6915.78,13443.2,-957.155,190,96,804
5,6154.08,2169.21,4273510,12,82,185
4,13703.7,68600.9,73262400,132,325,3143
4,5088.57,2191.24,1031.2,23,75,165
2,3982.36,384.567,528.25,7,54,28
3,6621.82,6813.11,116919,79,118,426
4,13211.7,96403.9,-798.637,138,273,4429
3,8223.57,20649.3,85.594,38,143,1203
4,4895.93,1640.06,-1442.6,5,70,131
4,10873.1,57904.3,-413.01,319,217,2904
0,22724.7,519195,-14673,118,571,17504
3,9084.41,29210.6,1618.2,36,179,1626
0,14679.6,112509,-9020,64,330,4528
2,8839.27,19942.3,-1538,103,163,1162
0,5007.59,4945,-1372,34,77,340
3,3922.13,685.131,-448.39,23,58,43
4,4724.35,2168.79,119.74,8,75,165
5,3666.63,568.4,-491.29,16,43,52
4,7153.89,13999,-1253.26,26,120,809
0,32510.9,827634,-23198,171,886,22314
0,29772.3,844064,-12720,134,745,21699
0,6429.33,7750,-731,13,109,491
3,9334.74,39375,698.11,69,196,1885
4,12299.8,90598.5,-2511.06,225,254,3885
5,4414.49,6477.94,466.2,17,68,481
1,3767.83,1524.43,-1436,6,56,114
4,3479.53,702.613,75.668,5,31,53
1,8192.91,13900,-3499.69,124,170,771
5,6296.7,1113.15,-1717.4,7,57,76
0,11730,29321.5,-3669.3,11,179,1212
4,26189.4,282293,-4360.42,299,540,8870
4,7067.96,7230.21,-1429.62,61,109,486
0,8080.24,11424,-3396800,23,129,583
0,10686.3,43507,-4075,98,182,1993
4,8211.19,8776.8,1989.1,38,144,553
4,3661.78,576.875,-37.167,16,43,52
5,9014.51,10303.2,1349.45,198,138,554
1,5013.25,2869.09,-1534.13,17,77,244
0,5865.35,5920,-2260,38,100,422
3,6447.14,6827.22,10669.4,66,118,426
0,5757.16,1245,-3524,46,81,77
3,3552.87,687.58,-177.91,4,31,53
3,9146.88,28611.3,189907,129,179,1626
4,14694,95273.8,159170,256,294,4249
0,10875.2,44735,-4333,86,192,2189
4,18382.9,160538,44254.4,204,359,6068
0,12462.6,72758,-8614,46,283,3377
2,6212.76,8088.27,-2675.2,9,106,549
0,10117.5,34002,-3828,27,175,1577
1,4830.98,1881.13,-599.25,10,75,165
1,7071.89,12542.2,-1653.71,139,123,726
5,4208.24,2713.37,-722.35,22,65,202
4,3894.2,726.603,41.327,11,58,43
3,13690.3,141632,780.382,279,308,6057
4,15459.1,80740.1,546.288,155,320,0
1,7927.88,12959.2,-1997.91,14,132,806
3,5642.41,7899.63,-1896.2,20,99,583
2,3968.36,1212.64,-555.69,13,55,88
4,10291.7,26949.3,40246.9,143,172,1412
2,4556.85,2242.99,-1236.2,11,71,188
4,7796.62,20588.3,-225.37,39,143,1203
3,5172.89,3003.67,-1901.8,3,65,202
5,3756.23,500.818,-655.53,2,36,35
1,6217.64,15280.8,-2010.1,15,125,1014
2,22255.2,349162,-991.112,256,440,10967
0,17736,152573,-11260,112,452,5855
0,5059.43,3845,-1868,7,86,273
3,6044.58,4970.79,180335,64,96,347
1,8130.23,12865.3,238.252,77,132,806
0,19219.9,190532,-10631,72,418,5749
5,3767.62,554.706,-631.83,14,43,52
0,10178.4,29594,-6113,114,191,1632
5,5591.84,1086.1,-1290.9,15,57,76
4,8989.46,13687.2,2701630,103,148,729
4,9462.8,26269.3,-1696.56,30,174,1415
4,7263.74,11203.1,112323,98,114,689
5,5479.32,1745.02,-673.591,16,76,147
4,13668.6,80111.3,-185.275,45,272,3539
0,7337.11,6098,-1753,27,104,344
1,5422.82,4035.28,-1368.2,12,85,267
0,10629,13158,-3576,25,147,658
3,3426.59,694.632,-247.25,5,31,53
1,7646.78,11230.2,-2199.6,14,121,622
0,13734.5,101644,-7282,53,258,4710
3,7936.28,4704.28,23231.8,103,131,271
0,10975.9,40274,-5315,100,210,1755
1,8252.45,15360.9,-2361.8,38,141,932
3,8459.79,14424,-1290.28,16,140,845
0,22137.4,378118,-9055,73,365,7585
5,21102,277576,13108,56,420,9137
0,6361.46,7227,-2002,20,100,516
0,19389.3,246617,-11450,73,387,8080
3,7522.82,14852.2,62078.7,96,131,971
0,11458.4,48185,-4343,120,213,2128
3,13952.5,141412,-33.6109,212,308,6057
0,9158.11,26365,-3488,18,150,1114
3,9126.04,10648.2,27248.7,21,139,587
2,19089.3,156809,-4874.2,323,449,5537
2,6197.77,7988.99,-3492.1,5,106,549
3,8843.35,13770.6,-2903.77,106,148,729
0,7817.81,5783,-2414,8,119,346
3,15347.3,136575,151.318,206,279,5626
4,12448.3,36767.7,-2369.43,10,225,1755
4,4717.62,3640.79,-647.252,78,60,243
3,15323.8,253756,-1536.89,105,346,7851
3,3547.99,707.14,325.51,6,31,53
3,7669.7,14103.6,-506.18,20,127,802
4,6480.27,4873.41,38414.7,24,96,347
5,11298.3,51873.7,413.03,131,209,2534
3,15164.4,63345,-1479.47,133,215,2188
3,3776.12,484.422,-641.07,1,36,35
3,7022.92,17753.1,-2047.8,9,128,1065
0,7680.81,2612,-1881,28,103,151
4,11981.8,29575.9,955.39,52,178,1410
0,13346.1,94766,-6195,182,283,3798
3,11962.1,33325.5,1880.4,51,210,1213
0,20645.6,246932,-10224,77,421,8208
5,9026.67,12441,1096.5,37,152,693
4,9545.52,16898.8,-1812.48,52,160,976
3,13693.8,51949.5,1249.2,123,288,2334
1,14839.5,251994,-8079.94,101,346,7851
1,5704.33,4818.5,-653.409,20,85,343
3,4749.91,1986.87,-853.13,3,75,165
4,4201.81,6071.93,30.789,19,68,481
2,6257.07,11084.4,-925.452,253,102,764
2,12445.9,74663.2,-1090.11,29,249,3630
3,5256.39,4218.52,-1481.82,85,88,318
5,3931.74,6144.63,145.42,17,68,481
0,10729.4,22956,-4078,64,172,1256
5,3975.9,2231.32,-245.61,16,63,184
4,8241.27,8684.18,1653.1,38,144,553
0,11893.9,54573,-6826,50,263,2537
2,22434.8,350678,-2452.94,241,440,10967
4,3689.2,554.621,-687.65,4,43,52
5,11196.1,44169.6,-1513.58,68,196,1885
4,3810.86,558.354,-621.95,5,43,52
1,4025.57,1195.49,-608.69,2,59,101
5,15656.2,158267,2566.7,112,310,6737
4,7853.46,15679.7,-1396.15,90,134,970
3,4006.09,2069.92,1682510,24,43,161
5,7222.89,5456.48,581101,64,86,367
5,3842.41,543.101,-473.86,6,43,52
5,8053.15,14389.3,49.158,33,127,802
5,13221,65669.5,4834.8,36,279,2979
5,16860.5,82827,2803.6,89,340,3632
0,13663.6,133475,-7723,71,300,5834
5,6741.54,12585.4,-169.784,39,105,765
3,3358.28,680.261,441.17,5,31,53
5,6900.44,9364.88,1216.9,13,115,547
3,4817.4,1035.48,-933.19,22,66,101
0,6303.14,6603.99,-2104.27,108,105,459
3,14942.8,90908.1,58009.5,295,254,3973
2,6278.84,8445.57,-1695,11,100,551
3,14818.6,92578.6,-1967.99,215,254,3885
0,14170.2,117576,-6578.29,64,284,4623
4,21079.1,279261,-2599.22,314,468,9276
4,3800.66,476.646,-821.38,2,36,35
4,5801.14,1071.41,-1483.5,8,57,76
5,4295.4,2436.84,-963.97,19,63,184
0,15727.8,221534,-9619,38,332,7951
5,18413.9,204909,-4383.44,163,390,7459
1,3736.55,1212.41,-563.64,9,55,88
2,20947.8,146924,-1098.32,341,449,5537
4,4500.72,393.597,491.26,11,54,28
2,4042.09,2194.64,-878.918,181,54,165
2,7950.06,9796.1,-2926.31,180,135,587
2,4133.01,532.45,488.61,16,65,35
3,7858.61,12438.5,-1252.98,214,105,765
3,6926.84,14200.2,-486.309,95,120,809
2,5139.04,4325.92,-1010.22,17,79,317
3,10803.6,37571.2,-5212.79,180,225,1755
2,4002.81,2173.81,-819.659,19,54,165
4,24662.1,254585,-3110.32,295,537,8350
3,4532.72,2202.42,-1015,11,71,188
3,3341.99,1265.97,839.711,40,40,100
2,4826.38,4215.52,-1395.35,21,79,317
0,21610.1,163389,-8886,77,436,5858
1,11227.9,68523.6,-5458.8,195,247,3373
4,3843.55,480.072,-728.29,1,36,35
3,12003.8,38750.8,703.091,140,235,1818
5,7871.24,9053.88,2132.8,28,144,553
3,6983.26,10830.2,-2042.44,19,109,689
2,10589.6,35790.1,-4258.69,196,208,1691
4,9285.3,26638.3,-2063.99,185,158,1403
0,17944.7,171938,-6960,30,339,5849
5,5521.03,4576.89,-144.16,61,86,367
4,4299.46,1051.57,-856.83,20,66,101
2,12498.3,73480.2,-4624.13,29,249,3630
0,16291.8,137971,-8739,241,335,5636
3,6159.29,11083.6,381.644,80,102,764
4,5070.95,2938.83,-2132.9,6,65,202
2,3982.04,2199.18,102539,23,54,165
0,11661.6,75946,-7403,40,254,3545
4,20909,413501,-1011.26,77,459,14125
1,3907.85,2190.52,-621.48,51,54,165
5,3621.87,567.837,-300.98,15,43,52
4,9317.1,12110.8,763.66,18,152,693
5,9754.93,12666.9,716.8,36,152,693
0,18916.8,240183,-9215,67,441,8998
3,4765.74,1997.93,-733.05,2,75,165
1,3780.88,1203.2,-981.66,9,55,88
0,17750.4,113290,-9224,114,329,3978
0,9054.32,21634,-3734,29,149,1025
1,5350.07,3721.13,-685.51,7,89,249
2,8996.73,25085.8,164164,122,157,1519
5,5158.89,6694.16,418.76,19,68,481
0,24943.1,317341,-13404,132,493,9974
5,6674.1,22201.2,-664.372,79,128,1255
1,6245.4,4789.17,-2090.5,15,107,319
1,11486.5,68683,1850240000,96,247,3373
3,11096.8,55707.9,-1283.3,174,209,2967
1,5097.4,3133.64,-2567.4,4,65,202
2,13910.2,86486.8,581470,53,291,3799
2,14808.9,251173,-7294.14,113,346,7851
4,11197.4,49265.2,-1875.86,13,190,2118
3,20189.4,237798,-12360.7,305,537,8350
0,14779.6,104331,-7776,49,333,4529
4,6748.7,7155.46,-1083.88,17,118,426
0,5090.71,3163,-933,15,81,203
5,4504.16,2606.6,-742.87,23,65,202
0,13988.3,83500,-7650,59,295,3218
4,8767.89,28030.5,-963.647,137,156,1521
0,6397.89,4986,-968,6,102,270
5,3768.8,442.108,-700.11,3,36,35
0,15315.6,167383,-9745,79,387,6747
2,3932.97,417.931,1194.9,8,54,28
4,3623.97,429.631,-520.2,1,36,35
3,4448.67,991.767,-818.83,28,62,102
3,5104.55,3003.47,-2017.6,3,65,202
0,23587.7,414973,-13037,74,510,12351
4,3828.57,554.456,-675.83,7,43,52
4,3304.74,678.569,207.91,6,31,53
3,11828,36674.2,16939,11,225,1755
0,30150.6,835718,-14754,83,634,20638
0,6938.18,9855,-2483,41,121,525
4,8683.49,28089.6,-570.78,39,179,1626
5,4911.24,1566.6,-1367.1,5,70,131
2,16157.8,136302,676416,165,279,5626
0,10520.6,42136,-4848,63,180,1524
4,9845.85,27534.5,-3970.49,66,194,1521
4,6252.43,4975.44,4456.52,100,96,347
0,13661.1,101370,-7821,62,273,4243
5,8565.06,10150.9,6.39341,100,123,621
5,3651.77,478.989,-776.57,2,36,35
0,24622,528308,-11644,163,615,17503
3,6945.07,4371.06,385746,7,88,318
5,18253.7,218060,-2095.67,267,336,8195
3,5643.27,7788.46,-1736.5,13,99,583
0,6812.61,17280,-3212,70,125,1062
0,14472.2,75937.2,-3226.44,172,234,2897
4,10112.9,33159.5,245.031,117,176,1922
0,8551.47,35996,-2427,37,177,2051
1,6219.64,7813.29,-1962.5,23,102,517
2,4511.92,2191.4,-1408.9,12,71,188
3,10097.4,38443.2,1314.27,15,193,2118
0,10669.5,15164,-4385,15,175,769
3,6020.87,7600.05,-1677.75,95,104,457
0,17856.4,132453,-6845,69,324,4068
4,5380.61,2126.35,468.49,18,75,165
2,22863.8,515394,-4901.8,346,540,18067
0,19249.1,215478,-15231,67,435,8093
2,7523.5,9114.1,222.75,20,130,515
1,7495.8,11094.7,-2187.1,22,121,622
5,3878.99,528.564,-970.76,9,43,52
0,19801.4,494750,-14639,62,542,16953
5,5814.1,1077.15,-1944.7,6,57,76
1,5756.27,4596.04,-1464.2,17,98,294
3,14112.3,66659.6,-1696.16,103,224,2192
5,4522.93,2976.36,-583.53,30,65,202
4,7264.37,17231.9,-1981.2,13,128,1065
1,5401.68,5601.55,-1783.1,5,89,425
4,13762.6,65723,-1188.61,114,224,2192
0,10093.4,41491,-4313,19,181,2054
4,11563.6,27546.5,-4006.47,43,214,1469
3,11964.3,54604,-1154.2,48,220,2461
2,6743.49,9249.31,-2159.61,198,138,554
5,4093.06,637.825,-591.56,17,58,43
2,4032.16,2174.35,-1467.4,4,63,184
3,6825.78,5084.08,-1387.8,186,107,346
4,3821.97,471.061,-985.4,2,36,35
0,25602.8,496133,-16211,145,577,15522
4,9478.44,11350.5,-1255.2,130,156,654
3,4202.83,1682.49,-782.58,4,61,134
0,10332.9,19457,-3743,105,212,1023
3,6113.15,3539.89,237.46,20,101,206
4,3666.17,523.662,-906.7,2,36,35
4,12371.2,71123.5,-198.86,180,262,3211
2,6131.62,8073.86,-3110.7,5,106,549
5,4777.29,1674.88,-1206.8,6,70,131
3,3904.57,2177.51,-444.042,6,43,161
3,8688.36,24795.7,295123,120,157,1519
2,4528.64,1022.72,-837.94,28,62,102
5,11334.3,45888.6,5843.39,152,197,2257
4,4601.15,6361.86,-473.31,9,68,481
3,4304.14,2670.4,-471.64,23,65,202
3,10121.6,24722.5,48305.9,38,177,1313
0,15480.3,48895,-4972,39,256,2064
4,4951.64,2427.3,-775.8,14,65,202
5,14491.3,87622.8,1936.21,72,298,3369
3,9330.81,32123.3,-398.515,114,176,1922
5,16230.3,148055,-5091.64,268,362,5847
1,4869.54,1889.06,-619.8,10,75,165
5,8091.82,26097.9,73943,68,194,1521
0,13407.8,62530,-4724,45,270,2754
4,10297.2,33327.4,994.702,121,176,1922
3,24097.6,266731,-4629.45,291,540,8870
2,5580.99,4255.66,-900.142,17,79,317
5,7687.23,12561.8,-1239.47,116,130,694
5,12235.2,53660.6,-3279.56,127,209,2534
3,9029.95,12179,-1763.4,9,117,519
5,15088.6,177860,-3264.22,210,367,7087
4,3673.12,531.004,-723.81,5,43,52
3,4570.82,2245.61,-1476.1,12,71,188
0,13772.9,83728,-8700,215,281,3634
4,8537.02,11047.6,-754.042,33,156,654
5,6606.55,4066.81,-833.365,140,101,270
2,5166.87,3427.57,5266.28,2,51,132
3,5008.98,3155.36,3440.87,155,71,249
2,10356.2,35226.1,281236,35,208,1691
3,5683.06,7580.03,-423.52,14,99,583
5,9360.39,10046.2,1452950000,89,154,557
1,5568.45,1992.59,-1214.4,8,77,165
2,5167.98,2156.34,285.39,14,75,165
5,6865.85,10705.2,161.753,102,136,732
0,6183.17,5080.64,-2024.97,99,108,318
0,7409.18,9866,-2098,15,117,617
3,12070.1,71478,-93.7121,180,262,3211
1,4215.63,692.973,-555.68,12,58,43
4,11930.1,69220.1,735276,185,262,3211
5,8879.09,12416.8,-1315.9,94,128,693
4,9334.14,11754.2,-629.972,132,156,654
4,4753.93,2218.65,156.06,20,75,165
5,4336.12,6348.6,-91.494,33,68,481
0,7608.32,14960,-3181,68,145,851
0,6138.92,15196,-2044,15,125,971
3,4474.68,2046.15,2871.5,5,63,166
4,16774.1,158652,1765.59,194,359,6068
2,8010.08,12840,-1698.64,77,132,806
0,17089.5,196214,-9613,75,409,7585
0,29522.8,762649,-19830,146,718,22296
3,12134.3,79074.2,-5215.27,38,272,3539
2,7319.7,12520.3,-1040.59,8,123,726
5,4597.38,6688.77,382.6,11,67,481
1,6935.84,13560,-3811,19,118,762
3,4795.06,1990.26,-391.52,3,75,165
3,9361.53,39401.3,10316.3,113,207,1995
0,10018.6,36984,-3413,30,196,1811
4,10108.4,12224.4,1271250,90,136,619
5,6673.75,1857.57,741.691,15,84,136
4,5195.46,4475.87,-963.72,17,85,346
3,8748.83,16109,222341,43,160,976
0,20568.5,338746,-12336,125,442,9536
2,5036.28,1475.23,-1474.7,31,71,103
3,4415.15,485.669,117.21,22,65,35
3,8496.36,16083.3,-1067.88,50,160,976
3,8564.48,11342.1,-1627.15,12,117,519
0,16321.3,118728,-4140,79,331,4721
1,6186.91,5281.04,-1460.3,23,88,370
5,3886.95,503.528,-628.88,5,43,52
2,15579.6,100154,41019.5,42,281,3974
4,3658.96,518.632,-314.72,7,43,52
4,10018,36583.6,-3388.26,31,196,1997
4,8566.38,8697.64,2513.1,41,144,553
3,6255.33,3559.15,805.79,17,101,206
1,6274.58,15227,-1460.4,14,125,1014
5,13016.9,60868.2,-4500.56,165,223,2822
3,8642.67,16011.5,37881.8,105,160,976
0,8267.39,21257,-5098,12,166,1261
4,5852.45,3880.98,1348.4,34,100,294
2,5981.19,5357.9,-1239.3,8,105,371
3,24274,272854,-692.907,277,537,8350
0,10948.5,60013,-4905,46,226,2981
0,6285.72,5823,-2154,8,94,398
0,16374.5,214421,-11567,154,390,8347
3,10462.3,43373.9,-1312.86,125,197,2257
2,5739.59,4171.25,-1243.28,269,88,318
0,12012.5,109353,-6471,82,268,4716
0,16322.1,93216,-9195,75,376,3635
1,4027.39,5733.87,-886.83,20,68,481
2,15135.7,99827.1,-3123.57,42,281,3974
5,15535.3,80357,-1046.63,256,336,3302
2,6118.5,4176.45,-1330.58,264,88,318
5,4610.67,2455.59,-1112.6,6,61,184
0,18501.4,389928,-13295,119,509,13968
1,7887.38,9388.89,-1940.42,183,135,587
0,7927.9,3202,-2451,25,86,166
4,9656.03,33367.2,-1156.17,119,176,1922
0,12602,95222,-6507,267,276,4157
3,8413.58,14176.7,-1262.57,95,140,845
2,6340.46,5309.48,-693.614,5,99,321
3,24266.1,250173,-832.341,287,537,8350
4,8885.85,14434.3,-3043.69,86,143,771
4,9303.15,39701.3,906531,117,207,1995
0,29566.5,673412,-359930,139,663,17345
1,6809.59,7747.84,-3397.8,11,117,427
4,15094.4,160075,-7428.2,157,359,6068
5,5472.64,2893.51,-914.33,6,65,202
5,4626.27,6355.52,-216.43,16,68,481
1,6188.9,6335.54,-2047.9,16,108,424
4,10462.1,32688.4,1709.02,72,176,1922
2,5647.06,4180.48,-650.42,86,88,318
4,11273.2,52792,313967,29,215,2394
2,21785.2,347732,-3332.33,257,440,10967
3,6327.27,11127.9,-1089.49,22,111,651
4,14777.4,79924,945.951,137,320,3466
2,4846.36,2749.27,-630.157,102,67,224
0,10777,72681,-6298,46,230,3702
3,20119.3,413056,-7826.25,56,465,14125
5,4267.01,488.801,446.56,26,65,35
0,6026.76,2195.96,-1359.85,9,82,185
4,6785.03,9805.52,707214,19,108,653
1,6915.38,7825.92,-2155,12,117,427
5,3985.88,2589.58,-461.83,33,63,184
2,7969.59,9476.65,-2539.67,199,130,490
4,4797.48,3072.53,-863.944,158,71,249
2,3763.37,2173.42,-517.556,5,43,161
2,6474.22,5309.06,-1099.15,54,79,292
0,15753.6,115006,-5960,135,292,4522
4,7251.47,11178.5,-643.371,81,114,689
4,11383.5,37936.4,-1757.03,84,166,1414
2,8323.77,9520.05,192931,203,130,490
0,6727.45,7510,-1805,16,116,458
5,8597.69,22510.4,-3793.45,130,182,1212
2,6373.84,12986.9,-1691.86,175,96,804
4,5434.3,3059.38,-612.27,16,77,244
0,20349.7,169656,-8002,200,396,4534
0,7358.34,12518,-3835,56,118,654
5,3181.71,1307.22,-684.877,10,40,100
5,5004.56,1984.52,27975900000,116,66,166
1,5237.62,4143.73,-1116.84,17,88,292
1,6817.16,7815.01,-3385.4,11,117,427
4,3428.43,724.799,314.15,6,31,53
4,3449.09,726.477,-215.86,7,31,53
4,5822.14,3355.85,-646.811,155,71,249
3,6503.85,10226.4,189612,34,109,689
0,14220.2,115403,-7946,46,323,4920
5,3395.08,661.921,393.05,5,31,53
3,5644.87,4440.02,-1617.07,23,88,292
3,5027.02,3128.27,-573.522,151,71,249
3,4237.65,1935.82,-729.607,73,63,166
3,15117,59999.9,-957.787,155,305,2610
3,9823.97,24374.2,1021450,34,177,1313
4,5335.88,1565.48,453372,12,76,147
0,26320.9,249910,-11285,37,396,5966
1,5335.27,2004.65,-1408.3,7,77,165
1,9137.18,17176.1,-3688.52,94,183,931
5,11268.5,26346.5,776829000,113,172,1412
2,5124.65,4264.93,-1421.62,18,79,317
2,6160.61,8083.13,-4072.6,5,106,549
5,9757.52,36201.5,-1720.64,38,196,1997
0,14882.3,242467,-7374,70,331,9131
5,9111.83,4879.73,-1435.61,26,131,271
4,4546.03,6694.37,-244.62,15,68,481
3,8787.76,21769.9,-1752.45,110,166,1111
3,9561.55,33580.8,-3518.72,103,176,1922
4,3316.63,670.859,318.1,6,31,53
2,5143.74,2054.71,-223.56,6,75,165
5,3968.61,2489.61,-591.63,20,63,184
0,10018.4,32699,-4777,108,173,1752
5,11859.3,59268,-164.401,179,223,2822
5,15695.8,91605.9,2402.7,85,289,3710
2,16019.1,160766,-4796.16,253,352,6744
4,4514.94,2157.36,397.57,17,75,165
1,5179.41,3670.68,-665.67,21,82,289
3,5972.53,4112.01,-1419.06,82,88,318
0,6607.42,12477,-2786,20,118,804
3,5459.17,2420.58,548.49,2,81,169
5,8878.04,17514,-753.42,192,133,890
4,10320.6,34560.4,-845.196,105,176,1922
5,3383.36,628.561,297.22,17,51,45
1,7805.68,9405.57,-1694.85,183,135,587
0,9883.21,34646,-4441,40,187,1638
5,11196,57621.6,-4447.93,197,223,2822
5,10106.2,36550.1,19877300,37,196,1997
0,6541.69,9088,-2269,33,121,549
5,4469.08,6823.51,-380.76,33,68,481
3,10514.1,26909.3,-1952.05,147,172,1412
4,13960.2,140391,-1884.66,323,308,6057
5,4393.93,2474.26,-778.6,26,63,184
3,13205.6,46619.4,-1563.92,190,273,2061
3,10511.1,26966,-1039.3,113,214,1469
4,9474.96,21415.6,-1393.35,31,163,1162
4,15161.1,75745,141436,271,336,3302
0,5199.59,5099,-2109,9,93,367
1,11969.3,49265.9,-4612.76,224,262,2394
5,5444.52,1127.71,-1565.7,2,57,76
3,14563,85843.8,-1341.96,47,291,3799
5,4823.5,550.879,773.8,26,65,35
2,6059.57,12923.3,-1690.8,11,103,883
0,5985.16,7394.56,-1741.97,80,93,545
4,4644.47,1737.59,-993.14,16,61,134
5,4711.65,1587.87,-1564.8,5,70,131
3,8151.9,14299.1,-1029.48,100,140,845
2,6228.36,5199.74,-1470.24,46,79,292
1,4526.5,1055.28,-324.16,28,62,102
5,3262.27,674.421,-368.28,6,31,53
1,5153.54,4788.35,-1438.92,19,85,343
1,5274.63,2835.93,-1566.19,115,77,244
4,8208.24,9110.89,716.24,39,144,553
5,6941.32,7835.3,-4002.1,34,92,485
0,11641,85283,-5184,28,244,3795
0,9399.43,10367,-3923,34,159,584
4,13382.2,64711.3,3786.2,45,279,2979
4,8022.01,9187.98,-1715.75,20,135,587
2,10144.2,35097.8,-2305.62,196,208,1691
3,7794.99,13779.6,-97.325,15,127,802
0,6114.22,4368,-2367,2,62,133
4,12049.3,29971.3,-3152.92,65,194,1521
4,4244.31,6286.27,-894.69,35,68,481
0,8419.55,22622,-4161,63,161,1258
1,6821.35,7784.42,-3051.4,11,117,427
5,15458.2,190260,48312900,73,286,7322
0,8596.81,38006,-4038,16,166,2118
0,15712.7,223021,-8267,68,359,8597
5,4710.22,1068.59,-308.14,22,62,100
3,16177.5,157211,2459.8,99,310,6737
1,12836.9,49361.8,204291,158,262,2394
4,4557.69,2757.31,-1354.45,103,67,224
3,9808.74,38130.4,-2095.77,37,180,2054
3,13661.6,143279,2803.03,260,308,6057
3,3918.24,2398.21,-1097.4,16,63,184
4,4452.36,6697.83,-327.21,19,68,481
3,4345.37,2527.88,-168.33,29,65,202
0,5876.49,7827,-2128,10,94,515
4,7833.02,8944.48,1463.9,26,130,515
3,9645.41,26312,-3273.34,33,174,1415
4,13536.1,46265.3,-2351,185,273,2061
5,5188.53,4570.04,752860,16,79,342
4,3596.65,693.085,67.357,4,31,53
2,7568.9,9043.01,132.16,14,130,515
0,32972.9,527254,-16245,130,710,15353
0,13106.3,82418,-7527,47,325,3465
4,13441.7,82129.9,951400,57,272,3539
0,12137.9,57811,-2369,51,219,2671
0,15055.5,81405,-4533,56,284,2762
5,3696.37,479.743,-846.66,3,36,35
3,20201,230684,17204300,283,537,8350
4,4889.58,2965.96,-267.28,32,65,202
2,21804.4,350219,14762.5,92,440,10967
5,5460.39,2398.35,825.43,39,75,165
5,6757.34,4191.66,-1203.16,19,101,270
5,12909.4,73917.5,-1772.82,34,247,3630
4,4795.66,1198.48,-1434.21,35,64,87
3,4044.63,764.818,-450.07,24,58,43
1,8241.08,13922.5,-3019.63,39,170,771
4,11314.3,49080.7,146415,86,190,2118
4,3249.04,668.112,170.74,6,31,53
2,14894.4,135983,-99.7335,199,279,5626
3,11801.3,54407.8,-2324.7,42,220,2461
3,7085.99,10422.7,-1246.99,26,109,689
5,5165.8,4544.09,158030,21,79,342
0,19071,292520,-9360,53,400,9270
0,9293.1,16119,-5214,72,174,854
0,4759.24,3347,-1279,30,69,271
0,7282.87,10806,-3200,18,133,649
4,9467.56,26234.4,-1702.31,29,174,1415
3,9186.21,27411.8,-1185.14,163,158,1403
2,6055.48,5045.81,-1444.66,49,79,292
1,7880.81,13062.1,-1461.01,77,132,806
2,5952.4,11203.5,19442.6,24,102,764
0,6149.15,6350,-2145,15,91,426
1,6085.79,5265.17,-2081.9,23,88,370
2,15130.4,100312,-3923.8,42,281,3974
2,10773.2,37806,1.65571,27,205,1751
4,14222.6,51993.7,306.942,62,288,2334
4,6138.87,1090.07,-1378.1,6,57,76
2,4483.11,1000.94,-1127.2,20,66,101
0,16083.9,174548,-8668,83,364,7099
0,8664.57,34452,-3987,30,164,1809
5,6862.32,9811.64,974.86,24,115,547
3,12059.5,36873.1,-1895.39,202,225,1755
5,15619.5,157604,1974.6,111,310,6737
2,8835.16,12120.4,-2472.18,64,128,693
5,3569.34,581.665,-134.75,14,43,52
4,6878.48,7442.93,682.52,35,109,432
3,3827.16,2147.56,-375.682,13,43,161
2,4441.55,2253.25,-1592.9,11,71,188
5,12245.3,49191.9,-3846.72,134,215,2188
5,4057.04,2366.99,-1001.8,24,63,184
4,9124.11,14046,-2029.79,274,170,771
1,5282.9,3333.9,-2030.6,21,70,205
0,19859.4,227435,-13357,63,432,7588
4,3413.97,675.36,377.69,4,31,53
2,10965.9,35682.3,-771.078,24,208,1691
4,3799.82,544.032,-559.27,5,43,52
0,5400.55,12154,-1857,10,93,842
1,4526.55,1027.67,-704.91,30,62,102
0,6957.94,6141,-1451,12,80,341
1,5416.43,4035.89,-1460.5,12,85,267
4,4602.75,1867.16,-506.93,12,61,116
3,9671.29,10292.9,-3112.23,95,154,587
3,12829.4,80169.9,305188,44,272,3539
4,12005.9,37143.5,-1872.05,115,166,1111
5,19080.3,186757,2650.68,236,403,6746
5,3864.15,6384.22,85.797,22,68,481
4,16197.1,159647,-2839.22,90,359,6068
0,17533.1,165772,-6866,57,374,6628
1,6242.65,4813.66,-2279,15,107,319
3,24237.1,273048,-665.291,289,537,8350
5,4556.31,2134.2,1101.7,23,75,165
3,14001.6,81527.4,-5844.34,41,272,3539
2,10602,35209.8,-1368.87,33,208,1691
2,8169.89,33373.8,279.517,95,148,1919
0,20671.6,178821,-10033,76,358,4443
0,24161.7,363088,-13063,369,604,11142
2,4190.02,2293.56,-1121.8,20,63,184
5,4490.11,2019.9,-73.184,23,75,165
4,9033.12,11982,-143.355,13,117,519
2,7699.35,9600.31,-1637.69,15,123,621
4,17100.7,159100,-1007.46,196,359,6068
0,8449.67,21490,-3004,23,157,1253
4,4110.39,783.737,-1713.3,10,54,64
5,3500.89,571.704,-494.49,15,43,52
3,9196.07,30103,-1898.4,207,171,1747
2,4033.55,2222.08,-860.91,5,63,184
5,4494.56,1877.41,-66.675,11,61,116
5,6144.19,1142.69,-1470.2,6,57,76
0,18976.2,230614,-13379,155,356,6747
3,4087.2,2257.84,-567.07,21,63,184
2,10797.8,57523.4,-1744.57,313,217,2904
2,6586.06,4957.14,-1531.7,14,87,322
3,8531.4,16071.4,148908,39,160,976
4,8935.89,26402.2,-1268.56,37,156,1364
3,6935.97,8618.81,-1413.75,6,95,543
4,8374.91,4742.18,-1706.9,98,131,271
3,4303.6,2674.49,-851.31,15,65,202
4,10006.7,43563.3,-2090.09,227,159,2181
2,3899.5,2115.24,-1729.9,6,63,184
4,7520.57,8784.29,-2007.45,174,107,517
3,4341.39,1931.58,172.35,16,75,165
0,11319.7,36358,-6260.91,148,254,1816
1,5419.76,4041.86,-1288.8,12,85,267
5,5150.61,4225.54,-1355.11,92,72,340
0,7988.38,14283,-3637,58,150,768
3,8172.93,14318.6,11144200,24,120,809
3,9510.49,27442,-1463.08,180,158,1403
3,7537.74,9274.98,-1223.66,96,138,554
5,4345.47,2397.1,-956.42,17,63,184
0,7712.24,13719,-3258,59,125,692
5,3697.26,483.688,-649.57,2,36,35
0,5526.48,4027,-2584,5,90,317
4,5805.07,7128.14,-731.152,14,93,545
0,6128.03,6663,-2604,4,107,457
0,5304.7,4505,-1884,15,97,322
5,4317.56,6307.51,245.72,10,67,481
4,7955.13,14587.6,-526.76,22,127,802
3,12245.5,38483.1,63082.4,34,235,1818
3,12182.7,77050.3,-1489.73,171,252,3882
3,4460.35,1986.2,-775.37,111,66,166
4,9748.78,25705.4,-2004.72,27,174,1415
3,6045.78,10328.2,-2247.88,22,109,689
3,10058.3,30027.8,-367.185,220,171,1747
2,6333.84,4964.98,-2047,14,87,322
2,8763.17,18490.6,-4919.8,15,146,891
2,8736.41,18473.4,-5219.4,14,146,891
3,4188.42,5936.57,-397.98,10,68,481
0,24629.5,685978,-19624,82,644,21043
5,3495.12,1363.45,-616.961,7,40,100
4,4618.22,3054.89,-763.449,102,67,224
3,5903.98,7609.62,-712.27,9,99,583
4,9374.7,25781.5,-1342.19,29,174,1415
3,7006.82,9058.65,-935.369,126,95,543
1,6880.94,7776.29,-2846.4,11,117,427
5,4851.92,6851.11,-242.85,17,68,481
3,3847.34,666.245,-561.9,14,58,43
0,6615.84,12897.3,-1749.34,48,96,618
0,14366,73384,-7821,28,238,2748
5,7964.41,26449.8,-910.424,134,156,1521
0,13941.8,87127,-6004,29,314,3626
0,5307.09,3516.26,-824.408,134,51,132
0,7781.48,22342,-3327,29,162,1260
5,4709.68,2393.84,-855.96,2,61,184
1,5812.52,4869.1,-986.989,17,85,343
1,11670.6,41693.4,13052000,140,227,2059
2,14958.4,99675.8,-3668.73,40,281,3974
4,8984.65,13856.5,-1599.18,123,148,729
1,11051.4,68905,-3447.24,198,247,3373
4,7808.97,13976,24821000,30,120,809
2,4130.05,2355.94,-903.31,25,63,184
2,6818.86,13292.9,-468.332,16,96,804
3,5447.32,7515.68,-1372.2,18,99,583
3,8804.47,12311.2,-976.596,128,136,619
4,4083.12,1616.37,-697.62,9,61,134
1,5079.21,1468.58,-1413.01,35,71,103
5,3842.33,632.972,-297.53,17,58,43
0,9604.15,42454.6,-379.68,52,193,1994
2,5735.98,3687.85,-971.352,109,85,269
2,4439.58,2717.7,-910.83,21,65,202
0,14748,150755,-11214,244,328,5959
3,8821.69,10552.6,-792.386,136,139,587
1,4046.97,1192.93,-497.19,2,59,101
4,7558.69,17818.4,-2012,15,128,1065
0,11570.2,61963,-5535,46,254,2898
3,5543.73,3534.13,-717.675,9,85,269
4,12151.2,61111.6,365.241,185,240,2751
3,4415.4,1711.28,-777.26,6,61,134
4,14819.6,143505,28855,102,362,5847
0,19690.6,206794,-11565,55,352,6063
3,8087.76,4674,305193,114,131,271
5,4684.45,2389.26,-573,5,61,184
4,7884.63,17015.9,-2557.57,19,142,844
4,4360.15,2240.11,-852.69,5,61,184
0,20169.4,250973,-5164,47,403,8860
5,6093.34,4255.06,-996.386,54,85,269
2,6158.89,8052.07,-3161.5,10,106,549
0,8145.31,12064.3,-2779.91,120,128,693
0,12354.7,33656.3,-5529.13,237,241,1470
2,4670.06,2094.02,-0.76121,14,75,165
3,5719.85,7654.92,329.39,18,99,583
0,17376.3,101858,-8351,50,322,3634
4,4449.21,2353.84,-567.15,8,63,184
3,9234.94,36909.9,-4128.56,43,196,1997
5,14351.3,65422,-1943.34,184,223,2822
2,5997.78,8098.45,-3539.9,12,106,549
5,14104.6,69527.3,2860.76,54,325,3143
0,8368.98,26567,-3618,28,165,1524
2,15631.6,100395,-3656.21,32,281,3974
4,15022.6,82931,-2716.43,110,223,2059
4,6863.18,6066.22,525824,83,95,372
0,9831.06,28886,-5211,31,181,1417
1,6285.61,5143.83,-2872.3,12,109,317
5,5605.99,2019.64,-1033.5,10,77,165
2,10539,18619.5,-1436.68,149,141,850
5,4051.67,673.15,-197.28,17,58,43
4,12202.5,69124.5,924.72,54,201,3289
5,9467.95,20486.8,-1034.79,27,157,1113
5,6626.41,7418.07,-2154.28,67,109,486
0,5818.73,10356,-2116,9,96,648
2,6189.18,5284.3,83943.3,5,99,321
0,9787.36,24082,-5178,43,135,1020
4,8719.84,10860.4,-1015.93,39,156,654
4,4294.7,1688.14,-535.45,10,61,134
3,8491.19,19718.3,-1216.11,29,142,1025
5,8103.76,10092.9,-752.466,209,107,517
0,24959.6,344449,-13569,138,530,10552
0,4683.84,1947.8,-555.92,8,76,165
2,4082.51,637.527,-717.13,11,58,43
3,4070.92,2203.91,532.47,180,54,165
4,12759.3,55993.5,-515.54,49,220,2461
0,8714.23,24059,-2743,18,151,1358
5,3722.4,563.186,-238.97,13,43,52
0,9015.47,27283,-3705,392,176,1571
5,4121.63,478.83,193.17,26,65,35
5,11307,49142.9,-1370.43,81,190,2118
0,17377.9,181521,-9108,78,397,6633
0,6610.47,9009,-2172,15,115,586
3,6864.24,13718.5,32697.1,105,120,809
4,6198.61,11247.5,-2035.02,148,111,651
3,8242.79,10494.7,-1193.8,144,139,587
0,6436.1,18889,-2737,24,123,1207
5,19689.4,281473,252922,264,420,9137
3,8467.07,26025.2,-2993.95,32,156,1364
5,11282.3,29130.2,-638.84,38,178,1410
3,8959.03,16076.7,1041.44,112,160,976
2,22243.9,515906,-3233.2,140,540,18067
0,12509.3,75831,-5825,48,288,3296
3,13810.5,78758.8,-1754.57,195,262,3211
3,3512.45,664.344,137.74,4,31,53
1,8493.05,13880.6,14084.2,124,170,771
5,19868.1,277051,1312.76,296,420,9137
3,10855.2,31938.1,-1973.05,133,203,1580
5,4309.67,6661.12,362.89,14,68,481
1,3755.63,1185.29,-552.74,9,55,88
1,6848.46,7754.5,-3332.1,11,117,427
0,3446.87,655,-558,23,40,52
0,11786.4,77934,-5114,117,254,3371
5,4985.43,6579.23,-624.76,18,68,481
4,12846.2,94026.6,-264.544,184,273,4429
3,4021.34,653.002,-335.26,21,58,43
2,4037.4,2266.85,-976.248,185,54,165
5,8996.7,16826,-2802.46,32,172,973
4,6860.63,17637.2,-2172.6,15,128,1065
4,4502.94,491.858,-169.07,19,65,35
3,12395.1,54980,-1553.1,48,220,2461
0,8062.49,10776,-2598,17,125,653
2,6172.38,8122.51,-4056.3,9,106,549
4,3354.09,668.215,-195.19,5,31,53
3,6191.16,13003.9,-1239.6,10,103,883
3,9720.86,27016.1,-3234.46,110,166,1414
3,12046.8,53610.1,-1323.9,49,220,2461
5,13624.2,66120.6,3384,37,279,2979
2,8465.83,10353.8,10480.8,140,139,587
0,16795.6,177114,-8712,55,342,6982
4,9196.33,12332,1845,33,152,693
5,3927.52,417.22,709.69,15,54,28
5,11326.8,52485.3,810587,36,215,2394
5,7890.51,6621.54,-263.311,222,109,400
4,6116.53,13397.2,-1139.6,12,103,883
3,17856.9,172869,63983300,234,403,6746
5,15312,158197,5216.1,112,310,6737
3,11763.5,38469.7,745.288,142,235,1818
1,5818.17,4807.3,-1204.38,17,85,343
3,8745.39,4754.4,6151.94,26,131,271
2,4393.29,1016.41,-933.37,28,62,102
4,8360.42,21370.6,494900,181,145,1156
0,14662.4,91919,-7262,56,329,3979
1,5983.93,5152.12,-420.919,12,85,343
0,11172.6,34729,-4034,58,187,1692
5,8161.55,10339.6,-1625.99,137,139,587
4,12111.6,38388,2871.84,46,235,1818
2,10551.9,36554.1,-3339.38,162,225,1755
3,3318.26,671.554,258.3,6,31,53
4,15648.4,155614,2753.9,111,310,6737
0,18505.1,160869,-11443,61,417,5961
5,15492.1,80364.2,419.236,252,336,3302
2,13952,164656,-3994.77,46,320,6391
0,6886.22,6727,-2902,6,99,316
2,6229.19,8129.6,-2749.4,11,106,549
0,8440.55,21475,-2744,57,155,1157
4,7953.83,20934.4,301.92,42,143,1203
3,7136.9,11434.2,-753.873,132,111,651
3,4780.08,1065.52,-1105.9,12,66,101
4,3518.8,518.221,-543.01,5,43,52
3,9628.33,16698,7547.28,165,172,973
4,9364.05,30516.2,-463.048,231,171,1747
0,14247.6,55073,-5340,70,250,1937
3,6926.36,13585.2,150448000,24,96,804
1,8989.12,13800.8,806.606,33,170,771
4,6836.42,7730.71,1186.8,44,109,432
5,3757.2,571.971,-180.25,13,43,52
2,6054.63,10689.4,1291280,231,102,764
4,3742.12,533.063,-633,7,43,52
4,8127.05,8724.59,2695.7,40,144,553
4,12572.9,72018,-1282.41,190,262,3211
4,4256.67,2400.38,-640.36,26,63,184
4,10517.7,28538.2,774.912,49,194,1521
0,8827.65,25584.9,-3401.89,31,157,1519
2,5271.37,4282.38,-955.161,18,79,317
1,4435.96,2558.2,-1090.5,9,72,205
4,8861.51,27778.9,-2604.4,132,156,1521
4,6088.89,4382.42,143.1,23,100,294
3,9646.41,10177.2,-2537.18,101,154,587
0,5428.71,6209,-431,25,104,400
5,10034.9,17126.5,-1318.87,34,172,973
5,5757.19,4981.28,16045000,11,79,342
3,10186.3,32051.9,963.226,143,204,1692
0,12448.2,101793,-7019,116,275,4148
3,11736.7,46003.9,-2528.51,147,215,2188
0,23156.4,258023,-10200,105,444,7840
5,5800.89,1105.15,-1796.1,2,57,76
3,13085,61252.1,-4700.7,32,247,2754
5,4435.5,2074.81,-1214.9,3,61,184
2,5993.39,5248.21,-1004.1,9,105,371
5,4643.41,2343.25,-503.36,4,61,184
4,7692.03,8978.42,-956.802,209,107,517
0,6755.83,11156,-1737,31,147,660
0,14454.5,85497,-5391,44,295,3631
1,8874.87,13696,834.484,36,170,771
4,3538.9,686.655,320.43,5,31,53
5,6340.93,22439.5,442.117,81,128,1255
4,6988.64,6751.36,858.102,168,108,428
0,8013.7,8475,-5110,17,135,546
4,3525.98,701.573,348.27,5,31,53
4,4464.34,2308.29,-676.7,18,63,184
4,13021.2,41398.1,-2517.39,120,234,1581
1,11318.9,68939,-2711.67,199,247,3373
3,14060.3,90561.6,-1075.95,218,254,3885
5,5122.07,679.359,-237.52,5,58,43
4,8938.52,16840,-591.457,22,142,844
1,8354.01,15564,-2443.4,30,141,932
4,4693.03,2876.33,-852.903,105,67,224
2,12019.5,56430.7,-2287,29,209,2967
1,5861.43,1817.23,-1366,31,71,103
3,9432.53,37642.2,-2220.03,42,180,2054
5,14709.5,96994.4,4254730,198,294,4249
1,8191.5,15521.5,-3269.5,30,141,932
2,6003.64,4243.12,-1365.68,7,88,318
2,11962.8,37899.4,4421.11,27,235,1818
2,3911.13,2136.92,-1840.8,5,63,184
3,7568.34,14128.6,-1470.16,31,120,809
1,4174.01,2504.99,-975.43,7,65,202
0,8328.6,21021,-175,40,152,1157
5,15770.8,89251.4,24097000000,93,289,3710
3,9907.24,38167.9,9953.77,43,180,2054
5,12579.6,64220.4,-31.1326,198,214,2600
2,10442.2,43119.1,-2140.9,25,197,2257
5,4867.2,553.509,613.48,19,65,35
0,13843.6,122758,-3640,39,295,5112
2,14400,138873,-5322.4,202,279,5626
5,9033.8,28573.6,35.1878,44,179,1626
3,8968.49,28756.4,-3619.01,151,179,1626
5,4713.48,1731.02,68798,25,58,130
2,4644.8,2095.73,-87.332,7,75,165
0,12106.4,42425,-4828,74,200,1634
2,4197.5,662.507,-592.69,17,58,43
0,12822.1,100721,-4643,24,308,4820
3,5937.31,1037.64,-1439.1,6,57,76
5,7060.45,7466.14,649.67,34,109,432
2,5348.75,4490.61,-932.627,17,88,292
1,5587.19,1811.89,-1252.26,45,71,103
3,4916.07,2750.23,-430.26,24,65,202
0,9810.81,29305,-5126,32,197,1420
4,4752.69,2943.55,-623.52,36,65,202
5,21554.4,275335,1180.68,284,420,9137
3,9303.67,38031.5,-1808.05,38,180,2054
4,4773.54,3238.45,-497.483,20,71,249
5,3627.54,557.709,-226.21,14,43,52
4,9272.8,22982.5,-3651.8,137,182,1212
0,10732,76700,-5893.57,32,252,3882
0,17565.7,143274,-6598,38,307,3387
4,9338.86,17877.3,-1045.44,29,133,890
0,16057.9,126304,-7734,210,282,4620
4,14709.5,59547.4,-3859.8,143,224,2192
4,11337.3,58405.5,-5020.58,193,223,2822
0,9561.16,39051,-4111,29,173,1866
1,4465.95,2572.57,-847.99,9,72,205
0,20795.4,248000,-10693,344,503,8097
1,6021.59,5215.34,-1213,7,105,371
4,5132.36,3275.1,-961.227,13,71,249
4,4565.83,6434.3,-194.04,16,68,481
0,10812.2,48647,-4535,38,197,2460
4,8977.76,21257.1,890.64,37,143,1203
4,4106.37,716.575,-722.5,16,58,43
2,7579.37,8893.72,3.4067,14,130,515
4,15230.3,43943.1,-5197.26,83,278,1938
3,6441.79,5068.08,-992.341,113,96,347
2,15892.3,254272,-7411.36,110,346,7851
2,5589.55,4307.05,-1019.02,20,79,317
2,8571.66,9985.2,-3484.29,104,154,587
2,9051.24,14315.3,209494000,65,170,771
0,4746.93,2021,-1375,8,60,148
3,12659.6,72025.5,-1286.92,188,262,3211
4,4858.74,2679.92,-390.22,19,65,202
0,7846.43,12692,-2758,56,136,730
4,3627.48,551.06,-647.65,5,43,52
2,4653.21,1900.03,-611.55,3,66,164
3,14081.4,80015.3,4015.13,52,272,3539
0,9865.48,23700,-4432,35,166,1210
0,8232.92,17069,-2522,29,159,853
3,4724.05,1972.5,-546.28,6,66,164
5,4552.49,1079.71,-803.45,9,62,100
0,13840.9,80409,-7526,37,317,3384
2,5727.97,3544.71,-935.24,61,85,269
0,9820.09,24293,-3108,32,180,1360
2,17179.9,164111,12543.9,221,352,6744
4,8514.97,4837.43,-1434.31,23,131,271
2,10671.1,43323.4,-2016.42,130,197,2257
2,5640.97,4287.75,-1445.08,13,88,292
2,8105.85,13876.6,-2370.14,277,170,771
3,7728.48,9699.31,-1113.72,16,123,621
1,5121.06,3118.55,-2476.3,4,65,202
4,3793.49,2425.4,-932.61,10,63,184
5,8991.45,23368.5,-1495.09,113,154,1252
2,4394,1965.98,951.021,114,66,166
0,26932.8,517389,-14281,111,561,15002
5,3398,1251.23,-414.454,8,40,100
2,10779.3,37767.5,-3212.63,35,235,1818
3,9410.51,16920.7,260931,40,172,973
1,5601.68,4587.57,-1112,17,98,294
3,4564.2,2663.3,-735.36,27,65,202
4,8752.69,12297.9,108306,85,128,693
2,4504.65,2151.7,-1100.7,12,71,188
2,3838.34,2141.5,-808.649,181,54,165
4,3321.24,640.854,-329.73,5,31,53
0,19508.6,334969,-11189,279,495,11582
4,9402.6,20186,-2694.93,180,163,1162
0,16002,100915,-6512,59,308,4067
5,11278.2,29896.8,2880.43,61,194,1521
2,12805.8,74656.3,-1197.42,34,249,3630
5,9494.76,20232.3,-511.803,38,157,1113
2,11571.5,56056.1,-1624.57,169,209,2967
5,5731.15,1152.68,-1322.9,2,57,76
0,18190.6,221205,-6591,81,421,8470
0,8491.57,14231,-3652,54,135,732
2,4618.46,2082.46,-224.78,7,75,165
0,18064.2,358717,-5779,70,404,13943
2,5290.76,4255.04,-131.811,21,79,317
2,14672.1,252208,-7241.7,102,346,7851
0,13056.4,47995,-4287,62,246,2190
2,8282.57,9436.65,-2572.88,93,130,490
3,6367.56,13588.6,-1260.2,14,103,883
0,18828.7,220684,-7117,67,345,7333
4,9958.17,34485.2,1470.44,108,176,1922
1,3761,1512.67,-930.96,6,56,114
2,4872.95,2074.83,588.19,12,75,165
4,3867.48,2342.26,-625.67,12,63,184
3,8618.87,17111,-1797.29,20,142,844
0,8921.63,16699,-3202,17,108,486
4,12442.2,79718.1,1811.86,58,272,3539
5,5648.64,4228.84,-205.766,87,72,340
1,3861.58,1212.85,-757.72,9,55,88
0,19904.4,273815,-9939,263,459,10533
3,4247.05,2735.93,-1300.3,11,65,202
5,6048.38,5295.57,-503.502,81,86,367
0,3897.95,1636,-1156,9,66,148
2,7816.81,9614.78,-2331.63,202,130,490
3,15244.9,60940.2,-681.325,140,215,2188
0,6965.93,4245.33,-1252.91,22,75,248
5,15661.1,80114.9,-3552.95,146,320,3466
0,11100.4,76049,-7498,46,244,3706
4,4864.69,1578.49,-1167.1,6,70,131
4,10145.6,27277.1,17549400,163,158,1403
1,10709.6,41651.3,-3858.28,143,227,2059
2,4069.15,6083.74,-590.94,19,68,481
5,9232.96,17540,-705.334,197,133,890
4,13119.4,37516.9,-1748.38,152,225,1755
5,4409.14,2436.77,-475.82,21,63,184
4,7370.24,9009.24,-1310.55,182,107,517
4,15393.7,157229,1329.1,114,310,6737
3,9036.66,22451.7,126.45,40,143,1203
5,13396.7,66210.1,3982.9,36,279,2979
3,4140.46,1395,19975.8,153,52,133
2,5732.38,7630.65,-1163.93,12,104,457
1,4039.12,1528.6,-926.04,4,55,133
4,11074,32278.6,-1698.84,163,203,1580
5,3679.06,563.825,-271.05,15,43,52
2,6824.61,5346.56,-691.681,50,79,292
5,4415.46,6399.95,121.88,21,67,481
5,9042.44,11397.9,136170,208,139,587
2,7684.52,8963.32,271.41,13,130,515
4,3814.98,364.924,987.81,11,54,28
2,4066.76,650.993,-649.01,17,58,43
4,16745.6,158600,-6828.12,187,359,6068
3,11082.8,26718.6,81117.6,108,214,1469
1,15041.5,102263,-2945.11,45,283,3965
0,7656.49,15949,-4268,15,135,930
1,8493.57,13880.6,14082.6,124,170,771
4,10940.3,28658.9,192298000,64,194,1521
4,4275.79,1218.52,-1044.9,10,55,88
0,11295.7,37115,-3714,33,198,1214
4,11538.1,41676,-2015.76,62,180,2054
3,4255.86,678.011,-371.63,18,58,43
3,15732.2,60021.1,18052.1,151,305,2610
2,6919.57,9022.11,-1068.05,4,95,543
0,7325.61,12529,-3098,29,131,730
0,7050.14,12212,-2869,41,130,732
2,7604.37,9587.27,-2971.14,201,130,490
0,9930.99,13531,-5314,12,136,691
0,11317.3,45557,-5057,34,155,1633
4,16820.5,201357,-7833.32,153,390,7459
3,11821.6,32038.2,1228070,36,203,1580
2,8194.29,26552.2,-3120.48,31,156,1364
3,7527.74,4635.43,-517.616,81,131,271
4,23192.1,279240,1427240,67,468,9276
5,4102.51,2388.22,-572.31,21,63,184
4,10236.9,21030.8,-2164.89,161,163,1162
0,13139.8,60481,-5764,59,255,2753
4,9488.79,12412.9,-899.342,117,136,619
5,3654.87,538.075,-840.29,14,43,52
3,6563.4,10332.1,-1298.93,23,109,689
5,7985.69,7551.51,216153000000,53,109,486
0,18753.5,225760,-15043,204,476,8349
3,4357.52,1988.11,-724.105,114,66,166
3,5571.67,7789.19,-1147.7,10,99,583
2,5734.35,7674.82,-1116.58,102,104,457
4,3286.05,679.87,238.26,7,31,53
0,5082.03,1918,-1128,19,74,133
4,12798.5,57373.6,-853.4,59,220,2461
4,10456.4,33669.2,51014.8,105,176,1922
3,16102.3,90978.3,-6032.95,97,301,3369
2,21353.2,346225,11678.3,269,440,10967
0,13251.7,149712,-6875,133,287,6499
4,8730.66,12179.8,-1090.01,89,117,519
3,7429.51,15016.1,97087.2,119,134,970
4,4869.85,6267.39,-465.49,14,68,481
1,5128.86,3120.6,-2524.6,4,65,202
0,6118.85,3324.2,-1448.16,47,79,226
0,8217.59,13245,-3086,25,158,811
3,5124.09,3006.86,-1945.9,3,65,202
0,9092.99,19003,-3380,21,163,1018
1,8422.04,13928.1,-2918.08,35,170,771
3,9322.53,12047.1,333.01,23,152,693
2,11386.9,55715.8,-1043.91,177,209,2967
2,3578.39,1989.41,-449.477,8,43,161
5,12351.2,61371.8,-5547.55,38,246,2754
0,4834.25,1458,-1637,6,78,102
2,4486.04,1029.14,-714.96,28,62,102
2,6130.54,11032.3,473.984,26,102,764
5,4976.23,4154.84,-977.439,83,72,340
4,4260.77,1656.97,-575.05,8,61,134
4,10307.9,21380,-1870.48,156,163,1162
3,8434.02,4783.16,96030600,27,131,271
5,3610.49,561.124,-465.74,14,43,52
2,11753.2,37578.4,297372,167,235,1818
4,3595.85,555.966,-747.48,5,43,52
2,4563.42,2231.24,-1605.7,12,71,188
3,8992.21,28697.7,-1118.88,130,179,1626
0,17318.1,321115,-9575,60,415,12186
0,11690.2,27386,-4281,30,180,1110
3,8176.75,10201.8,-2289.13,207,130,490
4,7259.32,10893.8,-1034.64,84,114,689
0,32434.4,292460,-16869,129,595,6649
5,3841.41,491.494,-730.37,3,36,35
0,13183.2,100276,-6767,129,259,4533
2,7071.76,4026.62,-933.732,81,101,249
5,4310.66,2535.91,-715.38,28,63,184
4,3998.12,677.014,-927.861,28,46,62
3,4510.64,1032.37,-481.25,28,62,102
3,22238.9,411642,1757.89,58,473,14125
5,4178.06,390.704,1069.6,11,54,28
1,5415.45,4041.24,-932.33,14,85,267
5,10996.5,28150.2,262882,63,192,1467
3,13873.5,52962.2,-962.598,221,288,2334
5,6021.45,1109.69,-1109,7,57,76
0,6836.19,6597,-2753,10,118,429
0,30890.7,890793,-16372,136,728,24027
3,5639.7,7700.07,-359.48,20,99,583
3,6906.06,7828.08,-4105.6,12,117,427
1,4304.35,6093.1,-310.42,30,68,481
5,15465.8,89340.5,2973.9,81,289,3710
3,14223.5,85972.7,-269.222,71,291,3799
5,9112.39,9163.02,-2517.01,110,149,549
5,4597.31,562.175,545.18,26,65,35
2,5513.46,4357.15,-789.012,17,88,292
3,8476.08,19384.9,900313,51,119,973
5,15803.1,80161.7,741.621,248,336,3302
4,13053.9,63465.6,6187.2,60,279,2979
2,6151.27,8115.64,-3455.4,11,106,549
0,7702.14,9623,-2960,16,149,585
0,12754.4,27305,-7100,40,237,1311
2,10484,37995.3,-1515.53,29,205,1751
3,9710.07,24257.9,105521,28,177,1313
2,20398.8,412186,-8028.97,53,473,14125
3,4329.47,2183.26,-786,5,61,184
4,3677.51,526.723,-651.68,5,43,52
2,10958.8,38445.7,556883,25,205,1751
0,19828.1,318408,-8803,66,471,11572
4,6245.49,6404.9,1381.44,22,118,426
0,7582.09,17794,-3642,30,143,1068
4,4392.85,797.211,-1204,13,54,64
3,4433.33,2669.47,-263.39,23,65,202
5,6200.85,3888.75,-680.522,73,88,270
3,9397.89,39000.2,40412,70,196,1885
1,3868,1212.86,-811.36,8,55,88
3,10938,32375.3,-1331,164,203,1580
5,3715.6,585.491,-70.187,15,43,52
0,10633.8,24262,-2786,63,177,1164
0,6839.39,4069,-1561,30,89,268
4,14414.3,177180,-3939.15,263,367,7087
3,4001.06,2476.46,-695.16,14,63,184
5,3984.11,555.76,78.331,23,65,35
5,11700.8,23200.9,-1610.39,40,176,1313
4,9744.21,33415.1,-597.457,119,176,1922
0,12740.8,36955,-3162,319,185,1865
4,15835.3,142954,1470980,236,362,5847
2,4268.92,2271.94,594348,184,54,165
0,6216.83,6397.96,-1958.1,16,108,424
1,9278.3,17161.3,-2830.49,95,183,931
5,6940.9,9276.84,7946.17,197,98,520
3,4821.9,3112.53,-940.139,156,71,249
2,4435.09,1080.1,-784.66,28,62,102
5,10912.3,26301.9,6650.57,127,172,1412
5,3784.4,462.435,-657.93,1,36,35
4,4441.97,2657.52,-911.67,21,65,202
2,7889.12,33497.2,-1407.42,71,148,1919
5,3864.56,575.252,-105.14,14,43,52
5,4137.73,496.186,294.36,21,65,35
3,11317.7,31700.6,100118,127,203,1580
3,9219.46,28616.6,30951.9,135,179,1626
2,14628.5,100370,19469.1,44,283,3965
3,12804,46398.3,-706.87,177,273,2061
0,14794.8,123057,-5085,46,309,4431
0,10384.4,30508,-3473,34,207,1521
4,21303.4,276816,177672000,320,420,9137
4,12845,94289.2,-241.045,186,273,4429
2,9252.92,20178.8,-3290.4,101,163,1162
2,4068.96,756.278,-2057.6,13,54,64
4,6333.65,5173.47,-937.126,107,96,347
4,4656.64,3014.3,-718.3,36,65,202
4,7863.16,11476.8,34114.6,216,114,689
5,7725.13,8797.55,107843000,110,149,549
0,17921.3,190603,-7764,63,378,7461
5,3550.5,488.309,-705.52,4,36,35
2,7006.13,13576.9,-1483.92,26,96,804
4,11563.1,58336.8,-639.949,184,223,2822
5,11362.7,29042.7,-3292.24,93,214,1469
5,6173.62,1096.84,-1447.1,8,57,76
5,3746.6,600.984,-581.62,13,43,52
0,27564.9,473966,-13486,73,609,14484
4,13981.1,140416,-3080.52,329,308,6057
4,7002.34,7026.94,-573.631,12,118,426
2,8834.84,0,-1635.83,39,157,1519
2,7712.03,9367.71,-2932.6,200,130,490
2,8306.6,9710.22,-2341.22,179,135,587
2,5841.67,8163.26,-2924,5,106,549
2,20392.4,346219,-2117.19,269,440,10967
3,9237.85,39245.5,-504.122,69,196,1885
0,6461.74,7604,-1208,14,121,517
0,17391,145770,-9618,212,330,5852
3,4809.48,2228.07,-1703,11,71,188
3,4497.45,1001.76,-282.08,28,62,102
2,10303,35072,-2220.19,204,208,1691
4,6779.41,7042.84,-1125.58,77,118,426
2,8383.52,9758.55,-1837.09,203,130,490
2,5993.95,10961.2,239463,86,102,764
2,8671.31,14079.3,796085000,65,170,771
5,9080.95,17558.4,-1128.28,23,133,890
4,6732.34,10368.7,-1829.72,26,109,689
3,12868.7,141237,-150.684,55,308,6057
0,6873.57,10206,-3216,16,104,651
0,7725.5,7129,-2802,85,129,401
5,5183.04,2170.76,334.83,17,75,165
0,25214.1,445229,-14896,144,661,13323
4,3730.86,550.121,-582.15,5,43,52
5,4107.9,341.054,1554,11,54,28
0,8512.69,29000,-3899,39,202,1637
4,6593.12,5712.56,-819.846,85,95,372
4,7492.79,8798.58,-2004.99,174,107,517
2,3922.59,2244.42,-1442.1,17,63,184
5,4629.82,1692.11,-673.858,28,52,133
1,5758.95,1764.79,-1104.5,41,71,103
5,4495.32,2432.43,-465.15,3,61,184
0,16823.4,202504,-9091,87,432,7464
3,4442.64,6505.92,418.51,29,68,481
3,4313.45,2538.18,-996.48,21,65,202
5,6776.78,5837.08,-1059.9,29,99,372
3,9758.98,38970.4,-2240.9,177,193,2118
2,13949.5,135010,-2953.86,209,279,5626
3,6629.94,5200.78,-117.772,187,107,346
0,8627.82,22564,-4496,104,151,1309
2,7613.07,9577.7,-2336.54,108,123,621
5,7457.1,18140,-2044.9,17,128,1065
3,8966.26,12089.5,-654.872,123,136,619
4,13073.3,60694.8,220454,38,247,2754
0,17630.5,164419,-7752,57,344,5849
0,6734.26,4511.73,-2570.87,119,114,291
4,10339.4,38697.1,-1028.9,205,193,2118
4,3586.55,589.95,-203.92,11,43,52
0,16370.1,207550,-10863,56,405,7718
4,17198.5,145465,3834210,81,362,5847
3,15002.6,82164.1,-3655.08,124,223,2059
5,7486.47,18474.8,-1303.2,15,128,1065
2,16185.2,162381,-4088.8,205,352,6744
2,21679.1,349067,343759,247,440,10967
2,4508.11,2148.63,-1712.3,12,71,188
1,7024.29,4522.75,-2178.4,5,110,294
3,4802.86,536.619,330.77,19,65,35
3,4204.18,2755.53,-972.53,29,65,202
2,6276.75,5307.8,-925.106,7,99,321
1,5647.44,4383.27,-1173.92,19,88,292
3,11851.7,38829.8,-1984.67,86,166,1414
2,4300.27,496.826,70.02,24,65,35
3,6517.45,10287.3,-939.135,24,109,689
5,3554.89,693.488,202.79,4,31,53
3,14555.5,78627.6,6742.75,71,320,3466
3,11930.6,38807,2278.98,145,235,1818
2,8675.09,9412.84,24310.4,12,135,587
4,3515.58,708.612,264.29,5,31,53
4,3316.4,573.399,-100.09,13,51,45
5,7310.57,2802.74,243650,10,99,167
0,16311.4,216020,-8490,76,375,7582
0,3258.08,681.803,-300.64,1,31,53
5,19512.5,411649,-9774.61,63,473,14125
4,9447.34,25763.7,9234.81,152,174,1415
4,3383.25,668.202,144.65,7,31,53
2,5022.89,1257.7,-1433.05,32,71,103
4,3667.47,546.56,-454.83,5,43,52
5,12710.3,60991.9,1789100,211,214,2600
5,3591.71,575.645,338.42,13,51,45
4,15068.5,162313,-4782.62,235,287,6171
2,7073.78,8824.87,-1036.11,5,95,543
3,9112.09,36395.4,5073180,82,148,1919
5,5543.14,1078.75,-1357.5,10,57,76
5,4389.15,422.353,926.64,20,54,28
0,10556.2,30070,-4387,28,184,1578
0,15533.1,93490,-7554,184,337,3803
1,6121.48,8009.63,-2801.7,4,106,549
3,4803.09,1988.45,-628.94,3,75,165
4,13057.7,78783.7,-4294.95,273,320,3466
1,6910.86,7834.95,-3074.3,12,117,427
0,12844.9,96530,-9252,24,313,4155
0,21265.3,293912,-14710,105,517,10114
3,5458.7,2517.25,1027.3,10,81,169
3,8828.86,21955.7,-372.54,38,143,1203
0,20476.4,340133,-14337,358,517,11883
2,7020.62,5357.97,-1389.45,42,79,292
3,9264.09,26873.9,11202.8,95,214,1469
0,9628.76,29902,-5093,98,178,1634
0,13869.8,104839,-6957,66,278,4427
0,14938.1,148379,-8753,58,330,5848
5,9598.42,14659.2,6581.06,111,148,729
1,5104.65,3129.86,-2693.4,4,65,202
2,3600.72,1954.22,-401.778,6,43,161
5,5623.43,1073.41,-1448.8,6,57,76
3,8859.16,13635.4,224408,117,148,729
3,4117.49,1936.64,-216.942,199,63,166
0,9730.09,22845,-3462,39,214,1025
0,18934.5,116515,-8724,109,373,3896
5,3864.16,382.038,961.61,7,54,28
5,4705.15,2689.52,-985.55,13,65,202
4,8757.95,26761,84104.2,26,156,1521
4,9383.64,12366.2,-1862.81,210,117,519
5,7482.32,14279.6,883.95,31,127,802
2,9060.01,12559.3,105669,69,128,693
3,6565.84,13590.6,-1130.68,9,96,804
5,9843.38,36353.2,123576,35,196,1997
0,19839.5,179257,-9884,49,396,6076
3,7451.93,12911.8,-415.903,22,123,726
1,4762.97,1910.86,-42.124,8,75,165
3,11951.1,79388.1,-5468.99,44,252,3882
3,8637.5,14658.2,-615.595,95,140,845
0,7004.02,11577,-3158,16,122,696
4,6752.48,6656.67,-1015.68,102,95,427
5,6503.93,3311.77,1725.1,24,101,206
3,8936.16,13864.5,-1073.43,115,148,729
4,5038.8,3006.52,-175.28,36,65,202
2,4798.8,2127.78,189.15,23,75,165
1,7857.04,13028.3,-2866.55,76,132,806
0,23961.3,354096,-15114,116,561,11745
0,8409.31,7720,-2625,28,144,430
5,9738.11,10747.3,-3268.16,91,154,587
5,11731.8,49287.7,2360.23,20,190,2118
0,9835.86,25163,-3068,72,172,1468
3,6293.03,3502.32,128.4,21,101,206
5,4304.37,2739.8,-220.01,36,65,202
0,9449.21,27381,-4797,32,206,1470
0,15850.4,69007,-6318,77,281,2837
0,10805.2,59672,-5679,194,257,3052
1,10794.7,41416.6,-2670.61,159,227,2059
3,11427.8,38355.6,-1535.71,33,235,1818
4,4525.38,2116.05,41.156,13,75,165
4,4497.91,2365.97,-467.25,24,63,184
0,20292.9,429516,-10257,296,479,11578
4,14925.6,159680,-7508.04,161,359,6068
5,9475.18,19701.2,20346.2,136,151,1023
3,13005.5,78731,165716,46,272,3539
0,7688.92,9312,-1966,21,106,485
0,13400.7,74334,-6938,46,304,3461
5,21509,412182,-1186.07,91,469,14125
2,3830.7,382.122,750.16,7,54,28
3,12994.7,56191.6,2490.2,61,220,2461
3,7562.51,15725.5,-1050.94,101,134,970
0,7853.16,24393,-1586,93,157,1207
2,4005.34,1473.18,348.285,160,52,133
5,4527.33,2206.63,118.97,27,75,165
2,4580.95,2037.12,658.96,13,75,165
5,4812.61,1150.85,-734.34,11,62,100
3,10801.4,38217.9,6054.92,35,196,1997
5,4376.35,6033.55,515.52,13,67,481
4,20181.8,407686,-1667.65,100,459,14125
5,5450.71,4375.36,930540,6,79,342
3,11689.1,50180.3,-2835.36,119,224,2192
2,15212.7,250527,-7510.26,120,346,7851
0,10435.1,32316,-5761,153,191,1634
4,3989.38,2212.33,-1042.6,26,63,184
0,22495.6,822542,-15757,91,633,27862
0,8745.97,7673,-3097,21,149,459
3,4809.64,2167.17,-38.469,13,75,165
4,10896.2,38074.9,528363,213,193,2118
5,4947.23,2713.56,-832.72,13,72,205
5,10713.3,43333.1,-3312.68,122,166,1414
3,9164.29,25183.3,141383,31,157,1519
5,7091.6,16691.7,-1954.1,16,125,1014
5,5188.7,2103.56,-567.91,7,75,165
4,8100.89,15180.5,333156,54,131,971
3,6645.77,10459.1,-1134.69,24,109,689
3,3508.02,665.463,117.13,6,31,53
1,15063.4,102328,-3641.52,46,283,3965
0,15824.7,190186,-6763,34,310,6508
4,6064.9,10659.3,7049.48,19,102,764
0,12779.2,67850,-5933,89,251,2827
0,14918.4,158995,-10866,140,327,6621
5,15374.7,157525,2543.6,119,310,6737
2,7778.06,8947.93,778.61,10,130,515
2,6118.15,7927.89,-3888.3,9,106,549
2,6039.85,5282.66,-1255.8,7,105,371
2,4864.65,2062,-285.21,7,75,165
4,22335.1,236051,3844.06,278,537,8350
4,11064.3,90464,-5297.09,233,254,3885
3,15526.4,88193.5,-1081.82,97,301,3369
5,4724.31,1611.92,-1079.8,5,70,131
4,5817.18,2223.87,-688.415,19,82,185
0,8297.88,16504,-3182,20,148,931
5,4203.25,498.162,346.86,26,65,35
5,14655.5,77912.6,2105.79,288,320,3466
5,4777.85,2404.3,-456.73,4,61,184
2,11396.2,55786.8,-2058.71,179,209,2967
2,4000.37,2202.24,-933.724,183,54,165
3,8334.77,16944.7,-175.213,22,142,844
0,11360.9,40990,-4080,69,225,1932
3,6817.67,10444,-1154.71,24,109,689
0,14761.4,117228,-8618,43,335,4914
2,10492.8,59120.7,-4283.51,305,217,2904
2,4951.37,2753.8,-389.945,101,67,224
5,9029.46,10494.8,-1096.35,29,154,557
3,11978.2,34170.9,10074,119,234,1581
0,24104,415122,-12909,56,525,13972
4,11344.7,27860.4,72381600,75,214,1469
3,15467.7,165738,-614.679,50,320,6391
2,4320.82,1464.42,-503.493,160,52,133
0,9206.07,19799,-3222,22,157,1108
3,12238.7,60089.1,-5356.63,41,247,2754
4,4388.69,2479.1,-814.87,26,63,184
0,12397.3,56581,-4516,39,248,2753
5,10944.8,51844.1,-355.614,137,209,2534
0,13130.7,82075,-6133,60,284,3888
0,9331.98,22896,-2640,31,140,850
0,12960.3,86104.5,-6464.22,54,291,3799
2,9102.25,20818.6,504546000,65,163,1162
0,5550.83,1806,-2489,46,85,151
4,4147.79,2330.88,-459.58,22,63,184
5,4671.86,2329.67,-1109.4,8,61,184
2,6332.17,7468.51,-1226.98,78,93,545
2,6188.47,8177.77,-3529.1,7,106,549
4,3445.69,325.853,1698.7,11,54,28
3,7460.9,14163.4,11923.4,98,120,809
3,8418.83,16073.4,322.991,43,160,976
5,4717.05,1056.54,-180.02,15,62,100
0,8197.25,21217,-37275,13,145,1251
2,6068.17,4163.99,-1420.35,81,88,318
3,3407.45,1957.74,34495.6,14,43,161
2,15437.6,99923.3,815.867,39,281,3974
0,16140.2,117340,-9147,146,309,4433
0,9645.85,30878,-3372,46,174,1687
4,6426.33,4895.27,-1233.5,9,96,347
2,15588,165483,1902.71,39,320,6391
4,3430.93,667.228,103.93,6,31,53
3,3405.79,667.509,-244.85,3,31,53
5,3547.94,709.652,-234.83,6,31,53
0,7529.15,4505,-1210,92,116,296
0,14794.5,209266,-8057,46,342,8074
0,19043.6,274472,-9066,76,391,8730
3,3915.71,2275.1,-612.9,18,63,184
4,21343.1,410954,165042,58,473,14125
2,13063.5,61608.4,-4742.71,30,247,2754
5,5761.94,8321.84,-240.84,35,99,583
5,11447.1,48426.3,-887.824,70,190,2118
5,6364.34,1084.92,-1500,6,57,76
3,5722.86,5990.09,-1338,14,89,425
4,9783.04,36750.7,-1983.72,37,196,1997
5,12473.6,58068.7,1195940,189,223,2822
0,8560.23,30913,-3620,68,169,1631
4,4983.25,1536.49,124.562,181,76,147
2,6917.02,4042.8,82656.7,86,101,249
0,6925.52,13347,-3578,67,140,807
0,10016.8,36304,-4744,40,212,2054
5,16983.2,262240,533.432,115,346,7851
5,14530.7,177656,-4457.13,202,367,7087
3,13480.1,52301.4,-510.021,53,288,2334
0,8528.23,17259,-3365,64,144,844
0,10814.1,34943,-3929,5,209,1694
5,3953.27,6101.3,285.61,32,68,481
0,18376.7,126957,-7409,77,376,4723
0,11597.3,39536,-5602,60,229,2127
3,11307.9,41126.7,-5347.02,135,227,2059
4,5438.2,977.831,-967.839,32,64,76
5,4219.48,736.728,-237.56,16,58,43
2,7183.7,4051.75,-1338.78,85,101,249
5,15170.1,95671.1,69151.2,191,283,4064
1,3840.98,1214.66,-1068.9,9,55,88
4,6105.61,6754.34,-202.129,82,118,426
0,11448.6,101876,-6348,30,270,4523
4,6969.08,6377.59,5603.7,18,95,427
2,5071.85,1543.07,-1468.96,31,71,103
4,14504.1,82157.9,-5508.18,64,272,3539
2,7717.7,8945.31,96.183,20,130,515
0,7514.06,21512,-1858,48,129,1108
0,27940.6,1201810,-16063,124,616,32530
5,4516.43,2881.43,-346.17,19,65,202
3,5821.4,4274.62,-1372.52,84,88,318
5,4782.67,1564.74,-1018.4,6,70,131
0,5047.04,5751.54,-1889.3,6,89,425
4,4498.14,2687.78,-894.12,28,63,184
3,14082.5,88327.8,-1022.1,56,291,3799
0,7297.55,14181,-3814,8,131,804
3,11960,33511.4,1558,59,210,1213
3,8931.79,17110.7,-1379.11,23,142,844
5,4951,6064.09,-143.38,25,68,481
0,8179.01,14236,-3270,50,138,931
5,9283.1,20634.5,514239,136,152,1165
2,7033.68,8643.15,1776.95,137,95,543
4,3852.41,487.074,-967.41,3,36,35
3,8302.59,12834.3,-2722.11,76,136,619
3,8261.54,16049.4,-846.34,49,160,976
2,5006.29,2131.26,-219.57,16,75,165
5,16337.8,176977,854243,256,367,7087
4,3434.18,601.741,99.963,16,51,45
0,8546.67,16979,-3221,41,177,976
3,24058.3,280260,-3509.62,287,540,8870
2,4497.4,2128.24,-1379.9,11,71,188
3,9059.57,27191.2,92332.1,40,156,1364
1,6902.57,7856.23,-3243.3,11,117,427
2,3339.83,1294.6,-670.904,1,40,100
0,11466.1,34231,-6142,43,241,1697
3,7177.49,11573.4,-1428.66,161,111,651
5,6816.92,8738.23,-2435.7,11,106,549
3,13967.8,51972.9,1137.24,137,288,2334
3,8470.8,14352.7,6054.48,24,140,845
1,5682.22,12713.6,-1789.1,20,103,883
5,3956.76,2345.11,-991.04,26,63,184
5,13021.6,64487.7,3925.6,52,279,2979
3,6861.91,3497.9,177.77,23,101,206
5,7301.29,8035.4,-2190.75,67,109,486
0,8543.42,13828,-3979,36,146,807
4,12289,61731.5,586574,138,217,2904
4,7574.27,14149.3,721.4,28,127,802
0,13401.8,61361,-8372,147,314,2836
0,5491.12,2099,-1320,19,81,167
3,8693.24,25690.7,-1660.39,28,157,1519
2,4332.84,541.897,31.386,14,65,35
0,27786.2,622142,-12100,112,607,16234
1,7049.98,4518.13,-2221.1,15,110,294
1,6399.93,8147.34,-1176.3,13,108,549
1,7943.13,12868.1,-2008.45,77,132,806
0,24048.7,291235,-12360,74,476,8342
0,14261,180337,-10014,66,296,5020
0,18289.2,220828,-13509,81,425,7710
0,11256.8,51030,-5522,88,164,2054
4,18079.4,148302,2808100000,102,362,5847
2,15245.4,99961.9,-2352.04,40,281,3974
2,14865.6,59180.9,762.12,64,305,2610
3,8646.66,12106.1,-876.981,10,117,519
3,4411.79,669.364,-577.9,12,58,43
0,6658.1,9344,-2047,41,107,583
3,7250.24,13911,20389.4,23,120,809
2,9251.89,20221.2,2445.7,77,163,1162
1,5373.51,4253.85,-1572.03,14,88,292
0,6660.9,12937,-2472,15,122,804
0,9909.61,16887,-4757,20,175,851
2,5567.99,7611.2,-727.042,102,104,457
3,12069.4,60914,-5270.16,25,247,2754
3,9459.33,12122.4,-1876.76,126,136,619
5,3639.7,446.076,-629.41,3,36,35
4,8660.5,24725,-92.3749,34,157,1519
0,11566.8,39826,-4583,33,217,1866
1,4105.48,6068.37,21.604,18,68,481
0,3709.29,1530.11,-967.01,6,56,114
0,21682.5,317300,-10970,84,449,9827
4,3789.9,541.264,-628.07,5,43,52
1,6898.73,12883.1,-750.217,6,123,726
5,4647.54,2225.35,-1232.8,6,61,184
4,10034.9,27992.4,-1633.4,160,158,1403
5,20507.6,163043,1301570000,118,359,6068
0,8787.49,29620,-4037,19,173,1575
0,5625.2,6671,-1869,16,94,485
4,20726.8,276817,1382980,290,420,9137
1,7719.63,13267.1,-3047.3,2,125,694
4,8878.11,21849.5,959.68,36,143,1203
5,4770.58,2058.56,734.25,36,75,165
2,14536.4,135839,-1450.69,204,279,5626
0,16568.1,22789,-5403,97,301,771
5,4934.53,1461.18,-200.99,25,64,116
3,9397,27281.9,-437.398,167,158,1403
3,13915.1,142748,14167.4,311,308,6057
4,8641.41,11069.7,-1130.16,36,156,654
3,10271.5,27046.6,-3219.99,147,172,1412
0,11786.8,88315,-6958,52,262,3624
5,13741.1,65467.4,-4625.55,168,223,2822
2,4168.27,402.477,1213.6,5,54,28
0,4819.61,1154,-961,15,62,88
0,6344.83,6722,-2789,12,96,426
4,7327.69,6720.77,-540.161,22,118,426
4,9903.51,10184,-305.801,253,154,557
3,6088.35,13242,-1765.8,14,103,883
0,8041.01,9047,-2613,26,146,523
3,12346,75061.6,-4976.69,25,249,3630
4,14676.4,80140.5,52235.8,164,320,3466
4,4293.34,2296.32,-1271.5,16,63,184
4,4890.49,2764.08,-485.852,97,67,224
5,3911.77,2338.31,-973.18,18,63,184
1,3750.61,643.932,-603.12,24,50,42
4,4839.94,6634.9,95.025,14,67,481
5,3744.22,473.331,-618.54,2,36,35
4,8509.28,16147.8,-479.627,51,160,976
5,14278.4,87200.3,-6360.45,65,297,3369
2,5898.39,7760.84,139565,14,104,457
3,8149.42,20544.8,1466.2,38,143,1203
1,5976.46,5250.04,-1787.3,22,88,370
0,10594.2,49133,-5776,165,218,2256
4,7838.4,18489.4,-1739.1,11,128,1065
0,15157.3,108060,-5708.14,207,312,3982
1,5238.63,1786.88,-1504.5,3,70,131
1,5004.14,3060.01,-2125.2,4,65,202
3,7293.77,17343.5,-2033.4,15,128,1065
3,11695.1,59501.3,-5742,25,247,2754
0,15237,100942,-4114,65,345,4255
3,12792.9,60043.9,-3097.49,29,247,2754
4,5768.87,1055.27,-1644.4,7,57,76
0,10573.8,17167,-3995,24,177,773
2,17470.7,168513,2719520000,58,352,6744
4,8528.81,25788,-2523.75,33,156,1364
3,5781.88,7618.95,-1370.4,20,99,583
4,4360.04,507.155,621.12,26,65,35
3,8814.41,34876.1,521.919,92,148,1919
2,4366.08,6107.56,-103.73,17,68,481
4,6453.48,6635.02,-813.981,80,118,426
4,4887.31,2220.95,624.71,16,75,165
0,17700.7,82231,-8008,78,342,3138
0,16915,135908,-8962,216,360,5741
3,9597.41,30281.7,19829.4,38,171,1747
2,4124.42,2193.84,448267,23,54,165
4,8555.58,9445.88,53005300,37,138,554
1,4344.81,3113.71,-1430.9,9,62,245
4,3753.9,470.575,-785.56,2,36,35
4,13697.9,57170.6,-1758.76,130,215,2188
3,3606.78,698.612,83.964,6,31,53
0,3921.86,814.114,-397.42,7,56,61
4,8277.34,22138.5,3647.55,121,139,1108
4,3751.72,552.713,-556.15,5,43,52
2,6011.31,11341.5,-1509.69,250,102,764
3,9406.95,39911.9,-3411.59,69,196,1885
4,9921.38,26617.4,-1720.57,32,174,1415
4,9497.47,25588.9,-225.97,157,174,1415
5,3699.07,456.954,-779.99,3,36,35
4,11681.1,31899.9,30410.1,132,234,1581
4,16590.3,170168,-1369.78,56,320,6391
0,10092.6,22831.7,-3806.67,152,173,1064
4,8001.35,20240.2,930.23,30,143,1203
2,5033.03,4282.99,-1617.75,18,88,292
5,4156.96,2683.41,-568.89,33,63,184
2,7952.82,32886.1,-1054.41,95,148,1919
1,5669.59,3122.34,-1366.8,10,94,224
5,4120.8,675.815,-738.94,22,58,43
4,10263.9,28254.5,-1187.28,65,194,1521
1,5038.73,3126.54,-2734.2,4,65,202
3,8910.94,21863.9,31.585,38,143,1203
5,5811.56,1042.02,-1524.7,12,57,76
3,15338.7,86158.5,447879,98,301,3369
3,3590.17,1353.88,-568.979,5,40,100
2,14871.2,59379.5,-2440.5,166,305,2610
5,5233.89,4538.86,46803000,16,79,342
4,13115.1,95524.1,177895,186,273,4429
0,18041.8,189619,-7539,54,387,6862
5,14236.5,78718.8,2542.19,87,320,3466
1,6436.84,1719.34,2608.13,36,71,103
2,5458.03,3619.66,1414.83,113,85,269
0,13796.8,113069,-8374,191,322,4434
4,7922.16,13813.2,-3296.75,118,170,771
3,6675.96,10366.7,-1286.97,23,109,689
4,8306.39,20884.5,-104.27,37,143,1203
0,16397.7,130718,-6415,225,286,5006
2,12249.6,45839.3,-4790.6,148,223,2059
3,5585.05,2495.38,240.69,2,81,169
5,8347.08,14918.9,432.69,31,127,802
5,7116.55,6511.99,-1012.53,6,95,372
2,10271.9,43757.6,1036440,21,197,2257
3,10927.6,38044.2,437994,34,205,1751
3,8523.9,21710.1,612.44,37,143,1203
1,13222.4,68595,110565000,192,247,3373
2,13965,99711,134772,37,281,3974
0,10415.4,28956,-4698,35,223,1578
5,16464.4,142103,431.741,235,362,5847
1,3791.69,650.484,-436.9,24,50,42
5,3561.99,572.953,-601.11,15,43,52
0,7334.27,6211,-3160,47,132,398
4,4776.97,1538.35,-1327,6,70,131
4,14064.4,69057.6,-3797.44,113,224,2192
5,7633.31,18190.4,-1365.9,17,128,1065
5,9281.58,12288.8,1777.7,39,152,693
2,6017.14,5331.24,-717.05,9,105,371
4,4168.46,1639.12,-234.7,8,61,134
5,4014.32,6081.63,-174.69,31,68,481
5,3967.4,4031.06,-677.88,79,72,340
0,6378.73,9547,-1915,13,116,580
4,6711.5,6717.95,3466410,85,118,426
5,5846.44,6894.67,-799.953,21,107,431
5,4569.99,2873.69,-1426.3,24,65,202
2,6634.99,5273.3,-834.407,50,79,292
2,17371,160863,1270.8,216,352,6744
4,19482.2,273707,4540.93,305,420,9137
0,7506.56,5978,-2976,22,150,377
4,5009.79,2082.31,-167.69,11,75,165
3,11925.8,37573.8,-5311.27,156,225,1755
5,3818.17,2289.44,-419.53,20,63,184
0,12916.3,54460,-5513,33,251,2261
1,3928.6,2048.15,-1443.1,3,63,184
3,7362,14012.4,-803.598,98,120,809
5,10120.5,36420.4,-1526.63,35,196,1997
1,4554.11,1990.08,-458.53,15,75,165
0,5590.87,8169,-2432,214,102,614
5,20591.3,276454,2578.85,294,420,9137
0,14854.3,190038,-7869,35,304,6859
0,20712.2,486819,-12255,63,534,17510
5,3919.29,2153.09,-1011.4,6,63,184
3,3344.45,1355.73,1092330,32,40,100
5,3794.1,420.646,941.14,15,54,28
2,4005.99,2193.6,-1601.8,4,63,184
3,13392.9,86164.4,2578.41,55,291,3799
3,7676.34,14124.1,40583,93,131,971
5,6152.24,2618.08,429.5,11,81,169
1,5118.13,3120.09,-2184.7,4,65,202
5,8680.65,13717.1,-984.081,70,132,806
2,5994.24,4196.69,-1370.21,11,88,318
0,20081.4,281917,-9354,76,457,9274
5,9466.06,24107.7,-2675.2,91,154,1252
3,4092.78,1212.41,-656.96,1,59,101
1,3867.15,1205.44,-877.1,9,55,88
1,5543.15,1991.58,-1323.1,9,77,165
3,3371.17,664.668,34.604,4,31,53
1,9714.49,17285.6,183142,35,183,931
4,8425.36,9338.88,1810.8,38,144,553
4,5591.24,3305.22,-691.352,157,71,249
4,7126.9,7054.74,-2401.53,69,118,426
4,6692.91,4485.68,219.73,19,100,294
0,5152.98,7211,-1977,35,80,546
5,16949.4,84720.8,1553.3,86,340,3632
0,11809.3,65901,-6552,31,230,2976
0,40236.9,1171530,-17529,148,829,29096
0,7801.32,18436,-2878,118,127,1017
5,5307.71,4368.25,-984.83,15,85,346
4,14093.4,52579.3,-1542.87,188,288,2334
2,10404.7,38090.1,-853.337,32,205,1751
3,13989.3,87683.1,14293.2,53,291,3799
1,6008.53,5269.74,-756.42,6,105,371
0,7657.76,12692.2,-2872.66,78,132,806
4,11077.1,39209.7,150496,205,193,2118
2,4000.14,2098.02,-1456.2,4,63,184
4,4356.72,2294.59,-133.24,4,61,184
2,4214.6,2179.4,4637.04,183,54,165
4,3671.75,443.462,-721.78,0,36,35
3,5991.38,3932.16,-278.1,12,100,294
5,6342.77,5335.2,-711.453,82,86,367
5,10189.7,20853.5,-1270.14,40,157,1113
0,6403.16,12851,-2249,27,97,619
3,7040.19,5595.22,-897.746,11,99,321
5,3439.11,606.865,-161.43,15,43,52
4,7832.8,12056.9,39782500,137,123,726
3,12494.5,70854.7,1455240,161,262,3211
3,7629.76,14083.2,125.02,24,127,802
5,3839.59,564.862,-609.87,15,43,52
0,9262.96,27675,-3179,21,168,1412
4,7156.08,9265.54,-660.917,19,138,554
0,9743.81,26467,-3981,13,166,1403
3,12089.6,31917.7,65949.2,113,203,1580
0,5111.6,5899,-832,10,81,396
4,11475,26857.7,-1535.48,51,214,1469
0,9781.46,32730,-6605,34,179,1631
4,7376.85,17896.6,-2490.3,14,128,1065
1,5223.34,1380.06,-1413.66,42,71,103
5,4838.25,6410.12,567.57,15,67,481
0,12906.5,58879,-4794,33,260,2537
5,3911.88,546.717,-232.62,12,43,52
1,6104.34,5206.16,-1169.7,8,105,371
4,3391.15,632.574,448.77,15,51,45
2,11632.5,67682.1,-4984.96,186,247,3373
1,8383.35,9432.37,-684.265,16,135,587
5,21863.5,278438,10587.3,286,468,9276
0,20903.3,149092,-6540,174,419,5429
2,4159.14,6102.57,72.403,14,68,481
4,10052.4,22843.9,331034,40,176,1313
0,16092.3,136041,-7722,53,325,5118
2,3937.5,396.628,731.05,11,54,28
3,12403.8,33554.7,2625.4,55,210,1213
0,9747.68,32137,-5479,44,165,1690
2,5739.69,3544.91,-720.25,1,51,132
0,37333.6,1608170,-25314,184,898,33577
3,20845.6,157027,10948.5,302,449,5537
4,3614.27,476.817,-710.6,1,36,35
2,4522.91,2161.37,-1282.3,13,71,188
2,16015.7,135254,35120700,101,279,5626
4,12580.2,29013.8,-3813.23,60,214,1469
5,4501.07,1894.72,2790640,75,63,166
1,5677.73,4575.61,-1351.7,15,98,294
0,6057.99,4354.71,-1709.7,14,82,273
4,9785.59,26900.9,-3534.89,150,174,1415
4,6123.94,7501.9,-671.553,79,93,545
2,3897.49,769.904,-2055.8,13,54,64
4,11160.9,52731.2,-4467.07,125,224,2192
5,4491.4,1727.16,-509.45,15,61,134
1,4364.71,3092.35,-1319.2,9,62,245
0,10477.2,41440,-5742,35,188,2055
4,3706.61,560.439,-457.38,7,43,52
1,5032.62,4027.67,-1169.3,11,85,346
3,3501.04,619.229,-261.96,13,51,45
3,7663.53,13692.2,640.31,18,127,802
4,13276.1,72383.8,22044000,159,262,3211
4,8161.05,8879.9,1879.9,34,144,553
4,6188.21,11850.4,-1238.95,19,105,765
2,11606.5,55775.4,-1634.68,20,209,2967
0,13215.8,94141,-9388,155,234,3456
2,21823.8,514203,-12380.9,335,540,18067
1,4248.59,6078.23,-114.76,13,68,481
5,3837.62,389.205,1392.9,17,54,28
3,9468.98,38531.8,-2353.69,216,193,2118
5,3717.54,492.093,-758.44,3,36,35
0,12176.6,34364,-2935,78,221,1367
5,12668.1,63695.7,2381.8,60,279,2979
4,11132.1,52022.7,203.764,188,209,2534
5,13110.2,56452.9,-1234.18,39,215,2394
3,4447.1,6512.11,610.33,14,68,481
3,10191.9,31456,-2542.86,169,203,1580
0,6425.42,4872,-3652,42,105,247
2,14974.3,59476.1,-417.373,73,305,2610
4,17075.9,160482,-7070.47,194,359,6068
1,3792.54,641.665,-335.22,24,50,42
3,11870.5,54665.1,-3563.9,50,220,2461
0,13476.6,99218,-8187,58,360,4347
2,7053.42,9343.07,-1827.7,202,138,554
0,12780,40390,-7238,49,240,1582
0,5443.41,5607,-2813,46,96,371
5,4222.06,2519.16,-654.5,28,63,184
3,5844.29,7574.48,-938.594,78,93,545
2,11857.1,38730.2,-5100.83,135,234,1581
3,4354.95,1991.7,-1017.43,72,63,166
3,9136.11,13362.5,1093.98,64,132,806
0,19743.3,232568,-9653,52,441,7710
2,10225.5,57531.9,-2866.14,166,217,2904
5,6172.09,1119.07,-1348.8,8,57,76
5,3733.41,723.894,-498.75,15,58,43
0,4858.84,4906,-3084,35,79,367
2,7167.02,12644.5,-1545.59,9,123,726
5,4145.69,379.461,1635,11,54,28
5,13211.2,63583.1,4153.8,61,279,2979
0,16650.6,104143,-5616,42,298,2831
2,8049.73,32992.8,-467.604,99,148,1919
5,5911.13,1078.44,-1897.8,6,57,76
3,8385.84,14369.1,-1234.88,98,140,845
4,7483.49,10115.6,-1922.25,10,123,621
5,5685.39,2587.45,863.48,12,81,169
2,7308.47,8787.96,-1220.41,135,95,543
4,6599.44,3782.55,606.83,34,101,206
0,5758.07,6411.89,-1841.5,11,92,459
1,11250.9,41290.2,-2785.24,157,227,2059
2,3948.44,1525.93,-520.362,4,40,100
4,3652.35,519.807,-291.59,3,36,35
5,5954.11,1131.83,-1396.3,6,57,76
5,6470.32,9279.26,-1249.56,201,98,520
5,3698.93,683.456,-586.88,24,58,43
4,20424.4,191299,-9112.78,236,403,6746
0,7891.72,20243,-3773,24,146,1256
0,31507.1,1225000,-21786,161,883,32064
2,4108.25,415.411,753.89,11,54,28
3,13658.1,60692.7,-688.494,26,247,2754
2,4391.02,518.313,2585.1,18,65,35
4,13837,95635,8877.6,221,294,4249
3,12977.2,70202.2,-2596.38,189,262,3211
2,4290.53,2759.9,-1323.1,23,65,202
3,3602.75,534.442,-721.04,5,43,52
4,15796,194197,-8008.43,156,390,7459
3,10031.3,10557,-2990.51,101,154,587
5,10067,27913.4,203756000,60,194,1521
4,14618.9,102008,-26.124,176,281,4061
0,10351.5,42931,-7379,15,191,1933
0,13732.2,180892,-8642,302,368,7097
2,4436.23,1032.58,-459.39,28,62,102
2,3809.33,365.147,603.25,11,54,28
0,14133.8,73568,-8904,139,327,3223
3,9135.79,25699,-101.695,37,157,1519
0,13252,98492,-9909,47,355,4245
4,4186.06,6247.91,-0.2821,25,68,481
3,9694.38,38918.9,-1822.96,111,193,2118
2,12175.4,73985.6,-2684.36,27,249,3630
3,12028.7,54352.1,-585.37,47,220,2461
0,18597.2,131156,-10594,9,260,2983
0,7818.45,10731,-3210,16,126,653
1,6845.29,7798.35,-3006.9,11,117,427
4,10365.9,36975.1,210235,35,196,1997
0,15537.2,84160,-6170,54,302,3372
0,16304.5,123388,-7974,63,352,5120
5,3707.95,564.272,-218.99,14,43,52
5,11792.4,54376.9,208323000,100,209,2534
3,9697.04,30263.8,-867.965,45,171,1747
5,11456,51340.5,58900.8,140,209,2534
2,15003.7,102241,12469.8,46,283,3965
3,7092.99,9899.16,1510.6,20,115,547
4,3895.3,548.083,-510.3,7,43,52
2,7408.85,9412.07,2645.47,100,123,621
4,6667.05,3510.52,891.29,21,101,206
4,9183.78,11701.3,-889.336,35,156,654
5,12201.6,44480.8,1030.41,183,273,2061
2,4199.39,2246.64,-774.36,23,63,184
3,4958.84,522.428,248.76,26,65,35
2,10292.8,37871.3,-1967.93,164,205,1751
0,23234.2,355689,-15365,135,550,11581
4,5880.83,1801.79,-1710.29,74,84,136
4,5433.22,1005.6,-1738,8,57,76
2,8395.06,33272,-434.719,22,148,1919
4,15419.4,79986.3,-604.856,81,320,3466
0,17370.4,242591,-10264,135,441,8869
2,16687.2,166749,-1145.52,55,320,6391
1,4113.42,5713.33,-589.3,20,68,481
3,4329.4,2172.05,-1462.4,14,71,188
3,5589.3,7832.22,-559.4,20,99,583
4,10528.5,26020.5,3727960,101,172,1412
2,7125.17,8593.56,27222.1,137,95,543
2,4151.16,2297.55,-949.867,183,54,165
3,15203.6,65870.5,-758.849,133,215,2188
2,11768.5,43710.6,-4844.99,157,223,2059
5,4789.99,6036.31,-118.52,19,68,481
0,8444.75,9920,-2065,23,137,551
2,12418.5,73447.4,-4648.94,29,249,3630
3,6054.95,12984.9,-964.41,12,103,883
2,4105.65,2061.57,-1600,4,63,184
2,11793.6,49152.9,-3152.1,224,262,2394
4,14506,53156.2,107457000,69,288,2334
3,4304.63,2308.3,-807.62,19,63,184
1,6601.78,17202.3,-2375.7,7,128,1065
2,7489.96,4171.09,-1322.55,87,101,249
5,6917.68,7675.66,244.246,54,90,405
3,9013.02,43212.4,-3045.3,213,159,2181
3,13769.8,98597.5,-5283.88,234,281,4061
5,8209.17,16929.1,955.522,174,133,890
3,6797.18,13553,-1151.27,13,96,804
4,10236.1,17257,593534,31,172,973
3,15716.9,265131,-349.136,97,346,7851
2,12563.8,73512.2,-1470.53,28,249,3630
3,12257.1,56005.8,9965.04,114,224,2192
4,13228.4,83975.2,859796000,0,252,3882
2,4247.82,2205.22,-1264.9,5,63,184
3,12066.3,52741.8,6330.82,115,224,2192
3,5320.89,3204.62,-650.516,17,71,249
3,10328.2,51194.4,14483.5,152,218,2391
1,11701,49489.7,-4443.95,225,262,2394
2,3523.8,371.037,999.68,11,54,28
0,11015.9,90540,-6481,41,249,4333
4,7241.17,14064.8,-1257.32,22,120,809
5,5900.36,1143.37,-1080,9,57,76
5,3586.52,1425.8,-619.059,11,40,100
3,9295.85,11930.7,-1343.4,121,136,619
3,4239.36,2721.2,-1009.7,21,65,202
3,7412.03,9506.14,-1295.37,11,123,621
2,6204.57,7989.69,-3020.6,4,106,549
2,4569.48,1956.68,-1179.72,110,66,166
1,11180.6,41501.8,331193,150,227,2059
4,4522.47,1645.73,-920.31,11,61,134
0,4254.47,670,-1307,4,56,63
0,22791,521344,-10700,68,610,15699
4,5952.51,2648.66,795.27,20,81,169
5,3810.75,564.968,-684.04,5,43,52
0,21697.6,380332,-10475,55,421,11414
2,22050.3,413907,-8978.44,68,473,14125
5,22629.7,198585,-4558.94,107,367,7087
3,3356.24,618.323,-357.58,17,51,45
3,11986.3,54151.8,-1321.9,44,220,2461
2,4595.36,2066.14,48.703,12,75,165
1,6878.45,7844.26,-2955.6,12,117,427
1,3757.54,2088.98,-1388.2,4,63,184
1,6751.13,4587.82,109176,54,86,205
0,19176.5,299930,-10794,87,407,10820
4,3521.43,546.17,-583.47,5,43,52
5,9045.77,20592.5,-1303.26,29,143,1017
2,5347.36,3536.59,-732.813,136,51,132
4,3785.62,520.102,-522.33,5,43,52
5,6805.09,5796.14,-352.713,13,95,372
4,13661.4,46260.1,-3949.39,121,234,1581
0,8340.9,23631,-1945,29,132,1200
4,8523.95,20276.8,1085.5,30,143,1203
1,9901.34,17405.9,107720,95,183,931
0,5278.68,7006,-1344,5,87,479
4,8752.33,9709.17,-559.022,253,154,557
5,8532.05,27843.5,-1495.4,20,156,1521
4,10827.9,39658.5,544.059,26,193,2118
2,10900.9,41421.2,-3093.93,151,227,2059
3,4179.31,1664.81,-616.08,4,61,134
0,10203.8,85569,-9062,5,237,3986
2,6183.87,8096.23,-3684.9,5,106,549
5,5652.44,4684.53,-1052.83,98,96,347
0,7925.06,16454,-4531,22,137,849
4,15431.5,191582,125384,42,286,7322
3,9078.92,39046.1,-1480.47,69,196,1885
3,4145.25,2669.69,-1246.3,14,65,202
5,3799.14,588.32,-143.04,18,43,52
4,8193.31,9814.76,96833.7,14,123,621
3,8802.56,12147.8,56185.8,11,117,519
3,9063.4,29195.6,-806.148,125,179,1626
3,4477.36,6204.87,-699.27,7,68,481
4,9605.14,25699.1,-323.291,32,174,1415
5,11121.4,38680.7,-200.14,161,205,1751
5,4320.08,6398.65,-473.37,15,68,481
0,11627.8,43856,-4558,15,169,1636
0,8594.68,5504.7,-1925.49,93,107,276
4,10271.1,32572.2,-1858.07,106,176,1922
2,12675.8,138905,-5233,153,279,5626
1,6022.91,5229.09,-716.22,8,105,371
5,6144.74,1149.38,-1693.3,6,57,76
3,4608.81,2426.29,-918.71,14,63,184
4,15458.2,80782,1279.31,275,320,3466
2,5949.3,1868.93,-1372.03,34,71,103
5,13700.2,44492.6,-4044.57,192,278,1938
4,12151.8,70345.8,-336.637,152,262,3211
3,8055.64,20760.5,494.01,36,143,1203
0,16752.2,268037,-12578,216,386,9670
2,6078.13,4149.47,-1143.24,266,88,318
5,3533.98,567.472,-75.993,13,43,52
3,9959.35,24630.7,-934.806,38,177,1313
1,6902.69,7797.56,-2867.1,12,117,427
2,22284.3,350762,60158.3,254,440,10967
4,5944.14,5610.36,-245.596,85,95,372
3,8903.52,13434.7,317729,116,148,729
0,7823.36,21418.4,-2686.34,82,139,1108
4,6983.69,4599.93,-1927.1,22,110,294
5,8758.63,21264.9,27010.1,110,145,1156
4,3827.65,1188.03,3709.22,103,51,102
1,7075.78,4488.76,-2006.1,10,110,294
3,12311.1,36832.2,-1245.96,14,225,1755
4,4964.97,6106.21,-326.62,17,68,481
5,9043.8,16593.4,-1921.32,111,160,976
1,5875.12,4693.53,-831.321,18,85,343
4,4977.25,2018.53,-1056.36,32,66,166
0,23845.4,548665,-11624,106,517,17885
1,6097.38,15147.5,-2760.3,17,125,1014
3,4348.95,2771.01,-967.24,18,65,202
0,7929.02,8877,-3570,14,129,521
3,8668.52,26652.7,-1596.42,31,156,1364
2,8676.48,11936.7,-2482.22,63,128,693
3,18504.9,198592,15041.7,159,390,7459
0,7773.95,14605,-2648,29,118,845
0,22655.8,222642,-12356,82,451,7707
1,6785.06,17158.1,-2350.8,7,128,1065
2,7648.32,9010.17,-221.94,21,130,515
0,6178.77,6141,-2714,231,114,427
2,5549.95,3601.86,144228,60,85,269
2,8185.54,33447.5,-2961.24,20,148,1919
3,14275.3,86456.8,151.657,68,291,3799
0,7105.74,14564,-4610,39,144,932
2,5641.72,7478.93,-1360.2,103,104,457
1,5945.93,6888.56,-3216.2,25,92,485
5,4444.01,2408.64,-419.08,35,63,184
3,6869.32,7166.06,-1132.47,13,118,426
4,11439.4,38571.5,-417.819,40,235,1818
0,15160,91289,-7830,47,299,3714
4,8655.47,13782.6,-648.125,118,148,729
4,3638.87,538.549,-507.46,5,43,52
3,8151.92,9669.82,-2202.08,103,123,621
2,4477.07,2228.27,-1507.9,12,71,188
4,4600.63,6188,-115.98,19,67,481
3,11318.2,56146.5,-1124.77,162,209,2967
0,14364.2,114310,-8381,207,356,4923
3,7208.7,10347.5,55163.4,211,101,584
4,8691.28,14559.7,132303,94,140,845
5,4086.97,647.855,-805.05,16,58,43
5,4490.11,2843.48,-330.97,38,65,202
2,4642.99,1080.16,-549.82,26,62,102
3,6405.44,6906.72,-905.189,83,118,426
0,7499.43,12417,-3644,25,129,845
2,3453.53,1393.14,-626.772,2,40,100
0,14623.4,74917,-8472,55,314,3057
0,11967.4,76136,-5349,22,200,3448
5,4717.65,2744.21,-810.24,20,65,202
0,17520.5,163450,-6937,89,368,5963
4,4381,537.912,17.63,24,65,35
0,7143.43,17970,-3996,2,110,806
2,12397.3,73888.6,-2747.64,22,249,3630
4,5894.13,4332.23,-322.28,18,100,294
3,4296.7,2737.43,-894.33,23,65,202
2,9261.02,9236.8,-1641.95,99,149,553
2,6958.31,11354.1,-1102.43,163,111,651
4,17628.1,156944,219612,199,359,6068
0,30260.9,957038,-13404,180,645,27868
3,8749.89,30412.8,1214.93,52,132,1513
3,3908.15,435.374,1395.8,11,54,28
3,7097.22,17510.9,-2274.2,10,128,1065
0,23432.1,426135,-17336,119,538,14484
2,7159.83,5454.07,-1017.48,41,79,292
0,22126.5,313801,-14355,90,604,11135
2,5570.9,7572.35,-968.803,103,104,457
5,16142.7,178948,39.2649,281,367,7087
4,9424.31,19630.4,896525,204,157,1113
3,7990.27,9585.32,-1940.84,96,123,621
0,5814.38,4319,-2123,15,98,271
4,10024.4,28335.4,7666.68,158,158,1403
4,7975.1,14628.5,-516.184,93,131,971
3,16184.3,167802,-297.704,43,320,6391
5,4722.04,1547.21,-1410.9,5,70,131
4,3916.68,626.172,-526.96,17,58,43
2,4554.62,1009.61,-719.34,28,62,102
2,7242.28,5371.42,-910.972,41,79,292
3,5527.85,7948.55,-242.87,17,99,583
5,4976.47,1135.81,-958.656,247,64,90
5,10077.1,14797.3,-1352.9,44,143,771
2,7074.68,13281.1,-902.868,18,96,804
1,5814.2,5468.25,-1504.34,12,85,343
4,9684.36,28616.6,-3692.8,62,194,1521
4,3788.65,588.284,-795.54,5,43,52
2,4106.83,2278.33,-970.07,10,63,184
5,3640.9,569.035,51.798,13,43,52
0,6704.25,3326,-2370,10,109,225
0,15401.7,141843,-8114.44,58,362,5740
5,10353.4,37380.6,-2161.32,128,219,1875
2,7281.72,5407.98,-982.187,44,79,292
2,6352.69,4122.24,-1216.45,82,88,318
1,4535.17,1035.47,-498.37,28,62,102
5,4426.21,6270.03,-214,19,67,481
5,5270.47,4364.75,-1085,14,85,346
3,7918.06,13927,1542810,52,120,809
0,14296.8,66903,-6456,64,268,3131
5,7239.87,9839.37,-1233.18,136,98,651
5,3744.85,450.442,-724.6,2,36,35
5,8055.68,17133.6,18692.3,97,134,970
5,13292.2,63437.9,3074.3,49,279,2979
2,4081.01,2340.28,-101.37,24,63,184
0,10140.8,36075,-3985,28,218,1641
1,6831.03,7836.74,-3048.8,11,117,427
2,3878.77,765.918,-1796.2,13,54,64
2,5347.77,3338.04,-1993,21,70,205
0,26076.9,491957,-11860,167,555,12044
0,14289.4,184005,-8676,36,336,7453
3,4202.5,735.933,-205.18,20,58,43
0,5525.03,8676.73,-1508.49,24,93,577
0,21189.4,323329,-14776,91,498,11583
2,4320.46,2597.09,-1139.7,19,65,202
3,21104.5,349601,-2526.69,285,440,10967
2,17514.5,161494,976.063,210,352,6744
0,13343.3,158569,-7545,29,283,6727
3,9284.66,28588,59659.7,129,179,1626
4,3658.26,538.761,-424.49,7,43,52
0,8558.66,10569,-3857,42,140,551
3,8787.06,27071.6,309543,36,156,1364
4,10671.7,39295.5,563.209,203,193,2118
0,15790.4,90020,-8703,111,329,3888
4,7974.83,9998.42,-1298.9,15,123,621
4,9143.02,13600.1,-510.292,106,148,729
3,11991.9,53123.3,52718.6,146,218,2391
4,13008.7,78799,657525000,38,252,3882
4,9220.35,11134.7,-3107.8,41,154,557
0,7723.89,10650,-2493,31,137,555
0,4749.31,4414,-2567,9,81,317
1,4941.2,1887.59,-341.96,10,75,165
0,5902.91,6371,-1049,272,95,429
4,12489.7,93303.8,-5144.38,231,254,3885
1,5993.32,5235.76,-2214.6,22,88,370
4,16360.9,93514.9,99929600,45,283,4064
0,13658.6,98155.4,-6171.69,239,281,4061
1,6909.68,28223.9,-2542.7,12,131,1686
5,6521.64,5728.6,-1303.7,28,99,372
3,9034.36,22273.2,-1342.5,121,166,1111
4,4480.88,2766.73,-681.1,18,65,202
5,3904.12,2436.64,-691.61,37,63,184
1,6365.69,5133.62,-2562.5,13,109,317
2,4593.68,2187.03,-1212.5,12,71,188
5,17927,160388,59132.3,99,359,6068
1,8683.03,13808,315.388,118,170,771
1,6321.91,8336.58,-1378,11,100,551
4,8428.01,8925.31,1443,42,144,553
5,9224.76,12453.6,1942.6,40,152,693
5,3451.27,666.725,84.603,2,31,53
5,7182.64,7852.86,-1039.51,103,104,457
0,18400.6,255035,-9731,90,476,9687
0,16822.4,62860,-5265,50,193,1418
4,4921.26,3707.65,-884.508,16,77,292
3,4954.7,3204.54,-590.414,155,71,249
3,6154.68,10274.6,-703.075,24,109,689
3,6836.55,13728.5,-1489.22,22,96,804
4,9369.49,16858.5,82320.3,44,133,890
0,27539.1,517860,-10591,166,580,15334
3,23806.1,298153,3295.72,282,537,8350
0,31469.2,1043200,-19470,138,740,29083
0,6773.79,9169,-2038,24,102,618
0,13023.9,95238,-6347,88,275,4429
3,6043.38,10301.5,-1576.5,25,109,689
3,10174.4,38137.2,959.287,25,193,2118
4,7296.04,18619.4,-1388.1,12,128,1065
0,10044.1,72553,-2823,35,231,3535
0,8348.48,15278,-2557,11,144,851
3,4344.44,1093.03,-1135.7,4,55,88
5,3590.14,566.467,-368.74,14,43,52
4,9938.05,27002.6,-1538.86,154,158,1403
4,15547.9,76057.8,8999.27,69,336,3302
4,9514.03,14162.4,710.616,119,148,729
4,6899.88,7440.92,408.5,28,109,432
1,3905.31,1195.07,-792.14,10,55,88
5,6156.84,2449.91,883.08,9,81,169
2,8034.59,32928.9,4615.4,24,148,1919
5,14468.3,53075,28.3338,47,288,2334
1,9899.03,17413.8,715555,95,183,931
2,7235.69,12569.1,2563.05,142,123,726
0,8053.46,16078,-3614,32,148,891
3,13172.8,93501,140837,136,273,4429
5,4063.18,2427.45,-451.51,20,63,184
4,3445.69,670.351,430.54,5,31,53
3,9748.41,35152.8,-3233.1,26,208,1691
3,12218.2,77338.6,-553.84,169,252,3882
4,4769.59,2128.38,261.04,14,75,165
5,9106.81,28146,-4178.21,55,194,1521
4,15700.9,158192,1878.1,101,310,6737
4,10937.2,46593.3,-2309.95,31,197,2257
2,22867.8,515742,-2924.93,347,540,18067
4,4397.45,2701.53,-486.62,22,65,202
3,4634.16,524.114,713.73,16,65,35
4,4014.2,2267.15,-834.65,20,63,184
4,3474.35,587.597,-376.99,17,51,45
2,12689.4,37164.5,91056700,112,234,1581
1,4118.57,2473.21,-1560.4,12,65,202
5,4149.27,660.425,-903.13,24,58,43
0,9529.27,39975,-5565,14,184,2057
3,16027.4,90864.6,-6154.23,98,301,3369
5,4280.29,686.45,-278.28,16,58,43
5,4928,1800.55,-1432.81,171,76,147
0,17996.5,216679,-9942,51,443,8095
0,12508.6,46529,-5768,37,232,2258
3,5777.34,4533.48,-839.144,19,72,340
2,4046.27,2515.71,-959.94,14,65,202
0,12024.5,19634,-3361,86,167,973
0,8214.82,31749,-4094,29,161,1868
1,6589.42,5185.55,-1183.45,51,79,292
3,4007.65,704.778,-199.28,19,58,43
3,13200.9,91204.3,-1263.01,214,254,3885
5,13669.6,71995,-7255.49,72,325,3143
0,16226.9,123415,-4779,67,294,4627
4,12629.7,54753.3,-4024.19,150,218,2391
1,6248.41,7772.23,-2156.8,24,102,517
2,8590.38,18477.4,-4870.7,15,146,891
4,13663.9,92319.6,-5056.89,210,254,3885
0,11666,53288,-2668,88,169,1687
0,22392.5,313332,-8892,97,462,10529
5,4795.35,3056.07,-859.793,104,67,224
0,11052.6,56366,-6856,39,252,2465
3,4549.01,1989.46,-602.537,114,66,166
2,15469.4,167102,2403720,58,320,6391
0,7996.71,11862,-3493,31,157,661
5,12653.6,60840.5,-2936.63,208,214,2600
2,12563.7,85092.1,-4090.09,53,291,3799
5,6576.27,6507.24,-1225.08,89,95,427
0,25215.1,760488,-20120,149,753,24015
1,7939.94,12908.5,-2182.1,16,132,806
0,9861.33,54723,-4455,26,211,2753
4,9009.75,12611.2,-2590,101,136,619
5,7529.12,12610.4,-1070.82,36,130,694
2,5276.51,4427.75,-615.503,17,88,292
5,7826.1,8939.9,-1342.12,212,107,517
3,13357.8,62020.1,-4037.45,31,247,2754
4,9545.94,12569.7,448.75,21,152,693
3,6635.31,16776.3,-2340,7,128,1065
2,11828.5,49324.6,-3331.63,223,262,2394
5,4104.47,500.589,546.1,26,65,35
0,33593,327382,-8376,144,500,8219
0,12775.2,45688,-6517,43,273,2127
2,6227.74,8085.92,-3431.3,9,106,549
1,6116.2,5290.87,-1777.1,8,105,371
5,4928.43,6540.27,613.9,9,67,481
5,5063.16,2788.73,-1395.01,126,79,184
2,14942,135693,706.643,200,279,5626
0,16390.7,204244,-11854,84,457,7967
3,4060.48,2238.13,-1020.1,4,63,184
4,6495.51,7030.52,-1206.42,70,118,426
5,4425.32,1097.97,-476.1,6,55,88
0,8934.08,23135,-4306,16,166,1164
0,12096.9,45464,-5160,16,228,2002
5,4923.79,3392.61,-1259.44,142,71,249
3,12782.4,60116.5,-3367.89,29,247,2754
4,9565.34,28582.9,-2072.12,113,166,1414
4,4244.65,2357.09,-519.16,13,63,184
0,14875.5,103595,-7308,47,290,4251
5,4011.94,415.556,1296.6,11,54,28
4,4047.48,731.65,-130.16,28,58,43
4,7759.06,15665,-1678.73,94,134,970
3,4795.22,2276.97,-878.55,13,71,188
5,8379.38,9365.18,1064.8,38,144,553
0,9428.37,26916,-5420,96,166,1519
1,6319.21,5140.94,-3076.9,17,109,317
4,3523.27,722.053,-213.44,6,31,53
5,8304.84,9667.76,2664.9,39,144,553
3,6941.45,6823.1,-1229.62,11,118,426
2,3991.57,748.815,-2028.6,13,54,64
4,7674.88,10427.3,-792.433,23,123,621
4,3479.52,562.464,-432.02,14,51,45
5,3782.15,433.816,-764.3,3,36,35
0,15710.6,93927,-8387,152,321,3224
0,14510.7,61774.4,-6129.82,239,301,2687
3,6677.54,5294.25,32592.7,91,108,318
5,15469.8,177788,4222.77,69,367,7087
1,4454.95,1779.42,-423.75,8,66,164
3,10278.8,23934,-320.608,121,166,1111
2,12508.1,49954.1,-4243.17,223,262,2394
4,12050.1,56242.9,768.037,115,224,2192
4,9485.39,28588.7,-3244.39,88,172,1412
0,12884.7,68386,-7200,55,261,3136
4,6008.1,1132.32,-1354.7,6,57,76
4,21356.2,288174,-2578.04,230,468,9276
0,13089.1,79280,-4448,44,260,3296
2,15332.6,102341,1249410,60,283,3965
5,8523.57,4686.67,-1304.6,25,131,271
5,6970.87,2300.66,-60.916,13,76,165
1,5698.52,4330.24,-1593.7,17,90,0
4,6951.99,9513.69,-961.487,126,95,543
5,7101.98,7172.82,3364760,73,118,426
0,6376.38,6615,-590,13,119,375
5,3184.08,622.566,-361.17,16,51,45
4,4494.69,2264.56,-466.23,9,61,184
5,8050.42,5260.08,-738.221,25,93,248
4,17320.7,158342,2602.25,213,359,6068
0,12461.1,31024,-3150,51,216,1525
3,16286.3,144356,4778.44,297,362,5847
3,6787.98,5131.75,511.377,29,107,346
3,14130.2,142552,-912.185,172,308,6057
3,4668.11,2254.86,-1743.2,16,71,188
3,3825.49,2142.39,-325.912,9,43,161
5,4461.47,1755.47,-672.5,11,61,116
5,14453.2,96066.6,2718.71,143,294,4249
4,9540.07,33585.7,362192,94,176,1922
2,10577.3,37914,209217,32,205,1751
3,5231.66,2888.35,-871.38,9,72,205
2,6129.36,5420.88,-1251.7,9,105,371
1,4845.89,2852.97,-1154.04,20,77,244
2,6301.54,5380.22,-881.925,9,99,321
3,9885.67,28280.6,-1340.43,34,158,1403
5,12091.7,71162.9,2416.1,49,201,3289
5,8044.61,26234.2,119215,73,194,1521
2,11001.4,58340,-814.32,318,217,2904
4,3784.67,472.128,-930.27,0,36,35
3,8194.16,14573.4,-2347.96,103,140,845
3,9348.61,38073,-2787.43,38,180,2054
4,6212.58,1891.23,2115490,28,84,136
4,3698.12,595.278,-634.27,5,43,52
4,9926.53,42840.7,-926.332,30,197,2257
5,3818.86,536.325,-389.74,4,43,52
3,12386.8,54193.3,-4094.56,144,218,2391
0,15831.8,101989,-6468,93,340,3797
0,17549.8,190154,-9967,322,374,6633
4,8356.23,21113.1,239.8,44,143,1203
1,5682.77,5202.82,-1689.8,21,99,372
5,6015.04,4741.27,153040,2,79,342
0,10485.4,82133,-6252,47,201,3531
3,14490.6,143436,-5893.61,317,308,6057
4,22061.1,256686,191801000,268,540,8870
4,5977.04,1133.99,-1642.2,10,57,76
3,4157.5,763.814,-2085.5,13,54,64
4,16945.8,158869,-7539.78,200,359,6068
0,20201.2,440909,-13864,82,508,14821
4,6224.07,8067.5,-1873,14,99,583
4,9128.12,19001.9,-5293.7,6,146,891
5,15319.2,88710.8,3749.9,75,289,3710
1,5910.88,1487.45,-1041.26,38,71,103
4,16673.2,200707,-7861.42,153,390,7459
0,14654.1,85332,-5187,197,261,2984
0,6972.92,19967,-2203,26,115,1107
4,16375.2,178434,233984,261,367,7087
4,4806.57,1797.04,152.87,6,61,116
4,7306.08,14103.2,-523.105,27,120,809
1,12245.7,73541.5,-850.377,32,249,3630
4,9203.28,11370,1098320,39,156,654
3,3591.08,429.898,479.27,5,54,28
0,15555.7,28765,-1414,56,155,933
3,4066.82,2266.2,-1233,15,63,184
4,4381.57,6377.78,-268.71,15,68,481
0,18442.9,201498,-8407,65,369,6292
5,10329.7,28879.1,-3040.77,61,194,1521
5,6024.84,1104.63,-1606.4,8,57,76
4,8308.51,8762.35,2257.2,35,144,553
5,8826.07,9467.08,1951.6,45,144,553
4,9726,25806.9,-1223.82,30,174,1415
3,15110.9,83013.4,-3300.46,126,223,2059
3,4855.41,2273.93,-1657.5,13,71,188
4,15260.6,163550,5163.2,231,287,6171
3,12959.5,50617.4,-4614.35,138,223,2059
5,7422.35,2061.62,38836.6,25,84,136
3,4300.63,2424.54,-874.77,23,63,184
5,3957.5,2419.38,-624.15,32,63,184
2,13095.7,51899.7,-2609.3,136,223,2059
1,4383.03,2559.7,-1123.3,9,72,205
4,17328.8,160449,1501.45,202,359,6068
3,12160.9,52787.8,81800.2,125,224,2192
5,5225.12,1526.66,-19.201,34,64,116
1,7555.43,11195.3,-2405.8,21,121,622
5,3791.45,571.379,-140.66,15,43,52
3,13736.7,53197.7,-1123.65,183,288,2334
1,5171.27,3653.93,-756.628,65,85,269
3,9426.34,29580.8,507535,213,171,1747
1,5726.15,4590.4,-1299,15,98,294
3,7122.59,5263.25,-1095.83,193,107,346
2,6969.16,4068.43,-1098.64,86,101,249
0,14469.9,80813,-5728,186,241,3136
2,4329.48,2655.9,-1053.3,13,65,202
3,4434.46,1037.2,-632.83,28,62,102
3,7000.07,13376.8,19593.9,30,96,804
2,6184.42,5337.51,1542.76,6,99,321
0,8233.36,18149,-1630,19,137,1064
0,11459.4,49001,-5152,59,228,2329
0,8136.69,17344,-2977,54,125,849
4,11878,53702.7,-662.43,47,220,2461
5,3277.71,585.245,190.17,13,51,45
3,4517.21,2134.52,671.52,15,75,165
4,3599.85,574.402,-471.48,15,43,52
5,6112.03,4598.07,101.562,81,93,248
2,5790.04,3778.21,437515,10,85,269
0,19749.5,233475,-10600,45,442,8206
4,4484.12,6236.23,-281.63,15,67,481
2,4063.92,754.943,-1609.6,13,54,64
2,12146,74127.4,-4100.23,36,249,3630
0,10257.1,82602,-4862,29,190,2966
4,4529.24,1111.35,-1011.4,3,55,88
5,6504.45,6125.21,-1023.22,7,95,372
0,8210.23,17627,-3871,167,135,888
2,6824.24,13323.9,-1006.22,180,96,804
0,26416.3,480356,-11741,105,567,15869
4,16121.5,177951,34.6952,69,367,7087
5,3697.33,518.702,-466.81,10,43,52
3,13870.5,165105,-6904.04,50,320,6391
4,9530.98,25710.9,21422.6,154,174,1415
3,3654.08,724.39,103.84,4,31,53
3,9989.92,10583.6,-2140.14,100,154,587
4,7063.16,7042.41,-651.166,20,118,426
0,13242.9,90117,-6668,38,263,3797
0,4632.46,2233,-1032,16,67,135
0,11279.5,47351,-5504,117,222,2391
4,9655.98,33387.5,-397.438,118,176,1922
5,4868.05,4094.85,-1043.98,85,72,340
2,5225.52,3205.32,139614,155,71,249
0,16416,122456,-7760,74,354,5219
0,11957.7,82173,-7083,169,295,3551
5,5785.13,4936.93,40723,21,79,342
5,9874.35,17419.8,-3664.92,35,172,973
2,12328,73601.2,-1664.85,29,249,3630
4,13021.7,57169.9,1143.2,52,220,2461
3,10831.3,27178,266960,36,214,1469
4,8896.23,9607.5,-1327.59,195,138,554
3,9665.4,39261.1,-1218.49,74,196,1885
0,4501.47,3150,-1831,13,64,246
0,9012.63,16618,-2718,14,139,934
4,9230.14,27246,21233,49,214,1469
0,16226.9,140698,-5579,115,367,6066
5,4590.64,6385.2,-299.76,14,67,481
3,9685.81,16681,29686.9,167,172,973
3,9168.91,39267.8,-1826.49,74,196,1885
0,7505.82,9515,-1452,128,96,457
5,4881.86,2236.71,577.26,26,75,165
5,12991.8,73808.5,-2113.12,33,247,3630
0,11629.7,62054,-4001,41,221,2903
3,14630.2,141377,-4571.87,326,308,6057
0,17556.2,107232,-7601,39,328,3806
5,3412.75,1301.03,-363.526,7,40,100
2,5229.82,3452.59,106.242,2,51,132
5,9866.83,29165.1,-4338.45,63,194,1521
2,4288.43,2566.94,-1369.6,8,65,202
3,13617.2,92746.5,-5047.33,218,254,3885
5,19861.1,276770,7557.62,314,420,9137
2,6996.15,12655.1,-683.544,141,123,726
0,18758.5,131030,-6894,151,340,4723
3,6634.93,6914.49,74035.7,73,118,426
4,10240.5,86583.5,16057.4,208,254,3885
1,6863.85,7777.13,-2616,11,117,427
5,6681.27,4363.59,-501.39,19,100,294
4,10908.3,28643.1,-2888.11,68,214,1469
5,3566.73,366.455,1476.9,7,54,28
4,18011.2,198454,-6466.01,153,390,7459
0,14664.2,66740,-6961,58,294,2759
4,3850.71,560.238,-751.5,5,43,52
3,6287.46,1925.68,-1080.88,9,84,136
4,5647.39,7956.94,304.09,15,99,583
2,8550.44,26576.3,1007.25,26,156,1364
3,4479.88,1004.52,-766.3,20,66,101
3,6048.85,13147.2,-1266.2,11,103,883
2,4689.76,2075.96,-5.591,14,75,165
0,12332.5,92139,-2720,50,228,2608
3,6284.58,3483.9,902.65,33,101,206
4,3596.87,537.957,-906.69,5,43,52
2,6044.18,12971.2,-1609.3,8,103,883
3,12178.4,33600,2682,48,210,1213
3,12303.2,36784.8,-1282.87,17,225,1755
5,9260.08,16743.2,194031000,85,142,844
3,14032.8,86677.9,-1566.32,61,291,3799
5,3626.5,580.852,-418.73,14,43,52
1,4274,2123.43,-1365.3,10,71,188
4,5964.2,11119.3,-527.205,252,102,764
4,20292.2,276733,2577.59,291,420,9137
1,6323.12,5261.61,10043.1,6,99,321
0,9325.7,19910,-4048,66,143,1111
3,12313.9,74705.3,-1978.71,32,249,3630
5,9108.09,19148.1,-1537.15,192,133,890
2,6930.05,12532.5,11546.6,133,123,726
4,3678.76,543.22,-782.11,6,43,52
5,3508.56,466.329,-782.03,3,36,35
0,22846.4,346933,-10351,122,513,11712
5,3691.72,568.372,-437.65,9,43,52
4,11830.9,56659,-918.674,157,209,2967
2,8004.14,32764.8,2464,19,148,1919
3,13278,75683,920210,189,262,3211
3,5643.97,3901.01,-530.56,9,85,269
5,3975.02,2367.07,-819.44,17,63,184
2,5173.45,4138.96,-1147.51,18,79,317
3,10352.6,37828,-2472.61,33,196,1997
2,12134.5,37986.6,-1999.31,151,235,1818
2,21353.6,348481,-1859.11,279,440,10967
3,3778.3,461.445,-977.93,2,36,35
3,12078.5,33686.8,1269,50,210,1213
0,10433.5,57935,-4304,23,221,2824
4,6975.69,5123.01,-780.38,107,96,347
5,8978.12,13881.9,-174.026,24,148,729
0,8579.9,16131,-2548,20,129,929
2,4912.55,3485.93,-922.003,136,51,132
1,6828.8,7811.34,-3248.1,10,117,427
3,6998.84,9199.78,-2680.89,87,138,554
2,10163.6,50761.9,-4623.93,124,224,2192
1,5434.28,5605.99,-1674.1,6,89,425
3,10382.8,32600,-3300.21,91,176,1922
1,5756.88,4299.15,-1489.7,17,90,317
4,21913.4,281091,-8442.23,260,468,9276
5,14660.5,76688.3,-1357.52,148,336,3302
3,10740.1,26636.5,-1461.84,49,214,1469
4,4101.02,768.583,-2298,13,54,64
0,7180.39,6250,-3088,29,121,404
3,4991.61,2820.46,-900.23,13,72,205
0,18962.5,144497,-12470,100,491,5539
5,4375.23,2406.51,-472.62,28,63,184
3,3874.69,2200.94,-522.072,3,43,161
0,15531.9,152990,-6721,184,323,6290
0,11885.2,63007,-6305,42,217,2254
2,7282.37,4061.9,-1158.84,9,101,249
4,4497.15,5988.02,227.1,10,67,481
0,9199.72,17977,-3099,39,170,1109
2,3779.69,2163.92,-839.982,51,54,165
0,16800.8,105041,-5774,48,333,4250
4,6060.66,4200.95,-336.93,26,100,294
3,4408.2,2721.83,-853.55,19,65,202
2,5923.69,7567.57,-1272.11,103,104,457
5,6767.96,4237.96,-610.071,146,101,270
2,5398.44,4456.68,-1450.15,19,88,292
3,3678.42,540.436,-710.45,7,43,52
4,6547.2,13768.5,-418.388,20,96,804
4,9453.45,13461.5,-612.269,105,148,729
0,9320.56,39412,-5475,77,198,2063
1,5200.16,3706.38,-487.28,21,82,289
2,10368.9,37817.7,-722.752,25,205,1751
5,3816.98,652.883,-36.066,24,58,43
5,4895.63,1670.02,-1648.4,6,70,131
0,15584.2,246354,-6758,64,360,8725
5,13991,79967.6,-3367.28,246,336,3302
2,4042.89,2120.26,-2026.3,4,63,184
3,5023.84,2991.56,-571.782,152,71,249
5,6061.93,1096.1,-1545.8,9,57,76
0,18932.4,195288,-9356,67,389,6408
2,7960.03,4515.97,161749,33,131,271
3,8865.8,12106,-1443.72,121,136,619
3,4101.17,807.281,-1827.1,13,54,64
0,13372,190854,-8983,252,350,7945
5,20990.7,412164,733.247,89,467,14125
5,3521.92,534.016,90.998,16,43,52
0,8819.39,18598.4,-4834,15,146,891
5,4109,420.579,992.08,11,54,28
2,4557.76,1028.33,-595.53,28,62,102
0,19437.2,236439,-11919,82,471,7842
3,15917.6,219977,-3782.46,296,336,8195
3,15331.7,88637.3,-5663.84,91,301,3369
2,6109.54,12980.4,-582.29,16,103,883
1,6932.41,7878.31,-2931.7,11,117,427
3,5934.42,2563.27,477.17,11,81,169
4,13907.9,91896.1,7599.54,240,254,3885
2,6790.39,5341.89,-465.69,51,79,292
3,23904.4,276650,-1820.53,298,537,8350
4,4343.35,6269.88,-473.13,20,68,481
4,7743.86,13411.5,416.2,116,170,771
3,12750.1,59620.1,-1448.66,33,247,2754
5,4827.62,1551.28,-1434.4,5,70,131
4,8262.07,19810.9,623.06,93,163,1162
3,3818.39,369.724,1190.5,11,54,28
4,6846.76,11278.6,-1410.77,149,111,651
5,4327.13,497.796,696.1,20,65,35
5,4581.31,1804.09,-449.98,10,61,116
3,3240.42,620.127,-302.88,12,51,45
0,12494.6,57057,-9260,52,261,2536
3,5993.03,7083.26,65364.7,17,93,545
1,10567.7,41159,-5549.01,143,227,2059
2,7954.79,9428.47,-2128.36,182,135,587
4,11449.4,32473.9,-1974.36,163,203,1580
0,6231.2,10584,-3306,56,121,690
1,3992.14,5675.38,-565.44,20,68,481
4,15154,95591.9,-1962.43,240,254,3885
4,20850.9,411288,-770.838,94,459,14125
2,5065.5,3107.09,-2497.4,4,65,202
4,16608.7,143595,1066500,71,362,5847
0,15479.7,216958,-9534,57,328,8461
5,3633.53,442.625,-497.2,4,36,35
1,5610.05,2595.16,-3663.8,13,87,166
5,19581.7,272772,1007890,281,420,9137
3,14531.4,87185.6,-452.342,57,291,3799
0,6746.87,6204,-3649,41,115,427
4,9966.7,10517.2,-3115.7,100,154,587
4,8371.11,8744.82,1912.7,32,144,553
5,10182.7,29397.4,-3147.74,74,194,1521
0,8567.75,10218,-3462,37,161,659
2,7374.26,12623.8,-2166.07,15,132,806
0,10030.5,10001,-2971,99,139,398
4,15704.7,158428,1111.6,105,310,6737
1,5099.68,3139.66,-2462.2,4,65,202
4,10158.9,27277.1,17635800,163,158,1403
3,13085.5,52240.3,740.309,60,288,2334
0,18193.8,285486,-12022,123,446,10395
2,14155.6,135238,-3319.47,208,279,5626
0,10002.3,25223,-4545,100,168,1409
2,13763.5,77347.5,-2008.39,163,262,3211
2,7489.73,9094.85,331.37,13,130,515
5,11460.8,32465.9,3205.8,66,210,1213
4,12605.8,70635.9,874.44,55,201,3289
0,3602.99,618.347,123.465,37,35,35
1,7713.85,13308.8,-2937.8,2,125,694
1,11314,41750.1,14102.2,156,227,2059
2,5515.77,7557.83,-912.318,101,104,457
2,6697.66,12050.2,-541.73,221,105,765
0,10637.2,26182,-4963,17,188,1310
5,6293.04,3534.94,-1816.12,46,86,205
3,12951.5,72177.3,5045360,154,262,3211
3,6640.28,16991,-1931.5,14,128,1065
3,8098.6,20541.8,817.74,40,143,1203
4,8552.04,13784.8,-1452.92,73,132,806
0,7208.98,11303,-2790,9,124,767
0,12901,39537,-5705,54,253,1875
4,7887.28,10418.4,-2766.24,168,135,587
3,3233.52,1256.64,17801.5,42,40,100
0,20468.2,256684,-7874,127,466,9262
4,9256.71,11335.8,-970.587,136,156,654
1,10939.3,41452.4,16578.2,211,227,2059
3,9047.15,16077.8,901.845,111,160,976
3,11645.8,32124.8,-1785.35,161,203,1580
3,4482.55,1091.49,-1117.7,22,66,101
3,5416.16,7560.53,-600.66,15,99,583
4,3465.02,591.156,-379.34,17,51,45
3,9649.86,39735.6,-3383.22,65,196,1885
3,9051.45,38051.3,-783.646,43,180,2054
2,10710.9,41367.8,-3833.9,143,227,2059
4,4097.13,1682.49,-1048.7,9,61,134
4,4296.49,785.603,-1712,13,54,64
5,6531.28,5814.42,-852.885,6,95,372
0,6207.94,4782,-4071,15,108,319
0,6966.35,4433,-3550,32,107,270
3,13276.3,46055.7,2617410,135,273,2061
0,12872.5,100830,-5998,33,236,4056
4,15817.4,164933,5603930,55,320,6391
2,11838.5,56651.9,-1906.32,132,209,2967
2,11365.3,40536.7,13932100,134,227,2059
3,7704.32,9251.34,426.71,20,130,515
4,3696.64,526.508,-643.96,7,43,52
2,13492.8,85407.5,-525.63,66,291,3799
5,3844.98,473.477,-920.56,3,36,35
4,6986.17,11233.3,-819.453,155,111,651
0,8447.4,8032,-2235,49,146,458
5,4479.97,2805.68,-594.1,17,65,202
4,5525.79,1059.04,-1531.7,6,57,76
4,6071.15,4222.77,351.79,20,100,294
0,21408.6,338639,-7152,80,446,8873
5,3647.66,525.114,-94.431,15,43,52
5,4738.12,1139.08,-711.57,13,62,100
3,9530.68,12033.8,7957.73,200,117,519
5,4393.22,2905.78,-478.12,26,65,202
0,16372.2,247810,-6612,50,345,9119
3,12779.6,61035.7,-2268.24,27,247,2754
1,6810.3,7699.75,-3402.1,11,117,427
0,8446.67,23531,-5411,14,167,1262
4,7376.15,17508.1,-2009.1,17,128,1065
3,6407.46,4954.32,-1046.01,103,96,347
3,11461.6,31947.5,8911.51,43,203,1580
4,11989.4,28661.1,-954.15,39,178,1410
0,8833.41,25593,-5187,35,216,1468
4,15916.5,178127,165871,267,367,7087
2,12000.7,73773,-973.855,35,249,3630
2,6095.49,4130.92,-1363.29,268,88,318
4,6908.49,5569.29,-1079.5,12,99,321
5,7825.35,12359,90980900000,119,130,694
0,9382.42,36544,-4093,66,158,1524
4,14943.9,185798,325695,44,286,7322
0,6561.79,9073,-1839,21,109,587
3,4992.12,2915.7,-915.193,105,67,224
2,3998.22,2302.53,-926.31,3,63,184
0,16065.1,257919,-9075,58,361,9536
5,3367.33,1067.33,229215,59,51,102
5,11957.7,38341.1,1996.88,108,219,1875
0,9127.25,17748,-3210,19,186,936
4,6717.39,7313.37,647.22,29,109,432
1,6280.18,4785.07,-1922.3,15,107,319
0,15286.7,123064,-8862,67,390,4923
4,9036.52,20834.2,-43.5155,221,145,1156
5,7234.13,5194,29682300,49,96,347
4,13144.6,42266.1,-2898.76,241,278,1938
1,8159.12,12864.8,137699,34,132,806
2,14889.8,101963,-3539.11,49,283,3965
4,5842.42,3905.42,1112.5,17,100,294
2,8864.38,30045.3,-1386.37,27,132,1513
5,20087.1,401452,-87.8382,102,463,14125
3,14411.7,141789,-682.959,274,308,6057
3,12077.7,71440.8,-511.424,189,262,3211
5,17628.2,216503,-2828.41,91,336,8195
0,18787,196620,-10231,49,417,6977
4,21754.9,408908,-1616.73,63,473,14125
0,14878.3,139130,-8896,349,321,5528
5,4765.31,1758.72,383.04,13,61,116
1,3959.41,767.87,-1983.5,9,54,0
0,10369.6,30459,-4606,65,203,1578
1,3915.46,2058.75,-1598.9,3,63,184
2,4541.78,1997.19,166.49,18,75,165
0,17238.8,194308,-12024,294,375,6628
3,8070.75,4726.55,-1200.92,91,131,271
2,13245.3,85488.8,-1550.54,52,291,3799
5,3779.48,536.656,-378.33,5,43,52
3,12780.2,79060.6,574.43,37,272,3539
4,3866.05,568.59,-476.29,5,43,52
4,4911.53,0,-815.912,110,67,224
5,4049.65,6484.57,-303.62,24,68,481
0,14600.6,109954,-7245,48,323,4253
2,3747.39,2164.22,-486.597,6,43,161
3,5815.86,2546.6,350.69,9,81,169
0,19479.2,228025,-9579,88,461,7592
3,11565.4,56304.8,-245.918,171,209,2967
3,7752.45,25476.7,-1432.79,27,157,1519
0,11884.7,50232,-5500,40,240,2327
5,9855.47,41397.7,31051.4,224,159,2181
1,4607.03,1041.91,-248.39,28,62,102
0,4855.19,1081,-1155,21,50,72
0,6291.36,13356,-2877,13,104,844
5,10150.8,37035.8,2961320,33,196,1997
1,22029.8,516194,-2388.81,365,540,18067
5,3426.99,537.494,-851.5,13,43,52
2,10363.6,35100.3,8051.76,198,208,1691
0,14030.9,73995,-5716,59,274,3213
5,11188.7,51577.9,1072.98,124,209,2534
0,10306.7,18710,-6895,121,203,938
1,6849.03,13543.6,-3556.3,20,118,762
2,6393.29,4910.59,-1867.4,14,87,322
5,3760.4,576.589,-53.641,15,43,52
4,8905.39,17280.9,-2220.91,20,142,844
3,8810.86,11956.4,-1852,119,136,619
5,11439,28314.6,-206.63,51,178,1410
1,3872.18,1193.33,-1134.8,10,55,88
0,10413.5,52884,-3810,74,217,2597
4,4729.79,6164.89,-568.58,18,67,481
3,10854.5,37905.5,-936.465,37,205,1751
1,7711.84,13318.8,-3257.3,2,125,694
2,6259.12,5151.93,-963.614,17,99,321
1,6884.18,7868.16,-2288.7,11,117,427
0,32820.8,1611580,-21402,148,986,40959
4,9370.4,12370.4,1084,23,152,693
0,6842.02,24034.1,-3033.15,28,154,1407
0,6568.9,5419,-2355,10,101,345
5,8146.73,5770.63,-879.236,31,86,205
0,11806.4,53274,-8214,141,247,2466
2,15691.5,102988,-3900.65,39,283,3965
1,5764.54,12742.4,-1944.7,20,103,883
2,6857.86,5327.93,223.831,49,79,292
0,16177.9,134898,-9589,72,416,5126
2,19512.2,158770,-5467.17,329,449,5537
0,12498.9,48009,-7247,168,256,2258
0,9009.22,35605,-3924,18,166,1575
3,6253.49,3411.27,792.26,17,101,206
4,5602.12,2952.22,269.844,89,67,224
5,8705.82,20719.2,1115.9,45,143,1203
4,6896.25,6344.81,-1004.99,5,95,372
4,7435.39,11426.8,-1272.16,59,114,689
5,4683.65,2349.56,-1236.8,9,61,184
3,3478.11,714.585,-233,3,31,53
3,15629.3,167099,-2520.09,39,320,6391
4,16753.7,157814,3525.04,196,359,6068
3,6409.05,11285.8,-1433.52,152,111,651
3,9341.63,39332.7,137953,74,196,1885
0,19801.3,282968,-9881,112,572,10117
3,7728.97,14093.6,-522.8,9,127,802
3,8879.44,24402.2,-2429.75,28,177,1313
0,10801.5,22708,-4856,29,210,1115
0,6398.82,3522,-2341,4,63,118
2,5690.65,7615.24,-1006.56,12,104,457
3,7404.94,6400.84,-1451.29,94,113,399
4,6037.58,1071.55,-1318.5,7,57,76
1,5830.82,12710.6,-1760.1,20,103,883
0,19223.7,297232,-9824,113,413,8722
5,4532.4,520.073,186.78,22,65,35
2,5377.64,4290.38,-785.632,18,79,317
3,6782.39,10343.2,-1418.44,23,109,689
3,12754.2,93322,-876.139,189,273,4429
0,8140.29,30545,-2599,109,169,1803
4,12130.7,68518.9,147310,173,262,3211
4,12284.3,71340.7,1056.88,181,262,3211
2,7501.69,9222.64,585775,197,138,554
2,4443.05,1012.05,-487.28,28,62,102
2,4638.37,2002.91,443.52,8,75,165
4,3759.66,460.473,-924.98,1,36,35
5,13889.3,48580.6,1045.28,117,215,2188
1,4020.89,1189.09,-26.871,2,59,101
2,5848.39,10981.6,-2031.04,251,102,764
2,3930.66,405.086,783.64,11,54,28
3,9114.15,37808.5,773.137,40,180,2054
1,5007.09,2871.56,-1294.17,14,77,244
2,4864.9,2039.17,-465.91,14,75,165
1,4061.42,5708.6,-553.93,20,68,481
0,15640.3,122138,-8488,28,270,3714
5,9910.7,10376.6,-628.325,238,154,557
1,6221.03,4305.79,-885.78,14,106,318
4,9700.99,26437.5,-317.569,27,174,1415
5,4798,3534.62,84998,20,60,243
4,3535.3,1493.97,-449.544,7,40,100
5,4337.8,2601.47,-1312.2,30,65,202
2,3599.41,1435.1,-874.637,155,52,133
3,4610.07,2347.21,-1297.2,3,61,184
0,8464.84,17733,-4715,12,148,850
0,16459.1,317989,-9658,68,390,11557
0,43915.5,1566640,-96449,163,874,37040
2,7154.76,4170.23,-2452.99,87,101,249
4,4406.65,543.564,287.48,19,65,35
0,28334.2,515966,-14286,114,651,15005
5,13435.9,58786.6,-1431.46,177,223,2822
3,8830.3,11978.3,-1481.05,64,128,693
2,3798.75,2188.04,-873.699,183,54,165
3,11723.6,52744.9,-1105.29,152,218,2391
0,6122.41,5990,-3961,9,104,374
0,16658.3,126664,-10596,275,340,5324
0,13225.1,32119,-5875,18,192,1119
2,4083.91,2125.27,-1791.7,4,63,184
2,7288.72,34323,-2821.12,81,148,1919
0,15168.7,126647,-5984,48,314,4913
2,23363.7,520140,7028640,314,540,18067
2,8729.25,16479.8,10457.1,19,142,844
5,13110.4,44998.2,1718.7,125,273,2061
0,8887.81,17363,-3697,72,185,1026
0,24281.3,636493,-15075,86,654,19437
2,12601.7,49627.9,376362,217,262,2394
0,12392,111222,-7546,40,310,5318
4,17996.1,159753,317329,178,359,6068
1,5794.55,4911.39,-1281,19,85,343
4,3713.55,548.135,-574.93,5,43,52
1,6867.95,7768,-2968.2,11,117,427
1,6889.2,7905.82,-3355.2,11,117,427
5,4891.86,2176.8,217.89,14,75,165
5,5922.47,1729.92,-514.598,20,76,147
3,10130.9,24624.2,13387.3,27,177,1313
3,11828,52377.2,-233.466,116,224,2192
0,11015.1,27117,-4772,40,210,1364
1,23399.5,516310,308124,145,540,18067
4,3935.44,552.21,-465.28,4,43,52
4,13775.1,62344.1,-5403.32,25,247,2754
4,3661.36,362.565,1358,11,54,28
5,4491.96,693.181,-301.62,16,58,43
0,12054,62494,-4120,42,214,2672
2,7968.61,32979.8,1512.16,20,148,1919
3,7476.86,13837,-169.96,12,127,802
3,4259.06,1685.02,-531.59,5,61,134
3,12259.6,33011.2,3168.6,51,210,1213
1,4583.46,1052,-151.97,28,62,102
5,12577.8,61450.5,-588.144,218,214,2600
1,8042.52,12851.8,-878.763,77,132,806
4,4213.41,705.532,-478.2,16,58,43
2,4331.93,508.417,686.74,25,65,35
5,4217.87,2588.57,-196.54,27,65,202
5,14761.5,98479.9,255856,55,294,4249
0,7036.63,7693,-2060,35,113,516
0,17351.2,157137,-9498,87,427,6406
4,3783.99,466.931,-665.51,1,36,35
0,8575.34,14229,-2421,21,139,692
4,4571.49,6345.22,-588.22,23,68,481
1,6994.76,7871.33,-2963.8,12,117,427
3,8235.22,20740.4,526.28,41,143,1203
0,3428.65,3794.88,-1398.7,26,60,291
2,4434.09,1042.3,-723.09,28,62,102
3,4040.7,2384.83,-1295.9,25,63,184
4,11892.2,39483.3,-1178.91,33,205,1751
0,14133.9,134184,-9907,250,329,5856
5,11490,32794.2,3557.9,64,210,1213
3,8605.86,12267.7,-1735,125,136,619
4,3336.39,706.466,208.27,6,31,53
4,24603.2,239187,-3498.42,291,537,8350
5,4517.83,2670.5,-774.5,19,65,202
4,22428.3,406787,1059.16,53,473,14125
4,10630.8,45977.3,-1471.14,131,197,2257
2,12118.9,38212.4,-1246.49,31,235,1818
0,14342.2,104788,-4990,135,269,4518
3,5952.83,13292.8,-1202.5,14,103,883
3,11160.8,37732.1,1269840,34,205,1751
3,5763.19,2503.21,365.65,9,81,169
3,21748.8,410106,-8631.62,57,473,14125
3,11952.4,52427,-1474.83,151,218,2391
1,7613.97,11106.1,-2201.8,20,121,622
3,7278.61,13987,31395.3,89,120,809
0,14124.7,139723,-6762,63,323,6399
2,3989.58,2109.23,-2129.1,5,63,184
3,14130.3,52524.6,84.9825,47,288,2334
0,12162.9,68474,-4482,54,214,2533
0,10787.8,103850,-4705,85,237,4804
5,5635.57,3016.27,-1038.4,5,65,202
4,4246.65,2782.67,-1225.8,27,65,202
4,3738.39,435.357,-485.67,3,36,35
0,6530.69,4519,-2877,18,89,337
0,17528,157261,-10142,38,407,6409
4,9423.3,11692.6,-803.376,45,156,654
4,13039.6,52144.4,-2431.27,234,288,2334
4,8548.72,20246.8,-1153.22,123,163,1162
5,9663.67,36127.2,-3613.19,26,196,1997
1,6824.61,7790.82,-2587.8,11,117,427
3,10376.6,26428.2,-1112.96,37,214,1469
0,11626.3,64482,-4866,25,198,2127
2,7767.81,9344.89,1051.8,15,130,515
4,10486,26171.9,1405960,49,214,1469
1,4058.39,771.336,-1848.9,9,54,64
1,5042.45,3022.89,-2187,4,65,202
0,8038.5,30345,-4098,25,154,1743
0,6226,11731,-1062,20,101,804
0,7014.84,2633,-857,14,76,132
0,9021.23,20844,-4100,23,159,1159
3,8470.27,9894.1,-2245.71,105,123,621
0,7104.27,6135,-2525,4,85,291
2,5959.55,11062.8,364.331,23,102,764
4,9344.08,11448.7,2085120,35,156,654
3,12548.2,71677.8,-1543.89,182,262,3211
1,11062.1,41729.6,-3355.07,144,227,2059
0,15737.3,75265,-6833,55,317,3144
5,4234.4,6295.15,445.46,33,68,481
3,4147.37,379.147,878.09,11,54,28
1,5784.2,4771.38,-1096.04,18,85,343
4,9570.27,12474.1,641.27,23,152,693
4,20345.6,276016,13896800,288,420,9137
1,4075.22,2237.16,-1030.48,180,54,165
4,10439.4,38895.3,-479.991,27,193,2118
1,4255.33,1323.8,-1048,1,57,129
4,8646.72,16053.4,-1123.79,45,160,976
5,5802.96,2386.74,689.26,11,81,169
3,5426.75,4456.21,-857.12,24,79,317
2,7366.67,13966.5,-388.1,13,127,802
0,15442.8,283424,-10546,87,426,10536
5,20176.2,194698,-397.449,159,388,7338
0,6522.77,9105,-2560,14,104,523
0,13289.6,49328,-5124,66,251,2062
4,3999.07,421.599,1341.9,11,54,28
4,6982.73,7408.86,1079.5,31,109,432
2,3266.23,1205.65,7299.26,1,40,100
1,5314.71,4379.63,-802.04,17,85,343
3,25259.2,301973,-4666.04,292,537,8350
0,3532.39,1896,-744,9,59,168
0,13012.9,86927,-5746,67,282,3801
1,6866.46,7856.5,-2318.9,11,117,427
0,13098.7,59170,-6046,40,288,2826
4,5048.37,4117.45,-998.956,79,72,340
3,4829.67,2638.82,-957.62,17,72,205
0,16683.2,154706,-7731,91,344,5432
2,6428.03,4119.03,-332.526,82,88,318
3,6910.47,9002.4,-952.365,11,95,543
5,5192.52,2170.84,-300.58,14,75,165
4,9375.72,33222,-2729.63,120,199,1696
2,11706.8,56090.2,-2218.94,183,209,2967
2,4043.55,2250.65,-651.63,25,63,184
0,18444.8,167373,-15045,231,450,5964
4,7753.23,13320.9,-711.086,279,170,771
3,14050.2,60594.5,-1777.83,134,215,2188
2,4621.33,2010.72,245.9,12,75,165
0,16704.6,185687,-8577,72,346,7328
4,10693.6,17051.3,78224600,153,172,973
3,8943.62,39563.2,-3934.67,75,196,1885
3,10273.3,26685.7,-724.391,152,172,1412
2,5889.82,12812.3,-1679.1,18,103,883
0,19681.7,334145,-8994,89,457,11881
5,4393.19,581.198,21.073,26,65,35
4,8972.09,14033.6,-76.636,117,148,729
4,5871.65,11133.1,-1228.82,250,102,764
0,11523.6,45545,-6974,187,231,2127
1,8119.55,9434.07,-1114.47,184,135,587
5,3766.06,395.402,891.25,5,54,28
0,29018.8,814047,-18392,186,753,20648
1,6038.4,15002.4,-1821.7,14,125,1014
4,13296,142796,-5881.61,303,308,6057
5,5590.56,3200.62,-1902.08,47,86,205
3,3425.29,696.617,314.54,6,31,53
0,19822.9,471164,-12695,78,531,16585
4,9704.4,19803.8,-914.997,24,157,1113
2,14682.9,135434,-2034.7,203,279,5626
0,13652,165927,-7525,76,321,7208
5,13339.6,98409.4,3364.18,216,281,4061
0,8550.48,34661,-4331,102,171,1988
4,9332,12147.2,1005,23,152,693
2,4059.45,2305.89,-857.68,12,63,184
3,13687.8,51832.7,1347.91,175,288,2334
3,14282.4,92828,6821.79,215,254,3885
0,8467.42,16539,-4180,49,149,889
2,12292,49572.4,-4242.57,226,262,2394
5,3750.66,593.358,-379.28,15,43,52
5,9909.87,13197.2,-878.037,269,132,729
1,6898.06,13588.4,-3552.5,16,118,762
3,8542.06,13431.2,183957,99,148,729
5,5412.73,2898.8,-1019.6,6,65,202
1,5856.94,4708.06,-999.41,18,85,343
3,11679.6,38409.4,-390.159,145,235,1818
4,10085.8,38684.3,354.172,195,193,2118
4,7541.34,13761.6,763.141,22,120,809
3,15100.9,85875.3,-812.68,101,301,3369
3,5568.71,4125.41,-763.625,17,79,317
4,20685.1,277931,2660.01,286,420,9137
3,23544.2,266735,-972.599,296,537,8350
0,8590.38,29618,-3321,27,177,1578
3,9237.11,32186.6,591158,89,176,1922
0,12807.8,41707.6,-6486.52,44,278,1938
5,4315.83,6512.3,-553.56,22,68,481
3,6280.48,6857.2,60415.5,77,118,426
5,3684.05,483.253,-743.46,0,36,35
4,12535.2,53342.8,-3500.5,52,220,2461
4,3655.1,535.388,-650.42,5,43,52
5,7184.82,2877.34,2004000,5,99,167
3,13173.2,78189.2,300.064,60,272,3539
2,22078.4,352313,-694.379,274,440,10967
3,15916.4,165684,-1126.54,47,320,6391
1,6122.01,5209.91,-945.46,8,105,371
0,10622.3,30139,-4582,99,222,1525
5,3597.03,628.405,557.52,4,58,43
3,7010.76,5303.66,-1066.37,189,107,346
3,8478.04,15991.4,-1943.12,45,160,976
1,3808.57,769.606,-2115.4,9,54,64
5,15917.4,168880,-4963.05,214,287,6171
1,3965.05,768.808,-2268.3,9,54,64
0,15531.3,131051,-6548,59,353,5426
5,5747.94,4808.5,-156.151,63,86,367
4,9407.26,12154.1,172.5,23,152,693
2,4250.93,2237.83,-1266.4,28,63,184
1,6258.69,7778.76,-1801.7,24,102,517
0,10811.7,33691,-4399,35,193,1636
5,4811.97,2943.04,-857.26,20,65,202
5,5248.03,1100.22,-589.37,7,62,100
0,9252.26,12829,-3159,28,157,692
4,8062.49,26969,165.031,102,166,1414
0,7514.16,9161,-4187,42,160,582
0,12179.1,65233,-6074,31,224,2192
3,5878.28,8240.81,-1245.9,14,99,583
0,12954.5,50469,-6234,41,237,2256
3,6797.54,1838.58,-1202.8,11,84,136
5,5772.3,1701.63,-1181.12,50,76,147
1,3918.17,1566.31,-926.52,9,61,134
2,3831.68,2178.18,-792.391,51,54,165
0,6757.44,9791,-3311,15,102,616
0,6881.46,13956,-2198,73,118,845
1,5501.07,4275.84,-1103.58,14,88,292
4,13558.6,61963.7,8408310,173,223,2822
4,10639.3,26710.7,507550000,127,158,1403
3,4970.07,1888.53,-395.66,8,66,164
2,16212.5,137469,-10837.2,338,449,5537
1,3962.14,1564.94,-843.8,9,61,134
0,9550.66,50295,-3878,24,194,2520
3,3474.46,668.377,-171.39,5,31,53
1,5088.01,3119.68,-2490.8,4,65,202
4,4236.2,1047.4,-1393.5,26,66,101
3,6562.26,7411.64,2244870,8,93,545
0,11651,73949,-7148,48,285,3298
2,5313.25,3832.92,-976.761,65,85,269
4,6961.05,7410.79,563.75,21,109,432
4,3782.4,542.619,-894.28,5,43,52
2,4469.09,536.181,-2.2521,22,65,35
0,8040.81,38924,-2926,12,157,2309
3,9172.51,27400.6,-3462,124,166,1414
4,10605.6,33879,-175.572,50,176,1922
4,10090.1,26806.1,-404.385,30,174,1415
0,6611.8,6019,-2413,20,119,400
5,4596.71,2787.69,-394.91,35,65,202
0,13014.8,50367,-3780,101,270,2264
0,6432.88,8792,-2015,39,102,515
4,6943.87,16037.4,-2153.2,22,125,1014
2,22371.5,351754,-1480.21,101,440,10967
1,4279.96,3083.61,-918.21,9,62,245
5,4264.7,2869.36,-582.99,21,65,202
3,8389.8,20834.8,1056.1,37,143,1203
4,9231.46,12187.8,-1181.19,10,117,519
4,3779.52,446.754,-675.81,3,36,35
1,5620.08,3105.42,-1557.6,10,94,224
0,12401.4,78872,-6412,85,241,3207
3,12236.6,33471.7,1633.8,48,210,1213
0,11884.1,41880,-5381,194,246,2062
2,20382.5,151759,343986,301,449,5537
0,10862.4,19732,-2683,24,164,490
4,4602.12,1924.24,544.02,15,61,116
3,6701.1,7155.28,-1181.05,13,118,426
4,9672.64,12236,1076.5,22,152,693
1,7782.86,9545.62,-2307.79,199,130,490
5,8940.92,16976.1,521217,199,133,890
0,21540.2,366511,-14834,93,529,13154
0,11191.8,55318,-6165,35,226,2530
2,20235.5,150207,-10450.3,317,449,5537
2,16994.1,163227,-2067.12,209,352,6744
0,16329.3,152312,-76248,88,366,6190
3,11664.2,60313.5,-1256.98,310,217,2904
4,7858.45,8660.3,3276.9,45,144,553
2,3868.47,2077.75,-1936.8,4,63,184
4,15128.3,75426.3,129792,269,336,3302
5,11457,53239.7,-4249.43,129,209,2534
2,4035.8,2079.29,-1783.2,4,63,184
4,3466.72,527.049,-359.84,8,43,52
1,5120.57,3129.34,-2783.5,4,65,202
2,8750.29,25223.7,-1913.43,27,157,1519
1,6849.1,7947.6,-2962,11,117,427
2,4507.52,1982.74,-146.6,9,75,165
0,8052.35,12306,-3127,23,145,688
1,7130.78,12426.9,-1707.12,144,123,726
5,9779.45,25356.7,12375100,134,172,1412
5,15015.6,100745,-270.117,51,281,4061
0,11223.7,91969,-4929,41,230,4241
0,21891.8,253713,-14229,79,484,8345
5,15657.9,160580,3024.6,110,310,6737
2,4062.24,757.051,-2046,13,54,64
5,13952.2,69272.1,5153.3,161,325,3143
0,16358.5,91527,-6336,133,339,3458
1,7061.7,4496.9,-2076.9,5,110,294
0,8325.66,9825,-4439,32,142,589
3,5978.12,7435.13,-488.882,8,93,545
2,22268.6,350445,-119.801,241,440,10967
0,11749.3,76455,-4753,42,283,3293
3,14241.9,86619,-604.216,65,291,3799
0,8428.62,10773,-3336,25,157,619
0,7827.53,4563,-3261,2,107,188
3,11835.7,47049.4,-4421.6,119,215,2188
2,16078.7,163781,-7472.18,215,352,6744
4,4876.8,2029.87,-106.69,4,66,164
5,10555.2,27580.2,-2375.78,30,172,1412
0,14595.3,120076,-8354,46,323,4920
3,14500.5,86511.4,-731.867,53,291,3799
3,5370.81,4517.36,-1002.1,15,85,346
0,11023.9,12646,-2682,33,175,555
2,6309.3,11186.6,-934.796,254,102,764
4,15543.6,79567.7,8656900,103,320,3466
0,13412.4,90687,-7771,50,291,3883
2,4268.79,2582.66,-1322.3,10,65,202
1,22437.8,516222,-3285.42,322,540,18067
3,4465.1,981.54,-1249.8,20,66,101
3,9828.79,24732.4,228995,43,177,1313
4,4611.85,6345.93,-523.71,15,68,481
4,15188.4,157669,1983,115,310,6737
5,16588.9,157999,3695.2,92,310,6737
3,6151.5,5041.34,-839.815,61,96,347
5,4928.85,3533.18,44908.4,20,60,243
3,13865.5,92685,-1074.37,193,254,3885
4,6642.14,6129.73,-1199.8,24,99,372
4,3430.63,717.385,-327.32,5,31,53
5,15594.3,216210,-3143.1,286,336,8195
3,5050.58,2711.89,-1175.2,8,72,205
4,12310.9,69328.4,20235.3,175,262,3211
0,12604.9,41364,-6067,42,280,1938
5,3505,685.38,-230.99,4,31,53
5,6709.07,8194.8,-2730.3,9,106,549
0,12423.3,73689,-6558,102,260,3209
5,7746.51,14249.1,2695.7,29,127,802
5,3828.04,531.288,-709.74,9,43,52
3,9442.25,39214.4,-2001.39,75,196,1885
5,21852.6,406357,-9819.04,64,473,14125
4,18414.1,269967,-4739.14,102,346,7851
5,4721.02,1046.4,-993.25,9,55,88
5,4344.77,2191.06,-717.62,2,61,184
3,9711.63,30625.6,-1409.37,227,171,1747
4,6096.06,5100.07,-718.686,111,96,347
0,11913.6,63346,-6049,32,290,2981
3,4356.66,3945.18,-821.546,92,72,340
0,10141,55706,-5761,67,222,2897
0,13495.2,96110,-7750,45,296,4342
5,4340.4,2438.18,-1145.2,26,63,184
2,11789.5,37856.7,-524.545,34,235,1818
0,6710.3,9988.58,-2070.37,21,101,584
0,30148.1,870065,-17384,104,737,26039
0,17269.4,144801,-10782,80,397,5853
0,9523.82,38655,-5119,99,194,1933
3,15627.2,156010,2555.4,102,310,6737
3,7826.62,14164.2,-771.55,14,127,802
3,13347.4,61750.9,-2172.9,19,247,2754
2,6050.53,8075.08,-3601.9,5,106,549
5,14303.8,79463.3,826.503,87,320,3466
3,3993.36,2318.92,-973.26,20,63,184
4,8859.83,10627.4,-1539.6,143,139,587
4,12763.2,58904.3,-3880.8,182,223,2822
1,6864.16,7840.88,-2719.7,11,117,427
2,11549.8,37166.4,2477340,160,235,1818
4,9638.88,26454.2,20540.1,136,158,1403
3,7010.76,5303.66,-1066.37,27,107,346
4,10752.9,28596.7,22144.4,53,194,1521
4,14684.8,79446.9,286.014,77,320,3466
5,10719.7,47766.8,-1948.15,70,190,2118
3,9233.6,37927,-2570.3,42,180,2054
0,7832.53,7976,-4063,27,146,430
4,8714.67,26438.1,-2238.82,43,156,1364
5,9084.12,9874.08,-1493.37,12,154,557
3,6942.83,5307.66,160177,199,107,346
5,3509.19,599.114,-254.79,14,43,52
3,8947.93,13460.2,190406,98,148,729
0,9078.51,23430,-5937,75,177,1264
0,12389.4,82759,-6260,98,253,3976
5,4839.98,1198.19,77.663,8,62,100
3,9531.29,39866.8,-3622.11,74,196,1885
4,6857.95,5537.07,-596.776,15,99,321
1,5388.26,1390.83,-322.031,35,71,103
3,8668.16,12270.3,-404.595,128,136,619
3,4469.76,1037.51,-1083.7,24,66,101
0,8283.25,14264,-1954,19,137,805
1,9154.37,17078,-3216.48,259,183,931
0,8643.04,18888,-3851,33,145,933
2,4177.9,2247.24,-785.732,51,54,165
0,3607.61,969,-1228,11,56,87
2,14886.6,91087.4,-4495.57,213,254,3973
0,21160.3,346612,-10276,78,424,10963
2,7302.23,12510.5,-739.93,12,123,726
3,7554.68,9269.14,-1241.12,98,138,554
4,10111,42885.7,-955.956,121,197,2257
0,12961.9,51111,-6605,47,286,2396
0,9790.11,26450,-5278,42,210,1363
5,3633.14,484.396,-878.32,3,36,35
4,13377.2,41867.7,141491,248,278,1938
0,16122.1,68725,-5261,323,298,3055
2,4051.43,2229.47,7284.56,177,54,165
2,12320.5,49176,-1723,224,262,2394
3,4085.69,2682.55,574.7,19,65,202
3,23939.9,263107,-4586.94,283,537,8350
1,4349.77,3097.08,-1420,9,62,245
0,5244.27,3247,-783,11,86,246
3,15263.2,155995,3009,98,310,6737
2,16406,160923,-3663.21,204,352,6744
5,5547.7,1689.88,-1315.77,179,76,147
4,13350.2,63524.8,6387,39,279,2979
5,17625.2,154695,-4217.09,213,359,6068
5,9464.5,13936.3,-1206.1,123,143,771
5,15516.9,157868,4069.5,119,310,6737
1,8043.03,13868.9,-2818.88,34,170,771
1,6176.44,4331.9,-736.66,13,106,318
4,10400.8,26231.2,-1529.27,135,172,1412
2,8646.8,25501.5,-1840.78,31,157,1519
2,6849.26,7742.97,-2684.6,11,117,427
5,3663.18,580.945,-453.01,15,43,52
3,3744.75,554.198,-734.32,5,43,52
3,11455.4,55565,-1577.18,30,209,2967
4,4912.84,1937.07,173283,73,63,166
2,5547.02,2508.77,543.56,2,81,169
3,15163.6,60845.5,-2748.42,73,305,2610
3,22402.7,410006,926448,61,473,14125
3,4978.34,2650.31,-858.16,12,72,205
4,7343.99,11201.5,299779,84,114,689
0,10342.2,40023,-6092,34,208,2054
0,7227.66,13730,-2369,28,120,813
0,26667.5,790260,-18490,97,588,23128
5,10402.3,20666.9,-1142.9,34,157,1113
3,8499.87,26989.7,-1212.48,24,156,1364
0,12778,64801,-5552,29,246,2679
4,13420.4,41549.1,-2385.97,236,278,1938
0,10724.2,39762,-4498,135,233,2125
2,5922.74,4117.38,-1325.56,82,88,318
3,6536.09,11346.4,-1374.75,161,111,651
3,4521.35,2763.38,-524.38,28,65,202
0,16757,152255,-5393,38,332,5857
5,4456.92,2840.73,-531.06,19,65,202
0,13016,104152,-7152,85,309,4431
3,4288.92,2225.9,-1117.6,4,63,184
5,12280.7,59524.3,-4557.72,196,214,2600
5,3875.94,341.174,1643,11,54,28
2,10861.9,37959,617.001,32,205,1751
5,13709.8,46938.9,184.527,173,273,2061
3,4241.23,1019.69,-931.64,28,62,102
4,15795.5,160397,-7463.7,153,359,6068
3,14710.6,79358,642802,155,320,3466
3,13535.6,77853.1,-2081.87,192,262,3211
4,5005.63,2762.95,-404.89,9,72,205
3,3844.22,1963.67,-393.765,9,43,161
4,4304.47,2665.44,-1278.5,15,65,202
5,3779.89,337.933,765.2,11,54,28
4,14552.1,95221.8,43839.7,54,294,4249
4,9426.59,11764.7,-687.441,131,156,654
3,25814.9,328900,3461.78,281,540,8870
2,7282.35,4095.81,-1254.31,9,101,249
2,14384.4,90607.2,-2248.56,227,254,3973
5,5451.3,4607.35,-1523.88,24,79,317
0,23909.5,583113,-14197,480,586,19428
3,7040.13,8561.94,-1001.22,6,95,543
4,11562.4,40358.6,68922800,77,207,1995
0,12543.1,54065,-5042,33,235,2398
3,5539.88,7952.15,-1827.1,20,99,583
0,28904.6,860864,-15672,63,601,20653
4,14253,80032.9,435.659,77,320,3466
5,3476.77,540.766,426.46,13,51,45
3,8544.81,25460,-3162.91,30,157,1519
5,4190.98,384.867,1586,11,54,28
0,6130.52,5306,-2641,15,113,367
0,17064.4,144950,-10290,70,423,5328
1,3276.16,584.011,214.49,3,51,45
3,15449.6,87921.1,-5737.36,94,301,3369
4,9284.58,27151.4,-1228.66,169,158,1403
5,12065.5,28317.2,-417.53,49,178,1410
5,7572.74,9130.03,-965.671,211,107,517
4,4392.78,6451.45,173.08,38,68,481
2,5625.27,7565.56,-1049.6,103,104,457
5,4361.17,2025.5,677.84,27,75,165
3,8138.71,11615.2,-1258.27,62,128,693
3,8212.03,8738.83,1103.8,36,144,553
2,16200.2,162369,-2251.01,243,352,6744
3,7958.65,9085.31,552.75,18,130,515
3,6531.39,6987.78,2754.47,74,118,426
0,6854.4,13692,-2007,60,114,806
2,10552.5,34485.6,-118.026,30,208,1691
3,8558.2,26644.7,-1608.5,31,156,1364
0,27131.4,459698,-14239,226,524,13149
2,5282.28,3170.73,878.815,161,71,249
0,8781.18,31579,-4615,34,222,1585
5,6852.74,6102.71,-990.41,29,99,372
0,16987.2,188194,-11085,57,358,7100
5,11562.2,58703.6,5605250000,243,217,2904
4,7944.62,10275.7,-404.628,26,123,621
2,5511.94,4337.89,-1661.52,19,88,292
3,8953.21,28729.4,-1221.86,146,179,1626
0,15945.2,146869,-8371,183,306,5628
0,15622.8,128057,-7850,81,351,4913
2,4383.22,2254.58,-798.03,22,54,165
3,4372.48,529.158,170.84,21,65,35
4,4110.27,451.512,47.756,32,65,35
3,8736.51,16174.7,-1226.39,117,160,976
4,4306.07,2410.15,-1680.6,21,63,184
0,20273,348127,-15021,74,473,11118
1,8574.24,9431.11,-2705.03,16,135,587
4,19166.9,178161,629489,235,403,6746
2,7830.75,9349.82,-300.16,14,130,515
0,7809.34,8875,-3125,14,121,487
2,11961.7,33414.9,1491.4,49,210,1213
5,7997.26,15539.7,-221.163,89,131,971
0,13693.2,148815,-7454,65,298,6508
2,3989.63,2331.51,-1173.1,12,63,184
5,3282.41,1011.34,169951,65,51,102
0,22928,268611,-4912,104,460,8479
3,8546.9,8734.36,2259.6,48,144,553
3,5588.59,1636.23,1488840,63,84,136
5,3856.37,357.483,1084.8,11,54,28
5,10473.4,28055.3,244466000,53,194,1521
4,7768.42,9899.94,149419,13,123,621
3,5612.3,2609.04,348.33,5,81,169
5,9551.14,30116.7,-2120.63,33,156,1364
5,8440.63,21089.4,534.33,47,143,1203
3,5493.38,7643.32,-732.41,12,99,583
3,11947.8,36539.8,20737.8,157,225,1755
2,7343.2,4088.74,-1454.36,10,101,249
1,7957.76,9406.06,-2418.9,183,135,587
0,3703.58,2336,-1309,13,63,202
0,12939.8,42689,-7420,155,264,1873
5,8877.76,17089.3,-1998.18,21,142,844
0,6854.23,5202,-3458,132,101,316
5,6716.31,3671.9,1384.7,29,101,206
1,3865.44,1209.82,-813.77,9,55,88
0,12833.3,146095,-5999,61,317,6400
3,13552.5,41568.2,544238000,112,278,1938
2,8250.61,33015.8,-427.981,21,148,1919
3,5608.7,7584.51,-277.56,9,99,583
0,13020.1,79684,-918,126,274,2834
3,13225.4,85468.5,-1896.5,57,291,3799
0,5859.94,5926,-2999,12,109,401
5,10215.5,20504.4,-1248.79,25,157,1113
2,11533.2,33933.1,-56.2376,138,234,1581
2,4806.32,1735.39,-1265.3,4,70,131
2,14572.4,101654,286654,45,283,3965
4,4354.43,1984.08,-717.205,114,66,166
1,4597.79,2861.46,-1321.44,119,77,244
3,5639.43,7435.98,-1689.24,95,104,457
4,9380.26,26717.1,-251.155,159,174,1415
5,11403.1,47545.7,-3788.93,94,190,2118
4,19822.6,274850,2417.89,313,420,9137
1,5764.57,5226.95,-1425.6,21,99,372
5,13968.7,64215.4,-2291.15,179,233,2897
2,3816.87,395.188,1203,5,54,28
1,7861.67,13743.5,-3198.17,117,170,771
2,6935.62,5546.83,-831.775,42,79,292
1,6902.51,7857.9,-3293.8,12,117,427
0,9487.85,37286,-6252,37,226,1815
1,5460.02,4233.06,-931.853,15,88,292
2,6042.42,3697.34,50729.8,27,85,269
4,9654.68,12379.4,7268.98,119,136,619
1,6832.46,7850.29,-2909.9,11,117,427
1,4183.69,1529.85,-1204.7,6,55,133
1,5737.02,5211.78,-2016.7,21,99,372
5,8613.9,10879.8,-1639.43,82,140,590
5,4860.9,2101.8,970.3,22,75,165
3,12073.7,32144,-203.972,37,203,1580
2,10966.3,33847.9,-5053.36,124,234,1581
3,4452.16,2011.55,32.261,24,75,165
2,4481.94,2520.68,-858.53,21,65,202
4,4518.94,2487.49,-1120.5,26,63,184
4,23048.4,280847,1499.42,241,468,9276
5,14110.5,51653.1,170393,149,298,2196
5,15363.1,78433,3024980,264,336,3302
5,14089.8,47926.5,-738.083,173,273,2061
3,4382.58,2334.7,-1896.2,6,63,184
0,3974.45,633.282,33.922,1,57,44
2,4970.6,2787.6,14377.4,110,67,224
3,11181.7,57726.7,223141000,129,217,2904
4,9357.87,11330.4,107889,130,156,654
4,4310.55,569.261,570.88,23,65,35
2,20495.2,177693,-3469.99,339,449,5537
2,14715,136573,658.859,209,279,5626
2,7782.89,8979,284.74,15,130,515
5,6129.35,2752.18,613.92,8,81,169
3,5955.72,13106.7,-878.2,13,103,883
5,5772.95,4335.81,-1053.79,86,72,340
2,15015.9,250506,-7574.59,110,346,7851
3,5430.39,1054.32,-1097.4,6,57,76
4,5583.73,3336.38,-864.073,156,71,249
4,14162.7,52315.3,-998.588,185,288,2334
5,9783.39,29990.8,-2353.63,28,156,1364
5,17990.7,278464,-2675.77,99,346,7851
4,12673.7,42465.8,-3303.1,244,278,1938
2,15265.7,103248,359216,56,283,3965
4,6829.83,4835.43,237659,176,107,346
3,3707.45,501.879,-862.79,2,36,35
0,21580.7,284392,-14653,51,513,9696
0,12167.4,72069,-5646,57,290,3544
2,6315.99,5139.54,-1025.6,6,99,321
2,5498,3580.3,37318.4,54,85,269
0,11713.6,39404,-3140,36,209,1314
2,4004.89,2328.05,-1381.8,19,63,184
3,3805.19,375.629,533.37,5,54,28
0,14846.9,183809,-9681,258,404,6978
0,11437.2,33306,-2911,100,206,1212
0,14425.8,117536,-6756,63,293,4819
4,4520.39,6714.67,-121.11,16,68,481
0,39428.4,1220430,-21623,246,815,18867
0,7602.36,20276,-2677,22,135,1114
4,14244.2,142658,459981,44,308,6057
0,8072.84,30931,-3057,12,158,1580
0,9149.05,20794,-3950,17,168,1111
0,6474.6,4148.16,-1343.03,8,101,270
5,3496.88,578.332,662.7,15,43,52
1,4045.34,765.829,-2251.7,9,54,64
5,4083.81,6349.41,-145.39,17,68,481
4,15845.8,157452,103.1,101,310,6737
2,9219.86,30331.9,-597.165,62,132,1513
4,3617.73,585.612,-855.32,4,43,52
5,5330.89,1683.55,-464.768,17,76,147
3,4662.33,2485.42,-1252.5,11,63,184
2,6379.4,5260.53,5712.48,6,99,321
2,6185.71,8077.48,-2873.2,6,106,549
0,9228.32,24034,-5142,19,160,1022
5,6476.12,8333.26,-485.797,92,104,457
1,5013.99,4027.45,-1453.1,10,85,346
0,23900.7,471266,-12026,124,641,14152
0,9932.06,39356,-6022,114,205,1994
3,9097.58,26087.5,-1222.72,71,157,1519
0,6419.96,7038.58,-332.57,15,109,432
0,18124.4,227484,-9557,88,493,8218
5,9943.36,36296.1,-2464.67,36,196,1997
4,3522.56,509.639,-514.12,3,36,35
3,11865,53956.4,-3065,42,220,2461
4,3756,559.108,-464.56,5,43,52
2,12740.1,75963.4,-175.032,176,262,3211
5,11396.7,33213.1,2063.5,66,210,1213
3,5509.51,4596.26,-99.9597,19,88,292
3,6203.3,1874.93,322.769,71,84,136
5,10708.2,47673.8,-830.599,85,190,2118
4,16390.2,214325,-1630.17,254,336,8195
5,3586.27,567.74,345.18,14,43,52
1,4989.62,3013.07,-2350.8,4,65,202
4,5951.84,6088.65,-994.14,17,89,425
5,9851.22,23395.5,-2066.39,51,176,1313
1,6291.08,4965.35,-1858,13,87,322
3,15469.6,163688,16140100,90,287,6171
0,36924.6,1557190,-18151,178,819,34369
0,9525.41,68094,-4216,24,167,3041
5,3672.46,456.814,-699.72,3,36,35
3,5895.31,11195.9,-1105.26,94,102,764
0,9101.63,30378,-5074,29,168,1520
4,13665.7,80738.7,82802.7,67,272,3539
1,4777.18,1896.57,-677.53,10,75,165
0,7050.81,18069,-3814,53,125,1062
1,4462.17,2552.41,-843.23,9,72,205
4,6333.65,5173.47,-937.126,10,96,347
3,10393.5,37775.9,-1783.8,33,196,1997
5,3807.04,345.236,1237.9,11,54,28
0,11803.3,56966,-7075,47,275,2683
2,10119.2,35247,24677.6,186,208,1691
0,7281.78,7843,-1599,21,133,488
5,13929.1,96712.6,-1.9239,55,294,4249
4,11556.7,44225.8,-3955.93,79,196,1885
3,6857.04,13795.6,11123.2,100,120,809
0,14845.8,96236,-10085,201,305,4065
4,6065.11,4120.45,-370.32,20,100,294
4,11073.4,49010.9,-1541.24,79,190,2118
4,5944.27,1075.45,-1647.5,12,57,76
4,3313.87,686.771,290.61,3,31,53
0,7907,24931,-5083,69,134,1517
3,4259.37,727.833,-682.99,5,58,43
2,14875.2,102007,-3342.05,39,283,3965
4,5770.96,5090.29,-331.779,75,86,367
4,15718.1,158484,1457.8,108,310,6737
0,6909.55,8116,-3089,53,113,490
2,10117.5,34733.9,4257.18,204,208,1691
5,3689.34,519.612,-763.97,2,36,35
0,13485.9,139419,-7724,221,306,6277
0,16414.7,112862,-7537,237,340,4341
4,8083.08,21708,37790100,122,139,1108
5,4733.09,2561.82,-889.78,28,63,184
3,11664.6,38167.9,-2497.81,38,235,1818
0,9945.75,31692,-5676,100,189,1687
5,9709.25,30476.6,348508,140,179,1626
5,10260.6,20141,2016.64,29,157,1113
4,3824.27,469.287,-656.74,1,36,35
0,12445.1,86233,-3336,29,239,3708
2,6933.84,8838.43,27053.5,79,95,543
3,12127.6,71977.1,343928,190,262,3211
3,7959.18,14107.2,-519.52,21,127,802
3,4800.23,2591.32,-1233.5,13,72,205
0,8794.65,29344,-3825,90,162,1576
2,7300.77,12612.1,-1693.72,15,123,726
1,4415.67,3099.35,-1338.4,7,62,245
0,8486.81,22526,-4336,111,151,1307
3,8544.58,14464.8,-1477.55,94,140,845
3,7794.48,8848.98,1632.8,21,130,515
3,3334.45,579.003,109.89,15,51,45
0,14298.5,48944,-694,116,298,2132
4,16580.6,143577,101627,77,362,5847
0,11127.9,36442,-5757,104,196,1811
5,3860.29,2340.53,-565.08,34,63,184
4,12626.4,80887.4,-1205.19,46,272,3539
0,16318,210590,-10706,52,365,8077
5,12664.1,37009.3,-1543.12,197,225,1755
1,9215.86,17210.4,-3265.28,35,183,931
2,6879.81,12058.7,-1212.13,222,105,765
3,10078.2,40387.6,-3910.2,68,196,1885
3,7614.02,13893.4,-94.241,18,127,802
4,7022.95,9982.45,1563.5,21,115,547
5,4750.46,6334.33,334.35,18,67,481
3,15146.4,85992.4,12712,98,301,3369
2,3881.93,375.61,1429.9,7,54,28
3,11964.8,56697.3,577.337,152,209,2967
3,4105.63,1957.82,-722.107,197,63,166
4,5133.02,3930.71,3658930,98,72,340
3,6705.27,13120.2,-423.176,14,96,804
3,9857.07,40141.2,-3937.84,64,196,1885
3,8619.53,13421.5,107270,96,148,729
1,6194.07,6318.03,-2399.5,17,108,424
4,4412.99,2337.66,-1114.1,9,63,184
3,10072.3,24746.9,-1766.53,35,177,1313
0,12068.6,54178.1,-4460.82,155,218,2391
2,6346.14,5307.35,79.9202,10,99,321
5,7035.97,5133.21,-1295.23,78,93,248
5,7704.94,13069.5,-977.053,106,130,694
0,10087.8,24391,-2504,42,208,1313
5,11941.2,30389.7,-3153.99,62,194,1521
3,5749.2,4082.03,-367.091,83,88,318
1,3524.45,1437.77,-875.875,159,52,133
2,3864.51,2178.03,-733.585,51,54,165
2,7554.71,9535.62,-757.52,13,123,621
3,4480.31,2218.39,-1427.2,12,71,188
3,11014.3,37935.9,-1786.9,34,196,1997
4,4251.83,6014.9,271.09,23,67,481
3,10589.6,37166.5,2080.91,33,196,1997
0,9747.05,29209,-4401,60,192,1524
2,11505.3,56607.6,306333,23,209,2967
5,5228.53,4344.16,-1036.93,14,72,340
1,6327.49,7743.71,-2106.9,26,102,517
5,12991.8,61410,-434.921,193,214,2600
0,10171.9,73143,-5544,56,231,3452
2,22433,411613,-1002.65,60,473,14125
4,13163.6,60769.1,2586.73,29,247,2754
1,3908.78,2043.5,-1468.2,3,63,184
3,4544.37,2150.5,-1387.7,11,71,188
5,6736.58,7061.08,82238.5,22,118,426
1,4817.33,1893.23,-589.78,10,75,165
3,4063.07,2157.76,-1475.2,24,63,184
0,9030.74,25612,-2887,27,161,1306
1,4318.94,2119.34,-1213,11,71,188
5,4775.01,6381.14,507.75,19,67,481
0,8745.29,27356,-4790,18,173,1524
5,9494.12,12484.7,-423.522,111,136,619
2,4212.09,2186.43,-957.112,20,54,165
0,13087.8,79526,-6609,33,268,3380
0,9687.36,24798,-4140,39,190,1359
3,9501.53,39412.8,841146,75,196,1885
0,4368.27,2644,-777,10,72,205
2,7604.89,9270.66,592450,196,138,554
0,18415.2,183056,-13417,97,487,6868
0,5571.4,7105,-3007,31,101,486
1,8923.38,13066.5,54731.1,78,132,806
4,9033.49,11610.8,-69.1189,39,156,654
2,13854.5,52665.7,22.0344,48,288,2334
5,20432.3,277982,-8757.73,282,420,9137
5,3717.91,409.761,1265.4,11,54,28
3,6852.61,5247.15,-910.689,63,107,346
1,4601.97,1042.6,-477.96,28,62,102
2,16651,137020,10087.7,305,449,5537
0,11679.8,24783,-4399,79,251,1261
5,18161.4,202432,-4086.56,166,390,7459
2,11092.9,41503.5,21824.8,151,227,2059
4,4692.26,2485.38,-861.76,21,63,184
5,13764.5,85323.3,-6534.62,103,301,3369
3,7758.04,14186.1,-483.13,10,127,802
5,4935.9,6658.77,-273.06,18,68,481
1,5501.21,1998.9,-1313.5,8,77,165
0,11718,29056,-4217,182,185,1362
1,5506.64,2007.78,-947.94,8,77,165
2,5882.47,5316.62,-1189.7,12,105,371
2,3885.7,1464.75,-766.891,158,52,133
3,8700.81,29175.4,-963.386,127,179,1626
2,10772.6,43593.1,-768.53,123,197,2257
2,10590.6,51620.8,-4694.94,126,224,2192
2,12183.3,73649.5,-2485.21,30,249,3630
0,6490.39,6538,-2743,38,113,425
0,17237.2,263354,-8617,41,412,8732
3,12438.2,38526.3,1882.01,36,235,1818
3,12041.7,48802.9,-4367.75,127,215,2188
0,18169.5,205066,-7343,37,350,6074
5,5922.58,1081.66,-1399,9,57,76
4,8164.53,8805.05,2359.8,35,144,553
4,4278.14,6280.52,-604.21,15,68,481
1,4852.24,2815.57,-1429.8,18,77,244
3,9543.06,39777.1,-3793.06,79,196,1885
2,23620.9,516760,36728900,307,540,18067
0,13034.4,61087,-6752,113,290,2980
0,21930.2,303848,-15328,182,497,10398
5,15197.4,49084.6,906088,137,298,2196
3,14936.4,54714.5,-1830.31,143,215,2188
3,12012.7,78160.2,-921.203,57,272,3539
4,18096,155208,-5166.45,210,359,6068
2,6240.48,11053.6,1025.98,28,102,764
0,8108.12,16838,-3341,36,159,974
3,4546.73,1076.99,-787.8,6,55,88
0,7896.2,13976,-3809.71,120,170,771
4,11401.2,51307.2,3508.55,117,209,2534
2,6797.83,13189.8,51509.6,19,96,804
4,5206.54,2252.2,748.4,24,75,165
4,13019.4,45701,-1816.01,149,273,2061
2,6999.55,4036.99,-1720.17,87,101,249
3,14067.2,87357.7,267.84,53,291,3799
4,4542.19,2417.96,-1146.4,27,63,184
3,8656.61,21479.6,706.67,33,143,1203
4,8616.4,16660.2,-1651.69,187,133,890
5,9164.45,20544,156141,108,163,1162
3,13348.6,140351,73.7607,279,308,6057
2,6294.18,8181.21,-3767.5,10,106,549
4,10325.1,26843,525601000,127,158,1403
4,9218.76,11176.1,69070.2,131,156,654
2,15584.7,100081,488216,45,281,3974
5,5986.43,1842.23,-1240.63,8,84,136
0,12576.8,132848,-8284,165,285,5947
5,4392.26,399.604,843.85,11,54,28
2,7119.78,12584,-661.174,147,123,726
0,8172.74,13834,-2560,19,151,888
3,3405.18,689.08,31.465,4,31,53
1,5321.5,4245.38,-1041.2,15,88,292
1,3755.55,1231.85,-1015.1,9,55,88
3,3395.58,675.092,-195.61,4,31,53
5,4971.43,2921.07,-639.41,13,65,202
3,8496.08,24411.4,-2001.51,26,177,1313
5,17066.5,84250.7,4206,90,340,3632
3,4010.83,802.492,-1563.4,13,54,64
0,12689.6,86072,-3899,11,242,3621
4,7484.27,13942.2,-537.45,20,127,802
1,6959.49,3987.26,-2246.73,93,101,249
5,5758.84,3345.11,-980.043,65,75,166
2,15123.7,99961.8,-4276.34,39,281,3974
3,10487.1,43054.3,-330.61,149,197,2257
0,13896.7,119349,-6165,30,305,4443
4,10396.5,37844,-3647.25,31,196,1997
5,3660.47,453.112,-703.73,3,36,35
4,13195,56114.7,-99.4943,130,224,2192
2,6962.54,4087.83,-1346.11,9,101,249
4,24439.9,279026,3118.28,236,468,9276
4,6954.31,7185.83,19449,72,118,426
3,8693.44,38636.4,23416.7,76,196,1885
1,5447.33,5206.34,-1521.91,18,85,343
5,9052.91,16973.9,1067860,44,133,890
1,6887.83,7831.2,-2962.2,10,117,427
0,14445.1,65829,-6335,43,301,2684
4,5515.95,3320.51,-533.873,17,71,249
4,6099.41,2552.29,-292.35,8,81,169
4,5625.91,4736.56,889.94,65,86,367
2,4006.85,2119.78,-2324.5,5,63,184
4,7726.89,13506.8,343.035,27,132,806
5,3617.19,351.832,1016.8,7,54,28
2,16596.4,164858,-6819.95,208,352,6744
0,15198.5,171307,-5432,229,302,6734
0,17290.7,217684,-10402,95,472,8093
0,9147.95,34962,-3003,86,175,1573
4,9658.29,12570,193.72,23,152,693
3,4924.13,1983.59,-270.13,7,75,165
4,12708.4,38695.3,-4136.3,116,234,1581
0,14597.3,231850,-7548.11,110,340,7359
3,5540.45,6060,-1923.8,19,89,425
3,13197.1,60112.4,-114.067,34,247,2754
4,10412,28222.9,-2580.59,166,158,1403
0,7114.44,14646,-3758,17,126,806
3,4372.81,577.675,165,14,65,35
5,5128.37,2999.84,-838.97,101,67,224
2,9296.83,20197.7,-3257.78,101,163,1162
2,4237.61,6024.98,-415.14,16,68,481
3,4050.96,5938.6,-1116.3,7,68,481
3,6762.22,12150.2,-713.655,223,105,765
0,9988.74,24152,-5247,67,200,1264
3,7941.97,9502.28,527.74,24,130,515
3,3914.05,2225.22,-524.379,3,43,161
3,5904.21,9941.89,111.378,28,109,689
3,8716.99,10671.3,133062,24,139,587
0,17532.1,136911,-7290,37,310,5121
1,3747.37,395.183,577.79,3,54,28
4,21007.6,276456,509307000,316,420,9137
2,5037.15,2849.18,-721.559,102,67,224
5,9605.88,20163.6,-850.848,206,157,1113
0,9017.84,20768,-3656,41,165,1024
3,12092.7,37058.2,-2393.79,162,225,1755
0,15847.7,132729,-55076,59,317,5217
2,3923.77,712.891,-855.23,14,58,43
4,13492.5,97178.1,891.657,176,273,4429
3,4926.05,1066.74,-1252.2,22,66,101
3,7436.61,17607.3,-2250.7,11,128,1065
4,6864.86,7377.34,586.71,23,109,432
0,13906.4,85748,-7038,57,291,3629
2,21439,349516,80.9144,289,440,10967
3,15631.9,59993.8,1909400,123,215,2188
0,6811.65,10916,-2339,41,123,694
3,8522.08,4468.68,730077,99,131,271
2,4693.75,6395.41,-305.62,21,68,481
0,22248.2,492155,-12958,109,501,14307
0,25379.7,541796,-13545,120,558,15867
4,9052.34,25557.1,37615000,21,174,0
5,15567.9,160532,1906.2,123,310,6737
2,6245.89,7967.86,-3542.3,4,106,549
3,10078.7,35670.9,-1240.22,191,208,1691
1,4228.96,1318.82,-1169.7,2,57,129
5,9566.96,11785.9,-2528.82,231,139,587
4,4422.8,1088.94,-1120.6,20,66,101
0,8830.42,19427,-3188,47,121,846
4,8713.5,27528.7,-2753.03,138,156,1521
5,8888.34,10743.2,-2607.39,104,156,654
4,8044.52,14511.7,22.844,29,127,802
3,4323.73,654.627,-339.1,17,58,43
2,12499,18249.6,-2364.16,156,150,519
4,15518.2,74675.6,829.521,259,336,3302
5,3639.63,477.912,-756.83,3,36,35
0,13135.5,98597.4,-7491.22,33,316,4341
3,6850.83,9114.14,-736.166,11,95,543
3,5203.12,3645.17,-1185.47,121,85,269
0,10572.3,64547,-6935,34,243,3052
2,4053.54,411.019,738.6,5,54,28
0,10939.7,42173,-5095,37,197,2055
0,17980.7,229556,-9004,102,366,7956
5,3252.22,642.194,265.87,4,31,53
3,14209.7,86846.5,-624.896,58,291,3799
3,19962.2,179389,102095,247,403,6746
2,3936.96,759.423,-2074.1,13,54,64
4,11377.9,47642.2,-577.257,132,190,2118
5,4669.54,2733.92,-574.16,25,65,202
0,14984.7,48346,-4622,52,335,2003
2,5560.92,7623.93,-715.808,12,104,457
5,21467.1,276230,-4.41918,287,420,9137
0,11437.4,30566,-4602,14,219,1360
4,6846.32,11927.7,82.7977,217,105,765
5,5566.04,2489.44,1011.6,8,81,169
0,7542.62,5111,-2959,37,118,316
0,12040.1,110734,-5400,40,257,4523
1,6611.27,7664.2,-3511.2,11,117,427
1,3854.65,1210.71,-909.95,9,55,88
4,5064.09,2299.21,110.92,15,75,165
0,12258.6,68529,-5709,59,268,3290
4,20277.8,275472,11136,52,420,9137
4,13028.3,80036.4,-4908.75,42,272,3539
4,12953.4,94941.2,-2287.52,189,273,4429
4,3366.47,692.513,96.984,4,31,53
5,3708.32,406.57,1180.6,15,54,28
5,11839.7,42402.4,-1233.23,191,193,2118
0,18465.8,220384,-7814,233,395,8086
1,12642.6,49691.4,-3092.67,222,262,2394
4,10036.9,40007,-2380.04,44,180,2054
2,21229.6,147469,-1406.59,335,449,5537
0,8165.85,11393,-2379,13,138,695
0,12402.8,75233,-6065,76,248,3538
3,4434.27,2175.05,-1569.3,12,71,188
4,8593,17093.7,-2593.51,22,142,844
5,20560.9,273564,6056.17,295,420,9137
2,11738.3,37513.1,38652.2,25,235,1818
2,3963.34,1451.17,-874.726,128,52,133
3,11580,71496.3,17226.9,156,262,3211
2,5708.63,2506.5,399.27,1,81,169
2,8723.54,11968.5,-1965,117,128,693
3,8369.07,30436.7,-1662.59,39,132,1513
5,5106.9,3273.04,-1681.7,21,70,205
5,10409.5,28705.8,-3568.51,89,214,1469
0,11409,33376,-3886,24,168,1211
1,7058.34,4521,-1434.3,10,110,294
3,12953.7,61086.9,-2065.01,34,247,2754
3,9499.69,29886.5,-1996.52,239,171,1747
2,7537.06,14046.2,-1443.72,95,120,809
0,4386.48,2151.3,-1508.5,10,71,188
2,4790.55,3005.61,204492,144,71,249
0,23747.7,563364,-14384,127,582,17702
5,3894.13,589.06,94.659,15,43,52
3,13282.1,60791.3,-598.049,41,247,2754
0,13037.8,119751,-5981,48,261,4517
2,7709.32,14090.4,-902.24,13,127,802
3,9881.53,30861.5,-1317.04,43,171,1747
0,11852.3,59052,-7234,78,324,2759
5,4244.62,568.63,246.92,26,65,35
4,8397.8,20928.1,-2436.34,179,145,1156
5,9071.09,12272.2,1892.1,36,152,693
5,7997.31,26589.9,-2399.53,138,156,1521
3,11591.5,46807.7,-4494.34,121,215,2188
5,4552.43,6157.97,427.84,17,67,481
5,20454.6,277997,3910.79,298,420,9137
4,8268.16,9713.31,-1019.75,20,138,554
1,3206.59,578.384,-389.04,3,51,45
0,14971.3,93084,-7089,71,329,3808
0,13787.6,57650,-6542,55,308,2535
0,9874.44,18444,-2098,13,146,698
0,16725.1,197745,-10893,318,388,7460
3,13840.3,77654.4,-1507.05,191,262,3211
2,7676.98,14009.9,-1468.02,96,120,809
5,11620.6,48985.2,-4332.75,65,202,2258
2,7588.63,9011.22,57.164,13,130,515
5,8890.08,10049.7,82686800,40,138,554
5,3823.57,543.463,-280.5,6,43,52
4,3774.16,543.926,-510.49,7,43,52
3,11401.5,38525.2,17945.2,35,235,1818
3,14785.6,86013,1357.97,87,301,3369
5,4203.58,2357.21,-1152.2,4,63,184
2,6092.6,4137.34,-1367.53,88,88,318
5,8543.4,18387,-2332.4,196,133,890
3,9635.36,24316.1,687857000,34,177,1313
0,13893.2,62405,-5967,207,265,2060
2,15134,99835,-3767.54,41,281,3974
4,10077.9,28473.8,-1593.73,176,158,1403
5,7239.81,6542.4,-796.113,4,95,372
0,19933.6,299411,-13230,82,541,10395
5,8675.28,4860.28,-1248.23,35,131,271
0,16658.2,137142,-8453,83,375,5426
4,6088.5,4159.84,-634.3,12,100,294
3,6950.42,11528.1,-843.485,166,111,651
4,3796.18,581.403,-631.54,5,43,52
1,5974.89,6992.95,-3719,22,92,485
3,6636.54,5534.81,-678.123,9,99,321
3,8436.36,12154.8,-1025.49,121,136,619
4,6066.53,7633.88,-751.63,18,104,457
2,10861.9,37959,617.001,156,205,1751
2,4706.96,562.303,21.98,22,65,35
4,4712.95,2359.25,-1268.5,4,61,184
4,7706.71,12042.4,71623.4,114,130,694
2,4523.61,2008.82,-250.83,14,75,165
3,11620.7,56238.2,-2771.15,27,209,2967
1,7179.9,28231.1,-2456.1,13,131,1686
1,9445.16,17184.9,-2954.12,93,183,931
4,6506.78,6599.12,72420.1,119,95,427
5,4712.09,1843.01,166.03,8,61,116
0,6337.4,17569,-2918,8,115,1106
4,3465.31,696.602,-312.11,5,31,53
0,6817.5,10250,-1268,32,103,583
2,7282.35,4095.81,-1254.31,87,101,249
4,3527.19,710.668,216.49,4,31,53
3,5635.22,2507.76,480.31,8,81,169
0,11522.9,40076,-3695,42,228,1878
5,13663.4,89679.5,527509,214,254,3885
3,15352.9,63836.7,-2516.27,132,215,2188
5,11601.8,27860,-1349.67,63,194,1521
2,7583.55,9232.18,599380,199,138,554
4,4129.33,1674.31,-367.27,10,61,134
1,8794.92,16848,-2877.33,95,183,931
2,15662.8,102626,133182,48,283,3965
3,11954.1,38185.5,-2571.14,156,235,1818
5,7809.72,12826.2,-658.61,68,132,806
4,3477,394.281,1235,11,54,28
0,21821.8,341478,-12348,378,582,11293
3,8359.48,25283.3,-3087.89,31,157,1519
3,12322.5,36703.9,-2354.92,18,225,1755
4,3590.64,568.856,9.8244,14,43,52
4,6833.95,7459.02,140.67,23,109,432
0,5632.47,11884,-1308,102,96,801
1,5266.67,3725.57,-849.35,7,89,249
1,6493,8201.2,-1192.6,15,108,549
2,11598.2,56131.4,-2312.41,183,209,2967
4,6478.3,5893.47,-1351.66,86,95,372
4,4812.67,6627.98,704.69,39,68,481
0,8518.37,36193,-3697,23,175,2055
3,9519.5,27429.7,-1712.14,174,158,1403
0,8854.26,19411.4,-3099.43,17,157,1113
5,4466.78,2218.45,144.12,11,75,165
3,10277,17841.5,-2531.56,161,172,973
2,6082.16,11551.5,-1085.55,17,102,764
5,5828.16,1117.45,-1735.4,3,57,76
2,5230.41,4274.87,-973.556,19,79,317
4,9804.86,27057.2,5856.89,143,172,1412
1,4390.32,2566.96,-765.66,9,72,205
5,11856.3,56665.9,2782480,37,209,2967
0,11217.2,32910.6,-2389,45,210,1213
3,4244.06,2392.65,-1019.6,27,63,184
3,8969.97,17246.8,-2665.96,27,142,844
5,3682.29,547.592,-388.6,6,43,52
0,15604,40779,-4237,67,278,1583
4,8910.9,20472.6,-878.656,173,163,1162
0,12033.3,88080,-3687,64,260,3800
1,5201.39,3352.75,-2061.5,21,70,205
5,7732.28,6866.33,-1343.46,34,108,428
4,3424.62,665.245,-240.82,8,31,53
4,8389.01,26208,-3019.88,34,156,1364
5,4013.15,667.935,-320.23,16,58,43
5,10004.3,28279.3,-1731.99,48,194,1521
0,17066,62802,-8038,79,331,2404
1,11660.4,67476.1,-3052.71,188,247,3373
5,8001.53,11666.8,-1112.88,216,114,689
3,15671.3,156303,2539.2,100,310,6737
0,14274.2,57692,-7205,82,258,2330
4,3274.53,559.645,121.44,13,51,45
0,12391.7,50492,-6285,36,243,2395
4,13234.7,78289.9,-2814.46,136,320,3466
0,17594.8,154979,-7682,187,348,5322
1,11017.3,41598.2,-3719.79,154,227,2059
5,5818.4,4461.77,-796.421,17,88,292
5,3791.78,349.129,1391.7,11,54,28
5,4707.74,1073.21,-454.87,11,62,100
5,7201,1948.76,77957.9,30,84,136
4,7190.36,7981.46,-2289.2,13,117,427
5,11196,51181.2,66914.4,55,209,2534
5,4667.31,2131.15,1037.4,24,75,165
4,11225,49018.6,23797.5,65,190,2118
5,4066.01,705.372,-130.67,13,58,43
2,3521.96,2005.09,-522.464,2,43,161
0,7596.6,13151,-4361,11,139,808
1,11759.8,48665.4,-4544.26,222,262,2394
0,19376.5,216522,-11270,196,379,6982
3,24483.6,264517,-1758.39,280,537,8350
1,8385.09,15574.7,-2929.1,30,141,932
1,10752.8,41500.2,-3396.82,143,227,2059
2,3602.16,393.945,1013.9,11,54,28
0,15321.1,124995,-6173,81,336,4731
4,9350.84,17471.5,-1512.87,20,142,844
3,5173.15,3245.82,-2075.7,21,70,205
5,13531.1,71556.8,-7068.84,96,325,3143
2,10305.4,17838.1,670616000,71,183,931
1,5316.97,4002.9,-996.44,12,85,267
2,7417.3,34428.8,-3049.73,87,148,1919
5,19843.5,270821,5207.33,338,420,9137
5,3704.34,543.46,-378.13,15,43,52
4,11939.9,28364,-174.12,42,178,1410
5,6070.1,13053.4,-1212.4,10,103,883
4,17060.6,190062,3735.48,157,390,7459
5,4728.49,6485.31,625.4,10,67,481
1,6332.91,1913.19,-1170.65,32,71,103
3,4317.97,723.941,-344.04,24,58,43
4,3749.58,464.438,-1073.7,1,36,35
1,6400.93,1929.27,-1169.93,37,71,103
2,7135.89,12424.8,-1173.9,131,123,726
2,3971.81,2177.4,-858.278,183,54,165
4,6172.39,4131.03,400.55,22,100,294
4,10524.9,32821.6,2292.38,70,176,1922
3,8728.23,15888.4,84454.7,115,160,976
0,13644,151365,-7378,47,322,6740
4,3726.16,537.077,-788.01,3,36,35
3,15826.1,155931,2322.7,96,310,6737
3,7771.79,4741.53,868157,40,131,271
2,7861.35,33300.2,-690.009,90,148,1919
2,6834.5,11857.2,-1797.55,9,105,765
4,17737.6,216147,23823200,71,336,8195
2,3963.87,1205.37,-955.45,9,55,88
2,7908.02,32768.8,1917.5,20,148,1919
5,8640.43,9219.56,218.53,32,130,515
3,6647.43,1860.81,-1197.68,9,84,136
1,7718.58,12846.4,-1493.48,77,132,806
5,6554.8,5975.82,-1604.1,24,99,372
3,11705.1,28710.4,-393.57,40,178,1410
1,6172.97,6302.79,-2180.3,17,108,424
3,11930.1,52546.7,-1052.63,151,218,2391
0,13202.9,61458,-6027,27,250,2610
5,4728.78,1213.19,-1546.51,34,71,103
3,9253.1,28958.4,-637.865,102,179,1626
0,7167.8,10265,-2129,31,124,584
2,4405.85,1043.99,-814.19,28,62,102
3,12019.4,52692.4,77754.4,148,218,2391
3,5801.42,4200.24,-928.625,83,88,318
3,7091.88,11437.7,-209.478,138,111,651
4,9661.37,26820.4,-1912.32,115,166,1414
5,3625.62,545.723,79.206,9,43,52
0,16458,189248,-8678,89,455,7723
3,11984.1,53868.7,-2750.1,45,220,2461
5,4394.19,1985.37,-822.417,111,66,166
5,11561.8,32472.9,2553.8,63,210,1213
5,4727.05,1826.56,-241.25,11,61,116
2,22632.8,515831,-988.573,345,540,18067
2,3975.4,2209.46,-1046.48,182,54,165
0,8272.41,13807.3,-3577.02,76,170,771
2,19260.2,156076,-5226.16,328,449,5537
5,16691.2,92716.2,21006.4,166,296,3464
4,5150.78,4095.29,-1645.54,40,79,292
4,3658.17,368.342,1003.3,5,54,28
2,13806.9,96933.1,-3628.03,40,281,3974
5,5978.68,2651.19,425.85,20,81,169
1,4001.49,2203.07,-1130.92,51,54,165
5,5252.5,2020.49,-306.71,5,75,165
1,6308.88,4784.6,-1841.3,15,107,319
4,9115.27,12113.9,-1966.3,207,117,519
5,5666.76,4800.9,595540,8,79,342
2,12797.3,49927.3,-5531.62,221,262,2394
1,4164.37,1326.69,-983.91,1,57,129
4,4677.48,2070.73,476.87,20,75,165
1,5974.36,4760.03,-1038.54,18,85,343
2,15230,99528.8,-3811.59,44,281,3974
4,13285.6,69218.7,-2462.96,176,243,2902
0,8836.33,16300,-5021,36,154,932
0,14703.1,93227,-5737,47,311,3802
2,10294.4,37828.9,-3455.5,36,235,1818
5,8809.89,21589.1,322.74,30,143,1203
4,12465.2,34704.1,3062.5,51,210,1213
2,4266.77,6183.28,-437.42,21,68,481
0,8630.13,14074,-3700,103,153,771
4,4202.67,516.593,122.15,23,65,35
1,4474.74,2018.93,486.65,8,75,165
1,4089.29,5684.61,-579.28,19,68,481
1,6430.96,5058.41,-2502.1,16,109,317
3,6977.86,9223.56,-1047.19,130,95,543
3,8701.8,21254.5,489.85,45,143,1203
0,4542.05,3150,-2010,12,66,246
2,7047,12663.5,30298.3,28,123,726
0,10330.6,60880,-3371,34,229,3053
2,5419.01,4235,-1082.15,17,88,292
2,5632.91,3696.66,-1192.72,19,85,269
3,4043.74,2232.21,-846.72,9,63,184
0,10746.7,43935,-4229,107,213,2190
5,4797.59,4152.87,-941.526,113,72,340
3,4630.19,4030.59,283.702,28,88,292
0,5720.23,16122,-2347,14,123,932
4,4295.02,6568.44,-79.349,24,68,481
4,4553.99,1048.11,-927.79,21,66,101
1,6275.5,1791.2,-1030.87,38,71,103
1,3971.78,1572.52,-806.38,9,61,134
5,5894.23,6762.82,-886.039,81,86,452
0,5693.33,2726,-4101,19,96,204
4,13431.5,95438.6,159.499,181,273,4429
4,6709.65,10446,-1151.82,26,109,689
5,3594.35,555.692,85.187,15,43,52
2,3783.22,2271.03,-1548.2,18,63,184
1,3282.7,582.652,199.15,3,51,45
5,5475.23,3108.91,103322,129,79,184
4,16767.1,169659,629.55,61,320,6391
3,4848.83,1997.33,-745.87,12,75,165
0,12758.1,62379,-5684,46,237,2746
2,14724.1,99906.8,-3955.58,45,281,3974
0,39680.2,1282300,-21711,188,981,31307
4,5525.85,1007.62,-888.781,33,65,76
1,3831.44,642.678,-482.11,24,50,42
5,4899.6,563.046,534.32,26,65,35
5,4434,2886.58,-351.34,36,65,202
4,14658.7,144757,-395.483,319,308,6057
0,18267.4,143429,-6924,36,372,5220
3,15430.8,58913.7,-1576.44,132,215,2188
5,5406.97,3326.82,-1765.2,22,70,205
3,8090.85,14263,-1199.43,96,140,845
1,3955.35,2064.24,-1474.7,5,63,184
0,4928.25,6519,-1629,8,79,453
2,16721.2,160799,-2780.97,258,352,6744
0,8631.11,31896,-5036,43,153,1570
2,10503.5,34526.6,-594.42,25,208,1691
0,6342.39,3233,-1673,18,80,186
4,7546.75,12930.9,-338.163,33,123,726
4,11967.3,39180.3,-2131.13,114,166,1111
3,7571.09,13929,-535.3,12,127,802
3,8246.7,9240.44,-1249.92,95,138,554
2,6018.45,11006.3,260.886,21,102,764
1,4368.04,2562.74,-921.94,9,72,205
5,7355.26,7590.94,1694.36,55,90,405
4,3700.97,554.916,-541.44,5,43,52
5,3639.5,486.097,-667.96,3,36,35
0,7503.62,13644,-2684,25,148,769
2,8501.38,33336.8,307.539,95,148,1919
0,11162.6,30961,-4284,12,212,1365
3,6117.92,5161.39,-944.51,9,105,371
5,3768.33,487.193,-928.26,3,36,35
4,8096.66,15551.6,-296.82,22,127,802
0,5870.64,4344,-3360,23,101,321
0,15346.7,158770,-10780,132,322,6178
3,4808.45,1986.81,-1304.8,9,75,165
2,13301.9,135252,-2445.74,210,279,5626
1,4479.52,1981.4,-32.478,17,75,165
3,18424.4,173398,881.858,237,403,6746
2,12580,39278.7,3316050,133,234,1581
0,4184.12,1555.52,-1196.9,4,55,133
0,19440.9,238010,-12172,126,509,8482
5,16929.2,77934,85538300,66,336,3302
0,4577.97,2717,-1531,6,67,221
2,12374.1,73215.5,-726.143,29,249,3630
1,6367.78,8368.35,-1682.2,11,100,551
1,5293.08,4752.81,-1531.05,26,85,343
2,4460.34,514.854,330.94,18,65,35
3,4876.48,6492.12,135.88,16,68,481
0,10638.9,29147,-4496,41,193,1576
3,6986.29,13407.5,-1050.71,189,96,804
5,6624.12,7307.86,-481.055,68,109,486
3,23778.8,262549,-11651.3,277,540,8870
5,9877.08,36986,-3936.4,42,196,1997
3,9168.09,30287.6,-1208.37,35,171,1747
2,7326.2,12530.3,-1318.11,144,123,726
4,5806.04,7100.77,-1710.76,80,93,545
3,6020.32,7157.2,-799.969,54,93,545
1,4012.03,1219.21,-566.93,9,55,88
3,13046.4,41637.6,-2918,191,278,1938
0,15119.3,96047.4,-7653.37,251,340,3633
4,23382,267266,-11236.3,285,540,8870
4,12067,71513.7,2146.5,41,201,3289
3,8981.52,16796.1,-1419.52,21,142,844
0,14704.4,129820,-5613.55,52,294,5420
1,6367.5,1445.97,-907.504,34,71,103
0,7971.42,12121,-2564,27,110,765
4,9929.4,26542.4,6973.57,105,174,1415
5,10950.3,48556.4,-3654.1,67,190,2118
3,9375.34,39036.1,-610.249,69,196,1885
4,6073.24,5264.39,-331.902,104,96,347
4,14600,55287.7,-1123.39,138,215,2188
4,3914.18,545.307,-502.64,2,43,52
5,4381.21,2130.67,1275.2,21,75,165
3,4571.83,1734,-936.35,6,61,134
2,5084.63,2800.16,-1191.74,16,77,244
2,6318.26,5164.85,2035.57,12,99,321
4,14719.3,79153.6,7488.21,74,320,3466
0,4743.43,1779.38,-1065.3,9,66,164
0,13550.9,119843,-8075,126,280,5218
3,10114.7,43021.9,-1340.27,129,197,2257
3,4865.23,2429.1,-545.71,17,63,184
2,3978.84,764.512,-1532.1,9,54,64
5,8884.1,29110,730.608,125,179,1626
5,4700.56,1436.27,-333.088,76,51,102
3,10449.2,43216.4,446.252,124,197,2257
4,13285.1,142314,5764.65,272,308,6057
2,9307.03,17189.5,-3159.49,91,183,931
0,11285.5,25809,-4623,42,203,1308
0,14982.8,176369,-9015,81,369,7096
5,4729.12,2331.91,-134.03,24,75,165
2,6810.29,13324,-1007.37,180,96,804
4,6668.58,6663.46,-524.627,83,118,426
5,7287.14,13159,-3401.9,10,118,762
3,12010.5,54538.6,-981.87,44,220,2461
0,18354,144140,-10130,315,393,5850
0,5993.3,4806,-1941,18,111,345
0,14575,113317,-9040,55,300,5105
2,15521.8,167311,-1933.72,57,320,6391
5,3684.14,570.607,84.868,15,43,52
4,3713.26,568.936,-622.82,6,43,52
4,3680.64,548.225,-644.31,5,43,52
5,4435.91,2079.08,269.74,24,75,165
5,12939.1,47786.7,493.591,179,273,2061
0,14315.5,141095,-6434,195,297,5733
4,16292.5,156263,1638.3,93,310,6737
0,5657.59,5428,-2278,12,99,345
5,10651.7,23078.5,237026,36,176,1313
5,3641.17,468.787,-827.48,2,36,35
4,4694.66,1983.21,-681.263,113,66,166
5,6661.38,3896.67,990.14,22,101,206
5,3754.59,599.578,-98.024,15,43,52
4,12673.8,72673.2,-2369.39,186,262,3211
3,6486.33,11148.9,-991.915,144,111,651
4,8008.55,4702.41,-1094.94,30,131,271
2,4490.42,1047.43,-784.86,28,62,102
3,11369,49334.2,-4257.25,140,215,2188
0,21803,202458,-10895,87,470,6758
0,9530.11,13765,-5014,25,177,773
0,10083.8,29548,-6737,60,180,1211
4,3319.6,681.477,195.7,3,31,53
0,14877,103399,-9166,40,356,3985
3,5982.53,5250.95,-520.15,12,99,321
0,12563.7,82708,-6246,122,238,3456
4,4634.05,1075.13,-1239.7,13,66,101
0,20229.4,205363,-10957,106,403,6983
5,9524.08,11327.4,-421.485,222,139,587
4,8415.51,26132.5,-3081.2,30,156,1364
4,6229.42,4046.38,-54.541,13,100,294
1,4690.95,2838.23,-1155.4,120,77,244
1,3923.11,2062.06,-1806.9,3,63,184
4,3650.86,540.078,-621.49,4,43,52
4,8295.3,16670,300.174,26,142,844
4,6057.7,4999.37,-643.648,114,96,347
3,11862.7,36453.1,67189.7,18,225,1755
5,6017.31,4045.3,374.27,29,100,294
3,16544.5,144996,558.426,305,362,5847
4,3806.68,549.242,-573.95,5,43,52
4,8132.36,8732.41,1883.2,45,144,553
2,16075.9,160976,-8043.75,205,352,6744
5,4952.33,1585.27,-1345.9,6,70,131
5,8168.85,8938.21,700.64,22,130,515
5,4746.64,1560.15,-1103.9,6,70,131
3,8962.61,27511.3,-3283.39,106,166,1414
4,6041.59,4059.24,-629.07,13,100,294
5,3723.26,545.022,-453.89,7,43,52
3,3772.37,434.495,1070.1,11,54,28
2,6170.48,8084.75,-2665,5,106,549
0,9548.12,44945,-4787,88,188,2318
5,15979.9,159819,2600.4,113,310,6737
5,4289.24,1759.13,-642.84,8,61,134
4,9495.03,37222.5,-1695.36,83,148,1919
3,3853.39,402.594,735.56,6,54,28
5,4463.83,6773.63,326.48,25,68,481
3,7634.5,14395.8,-989.159,29,120,809
5,9827.51,21097,202.5,55,143,1203
5,4529.77,2754.24,-645.64,12,65,202
3,9075.62,35728.7,-669.771,92,148,1919
3,9698.69,12122.5,-2213.22,124,136,619
0,4600.17,2622,-1442,5,71,184
5,3901.73,408.571,1017.1,11,54,28
3,10340.9,43643.5,-2120.61,129,197,2257
3,3663.47,562.716,-959.07,5,43,52
3,4082.2,2439.35,-1357.2,21,63,184
5,14223.3,49019.8,-307.533,157,298,2196
4,10116.7,47441.5,-1888.4,62,190,2118
5,6644.58,6505.01,-1171.5,31,99,372
1,6851.95,7813.28,-2735.7,11,117,427
3,14253.5,89890.2,-2261.2,214,254,3973
0,12635.8,40273,-6613,122,227,1696
3,9065.04,12215.3,-2605.8,137,128,693
4,15961.3,87882.9,3428.02,98,301,3369
3,10602.2,37708,-2505.47,26,205,1751
3,13591.7,51944.5,958.21,61,288,2334
1,3918.64,1568.61,-1097.5,9,61,134
0,9722.54,20965,-4166,89,188,1069
1,3839.63,1203.14,-868.83,9,55,88
4,8454.28,9014.56,2403.2,37,144,553
4,12723.2,45905.4,125770,168,273,2061
0,17197.2,197000,-9717,187,393,7220
1,5041.05,2811,-922.445,117,77,244
0,13494.7,47020,-7209,42,247,2062
5,21350.6,216648,5848.48,241,403,6746
1,6123.09,6272.57,-2311.7,16,108,424
0,6297.16,5591,-2998,22,103,399
0,9538.67,26758,-3913,216,182,1521
3,4396.04,759.444,-1886.2,9,54,64
5,17020.5,85328.3,2847.1,76,340,3632
3,10256.8,21975.4,-1519.05,128,150,1019
0,9453.3,27990,-4427,32,200,1582
0,6832.06,5887,-2236,39,115,373
3,4319.05,515.957,408.98,26,65,35
2,4175.76,1491.62,-618.455,156,52,133
0,8063.69,19109,-3694,16,165,1073
5,9479.7,11471.4,31343,23,139,587
4,8158.75,12057.3,-412.738,28,130,694
5,4995.18,4058.52,8171.49,11,72,340
3,9458.72,16306.6,-1459.25,111,160,976
5,7152.21,10902.1,534984,197,114,689
0,14635.7,134450,-5623,57,357,5958
0,9571.69,55193,-5465,182,193,2810
0,6162.13,2690.55,-1256,10,99,167
4,8097.09,11971.6,-205.903,98,128,693
2,7280.89,13411,5501.98,187,96,804
2,3880.64,0,-708.165,158,52,133
5,3531.24,661.168,169.1,4,31,53
3,4135.33,6283.78,-448.1,28,68,481
4,8379.59,9376.3,-933.332,189,138,554
0,9565.85,18248,-3596,96,182,981
0,14578.9,170244,-6900,136,330,6855
5,6404.4,20920,20081.5,57,128,1255
2,4349.31,1970.39,-344.87,20,75,165
1,11506.2,68873.6,-2491.84,43,247,3373
4,6998.9,6980.98,-1085.29,100,95,427
0,9871.51,27749,-3675,64,193,1632
4,3829.22,2257.56,-1841.9,20,63,184
5,7483.49,10701.1,5381.8,47,101,584
1,6088.4,1547.48,-1073.23,34,71,103
3,6457.18,3410.32,321.99,24,101,206
3,8401.93,14629.8,-1583.2,109,140,845
0,7758.52,23090,-2830,19,166,1364
4,9261.09,11478.6,40535.4,135,156,654
4,7407.82,8038.89,-3334.49,112,149,549
3,7393.6,9441.77,-491.421,18,123,621
3,11874.4,36865.1,-1422.2,10,225,1755
3,7778,13914.9,-436.57,12,127,802
0,6255.53,1432,-250,8,81,88
4,8227.54,15392.3,-637.03,24,127,802
5,3634.02,539.654,-203.25,5,43,52
0,6003.01,13886,-2800,22,93,841
1,3923.58,770.947,-2009.9,9,54,64
4,10248.4,37102.6,-3751.87,41,196,1997
1,6364.12,5106.11,-2707.9,16,109,317
5,3940.39,2434.21,-717.36,17,63,184
5,10025.3,23037,-1098.58,52,176,1313
2,3982.36,754.126,-1839.9,9,54,64
1,7613.18,11155.9,-2273.9,22,121,622
4,8525.26,15717.5,107939,49,160,976
0,22899.8,375406,-10336,83,536,12508
3,9703.28,39670.8,-859.902,74,196,1885
5,3395.56,657.291,-231.21,7,31,53
2,6114.87,8130.95,-3563.7,11,106,549
4,3656.44,585.076,-436.94,5,43,52
0,26516.8,883787,-17427,85,647,23781
3,15592.2,88623.4,724.928,104,301,3369
0,9277.23,43233.9,-3247.4,16,159,2181
3,6399.88,4017.29,-1369.7,12,100,294
0,7847.51,13819.7,-3060.52,32,170,771
5,3502.59,710.935,111.71,6,31,53
2,7576.41,4177.1,-1534.18,87,101,249
3,9640.12,30363.3,-1373.1,40,171,1747
0,9844.34,18248,-5575,101,205,939
1,5369.64,3702.98,-1047.7,8,89,249
5,4967.45,6200.54,-654.53,24,68,481
0,4880.07,4903,-2779,32,78,367
0,6886.83,14165.7,-2513.02,95,120,809
0,16077.3,67923,-7447,56,320,2757
3,13464.5,61815.7,-771.361,20,247,2754
3,6714.36,17039.4,-2984.6,17,128,1065
4,4589.93,1167.7,-7.7257,7,59,101
1,22889.8,516944,962.51,361,540,18067
2,6134.61,8031.84,-3855.6,4,106,549
4,11265.2,30905.5,-2831.76,120,166,1111
4,3560.83,707.725,204.96,7,31,53
5,4987.94,1134.49,-949.551,247,64,90
3,10780.8,27273.2,-1571.58,109,214,1469
2,3855.76,2158.04,-803.337,20,54,165
4,5458.62,4430.19,-774.57,15,85,346
3,9152.56,23807.4,812.495,102,154,1252
1,3693.11,1200.92,-725.28,9,55,88
2,3933.09,1443.04,-698.644,159,52,133
2,5888.63,5216.35,-1330.7,8,105,371
0,8206.15,29415,-4151,28,159,1577
0,10019.7,43592,-4865,29,200,2392
5,8908.57,11256.4,155693,227,139,587
0,13680,53628,-4975,143,230,2196
5,6058.14,6389.38,17372.6,86,92,459
2,8273.24,9274.64,720684,32,138,554
2,11821.3,56608.2,-1522.18,33,209,2967
1,5358.95,3690.72,-1632.2,7,89,249
0,5470.89,5448,-2013,32,103,372
5,6147.19,7507.11,-472.791,57,90,405
3,3429.51,693.37,87.215,5,31,53
2,15283.4,100159,-2802.25,45,281,3974
1,5411.61,3687.39,-1349.7,10,89,249
3,12088,54902,-3058.7,49,220,2461
2,4982.97,1738.93,-1072.2,2,70,131
3,12314,77078.6,-1016.88,170,252,3882
0,7838.21,18540,-3768,9,152,1069
3,9794.84,24169.9,366922,37,177,1313
4,15711.5,215681,-2043.76,265,336,8195
5,4731.38,2897.18,-1069.5,25,65,202
4,4886.2,2810.69,-1492.8,19,65,202
0,15933.2,207510,-8092,87,361,8072
1,4478.79,3078.19,-1384.8,9,62,245
5,4731.68,2265.22,675.74,36,75,165
5,10476.8,28865.4,-4181,65,194,1521
1,5263.4,3694.72,-417.56,17,82,289
0,9576.24,16278,-4055,73,192,845
2,8772.48,12186.9,-1445.68,7,128,693
2,6950.88,13281.3,-725.592,193,96,804
0,7789.75,20569,-2282.6,24,143,1203
4,3576.14,587.726,-107.9,13,43,52
1,6168.05,5259.98,-1514.7,7,105,371
4,12603.7,71155.1,5878390,158,262,3211
0,9116.18,27139,-5348,19,172,1418
5,9785.84,25681.2,-2504.13,234,154,1252
5,4232.71,5766.69,35.368,25,68,481
5,13271,59917.5,-1162.08,196,223,2822
3,8727.7,16099.5,-2402.67,43,160,976
2,6858.59,13324,-988.392,180,96,804
0,6366.8,2459,-1312,8,68,130
2,3950.89,659.562,-512.68,11,58,43
2,8315,33614.8,751.652,93,148,1919
0,11981.6,52241,-4987,37,214,1637
2,14263,135802,-5247.55,54,279,5626
5,4331.6,489.327,782.25,20,65,35
3,8377.89,14592.1,-1380,102,140,845
2,10568,37776.8,-1566.5,35,205,1751
3,10455.9,37040.3,191.885,147,205,1751
5,12574.2,60940.6,-726.659,208,214,2600
5,4339.98,6189.43,-56.587,45,68,481
4,4480.47,1676.82,-556.34,12,61,134
2,5946.13,12939.4,-1798,11,103,883
3,11698.4,47035.6,-4353.98,131,215,2188
2,4027.4,2120.42,-1747.8,4,63,184
0,10521.7,13824,-6019,19,167,693
5,4310.13,674.45,-506.49,16,58,43
4,23907.5,259701,2282.42,278,537,8350
0,8099.01,11313,-2925,30,166,731
4,3536.35,552.99,-329.78,15,43,52
3,6451.34,10385.5,-1151.29,24,109,689
2,8551.6,16430.7,16530.3,24,142,844
4,9990.85,27235.2,-32.2509,18,174,1415
2,6215.36,8161.49,-3179.9,10,106,549
3,4442.03,6537.51,-204.79,30,68,481
3,8502.81,21352,418.14,38,143,1203
0,17334.6,128599,-7516,46,362,5213
5,15411.3,88303.8,4243.9,74,289,3710
1,6859.57,17189.2,-2439.4,7,128,1065
3,4262.98,2757.16,-1891.8,26,65,202
5,4808.61,1570.7,-1806.3,5,70,131
4,3383.35,692.861,365.39,6,31,53
4,5813.34,3898.83,31.031,14,100,294
2,6600.71,5478.14,-1280.76,42,79,292
4,11021.4,49101.7,-1218.41,20,190,2118
4,8190.42,8773.21,1953,33,144,553
5,10325.8,25854.5,139974,122,172,1412
5,7026.03,2459.15,-300.77,12,76,165
4,11296.8,49575.8,-1328.65,72,190,2118
4,8197.15,16553.2,105.731,30,142,844
4,9248.99,12123.1,72.436,20,152,693
4,11770.4,32682.7,-1697.5,87,166,1414
5,12350.7,39062,-929.684,191,219,1875
4,4686.47,2364.96,-384.43,5,61,184
3,9644.4,38082.4,-671.498,38,180,2054
3,11920.3,53961.6,-1007.4,50,220,2461
3,11032.6,27192.8,-996.097,117,214,1469
4,4592.28,2197.01,-656.73,7,61,184
2,14346.5,59430.5,5003.65,142,305,2610
1,7728.14,13327.5,-3339.7,3,125,694
4,13598.6,60157.6,-1525.07,169,223,2822
2,18443.4,148692,-5050.76,327,449,5537
3,12129.4,51956.7,355537,151,218,2391
5,3948.04,650.94,-935.49,17,58,43
0,8252.42,10105,-2958,80,138,554
0,19044.9,329789,-13765,90,493,10843
5,15975.1,89555.3,5696.8,87,289,3710
0,7048.35,8524,-2436,52,110,483
5,9595.13,11433,349.544,229,139,587
4,8540.54,9605.1,-1084.94,196,138,554
5,9366.17,26963.4,-2970.38,100,166,1414
4,4108.75,2441.56,-1125.5,21,63,184
0,14261,117461,-9463,43,317,4723
3,13606.9,51959.9,161848,153,288,2334
1,9036.13,17215.3,-3097.38,35,183,931
1,3935.92,1196.18,-957.73,9,55,88
1,5888.96,6866.71,-3396.9,25,92,485
4,9940.84,26231.3,-1495.11,150,174,1415
4,9017.99,28012.6,-2602.66,131,156,1521
0,10369.9,21303,-2662,52,124,848
5,4447.91,3058.58,-244.41,40,65,202
2,8595.65,27020.4,11116.6,37,156,1364
4,20030.7,274250,-1017.52,68,420,9137
5,7005.54,9857.62,1032.2,21,115,547
3,9986.87,39903.4,-2405.64,50,180,2054
4,4242.44,2429.62,-1049.4,28,63,184
2,3906.86,767.745,-1929,13,54,64
3,5607.17,1033.99,-1444.9,6,57,76
3,4786.49,2939.87,-686.099,106,67,224
4,8387.74,28099.2,-1054.84,21,156,1521
3,14720.6,86147.6,-1198.27,75,291,3799
5,4215.96,2718.26,-1304,18,65,202
2,4549.59,2194.37,-1285.3,11,71,188
2,17688.8,139461,-10361.9,329,449,5537
3,5127.77,2945.66,-811.289,102,67,224
4,4649.61,2213.6,-1190.3,3,61,184
3,3326.33,691.348,-283.33,5,31,53
2,5069.14,3043.07,-2416.3,4,65,202
4,7085.14,2673.07,311210,13,99,167
5,5323.78,1821,206.724,174,76,147
3,8140.74,21114.1,264179,184,145,1156
0,8708.69,28065,-4055,11,166,1523
3,8110.14,12477.5,-1418.99,14,128,693
4,4325.73,1685.2,-599.42,5,61,134
3,8159.48,9542.68,-1244.13,104,123,621
0,14451.4,74148,-5885,42,291,3217
1,6894.82,7810.35,-2867.2,11,117,427
0,10269.6,16502,-2878,70,194,941
5,3627.24,497.21,-637.67,3,36,35
4,10066.6,26310.2,28.2121,39,174,1415
4,3668.17,555.566,-862.77,4,43,52
4,3244.79,658.915,-288.21,6,31,53
2,16106.3,165809,-121.446,43,320,6391
3,12127.4,71128.3,479.458,180,262,3211
3,9985.95,34555.5,-1086.84,22,208,1691
4,3828.83,462.484,-822.49,3,36,35
0,6793.45,6067,-2743,4,76,318
3,15179,156076,2820.2,102,310,6737
0,8155.07,22703.1,-2590.23,10,132,1258
4,7164.4,9935.01,1275,16,115,547
5,3818.82,505.915,-585.66,11,43,52
4,3654.23,548.626,-838.54,5,43,52
4,15370.8,157998,2474.7,100,310,6737
5,8042.13,9391.12,-528.716,202,107,517
3,4942.31,3136.24,-583.588,164,71,249
4,9220.04,11077.3,-983.206,116,156,654
0,15717,157351,-9659,255,381,6071
3,14611,87157.2,-4232.33,99,301,3369
5,6618.71,3711.59,533.82,23,101,206
5,3683.64,500.551,-826.22,2,36,35
0,8267.34,11234,-2208,22,135,587
0,36715.4,1350800,-24252,134,971,31560
3,5647.82,1005.03,-1105.2,6,57,76
3,13926.2,86483.8,-6.25617,62,291,3799
4,9507.39,26809.1,-1854.2,170,158,1403
4,8306.08,8987.4,1160.4,37,144,553
2,15267.8,100011,-3197.35,40,281,3974
1,7982.99,13787.1,-3429.71,119,170,771
5,8828.68,12094.6,1193.2,31,152,693
1,5552.6,1412.6,-1216.99,34,71,103
4,3650.64,452.624,-1004.9,2,36,35
3,8458.74,12180,-1791.28,64,128,693
4,13800.3,44239.2,-5786.69,214,278,1938
0,5284.81,3675.37,-1657.81,65,85,269
5,8258.43,9695.99,1142.9,42,144,553
3,13915.1,142748,14167.4,188,308,6057
3,7849.52,9477.51,-1096.11,98,123,621
2,14185.8,90695.6,-1389.1,206,254,3973
3,13736.6,136865,-2630.2,210,279,5626
0,10116.6,8766,-2512,19,138,400
5,4307.43,2458.86,-1300.7,14,63,184
0,18098.8,202590,-7715,82,386,7339
2,3680.51,399.349,881.67,12,54,28
0,8962.22,18703,-2559,62,156,935
0,8636.65,20925,-2647,44,152,1161
5,14014.8,67248.5,-901.713,162,223,2822
4,11787.2,32223.3,-1171.14,165,203,1580
5,16034.7,82522.9,6080.5,86,340,3632
3,5547.93,975.894,-965.616,34,64,76
3,15259.5,59436,-1722.1,137,215,2188
4,17513.3,200824,-7274.1,158,390,7459
3,9674.74,17033.1,-2877.31,161,172,973
5,3489.11,691.201,151.28,4,31,53
5,14163.4,51790.8,18164.6,142,298,2196
5,23529.8,293802,1673.23,70,468,9276
3,14716.2,137799,86811.8,197,279,5626
1,6156.28,5118.27,32711.8,10,99,321
3,7991.06,24754.7,-1865.65,28,156,1364
3,3585.03,753.751,-216.63,4,31,53
2,6326.6,7491.51,-1155.79,78,93,545
3,20692.8,145184,58196.7,283,449,5537
5,4251.94,381.986,1185.6,11,54,28
3,3527.92,676.377,217.62,6,31,53
3,11977.9,36236.4,-2251.52,197,225,1755
4,5592.17,1032.65,-1524.3,6,57,76
4,3708.11,582.788,-670.62,5,43,52
0,11861.4,61265,-5992,71,221,2746
3,5866.49,3967.38,-669.11,14,100,294
3,4624.78,3048.17,-593.107,155,71,249
4,4591.46,1977.34,-826.288,112,66,166
0,4203.27,5891.87,-993.02,20,68,481
0,15840.9,179496,-5421,30,298,6067
5,3550.59,578.273,-415.18,14,43,52
5,3946.35,691.635,-945.54,24,58,43
0,16647.8,196595,-9495,64,382,7958
5,14909.8,87945.4,4442.5,78,289,3710
2,7033.36,12518.3,-930.178,21,123,726
0,6810.58,9263,-2557,21,127,582
5,5845.3,2602.22,432.18,8,81,169
0,12856,95849,-6398,44,259,4146
0,16546.2,186074,-8343.49,66,377,5975
2,4170.33,6077.53,-360.69,22,68,481
4,5015.89,2873.81,-1095.7,11,72,205
4,4078.86,473.637,3050.8,21,65,35
5,5064.62,2087.7,-706.59,3,75,165
1,11363.1,69496,-5105.01,198,247,3373
3,24079.3,255885,580.219,277,537,8350
2,13338.8,40853.1,-3351.05,117,234,1581
3,9958.45,33265.9,-389.019,112,176,1922
1,5970.05,5242.97,-1988.1,22,88,370
3,13750.9,62008.1,-1319.73,22,247,2754
1,7828.48,13289.7,-3172.8,2,125,694
0,19057.6,366884,-14247,111,472,12970
5,3556.3,658.339,219.31,4,31,53
2,4751.93,2107.43,529.3,17,75,165
4,4262.49,2732.69,-788.439,55,54,204
4,4879.29,2786.52,-627.45,15,65,202
5,13104.1,73383.7,-1119.41,34,247,3630
0,11877,48500,-4436,50,261,2328
5,3504.48,588.751,-264.82,14,43,52
4,5219.67,2973.84,-923.897,106,67,224
4,22590.5,281100,-368.064,312,468,9276
4,3713.4,427.443,-549.14,2,36,35
3,3537.51,1962.3,-451.062,7,43,161
2,4098.83,6215.39,-199.29,15,68,481
2,6304.83,8062.52,-3553,9,106,549
4,9325.05,27242.4,3810.82,59,194,1521
5,7947.7,14496.7,-9.7279,23,127,802
3,3466.47,682.129,86.765,3,31,53
5,8923.31,26962.4,-3682.41,125,172,1412
1,8394.13,12990.6,7071.53,15,132,806
3,8747.85,25081.8,-1152.27,32,157,1519
5,3831.13,2509.95,-626.83,26,63,184
1,6149.13,7785.11,-2502.1,23,102,517
2,22660.8,350844,-501.185,254,440,10967
0,7192.66,8352,-1868,21,128,520
0,8160.82,23175,-3420,6,144,1358
5,6252.46,4141.04,-13.737,20,100,294
4,3883.24,566.678,-626.62,5,43,52
5,10791.6,27700.5,-643.458,22,174,1415
1,6341.12,5166.51,-2898.4,17,109,317
4,3391.12,682.752,237.23,3,31,53
1,4087.51,2227.55,-1086.7,51,54,165
4,6493.53,7072.19,101771,60,90,405
2,4137.46,2287.6,-876.72,13,63,184
2,4921.19,2771.79,219128,105,67,224
5,4613.08,6115.05,-350.15,16,67,481
3,6095.02,8126.75,-3480.1,5,106,549
4,4234.42,2410.84,-1324.7,33,63,184
4,3477.65,663.462,89.488,3,31,53
3,7884.47,14317.6,-518.95,21,127,802
1,11146.6,67957.2,-4127.29,194,247,3373
0,18058,186285,-6082,45,345,5963
4,9247.68,12074.9,6963980,78,136,619
3,5019.77,4383.61,-1001.36,87,72,340
0,7836.06,10914,-1779,26,148,689
3,4543.78,2306.79,-1236.1,8,61,184
4,9796.72,32577.1,1631.49,121,176,1922
3,9832.15,38953.2,-2724.38,41,180,2054
0,10469.6,22938,-4595,39,186,1113
3,4933.06,2921.23,-670.118,102,67,224
4,4368.25,1130.41,-984.02,5,55,88
4,9807.5,33422.5,-694.334,115,176,1922
4,9439.78,12319.5,444.65,23,152,693
5,5597.75,2933.29,-598.57,7,65,202
3,12453.7,54359.9,-1665.2,46,220,2461
3,9980.41,24370.6,-925.215,43,177,1313
3,8635.05,37635.2,-2776.07,47,180,2054
0,10439.9,53985,-6036,29,188,2458
0,9538.53,56501,-4925,14,173,2664
2,4866.79,2143.25,-132.28,10,75,165
5,4362.44,6149.31,230.26,19,67,481
5,3898.13,2192.45,-172.36,23,63,184
0,10885.9,39042,-4182,27,194,1636
3,13483.7,90806.9,-1433.78,213,254,3885
1,22252.2,515924,-3074.73,365,540,18067
3,8820.34,13804.6,-2940.33,107,148,729
4,10383.7,30996.1,3124.92,44,203,1580
3,4530.01,744.725,-104.98,12,58,43
5,4520.84,2131.51,-1178.2,3,61,184
4,11401.2,51307.2,3508.55,103,209,2534
1,11413.4,67756.9,-2676.44,197,247,3373
4,9219.15,13650.2,36110,107,148,729
2,3669.63,366.81,364.74,7,54,28
3,4530.29,2664.95,-726.86,15,65,202
3,6677.44,8064.93,-2254.7,12,106,549
3,5630.79,2524.24,286.13,16,81,169
0,24516.6,356914,-12123,66,523,11426
3,7878.5,4526.3,-1781.53,93,131,271
5,5718.86,1707.91,-1155.25,48,76,147
4,12580.7,56135,2356.2,51,220,2461
2,8660.57,9951.57,-3485.53,105,154,587
5,9180.18,10778.3,-687.736,139,139,587
5,3981.22,694.733,-173.52,16,58,43
4,3773.47,428.737,1134.9,16,54,28
3,9871.49,38233.1,-2640.27,43,180,2054
3,4374.27,992.572,-1102.3,23,66,101
2,7169.21,12622.8,-1152.61,12,123,726
3,9062.27,12074.3,-1366.61,123,136,619
2,5519.23,4417.01,-967.277,17,88,292
3,20692,238782,-1385.71,284,537,8350
4,8690.2,4672.35,330788000,80,131,271
5,9225.19,20444.4,-1684.3,161,163,1162
5,15446.8,87972.3,3977.1,81,289,3710
2,3884.87,385.926,1902.9,7,54,28
1,6346.61,4786.83,-1734.2,15,107,319
4,9607.09,17866.8,69624.9,192,133,890
4,4665.04,2511.62,-1022.7,26,63,184
5,11316.2,60300,115006,316,217,2904
5,8642.37,25800.3,330.252,51,156,1364
0,9824.58,29307,-4500,95,172,1518
1,5801.86,12731,-2057.7,20,103,883
3,13772.9,53153.3,36215,185,288,2334
0,17042.1,154693,-13761,207,381,6071
2,4808.15,553.37,-51.625,18,65,35
4,3741.61,523.433,-835.93,7,43,52
4,9236.37,28186.3,-1535.9,34,156,1364
5,4812.48,1143.57,-687.48,13,62,100
3,12541.1,74422.3,-2228.79,30,249,3630
3,16358.9,155563,5459030000,171,352,6744
1,4817.62,2834.89,-1138.55,20,77,244
2,8852.94,12063.5,-2104.54,60,128,693
3,9960.91,32501.3,4366.84,112,176,1922
0,8794.18,19426,-4277,32,164,1069
4,12771.4,94939.7,2496.42,54,273,4429
1,5595.95,3103.51,-1425,10,94,224
2,3853.26,2076.47,-1628.1,4,63,184
1,4012.47,5674.11,-460.64,20,68,481
3,15407.2,75590.5,13555800,270,336,3302
2,4197.43,2522.19,-962.01,12,65,202
1,5411.79,4895.89,-1427.79,19,85,343
1,11218.9,68430.3,-1902.15,196,247,3373
1,7087.03,28242.1,-2578.7,12,131,1686
2,6420.35,5297.47,-1466.9,51,79,292
5,3936.32,700.483,-401.57,24,58,43
4,10676.3,41252,-4316.32,134,207,1995
4,4120.35,2426.73,-804.67,19,63,184
4,11811.3,78657.7,-5239.01,64,252,3882
0,11988.4,59211,-5768,27,222,2327
1,7848.97,12847.4,-2557.92,77,132,806
5,4787.14,2998.83,-218.83,35,65,202
0,6380.68,11691,-1943,48,95,688
3,3335.82,675.32,66.035,2,31,53
0,7918.1,16349,-2410,83,128,848
4,7773.77,8860.03,1908.7,36,144,553
0,9819.44,13987,-3852,22,170,732
1,8216.53,9437.34,-2024.87,14,135,587
1,5253.85,3681.62,-1286.7,8,89,249
3,15347.6,156326,3919.1,103,310,6737
2,12684.9,48877.4,749789,199,262,2394
5,6511.84,4179.69,-878.283,139,101,270
1,11761.9,68964.5,-3498.71,199,247,3373
1,5126.51,3361.24,-936.277,19,76,269
2,14606.8,251340,-4261.33,102,346,7851
3,6079.25,5136.18,-580.83,7,105,371
1,3891.54,1189.3,-673.75,10,55,88
3,10759.2,35946.5,698753,117,166,1111
0,12819.1,93868,-6065,135,248,4057
3,16931.9,162162,-7411.15,197,352,6744
5,6408.77,7067.75,-1797.29,97,95,427
4,16170.5,157619,2075.2,86,310,6737
5,9443.71,39944.6,-4274.65,110,207,1995
4,5292.36,4344.7,-948.12,15,85,346
0,16741.2,61336,-7568,57,338,2329
5,8807.78,4933.63,-1859.12,109,131,271
1,7111.8,28264,-2174.3,13,131,1686
0,7095.22,7539,-4593,16,131,454
3,7477.74,13939,-758.74,22,127,802
3,11358.5,37061.1,-3025.79,143,225,1755
4,6078.14,7624.76,55977.6,77,104,457
3,9949.18,30088.6,-1468.98,220,171,1747
5,5572.44,2586.16,-116.86,8,81,169
0,11709.8,75826,-4969,26,249,3794
0,8538.63,22891,-3791,21,165,1311
5,4599.96,2832.64,-779.76,30,65,202
0,13298.5,82000,-7275,39,288,3546
4,16389.1,178434,600926,262,367,7087
4,13396.3,41963.3,-3272.55,118,234,1581
0,7991.83,4368.29,-2252.63,89,120,251
0,11366.4,53829,-2356,13,216,2329
0,21292.5,432681,-58766,306,399,11270
3,7179.84,7190.88,-2401.51,72,118,426
3,3946.95,2196.89,-1021.5,5,63,184
5,6989.88,4701.97,37.978,22,100,294
4,7905.87,25684.6,-3121.73,92,166,1414
2,6082.16,11551.5,-1085.55,254,102,764
5,4392.23,2429.09,-499.95,18,63,184
3,20726.7,232557,1294830000,253,537,8350
1,3768.01,2187.95,-1459.1,4,63,184
4,4132.54,2269.66,-714.24,4,63,184
5,3822.95,553.195,-442.88,5,43,52
3,7162.64,4139.57,-1400.02,11,101,249
0,18476.2,188178,-10049,75,373,6289
0,12343.5,70392.6,-3663.32,27,203,2971
1,6253.74,6322.8,-2449.9,18,108,424
4,9301.1,36728.4,-3983.77,32,196,1997
1,14719.4,97644.9,-2025.67,41,281,3974
0,7751.4,9454,-1967,14,141,584
0,10254.9,39993,-5223,32,192,1865
5,8326.97,4751.32,-793.065,24,131,271
4,8848.67,21415.3,-2882.95,213,145,1156
0,5869.66,5514,-2186,13,87,341
0,18186.1,249602,-10784,205,410,9001
3,3612.02,1946.98,-517.122,11,43,161
3,13943.9,143499,14516100,259,308,6057
5,6114.89,13764.7,-1152.5,9,103,883
3,16546.4,266464,-2444.51,102,346,7851
1,3947.17,1194.55,-894.29,9,55,88
4,4022.25,1623.51,-762.15,8,61,134
0,10676.1,21116,-5247,47,213,1165
3,11879.5,78911.3,-1729.12,167,252,3882
3,11289.7,31819.5,4338.13,46,203,1580
0,9777.45,17745,-4291,60,166,980
1,10837.8,41487.8,-4185.26,162,227,2059
1,3254.98,586.628,50.816,3,51,45
4,3690.66,577.051,-697.1,5,43,52
0,17950.1,206349,-8651.8,155,383,6080
4,13038,64127,36455.5,42,240,2751
4,9602.23,25769.5,51225.9,163,174,1415
4,4471.15,2738.09,-1237.7,22,65,202
3,16719.3,217622,-3515.66,38,336,8195
3,11747.8,47734,59705.4,132,215,2188
0,6446.21,9157,-1169,17,111,617
4,3789.3,561.34,-475.26,6,43,52
0,11843.3,50626,-5590,37,222,2190
2,16029.9,166166,13118.5,151,320,6391
3,13029.7,41852.3,50.2036,45,278,1938
5,9715.07,20281.9,-1107.53,232,151,1023
3,21257.3,410506,2715.29,60,473,14125
4,4819.35,2216.71,-1264.4,11,71,188
5,3760.01,558.448,-255.45,13,43,52
0,17517.7,219415,-12443,306,407,8595
5,7949.65,15667.1,-978.376,89,134,970
2,6145.74,4186.63,10360800,46,88,318
5,3490.71,567.76,-192.29,15,43,52
4,3734.56,585.111,-523.34,5,43,52
5,6739.25,9828.56,1377.1,20,115,547
2,15162.1,165742,-5941.19,157,320,6391
3,13642.7,51963.6,18662.9,140,288,2334
4,3581.43,711.564,86.098,4,31,53
4,8392.86,9126.79,1364.1,32,144,553
1,3293.5,586.5,96.127,3,51,45
3,7736.66,14203.4,-1045.1,14,127,802
4,6872.94,7529.09,1305.3,32,109,432
4,16177.2,81330.1,5408440,91,320,3466
5,4710.15,2188.78,279.16,14,75,165
3,8696.32,35108.8,-683.283,103,148,1919
3,14904.8,60452.2,8887.7,155,305,2610
0,19809,285086,-9416,77,441,10238
4,20292.4,275947,354.583,270,420,9137
5,3334.17,666.31,202.28,5,31,53
2,14816.5,250545,2378.26,104,346,7851
0,9520.68,28716,-6073,25,167,1310
0,19405,191253,-10477,70,430,6866
3,15675.4,157272,633.63,91,310,6737
5,3958.94,372.736,1235.2,9,54,28
5,4676.07,6773.61,-130.57,23,68,481
5,3659.98,441.429,-936.77,3,36,35
4,4566.24,2411.15,-1011.1,25,63,184
5,3820.81,2359.7,-471.74,19,63,184
2,6086.33,7534.57,-1139.99,19,93,545
0,28631.7,539292,-17198,91,622,16243
1,5689.51,2577.47,-3399.2,14,87,166
5,10561.7,14092.3,255827,82,143,771
5,12890.7,57664.2,-549.994,120,224,2192
4,15715.9,158736,1315,118,310,6737
1,22877.4,515150,3314990,287,540,18067
1,8879.21,17177.1,-3030.67,95,183,931
2,4220.96,1455.16,116381,162,52,133
5,11875.6,52851.3,-3056.49,125,209,2534
3,5640.44,7533.48,-1384.5,11,99,583
3,13804,87588.9,-967.508,50,291,3799
1,5351.2,5603.07,-1567.3,5,89,425
3,7893.14,16666.5,-862.119,20,142,844
3,4191.07,420.082,1032.4,8,54,28
0,12153.6,45838,-4403,88,218,1996
0,11282.3,55314,-4555,22,194,2528
2,16495.6,161000,-1158.64,237,352,6744
3,12131.7,36414.5,-1504.59,67,225,1755
0,15035.1,94550,-7143,79,317,3382
4,3802.76,428.598,-767.13,2,36,35
5,9422.89,20093.6,-1369.54,162,163,1162
5,4416.43,2889.75,-85.509,15,65,202
0,21234,318054,-11829,107,535,10831
2,3794.99,641.543,-447.69,14,58,43
5,3783.61,431.773,-871.98,3,36,35
5,4478.69,2505.74,-625.02,33,63,184
4,3902.41,558.122,-593.85,6,43,52
0,9608.45,41415,-4652.86,174,199,2186
3,6146.41,4011.58,-347.27,13,100,294
3,3467.88,697.916,171.03,4,31,53
3,8432.94,14127.6,26362.4,103,140,845
3,11765,31737.6,21629.9,36,203,1580
2,4456.16,1074.75,-443.6,28,62,102
5,3350.13,689.941,264.04,6,31,53
2,3358.26,1306.6,-95.4212,43,40,100
2,8396.7,11944.7,66298.4,208,117,519
0,19285.3,171885,-10018,276,389,6068
3,3328.61,1331.36,-611.494,2,40,100
5,6299.34,10423.8,-1520.79,137,98,651
4,4784.16,2065.24,-432.39,9,75,165
3,12691.1,55670.2,1342.9,47,220,2461
1,6016.12,5208.19,-1044.9,7,105,371
2,6091.9,8049.21,-3380.3,5,106,549
2,8092.9,9877.02,-1824.64,205,130,490
5,6096.52,2201.29,327736,18,82,185
4,4374.92,6488.92,-85.754,21,68,481
3,7642.46,8835.21,80.14,23,130,515
1,6219.35,1654.12,1751.1,37,71,103
0,20891.8,204844,-11045,67,410,6866
3,5674.79,3733.99,-916.583,49,85,269
5,4863.96,6005.5,-305.89,17,68,481
0,8775.88,16777,-5085,52,180,895
0,9980.23,38245,-5814,122,200,1753
0,9838.19,27872,-4257,47,181,1418
4,7870.51,12594,-1170.02,212,105,765
1,6421.33,1490.25,-1150.47,35,71,103
2,6963.2,5370,-906.263,47,79,292
3,14532.4,87114.9,-3613.6,96,301,3369
0,26509.4,641262,-14917,114,753,19047
5,3711.12,583.824,-176.54,15,43,52
3,10519.1,58694.4,1029.97,312,217,2904
3,13574.7,52685.9,943.898,50,288,2334
5,14936.4,100945,222.055,193,281,4061
4,4832.67,1643.59,-950.73,6,70,131
3,9532.9,28701.2,-1621.54,144,179,1626
4,12502.4,45550,25591300,164,273,2061
2,7612.48,4200.06,-1368.35,85,101,249
3,8236.97,14526.8,-2477.72,101,140,845
5,7757.45,18286.8,-2172.1,12,128,1065
2,5370.57,4188.69,-986.841,17,79,317
3,11843.6,53984.9,-2025.6,45,220,2461
5,17251,85153.2,1366.8,74,340,3632
2,14924.2,159825,-2876.22,190,352,6744
2,14270.9,136052,11788800,201,279,5626
5,6094.93,2292.56,-899.689,10,82,185
3,6025.54,10276.8,-2204.04,26,109,689
3,7962.05,20053.2,514035,130,145,1156
5,9457.1,16613.2,143118,31,172,973
1,5130.58,3117.9,-2531.3,4,65,202
4,11393.4,49205.8,-1564.51,16,190,2118
4,4153.25,504.513,386.92,24,65,35
1,5828.49,4310.33,-1227,17,90,317
0,10648.4,53818,-5324,31,198,2671
2,7431.15,9476.03,3590.85,99,123,621
3,13666.3,52364.6,440435,184,288,2334
1,6323.72,8361.44,-2118.4,11,100,551
2,5941.13,7647.12,80040.7,14,104,457
3,9127.22,12257.7,-2475.45,125,136,619
2,5859.17,4132.52,10800.3,88,88,318
2,4165.04,790.827,-1986.6,13,54,64
4,13444,42127.5,-2629.27,241,278,1938
0,6746.09,13758.3,-2588.1,10,119,931
5,4314.13,678.777,-772.14,17,58,43
0,35949.3,1209910,-22993,146,902,32818
0,8933.56,31793,-2937,39,173,1868
4,5062.17,3208.31,-2032.8,21,70,205
1,5859.24,5144.25,-861.15,8,105,371
2,4667.01,2265.47,-1662.7,11,71,188
1,9417.34,17159.8,-3068.06,93,183,931
0,7083.85,10184,-2655,13,131,585
2,6648.22,13642.7,-933.771,176,96,804
2,7034.08,13479.8,-1497.71,22,96,804
2,13491.2,40874.8,-1702.95,114,234,1581
1,3824.03,1187.35,-714.22,9,55,88
0,8676.28,22838,-5400,20,144,1023
4,4600.51,1242.49,-948.49,21,66,101
1,11235.9,70042.9,-5206.08,183,247,3373
5,14931.8,103878,314.254,245,281,4061
3,11843.1,52975.8,2194.29,150,218,2391
3,13008.3,82389.8,7444170000,145,252,3882
0,8380.32,8352,-2402,31,142,485
2,5889.05,4198.66,-515.411,9,88,318
3,14028,92585.3,-1823.17,217,254,3885
4,11730.3,33331,-101.657,106,204,1692
3,11761.5,44735.6,-4641.4,140,223,2059
0,6077.52,6643,-3353,48,109,376
0,12758.3,77882,-6310,164,279,3543
4,10443.5,26355.6,-1816.05,52,214,1469
2,3963.16,1452.75,-759.814,159,52,133
0,21799.3,563835,-14129,92,621,17517
4,6992.02,7170,1133.5,26,109,432
5,3847.3,489.659,-816.98,3,36,35
4,12888,46113.5,194790,155,273,2061
4,3403.45,662.048,241.79,2,31,53
5,13176.5,68745.5,3837.93,169,325,3143
0,13080.6,58502,-7207,45,289,2683
2,5670.98,3675.21,-783.077,9,85,269
1,6035.66,15092.9,-2067.1,17,125,1014
5,6344.67,22709.3,15126600,78,128,1255
0,10985.9,43205,-4646,70,188,1927
2,5068.85,4267.92,-1624.66,18,88,292
3,3713.43,546.221,-777.62,5,43,52
3,8645.68,25265.7,2363.87,29,157,1519
0,17572.6,352221,-14369,104,450,13308
2,10588.5,35374.8,-712.992,203,208,1691
2,11882.8,44128.9,-4758.65,163,223,2059
4,4055.96,586.523,-754,5,43,52
5,18032.5,180964,84653400,86,367,7087
0,13198.4,78204,-5339,31,246,3367
2,22350.5,351509,-1468.16,255,440,10967
2,7179.08,12688.1,122030,133,123,726
5,4467.07,2260.22,-479.61,4,61,184
2,4127.97,6245.28,-707.64,25,68,481
0,13440,103792,-6159,178,301,4822
2,5784.74,7660.14,-1313.15,22,104,457
5,4465.29,6247.23,514.32,21,68,481
0,10560.2,56255,-5704,18,218,2823
0,35973,1312510,-17193,167,879,32301
3,13608.3,60399.2,-2155.59,37,247,2754
2,6044.48,11313.9,-1358.52,25,102,764
5,3813.41,655.893,-37.577,18,58,43
1,9607.95,17256.4,-3677.65,94,183,931
4,4071.82,352.094,1617.8,15,54,28
5,9138.34,10631.8,-1160.92,139,139,587
2,10810.8,37710.8,541516,30,205,1751
4,6014.15,2264.52,-797.019,20,82,185
4,3772.86,568.414,-455.51,5,43,52
4,23541.7,280589,40134000,87,468,9276
0,3832.11,1512.13,-787.24,6,56,114
5,6297.93,5368.2,-865.057,80,86,367
5,15919.5,88626.2,3702.6,87,289,3710
0,24200.6,319349,-13216,361,559,9832
0,19913.3,297001,-10274,98,459,10388
5,7444.87,10557.1,-2124.02,192,114,689
5,6944,6678.62,-1229.91,4,95,372
0,5189.89,1928,-1113,14,68,149
3,12181.7,52569.8,-661.899,150,218,2391
5,3667.84,611.923,-522.66,14,43,52
1,6457.81,5102.45,-2501.4,17,109,317
3,11539.5,31909,78117.8,152,203,1580
0,17312.6,192845,-8370,151,372,7096
5,14960.3,73323.9,193228000,202,223,3131
3,10745.2,31970.2,-1915.49,133,203,1580
3,6917.04,13749.9,40695.2,26,96,804
5,9663.58,14070.8,4629.36,117,148,729
0,13427.5,84741,-7452,28,294,3377
4,9468.72,36674.3,-3767.94,31,196,1997
0,11257.7,59315,-5338,114,211,2740
5,4783.35,1574.2,-1173.1,6,70,131
3,11604.4,58383.6,-424.089,326,217,2904
0,12965.8,48055,-6739,47,288,2325
3,6790.65,11296.4,-656.809,144,111,651
3,14133.3,87500.1,11658.5,52,291,3799
2,6212.84,3454.21,479.46,16,101,206
4,5683.56,1732.68,-780.632,12,84,136
3,4430.61,646.248,-720.76,17,58,43
5,18241.4,182098,4055180,84,367,7087
3,14302,142739,-4534.65,328,308,6057
5,4063.34,6332.76,592.97,37,68,481
0,4764.95,5459,-1795,18,84,398
0,4988.65,3936,-1846,10,78,315
3,16793.9,135599,2177.57,264,449,5537
5,5670.19,1694.42,-1120.64,181,76,147
0,9773.64,34345,-3926,27,187,1576
3,11669.2,37590,129790000,29,205,1751
0,7454.82,21248,-2532,14,121,1156
1,3944.9,1195.18,-739.58,10,55,88
4,9252.92,11756.7,-614.956,132,156,654
0,4482.86,1585,-2494,11,73,115
5,20019.3,274420,3269.07,303,420,9137
1,4675.68,2042.36,53.114,7,75,165
1,4345.36,3090.85,-1318.8,9,62,245
3,12084.8,36717.7,1399710,13,225,1755
3,8659.1,14490.3,-2072.64,20,140,845
5,4751.47,491.093,49.226,26,65,35
5,4055.56,504.506,521.41,19,65,35
5,12082.6,68444.7,2374.6,58,201,3289
5,15111.2,210473,-2818.48,69,336,8195
4,4498.82,6396.39,-966.42,10,68,481
1,9348.76,17570.2,-4148.75,96,183,931
0,10397.1,98809,-4553,33,246,4617
4,9024.11,22263.3,106.59,36,143,1203
3,4805.62,1048.97,-1467.9,16,66,101
0,9969.04,37380,-3115,32,176,1696
5,3632.47,453.723,-396.25,2,36,35
5,8543.56,22425.6,94174.7,62,139,1108
2,16723.5,160146,-2466.62,246,352,6744
1,8197.53,12907.4,26436.9,17,132,806
4,11114.3,48881,-2660.06,64,190,2118
3,5089.54,3006.52,-2486.6,3,65,202
1,5093.46,4032.37,-1268.8,11,85,346
2,21141.7,346980,-1990.57,275,440,10967
0,8856.03,18848.9,-3185.96,117,148,977
1,8059.61,13832.9,-2386.19,45,170,771
2,8087.69,9453.23,-20.9464,20,135,587
0,9613.92,46675,-3183,36,202,2319
1,5701.5,1782.08,-1240.9,39,71,103
3,15351,88423.8,-5564.8,90,301,3369
5,10100.4,31018.3,-418.296,47,171,1747
0,11372.5,117082,-8827,156,274,5417
3,9625.02,26985.1,-3225.51,110,166,1414
0,12028.3,99935,-7819,39,265,4521
3,8307.53,33779.8,-1437.36,90,148,1919
2,5604.46,7646.19,-809.55,103,104,457
0,7499.88,20869,-2949,8,144,1158
4,6082.79,4174.82,224.86,15,100,294
2,12430.5,49879.4,-3815.66,32,262,2394
2,8314.48,19882.9,-1622.73,113,163,1162
0,12065,79195,-4972,77,262,3792
2,6162.09,7993.23,-2927,4,106,549
3,15261.4,156103,1588.4,99,310,6737
3,20679.8,244912,-2533.4,263,540,8870
3,24070.4,265748,-3307.96,292,540,8870
4,10528.4,43135.3,-1229.46,127,197,2257
4,10519.7,38783.1,-2056.92,161,205,1751
0,12755.8,44624,-4925,48,256,2136
4,13098.4,59506.1,122975,183,223,2822
1,5579.71,5153.97,-1605.18,10,99,321
2,22311.3,411276,30081.1,68,473,14125
5,7705.49,10056.7,-982.828,22,123,621
0,11441.8,28331,-6127,56,167,1309
0,10640.9,33803,-3810,34,207,1699
0,9207.99,15307,-4511,83,160,735
2,5643.6,4415.22,-716.362,20,88,292
4,23112.1,280625,-1075.9,276,468,9276
4,9328.68,11101,-1383.28,17,117,519
0,6635.17,9704,-1693,17,103,547
3,12195.3,51721.2,-3634.72,231,288,2334
5,3493.78,688.859,259.95,4,31,53
0,18002.2,222483,-8470,48,433,8338
2,4985.62,2089.06,-458.93,24,75,165
3,3646.31,477.522,-867.7,3,36,35
2,4833.34,2110.7,-774.91,14,75,165
2,5033.93,4273.08,-837.011,22,79,317
3,9483.2,38950.5,2828.64,95,196,1885
0,10843.5,27763,-2247.6,39,178,1410
4,8592.29,37612,1852.35,184,193,2118
3,7043.51,14363.4,-1624.25,188,96,804
4,12992.9,96985.4,-6205.1,151,273,4429
0,23513.1,688644,-7686,66,456,13149
5,5492.2,2207.79,289.97,23,75,165
3,9807.22,24422.9,-820.917,42,177,1313
3,4500.27,1090.75,-5.9429,28,62,102
4,3721.4,468.494,-850.75,2,36,35
5,13887.2,140767,-509.839,57,308,6057
3,7252.12,13805.6,395.133,23,120,809
2,3997.17,770.942,-1763.3,13,54,64
0,15068.5,107553,-7120,44,302,4252
0,13947.5,103142,-10075,54,335,4250
0,11541.9,70909,-6769,27,247,3458
0,21799.5,380879,-10542,136,500,12495
0,5890.3,3846,-2015,14,97,250
4,20139.9,275845,-1974.06,250,420,9137
0,5823.53,1511,-1354,23,79,104
5,19114.6,225523,-2351.11,85,336,8195
4,4301.77,5992.78,-201.88,18,67,481
4,6995.39,7957.14,-2626.7,11,117,427
4,7861.84,12034.7,37746.7,118,130,694
3,6579.53,12244.7,-1753.21,223,105,765
4,3805.78,550.16,-783.79,5,43,52
0,9496.35,28895,-4079,31,179,1523
0,10504.9,34696,-2520,55,181,1808
2,10153.5,18039.3,583064000,71,183,931
1,4822.18,2835.77,-1160.02,120,77,244
0,13109.7,79772,-6111,58,257,3629
0,8591.85,10272.3,-2123.37,151,118,492
4,8067.53,13136.4,5312.57,74,132,806
2,11643.2,73774.8,-4901.01,23,249,3630
2,8114.01,33112.3,-832.442,92,148,1919
0,6737.62,13291,-2455,24,137,850
4,9315.58,14086.6,-1175.9,113,148,729
4,9604.07,20762.8,-1765.95,28,163,1162
3,12250.8,37109.5,-1893.91,200,225,1755
1,6792.59,17202,-2524.3,7,128,1065
4,4880.4,1109.58,-1327.2,3,57,76
5,16374.7,92713.5,96792300,45,283,4064
0,11853.7,94359,-7039,31,293,4245
3,9150.37,37602.5,-1513.06,39,180,2054
4,7277.64,10842.8,-1127.43,83,114,689
0,8546.7,11175,-3806,62,171,620
2,14572.5,101804,267139,45,283,3965
4,15639.4,157063,4087.4,117,310,6737
3,21466.9,280692,9664.99,65,468,9276
3,5201.15,2439.76,745.79,6,81,169
2,9079.38,17019.9,-3182.43,36,183,931
4,3752.27,595.588,-553.49,5,43,52
0,15215.2,116524,-10493,47,394,4826
0,14333.8,235068,-6996,58,349,9396
1,5674.38,3137.38,-1136.5,10,94,224
2,8265.65,32933.8,-1071.29,21,148,1919
0,14312,68733,-8257,63,307,3062
3,10620.1,35974.7,5780200,112,166,1111
0,14016.9,122882,-6483,143,306,4913
3,8948.23,16499,-982.363,112,160,976
4,6361.32,3555.51,872.16,20,101,206
3,13094.9,49176.3,2057.85,166,217,2056
4,3530.37,559.798,-556.65,10,43,52
0,10068.7,43249,-5476,29,218,2251
3,6954.06,5251.06,306631,195,107,346
1,12031.8,49349.5,-3676.93,229,262,2394
4,3487.21,702.332,93.33,7,31,53
4,9936.13,25925.6,-816.986,26,174,1415
5,4781.08,2060.02,346.54,21,75,165
2,10843.1,44110.1,-2150.05,21,197,2257
0,12420.8,57137,-5170,41,263,2396
5,4821.44,2997.13,-316.17,38,65,202
2,22570.6,350996,-2323.3,260,440,10967
4,3696.05,519.724,-493.3,5,43,52
3,6916.18,3520.07,986.22,23,101,206
2,13379.2,85896.1,89359.7,52,291,3799
5,7814.82,7682.95,676736000000,98,95,427
3,6281.54,3525.59,726.79,17,101,206
3,4408.56,1076.25,-902.96,28,62,102
3,5067.94,3129.03,-188.414,22,71,249
4,11727,46673,-250.722,132,223,2059
3,6253.96,8117.61,170.26,17,99,583
5,9333.09,24253,-1605.84,113,154,1252
4,8313.41,9194.25,1132.9,39,144,553
2,6609.76,9099.34,-757.416,128,95,543
0,8429.54,16046,-4093,61,149,933
5,5064.88,1116.01,-565.09,15,62,100
5,3438.75,571.681,35.234,17,51,45
0,11231.2,36349,-4449,37,186,1416
4,3269.78,636.267,62.688,3,31,53
0,9537.03,37891,-4732,49,179,1929
3,4441.47,547.531,126.66,19,65,35
3,6750.63,17127.8,-1962.1,8,128,1065
0,9466.99,11375,-2667,24,152,552
0,13658.9,232239,-11828,251,353,9397
4,3321.87,687.085,187.88,7,31,53
4,3515.12,681.497,110.68,4,31,53
5,6525.3,7534.34,-733.023,12,93,545
4,7241.93,15915.1,-1627.64,39,134,970
5,4614.57,1612.48,-1098.1,5,70,131
5,3501.34,665.147,179.66,4,31,53
1,8096.83,13672.5,-2437.9,36,170,771
0,10840.5,38867,-7277,30,254,1873
0,27129.5,498056,-42736,135,556,13155
5,4294.49,6334.05,416,14,67,481
5,3995.46,2268.26,-487.96,28,63,184
0,10863.6,20535,-4457,115,189,1020
3,9248.34,38070.2,-2872.55,38,180,2054
4,17833.5,159636,-6818.61,94,359,6068
0,5561.99,3625,-1625,8,95,268
2,6201.84,8131.72,-4271.3,10,106,549
0,13417.1,124568,-5909,42,298,5117
4,11802.4,29115.8,374.86,39,178,1410
1,4026.29,5734.1,-501.08,19,68,481
2,5735.63,7546.56,-1152.71,103,104,457
0,7907.16,10368,-2517,25,144,619
0,11586.5,99580,-8598,48,298,4428
5,3403.65,645.335,344.37,4,31,53
4,4967.41,2324.58,-1710,13,71,188
0,18624.7,339691,-12643,82,435,11723
4,7364.31,12390.7,-1089.27,30,130,694
2,8239.92,33171,168.893,23,148,1919
4,8552.72,12301.8,-1327.31,19,128,693
0,5409.44,5712,-2009,6,87,422
4,5815.26,7037.32,-1727.11,80,93,545
0,23082.5,309652,-12776,91,482,9834
5,10161.1,16629,484676,28,172,973
3,15503.1,167820,-1671.13,44,320,6391
3,3442.31,682.522,204.96,3,31,53
5,5519.24,4495.18,-343.05,11,85,346
0,19076.6,188278,-6897,47,372,5963
3,6829.38,11443.3,2760.8,149,111,651
4,3635.54,523.718,-528.76,7,43,52
4,4665.12,2247.66,-1186.3,13,71,188
4,3997.13,406.595,899.07,11,54,28
0,8073.26,31541,-5869,22,169,1690
1,3865.89,2056.23,-1667.1,3,63,184
1,5091.58,3122.88,-2764.4,4,65,202
5,3908.99,543.517,-514.22,4,43,52
2,13150.3,40374.7,-4676.35,125,234,1581
5,19311.8,272587,4013.21,297,420,9137
5,5578.51,1109.91,-1752.4,3,57,76
1,5976.45,1843.17,-1353.73,38,71,103
4,4069.3,1592.84,-761.14,8,61,134
4,9024.83,12235.9,-2549.02,23,136,619
0,3778.94,1410.5,-1018.72,162,52,133
1,6197.63,4333.46,-1030.9,14,106,318
0,19873.7,307124,-11899,299,521,10399
1,11458.7,42317.6,-4992.03,155,227,2059
5,6978.44,9904.26,1341.8,24,115,547
5,4664.28,2866.26,-843.28,24,65,202
1,3818.3,1519.99,-872.01,6,56,114
2,6619.85,13197.1,-507.172,15,96,804
1,5099.93,3128.13,-2551.1,4,65,202
3,9128.46,9332.19,34111500,14,135,587
0,16720.2,133299,-6722,70,349,5329
4,6287.18,5378.35,-384.639,13,99,321
4,16310.7,176925,12700.5,116,367,7087
4,3613.36,563.321,-909.33,5,43,52
0,12662.4,45938,-4248,61,221,1937
0,12963.4,122783,-6905,31,302,5413
1,6337.41,1609.39,-1022.87,34,71,103
4,7640.7,15608.1,-2108.91,93,134,970
5,4884.99,765.175,-420.79,17,58,43
5,4650.69,6480.77,-122.77,11,67,481
0,16108.5,128794,-4195,90,333,5121
2,3899.45,2086.28,-1975.1,3,63,184
0,14489.9,91054,-6164,62,293,3887
5,5331.27,4495.42,-459.89,12,85,346
3,24861.9,263742,-2023,286,537,8350
1,5359.77,5616.9,-1341,5,89,425
5,3866.21,563.833,-693.64,4,43,52
2,6001.54,4238.4,-1505.59,82,88,318
3,8577.67,20565.7,1420,31,143,1203
3,13371.6,142610,7915.11,265,308,6057
1,6090.01,8406.31,-2115.4,11,100,551
3,10176.7,10605.4,-2510.97,104,154,587
5,10327.9,37439.9,-2276.84,128,219,1875
2,4316,533.88,759.35,23,65,35
2,6769.78,13252.9,-894.421,20,96,804
0,14857.2,128234,-9328,196,318,5016
0,11138,48218,-4126,110,211,2253
3,6073.45,10326.1,-2196.48,20,109,689
4,18794.5,171967,4216900000,53,320,6391
3,7103.17,13829,-1351.44,28,120,809
1,11708.1,68832.8,-3251.09,198,247,3373
5,17521.2,86275.4,6699.4,82,340,3632
0,25541,481550,-19418,113,556,12519
5,4890.48,726.552,-155.67,7,58,43
5,13000.5,98019,209.293,179,273,4429
0,8440.02,10638.9,-2925.92,229,139,587
5,22121.9,404936,-1336.74,77,473,14125
0,8672.79,34826,-3465,26,185,1993
5,4761.73,530.624,76.156,22,65,35
0,16200.9,139317,-10029,161,362,5742
3,3606,1935.62,-381.16,11,43,161
0,10865,40507,-6896,56,216,1994
5,8235.24,14502,213.75,40,127,802
2,13994.6,165639,-4292.63,35,320,6391
3,6469.61,5337.89,109681,19,96,347
4,5164.79,1064.34,-1042.8,3,57,76
4,7537.13,6302.33,-624.1,95,116,399
0,6582.9,8444,-2808,50,111,516
4,3677.89,433.143,-845.67,1,36,35
5,10915.1,24951.7,-1475.79,33,189,1361
5,3663.26,461.371,-845.52,3,36,35
4,5300.56,2943.1,2424530,157,71,249
0,5887.27,6285,-1923,27,92,426
3,4994.56,2982.05,-576.123,154,71,249
2,6898.82,8003.2,-2696.9,11,117,427
5,6273.89,4067.9,-474.32,28,100,294
5,10366.6,20028.7,-675.722,22,157,1113
0,11796.1,53810,-3978,34,235,2460
5,7613.61,9457.29,-870.605,207,107,517
0,8783.9,24143,-3999,76,155,1307
0,6389.65,10004,-2301,8,91,551
4,8999.45,11524.1,-2585.02,133,156,654
3,25083.6,280166,-786.621,298,537,8350
3,4659.3,2160.92,-1419,9,71,188
5,8428.35,15389.7,1238.9,30,127,802
3,8798.55,21968.8,70.802,35,143,1203
2,15123.4,67198.7,-3486.46,127,223,2059
1,3689.77,1212.55,-921.02,8,55,88
0,12211.5,62568,-7574,221,272,2978
1,3942.83,2175.72,39520.7,183,54,165
1,4304.43,966.29,-669.92,4,55,88
2,14484.6,136793,-2361.9,190,279,5626
3,5076.25,3004.33,-1616.1,3,65,202
0,4990.8,3334.15,-2386.8,22,70,205
2,5662.27,1470.77,-1358.64,29,71,103
0,18710.5,265252,-8982,66,434,9682
5,20729.4,277966,4220.79,297,420,9137
5,3621.24,462.497,-720.32,3,36,35
5,6968.38,6686.63,-1186.24,98,122,429
5,21063.2,408435,-9776.27,72,473,14125
0,11112.7,24396.4,-3761.15,18,173,1026
0,5857.14,5353,-1969,22,93,368
3,7441.62,13818.2,27143.6,25,120,809
5,6849.24,13642,-819.186,15,96,804
2,11634.2,37767.4,36794.8,30,235,1818
2,6849.76,8749.14,-545.673,6,95,543
5,12386.7,39191.2,-1003.64,41,219,1875
0,9080.86,20189,-4767,109,164,1065
5,10239.5,14920.1,-1333.06,42,143,771
3,4747.65,2989.14,-482.874,106,67,224
3,3682.48,444.161,-732.84,2,36,35
0,6590.17,3567,-3317,3,100,268
2,7577.55,9389.66,-2427.08,199,130,490
4,3694.13,571.211,-493.38,5,43,52
4,10513.9,26535.7,-953.913,148,158,1403
0,9656.76,13286,-2877,38,130,657
0,6396.57,6740.53,-2545.91,75,118,426
3,13982.4,52037.7,-372.394,175,288,2334
2,6019.41,10905.8,199395,90,102,764
3,8277.85,14326.4,-1073.23,97,140,845
3,10697,38485.8,-3882.54,34,196,1997
0,6166.57,11214,-1891,38,107,765
5,3791.84,2257.98,-547.39,28,63,184
3,16436.2,166529,-1863.68,46,320,6391
5,7148.76,9874.06,1072.1,23,115,547
0,4965.16,2133,-1449,2,63,146
4,5340.44,2792.96,-824.21,11,72,205
4,3616.43,531.893,-511.4,7,43,52
4,3375.52,656.761,88.028,3,31,53
0,6429.64,11942,-3785,70,129,729
3,9091.12,28765.2,27.482,127,179,1626
3,3310.91,674.144,-923.988,25,43,62
1,6108.9,6304.38,-1935.8,17,108,424
3,4453.31,2287.51,-1111.1,6,61,184
4,3633.21,569.573,-324.46,14,43,52
3,8368.57,14280.5,-2080.97,23,140,845
5,5389.83,4374.64,-946.915,11,72,340
5,4196.61,602.932,-669.12,17,58,43
1,6042.76,5261.06,-2012.4,23,88,370
3,7011.53,14132.6,-1274.08,23,120,809
0,8271.82,13759.4,-3251.12,280,170,771
4,9111.94,16912.5,38.2713,22,142,844
4,5197.06,2366.18,-1488.2,15,71,188
5,4581.89,1688.8,-1549.8,5,70,131
2,6408.13,3515.66,771.54,18,101,206
4,12688.4,54454.1,-446.731,152,218,2391
5,8841.55,28463.2,-1492.11,116,132,1513
3,6443.01,11925,-99.054,8,105,765
0,6537.18,7943,-2738,13,101,516
2,5299.55,4413.37,22711.8,17,88,292
1,5224.14,3314.39,-2039.6,21,70,205
3,3508.79,699.182,273.38,3,31,53
1,9382.42,17161.1,-4059.91,93,183,931
5,4555.95,587.265,77.578,23,65,35
3,12097.5,71157.7,-633.511,193,262,3211
4,6791.66,11492.2,-672.053,29,111,651
5,6499.82,6771.95,-803.066,107,95,427
4,10335.2,38842.4,-459.719,207,193,2118
5,3630.77,568.855,195.11,14,43,52
3,4784.24,1892.82,-395.91,6,66,164
2,3902.78,379.476,1235.4,6,54,28
5,3554.36,1201.33,-881.172,67,51,102
2,4444.66,2111.91,245.83,11,75,165
5,4043.52,659.305,-450.1,24,58,43
2,4244.05,6209.79,-235.75,10,68,481
3,12472.1,136842,-5712.26,192,279,5626
3,25044.2,249546,-370.474,280,537,8350
2,10630.4,41123.6,-3105.43,136,227,2059
4,8524.35,8744.56,2367.5,38,144,553
0,11909.4,54043,-6089,70,210,2255
5,3565.61,351.759,1097.5,13,54,28
5,4437.54,2114.64,1050.3,25,75,165
4,7040.19,7121.97,-543.012,111,95,427
3,6646.52,10322.2,-1970.16,21,109,689
2,7220.54,12522.9,-1388.31,142,123,726
5,4763.86,659.161,-15.004,13,57,44
0,9565.92,13931,-2147,14,166,770
2,4237.77,2542.45,-764.36,7,65,202
5,9217.88,12179.4,883256000,31,136,619
4,6620,5402.25,-197.824,107,96,347
4,10953.8,48039.4,-1917.11,60,190,2118
4,11809.8,50078.6,3162.5,127,224,2192
5,3810.63,2314.32,-1201,11,63,184
3,3864.33,2233.91,-504.643,3,43,161
3,10346.5,48279,-545.754,67,190,2118
0,3640.15,1530.75,-1403.7,8,56,114
1,9629.9,17126.1,31125.1,96,183,931
5,9934.85,14838.2,167.157,92,143,771
2,13778,136567,-1714.28,209,279,5626
3,8527.14,9896.62,-2226.96,96,123,621
3,6133.17,5243.9,-1877.7,17,88,370
0,7924.6,8026,-2107,25,127,373
3,9175.88,27242.6,106559,168,158,1403
0,21628.1,204592,-10505,71,449,6986
4,3672.57,550.968,-440.01,5,43,52
0,16304.2,329097,-10586,83,418,12027
0,13981.4,119485,-5976,49,330,5526
0,6029.2,4578,-1380,52,95,319
4,8108.4,8856.72,1487.3,43,144,553
0,17227.4,277641,-8804,49,381,10238
2,20818.5,175043,-4553.9,339,449,5537
2,6060.89,12953.8,-1143.2,9,103,883
4,6964.9,9197.98,248.519,25,138,554
4,6527.04,6702.55,-1335.61,79,118,426
0,9753.68,28589,-7243,24,177,1578
3,9778.83,39049.6,-238.585,76,196,1885
4,3832.37,544.496,-595.21,5,43,52
1,5655.98,10768.2,-943.217,251,102,764
4,8736.99,14860.5,92.258,39,127,802
0,7652.77,14697,-2224,23,135,808
3,4162.41,1666.47,-988.21,5,61,134
0,18286.5,256619,-10560,63,424,9397
1,4999.9,3031.65,-2014.6,4,65,202
5,14315.8,78811.1,1888.12,87,320,3466
3,4375.76,2654.95,-1198.3,29,65,202
3,11808.2,36907.6,-1487.01,11,225,1755
0,7280.09,8444,-2813,5,72,289
1,5435.23,4066.9,-1306.7,11,85,267
4,4361.29,2505.98,-608.86,21,63,184
2,3949.55,388.174,1174,11,54,28
5,9852.74,12648.3,1345.4,31,152,693
0,16117,141951,-7254,39,331,5532
2,6310.94,5313.97,-716.7,7,105,371
2,8855.42,15999.9,12711.9,104,160,976
1,5660.5,4939.4,-601.217,17,85,343
4,3552.7,493.138,-582.2,3,36,35
5,10351.7,20655.1,-114.082,27,157,1113
0,19881.5,345935,-11235,74,456,11275
2,16530.1,136293,46412.7,286,449,5537
4,7789.9,14339.4,-109.39,16,127,802
0,12663.4,79528,-6471,127,292,3546
1,6036.31,5227.54,-741.3,7,105,371
5,7885.42,5255.33,3305810000,21,107,346
5,5944.82,7527.33,-1209.98,89,104,457
4,8410.34,11166.5,-1693.06,181,156,654
2,4223.22,691.155,-322.56,17,58,43
4,13261.2,94210.8,1426800,181,273,4429
4,12344.4,80268.8,7368.98,45,272,3539
2,17760.9,163647,20584.5,208,352,6744
3,8288.48,21321.4,-186.6,38,143,1203
0,9662.35,20556,-5101,103,161,1068
5,5630.96,1053.21,-1640.4,4,57,76
4,3800.44,439.548,-590.99,1,36,35
4,4859.75,1983.65,-655,8,75,165
0,12721,71877,-6051,32,254,3372
4,6281.32,5383.07,-1040.92,17,96,347
1,9250.2,17181.9,-3087.72,93,183,931
1,6168.31,15118.5,-1895.5,14,125,1014
5,14501.1,63338,-2017.71,165,233,2897
3,9146.14,27716.4,-722.628,172,158,1403
0,14702.9,101934,-9408,170,348,4438
2,14528,90071.5,113.729,283,254,3973
4,4810.83,1559.64,-957.67,6,70,131
2,4138.11,2143.8,-1819.9,5,63,184
3,15149.5,60283.3,-1868.3,155,305,2610
0,20447.8,427339,-9079,103,390,12484
3,13822.7,51744.1,-1199.15,189,288,2334
2,7206.59,9408.3,-2123.86,201,138,554
5,3683,669.45,200.61,24,58,43
0,7623.39,16570,-2665,42,136,1018
5,5689.32,2402.41,478.04,12,75,165
3,12753.9,70542.2,449933,159,262,3211
4,6037.87,5189.71,228150,14,99,321
4,5139.55,2868.76,-601.89,8,72,205
2,12170.4,74748.9,-4921.19,31,249,3630
5,6223.08,6842.85,-945.39,18,107,431
3,5133.86,3004.4,-1826.1,3,65,202
4,7133.86,18281.2,-2082.7,16,128,1065
2,23127,519410,16966400,317,540,18067
3,9411.26,22695.2,-3613.88,121,166,1111
5,10641.3,23274.1,-1248.45,34,176,1313
5,3712.44,539.358,-701.08,7,43,52
2,7178.2,5246.41,65744.3,20,107,346
3,13386.2,50396.9,-3817.75,133,215,2188
5,3663.68,584.613,97.881,13,43,52
0,6090.24,6965,-2432,29,89,451
0,9731.18,18757,-3036,77,157,657
0,4611.53,2769,-1106,3,59,166
3,4243.99,636.612,-776.36,18,58,43
5,4643.34,1536.66,-1301.5,5,70,131
1,6342.58,4301.65,-274.45,14,106,318
4,15292.7,96500.5,9790.55,257,294,4249
2,4439.1,1029.62,-806.46,28,62,102
0,18799.6,300265,-9604,64,392,11108
4,10837.6,26015.2,6747250,100,172,1412
4,4305.93,785.491,-1489.9,13,54,64
3,12124.6,53932.6,-1668.1,50,220,2461
4,15201.2,88293.8,2679,88,289,3710
4,12820.6,56824.6,-524.87,47,220,2461
3,9663.38,26335.4,-3258.98,26,174,1415
3,14541.5,79106.6,51593,202,320,3466
4,3753.27,533.934,-647.99,5,43,52
0,15816.9,121650,-6226,89,334,4818
0,13742.1,118515,-5465,44,272,4714
2,5985.33,11123.6,-122.311,256,102,764
5,4327.24,2404.82,-845.21,6,61,184
2,5018.16,4249.7,-936.49,12,85,346
4,4940.74,4360.66,-964.475,86,72,340
3,4816.49,1983.04,-793.2,10,75,165
2,7953.03,32535.1,235145000,21,148,1919
0,15699.8,156629,-8165.2,71,359,6068
2,6201.36,8025.98,-3550.2,9,106,549
5,3820.99,451.748,-694.03,3,36,35
4,3415.57,688.802,313.59,6,31,53
0,7034.7,6789,-3459,28,96,318
1,5229.24,4255.3,-1030.06,17,88,292
4,14733.4,147058,-2436.84,316,308,6057
4,8071.22,11625.9,-669.608,114,128,693
4,3890.8,691.108,-687.06,18,58,43
1,4495.6,1042.65,-400.03,28,62,102
3,8429.74,25516.4,-1281.66,33,157,1519
5,11913.7,68754.6,1185.5,55,201,3289
0,5205.31,4188,-2124,15,88,318
4,7780.39,25034.8,-3877.61,139,172,1412
3,11995.3,61105,-5288.25,29,247,2754
0,28806,545495,-15120,122,691,16964
4,9012.64,27080.2,-2054.36,89,166,1414
1,5994.58,6892.23,-3621.2,25,92,485
0,9203.42,14199,-3623,27,193,774
0,17135.1,171267,-11017,84,436,6524
1,5773.69,1668.86,-1408.76,35,71,103
5,4088.79,6288.56,201.97,15,68,481
3,4996.28,2740.69,-1622.2,10,72,205
5,4888.88,1656.01,-248.156,175,76,147
0,12483.4,50166,-6551,149,249,2393
4,3720.82,540.603,-885.62,4,43,52
5,18819.9,224211,-1674.83,48,336,8195
0,29010.4,763828,-18757,115,781,21881
0,10528.5,16169,-4360,127,166,770
5,6579.4,2189.45,391.31,8,76,165
4,12707.5,57407.7,-1018,49,220,2461
4,3693.47,431.764,-797.71,2,36,35
1,8526.61,13971.1,-2919.98,279,170,771
0,9642.8,45915,-4686,63,229,2254
3,10832.4,39550,-1040.66,30,196,1997
4,9683.21,26344.5,53417.5,102,174,1415
2,4479.29,1059.55,-358.33,28,62,102
4,13478.3,95819.8,-50.8973,52,294,4249
0,11699.7,26065,-4220,49,205,980
4,4772.96,536.266,342.82,28,65,35
2,12643.2,85141,-3831.47,53,291,3799
0,4223.75,490,-537,16,51,35
2,9954.89,10429.3,-2645.72,104,154,587
3,9351.27,28616.9,16289.6,160,179,1626
2,13352.1,85899.7,104720,53,291,3799
4,13008.8,55438.5,6153210,143,218,2391
4,8044.74,8918.9,2659,39,144,553
2,11614.5,73675.6,-4729.18,28,249,3630
3,5678.13,4597.84,-903.34,20,88,292
0,13846.5,81961,-8368,47,283,3380
2,15225.6,251514,16785.1,100,346,7851
0,12561.6,58455,-6627,127,250,2534
5,9855.85,40394.1,196567,97,207,1995
4,7447.08,19401.3,-2249.37,36,119,973
4,8159.45,8647.93,1962.2,40,144,553
3,3406.29,671.578,-153.86,3,31,53
3,10793.2,31955,-1947.83,133,203,1580
1,15407.5,101961,-1663.66,126,283,3965
5,7961.24,12589.9,682997,25,130,694
0,6511.57,8111,-3585,20,112,518
0,20435.9,260889,-12173,66,457,8864
0,12443.6,75380,-5810,38,252,3212
0,10367,49985,-6097,23,208,2395
2,8589.68,9761.85,-1607.35,15,135,587
1,4053.71,768.155,-2336.6,9,54,64
5,11851.2,61673.8,906001,183,237,2672
4,4769.59,1560.69,-1370.1,5,70,131
5,4505.52,2506.19,-814.53,27,63,184
1,3271.06,585.53,102.01,3,51,45
3,4510.19,1987.91,-578.341,114,66,166
3,4527.32,989.483,-761.39,21,66,101
4,3392.3,672.504,118.33,3,31,53
0,8387.46,20518,-4445,40,174,1164
0,7278.41,11327,-2507,33,125,689
5,3890.7,2387.34,-1133.3,23,63,184
5,9073.74,22428.1,-1257.51,104,143,1017
0,9074.46,12262,-2786,43,157,622
4,9317.11,27046.5,-1058.36,152,158,1403
2,6177.5,8175.53,-3623.9,10,106,549
3,9658.8,30492.3,-432.324,222,171,1747
3,10809.4,37881.7,1387.71,35,205,1751
3,4650.32,1005.96,-1087.9,19,66,101
5,12094.9,70658.3,1534.2,50,201,3289
0,13459.1,100453,-7683,66,309,4247
0,11776.9,40142,-5581,42,232,2056
5,12094.3,80670.6,-4091.24,81,272,3539
0,13356.6,143955,-7836,255,314,6057
3,12120.6,33420.7,2873.2,43,210,1213
4,3500.44,686.603,463.01,5,31,53
2,22124.8,351810,-1984.56,277,440,10967
1,4450.35,1059.86,-373.55,28,62,102
4,10105.4,34693.7,-532.347,110,176,1922
3,4298.13,515.311,203.55,23,65,35
3,13826.7,142646,176382,202,308,6057
2,6237.82,4176.67,-1425.79,82,88,318
3,8941.64,12225.7,-1342.51,125,136,619
1,5066.57,3143.79,-2718.8,4,65,202
2,6098.04,11188.6,6084.38,247,102,764
5,3606.41,471.875,-787.93,4,36,35
2,4727.87,2032.63,-114.93,12,75,165
3,3843.45,382.272,737.06,11,54,28
3,14061.1,85909,-1747.02,51,291,3799
0,7549.37,8996,-2841,6,118,455
5,4333.41,515.517,468.43,22,65,35
3,4038.66,2341.13,-1019.7,14,63,184
3,9919.78,27021.2,-558.18,148,174,1415
5,15561.6,158929,1347,102,310,6737
2,3862.59,1456.54,-846.206,128,52,133
0,8035.89,8791,-2323,18,118,486
0,12407.4,57885,-7468,42,268,2607
5,4516.3,2363.05,-565.95,3,61,184
4,9260.36,38894.1,-1931.91,73,196,1885
2,4057.31,1463.03,-724.959,159,52,133
0,16359.7,191743,-9391,74,376,5854
3,12211.5,33353.5,911.24,44,210,1213
0,12282,67246,-4383,63,249,2903
5,3798.89,552.435,-524.46,6,43,52
5,3735.01,431.927,-761.03,3,36,35
3,13738.3,53640.9,4845670,133,215,2188
0,8947.56,23763,-3870,42,184,1409
5,5759.15,4740.74,-17.3736,62,86,367
5,5520.47,2327.4,-286.81,9,75,165
3,11061.3,56098.3,-843.999,173,209,2967
2,8073.46,9509.42,-2863.97,199,130,490
4,3816.69,471.103,-1005.2,2,36,35
5,3666.35,584.635,-337.08,14,43,52
4,12530.1,42288.4,-4465.35,244,278,1938
1,4348.22,975.376,-761.31,4,55,88
0,7411.93,20355,-3594,28,179,1163
0,12545.8,47917.9,-4807.4,35,217,2056
0,6381.59,16412,-3153,9,117,1014
3,9792.06,38553.8,-3618.26,40,180,2054
4,3860.16,421.204,1070.3,18,54,28
2,6343.61,8143.23,-3161.6,10,106,549
3,6086.77,11574,-590.481,32,105,765
2,10314.9,37504.2,144.226,37,235,1818
5,18494.2,202985,-4131.67,162,390,7459
2,19706.2,348350,-5205.97,249,440,10967
0,16318,191669,-8499,230,358,7337
0,12047.6,77124,-5173.72,59,247,3371
0,6850.9,4364,-2641,19,111,272
3,6139.33,5068.01,-944.317,115,96,347
3,8406.62,4465.94,953675,46,131,271
0,11684.9,73950.9,-4953.75,23,249,3630
3,8218.18,4633.68,135728,90,131,271
5,4339.44,2179.49,-1002.9,7,61,184
2,9990.53,50924.6,-4720.93,126,224,2192
4,12219.7,40894.6,5493.47,67,278,1938
4,3634.67,494.274,-781.47,3,36,35
0,9500.3,50262,-4365,35,190,2743
5,8272.37,12409.2,-1600.36,208,117,519
5,10384.5,28534.1,-630.872,176,158,1403
2,4804.4,3820.14,-1652.83,16,79,317
0,10528.8,44295,-4477,24,169,1467
0,12685,78990,-4211,35,228,2978
2,7107.56,5418.05,-904.996,47,79,292
0,9995.3,27819,-5397,158,195,1521
4,3371.38,670.749,93.748,7,31,53
5,8062.71,16218.4,-368.851,31,134,970
4,7746.23,9596.85,583.954,192,138,554
2,3966.1,2088.82,-1616,4,63,184
4,6849.81,16163,-1955.3,21,125,1014
3,6961.1,13299.9,692.972,20,96,804
2,4279.08,2246.13,3707980,181,54,165
4,4821.22,1567.97,-1018.8,5,70,131
1,4769.39,2846.82,-1406.08,117,77,244
4,8261.66,27280.7,-2300.12,21,156,1521
1,12340.8,49616.5,-3371.38,227,262,2394
5,13879.7,51478.6,301286,147,298,2196
4,9567.48,12545.5,-1427.57,73,128,693
3,13833.9,86772.7,-3740.59,60,291,3799
4,4233.27,6226.1,117.16,32,68,481
3,6684.27,13502.5,-366.688,176,96,804
5,4203.03,2416.45,-831.87,30,63,184
4,3908.54,2365.79,-1451.2,19,63,184
0,8131.59,2434,-1782,15,110,134
2,14562.9,251257,-3501.06,107,346,7851
0,4992.37,1444.68,-1253.3,19,72,115
5,4110.33,2412.96,-1042.6,29,63,184
3,10130.2,38443.7,1265.03,15,193,2118
5,16256,178398,2803.38,72,367,7087
2,7392.76,12909.7,-898.194,8,123,726
2,15333.5,100261,-3015.92,41,281,3974
2,4528.28,1995.54,80.148,17,75,165
4,12977.7,63519,4624.7,45,279,2979
3,7765.17,6523.11,-1238.13,94,113,399
2,20625.3,171233,-6360.77,331,449,5537
4,3783.86,541.864,-649.88,6,43,52
5,4873.98,1971.13,-916.238,113,66,166
4,9212.57,11164.8,-1125.8,126,156,654
5,9015.57,11517.2,-351.499,41,156,654
3,13155.3,60788.8,-1290.09,30,247,2754
0,18218.5,260837,-10300,61,403,10236
3,3617.96,540.076,-843.03,5,43,52
3,20672.5,251685,28269.7,289,540,8870
4,6844.56,7147.63,-1554.95,20,118,426
4,6389.16,3581.1,894.68,19,101,206
0,15391.2,223571,-8300,88,333,8334
2,5797.27,7661.06,-857.574,10,104,457
0,12574.7,57889,-5598,166,262,2326
3,3487.78,708.689,-291.86,6,31,53
0,15768.9,196429,-8144,62,367,7586
0,10397.2,63745,-7230,81,244,3292
4,5051.3,3083.6,-394.57,31,65,202
4,4247.34,2389.66,-932.02,25,63,184
1,9185.89,17210.7,-3357.06,36,183,931
3,4263.65,2384.16,-748.98,14,63,184
2,22831.9,354044,-430.621,91,440,10967
0,9668.71,21528,-3698,94,171,1160
0,11987.8,72940,-3892,17,303,3459
5,15355.9,79006.1,12516000,125,320,3466
3,12598.5,38166.5,-893.718,32,235,1818
0,14718.2,134636,-8450,44,311,4925
3,6284.36,3461.41,109950,21,101,206
4,4373.78,2455.13,-1241.6,24,63,184
2,7716.66,9347.69,-245.662,197,138,554
5,9552.09,19342.3,1280900,39,157,1113
0,15081.4,105874,-9842,195,321,4247
4,10332,36349.9,-4664.53,187,208,1691
0,5676.23,3653,-951,24,75,187
3,4620.36,532.994,167.41,22,65,35
5,14428.3,50032.3,345.552,190,298,2196
2,3986.65,2181.93,-516.348,183,54,165
2,3871.3,2300.5,-1037.5,8,63,184
5,3618.47,597.404,-71.339,15,43,52
2,4088.29,2095.35,-1917.8,4,63,184
3,4911.96,2599.12,-903.63,12,72,205
4,6002.84,5113.55,-629.975,79,86,367
4,13541.6,90810.6,20748900,216,254,3885
2,8404.58,10567.2,-1250.01,14,139,587
0,24727.9,649136,-18776,108,721,20441
4,14094,69261.7,-3881.9,112,224,2192
1,3845.08,1218.43,-941.64,9,55,88
3,3573.29,700.382,167.81,4,31,53
1,6723.79,17140.3,-2702.9,7,128,1065
3,4528.59,2559.21,-816.17,23,65,202
0,7200.48,21532,-2783,186,146,1308
3,6775.65,10515.8,-1023.92,23,109,689
5,3945.42,476.846,-865.06,2,36,35
4,4686.24,2442.81,-593.64,21,63,184
4,3388.9,664.323,340.53,3,31,53
0,7329.37,15991,-2582,19,159,889
5,4199.54,2951.73,-626.92,21,65,202
0,10233.7,60306,-5464,73,225,2824
2,16791.9,164295,-856.026,222,352,6744
0,6104.64,8225.33,-2183.12,10,98,582
1,7851.15,13821.1,-2328.89,280,170,771
4,14611.1,96274.8,-80.0006,234,294,4249
2,4222.89,6143.56,-179.54,20,68,481
0,9582.78,24374,-3804,20,179,1310
0,11150.3,45780,-3514,31,177,1748
3,5893.28,12939.7,-1091,19,103,883
0,6532.54,11366.3,-2560,20,114,691
2,4597.74,1979.91,13997,109,66,166
0,18407.1,223995,-9082,263,435,8093
1,5480.09,5616.47,-1347.6,5,89,425
3,20375.1,198417,783.498,219,403,6746
4,3697.93,488.472,-816.78,1,36,35
3,9648.27,39773,-3766.64,79,196,1885
5,10409.4,25348.3,-1227.47,45,189,1361
0,7839.2,9835,-2939,16,140,620
0,10057.8,17330.6,-2757.23,15,145,888
2,12033.3,37680.8,-391.133,159,235,1818
3,19982.4,251448,-12317.8,281,540,8870
2,3990,763.503,-1777.1,13,54,64
0,8817.92,9940.93,-3348.82,15,154,557
2,3994.11,387.707,1015.1,11,54,28
4,13070.1,41062.6,118524,53,278,1938
5,7334.55,6854.13,-832.438,99,95,427
0,12748.2,78968,-5619,31,258,3624
0,7560.93,10042,-2681,27,118,654
0,4804.99,912,-1492,5,66,64
3,6707.35,10399.1,37762.9,27,109,689
0,9104.74,27457,-3118,53,140,1410
3,8494.38,14114.4,26300.5,98,140,845
2,16721.5,159835,-1850.45,221,352,6744
4,6630.04,11505.9,-1161.09,151,111,651
3,14433,53004.6,-1992.19,225,288,2334
3,5874.81,13343.8,-1395.5,11,103,883
5,5190.04,3084.68,-757.61,30,65,202
4,4654.03,1960.4,-1033.44,113,66,166
0,7049,12723,-3705,27,149,805
4,12996.6,57194.1,-4531.76,121,224,2192
1,4539.39,1042.17,26.562,28,62,102
0,9575.7,27887,-2299,35,186,1416
4,12608.2,57126,-1315.3,46,220,2461
4,3661,561.52,-552.81,6,43,52
3,12398.8,74831,-1932.12,32,249,3630
4,15273.4,88908.5,3068.9,86,289,3710
0,6791.56,10569,-1259,19,132,586
0,9819.24,62058,-4877,25,234,3052
3,3352.55,682.631,72.662,5,31,53
4,10299,26669.5,-1722.87,149,172,1412
2,14670.1,250521,-7607.37,103,346,7851
4,13665.6,79019.3,47931.3,66,272,3539
5,5541.02,1797.18,-815.568,185,76,147
5,9085.05,22021.5,-1381.35,122,145,1156
1,15660.4,102366,2485.41,45,283,3965
3,6245.11,3696.62,1031,23,101,206
2,6238.02,8103.78,-3532.2,11,106,549
5,18146.2,198005,-854.689,166,390,7459
2,14680.2,250448,-7599.63,103,346,7851
3,15681.4,88611.5,1189.86,106,301,3369
5,13001.8,67021.1,2756.4,173,325,3143
4,11157.5,52644.9,-4434.25,125,224,2192
3,4426.49,1025.09,-586.75,28,62,102
5,3615.86,498.163,-1053.8,2,36,35
0,18143.5,97301,-7136,94,373,3556
0,12813.9,75836,-4582,77,255,3294
4,14033,79454,1618.64,279,320,3466
5,8920.64,21225,-1671.77,107,143,1017
4,4557.15,2278.65,-786.98,3,61,184
1,4157.75,1325.04,-1168.1,1,57,129
2,8542.65,11884.4,-2116.36,8,128,693
0,7759.02,12082.8,-2671.08,23,136,732
1,3825.89,1200.18,-538.34,10,55,88
0,5252.61,2226.53,-1529.1,11,88,164
5,4230.38,424.123,672.35,11,54,28
3,4468.23,1679.5,-614.14,5,61,134
4,7971.33,9298.8,-474.083,211,107,517
2,7621.64,8939.24,22.065,16,130,515
3,12103.9,36819.4,-2113.16,204,225,1755
4,10984.4,39558.2,-344.052,30,193,2118
3,4537.69,2040.92,2090.86,5,63,166
0,15785.5,123102,-8574,100,317,4724
2,7171.68,4058.57,17187.5,7,101,249
5,5213.2,2503.52,-631.55,13,65,202
0,8188.74,25571,-3347,57,139,1254
3,11784,53098.4,-1121.05,152,218,2391
3,5091.12,3002.21,-2023.8,3,65,202
4,5550.2,2218.99,-204.44,29,75,165
2,22740.6,516371,2199630,248,540,18067
1,5118.33,3063.31,-2278.5,4,65,202
3,4422.3,1934.94,-793.516,197,63,166
5,8149.12,14148.7,786.24,46,127,802
0,5360.99,6627,-2032,6,68,368
0,16263.7,140452,-8482,54,369,5536
2,15463,99304.6,2464850,53,281,3974
1,4974.21,3039.34,-1840.2,4,65,202
2,15555.7,99670.9,-1180.17,44,281,3974
5,3417.16,566.013,174.67,11,51,45
3,14904.8,78131.5,36493.1,69,320,3466
3,9154.9,30429.8,-3399.7,216,171,1747
5,16154.9,213843,49818,281,336,8195
0,21645.3,261098,-10275,137,441,7591
1,5307.21,4048.54,-996.52,12,85,267
4,5862.51,1136.19,-1516.1,9,57,76
0,34811.4,1245850,-21687,211,872,30795
5,5407.56,1006.55,-1865.8,9,57,76
5,3799.51,583.198,-737.52,13,58,43
3,15758.8,166680,-998.981,52,320,6391
4,3737.41,592.438,-732.89,5,43,52
5,4904.33,1069.99,-597.05,10,62,100
4,7751.89,13765.8,257.659,39,170,771
4,4663.35,6763.16,-948,25,68,481
1,7747.66,13249.3,-2645.3,2,125,694
4,3707.13,475.473,-885.61,2,36,35
0,15018.4,104676,-6693,46,311,4066
1,3849.8,1215.3,-425.78,9,55,88
3,13553.7,87285.8,5547.94,54,291,3799
0,9483.35,37195,-5168,25,196,1689
3,9775.04,30266,-2346.36,33,171,1747
5,6955.78,6983.11,-487.875,103,95,427
5,5343.19,2234.7,373.43,43,75,165
3,10199.5,37029.1,168696,39,196,1997
4,18037.2,197109,-7971.46,166,390,7459
0,17361.4,208506,-9840,214,376,7705
2,4052.06,2140.74,1536950,183,54,165
5,14227,52666.7,10060.8,175,288,2334
1,5249.83,4789.5,-1438.95,19,85,343
3,8620.68,25475.6,-1480.84,122,157,1519
5,6483.79,3833.11,148.44,23,101,206
1,11790.5,68785,-2354.1,197,247,3373
5,14349,102439,-4348.29,231,281,4061
5,4066.13,2824.49,-1431.8,29,65,202
0,13851,97433,-6459,85,270,3796
3,10563.1,37117.8,-1232.56,106,205,1751
5,8161.99,12565.1,56985,29,130,694
0,6560.66,4315,-1056,36,104,316
0,22075.1,201800,-9148,101,467,7223
4,18878.3,159020,96449700,145,359,6068
0,8508.65,15811,-4015,59,155,850
5,18649.3,163419,340.855,220,352,6744
4,5797.79,3972.86,-722.61,17,100,294
0,14283.4,204471,-7007,63,329,8077
3,4021.27,2440.97,-1122.8,25,63,184
3,9675.95,39640.1,-889.618,129,207,1995
3,9185.43,26866.1,-2141.63,179,158,1403
1,6370.01,4331.9,-925.33,14,106,318
3,7112.43,9228.11,-794.061,17,138,554
0,6572.69,6776,-2235,12,120,429
3,4850.13,2725.55,-694.63,13,72,205
5,10590.2,23249.5,979.763,36,176,1313
0,15330.6,200847,-6703,58,332,8071
5,6702.88,5822.73,-659.35,13,105,371
2,6180.1,8077.76,-3816.2,9,106,549
4,13016.8,63173.1,4842.1,44,279,2979
3,16398.7,167456,23697.5,48,320,6391
5,10227.1,44009.2,1224.98,217,159,2181
1,11777.7,69661.4,-4805.48,52,247,3373
3,4444.6,2689.98,-804.29,14,65,202
4,4452.2,2218.13,-1760.4,5,63,184
5,5218.52,2825.68,-746.29,7,72,205
2,7756.56,9411.56,-2414.97,199,130,490
2,3716.13,1959.86,-441.17,5,43,161
1,6561.11,2065,-906.269,32,71,103
0,5628.7,5256.35,-1836.7,21,99,372
1,4449.13,985.886,-1509.5,14,66,101
0,8413.92,8778,-2836,11,108,317
3,4764.68,3028.06,-731.887,156,71,249
2,7894.31,12825,-1928.25,15,132,806
4,5866.82,1085.85,-1445,6,57,76
3,4456.2,2799.52,-1348.3,26,65,202
4,5572.4,1086.49,-1710.6,10,57,76
2,12399.2,49403.6,153626,177,262,2394
4,9042.45,9906.66,-1278.06,258,154,557
3,4207.24,1991.93,-757.45,71,63,166
0,6940.64,7872,-2576,26,97,315
0,9750.72,57010,-3265,41,203,3127
5,5932.79,1075.04,-1516.7,6,57,76
1,5438.2,4044.77,-1234.9,11,85,267
2,3802.51,2068.12,-1803.1,3,63,184
0,37563.7,1073140,-22125,184,775,25801
0,4121.28,1810,-1462,17,67,148
3,6663.76,5726.42,-1082,15,105,371
3,10700.4,43688.9,-707.991,121,197,2257
0,9137.27,16652,-1355,35,116,767
2,21702.8,410495,-11.1998,72,473,14125
5,3502.37,397.942,1426.4,11,54,28
3,3570.34,709.753,146.05,6,31,53
4,4333.79,704.196,-433.58,17,58,43
5,3412.32,669.685,87.861,6,31,53
5,6619.74,1902.47,-1081.31,68,84,136
0,4640.24,3504,-1343,19,85,268
4,6449.1,1870.96,-1187.12,15,84,136
5,8375.83,9935.59,-1330.42,198,138,554
5,10801.8,57322.2,-4322.49,197,223,2822
2,7946.11,32851.8,2656.09,20,148,1919
0,24447.2,666240,-12312,69,551,17503
3,3737.14,471.103,-558.82,2,36,35
5,9711.76,29589.7,-1206.91,27,156,1364
4,5665.63,4591.46,1762550,74,86,367
4,3761.46,567.675,-587.96,7,43,52
5,6782.81,9646.61,949.53,24,115,547
3,23726.2,267505,-779.552,279,537,8350
1,5889.15,1693.02,-1401.53,38,71,103
0,10170.7,53420,-4262,6,191,2596
3,8019.66,8887.59,1173.3,31,144,553
0,7055.63,8434,-2295,21,110,452
1,7060.33,12507.8,-1283.25,7,123,726
3,4079.76,2447.25,-1048.6,25,63,184
0,9572.85,23905,-3604,22,171,1259
2,4559.57,6164.35,29.95,20,68,481
2,3968.57,366.424,690.48,11,54,28
3,11533.7,44871.4,-2895.11,85,166,1414
3,4898.43,2089.09,-792.32,3,75,165
5,22451.5,270744,104958,319,468,9276
1,5076,4350.66,-1529.74,17,85,343
4,3275.38,674.471,230.3,6,31,53
2,4368.8,718.234,-477.83,17,58,43
5,4731.67,6438.4,-145.14,18,67,481
2,16877.6,162690,-712.888,223,352,6744
5,11499.6,38186.9,939.788,122,219,1875
3,4034.6,1173.25,-615.56,12,55,88
1,11541.4,42322.5,-5024.38,156,227,2059
3,8278.32,14548.2,-1513.68,107,140,845
5,3495.95,678.177,77.516,3,31,53
5,3530.87,557.302,146.6,15,43,52
3,19465.6,250084,-11437.2,298,540,8870
3,4653.24,550.165,184.51,20,65,35
5,9899.64,23389.9,-13.552,53,176,1313
4,10182.4,22366.9,188973,116,182,1212
3,6252.06,12928.5,-792.29,16,103,883
4,6681.98,5992.24,-920.513,93,95,372
2,4861.28,1726.77,-1172.4,2,70,131
5,3466.16,479.346,-684.98,1,36,35
4,4445.72,6047.97,80.089,12,67,481
3,9531.61,39372.8,204449,73,196,1885
0,13385.7,158829,-6132,65,306,7090
3,9411.57,12208.8,305.47,23,152,693
4,5216.96,1715.27,466400,10,76,147
3,14737.9,68217.1,3300.15,49,325,3143
2,3867.86,1986.45,-298.545,5,43,161
2,5764.3,4165.81,-1407.9,10,88,318
5,5918.27,8184.49,-1780.1,27,99,583
2,3896.05,2105.27,-1211.9,5,63,184
5,5058.04,1557.4,-1366.1,6,70,131
2,7050.7,5657.26,-1359.35,42,79,292
4,4219.25,1214.79,-1058.4,13,59,101
0,11397.3,27838,-2172,29,179,1262
1,4393.77,2568.75,-970.13,9,72,205
4,5968.85,11780.4,59999200,78,102,764
5,6082.29,22191.8,5186.73,78,128,1255
3,6157.29,5362.69,-676.724,8,99,321
3,6237.76,5036.84,-814.759,15,96,347
4,3299.17,666.072,64.338,2,31,53
0,19455.7,285566,-8779,24,364,6986
0,14357.9,125073,-6850,42,285,5212
5,6089.14,1125.78,-1100.2,6,57,76
0,15580,115660,-7995,156,333,3634
0,24928.8,479151,-10883,86,489,8876
5,10294.2,33709.5,132.312,55,176,1922
4,10305.4,48085.2,116835,66,190,2118
3,8877.71,38663.3,-338.005,69,196,1885
3,5536.1,1039.83,-1588.3,6,57,76
3,4635.28,2198.65,-1581.4,11,71,188
3,14700,87816.3,293.12,102,301,3369
4,3976.61,610.453,-870.55,4,43,52
4,13078.3,61049.9,-4950.72,38,247,2754
0,5657.02,6911,-2187,14,94,482
0,13918.4,106178,-8856,50,308,4156
4,9174.14,11354,-1170.82,42,156,654
4,3777.35,523,-633.85,5,43,52
0,6262.83,3513,-3010,7,77,167
0,9867.62,22410,-5116,46,206,1165
3,14707.1,136931,510713,198,279,5626
4,4174.75,363.743,1312.9,11,54,28
2,5575.77,3649.43,-611.798,9,85,269
3,6322.43,10215.9,-1072.33,27,109,689
3,3672.54,440.279,-916.74,2,36,35
2,9938.19,10128.1,-2575.87,100,154,587
1,11155.4,69097.6,-5170.97,196,247,3373
3,7316.78,14284.6,-659.886,27,120,809
0,8964.04,31004,-5077,15,163,1633
2,4053.11,6096.26,-482.91,38,68,481
1,5232.78,4525.32,-1286.87,21,85,343
3,10029.1,24852.2,-602.795,44,177,1313
5,3641.86,593.706,-339.52,15,43,52
5,3801.89,2223.59,-781.45,39,63,184
4,4338.11,2071.06,430.46,21,75,165
4,9064.22,13849.8,-1986.57,13,148,729
5,3680.23,535.513,-510.65,3,43,52
5,9673.46,11301.8,14041.2,251,154,557
5,4949.74,6389.19,-140.42,25,68,481
4,15915.8,157643,2700.8,105,310,6737
0,10367,43555,-5765,149,214,2321
3,5730.4,4068.33,-923.777,82,88,318
4,4117.52,428.972,575.37,11,54,28
5,4512.17,2675.39,-1171.3,24,65,202
3,9658.82,10190.5,-3493,96,154,587
0,21019.5,221333,-8210,287,402,6866
1,3819.41,640.907,-392.18,24,50,42
0,12479.7,68088,-7615,42,260,3137
4,8468.41,15781.6,412238,37,160,976
0,18545.8,266047,-12163,85,481,8479
2,6395.81,8089.93,-3452.8,5,106,549
3,16024.2,165830,-996.689,52,320,6391
2,10926.3,68091.2,-3040.21,42,247,3373
0,8249.55,9246,-2599,16,120,483
0,11324.7,51425,-5248,140,237,2607
2,4513.37,2507.26,-1110.1,14,65,202
3,10340.4,27221.7,-2422.05,20,172,1412
2,20748.6,153557,-3535.22,328,449,5537
2,3288.35,1268.52,11479.9,2,40,100
0,8854.42,16561,-3141,17,108,486
5,6502.83,14126.3,-1287,19,103,883
5,8161.55,10339.6,-1625.99,223,139,587
0,16790.2,186612,-8862,190,360,6978
1,14565.9,102922,-4325.66,46,283,3965
3,19860.2,238514,-11862.4,298,537,8350
3,5518.7,2604.43,69.494,8,81,169
5,4346.9,639.37,-439.95,12,58,43
0,13096.8,69278,-5785,52,227,2605
0,8974,16556,-4562,56,206,809
4,10286,27535.8,-1277,59,194,1521
2,22638.3,515158,-12139.3,335,540,18067
3,3674.99,483.034,-884.46,1,36,35
3,6889.86,17228.8,-2494.3,12,128,1065
4,9033.1,16835.9,-3319.15,28,172,973
1,6959.42,4539.46,-2177.7,5,110,294
4,4105.5,2550.84,-684.41,16,63,184
2,5358.17,1430.27,-1439.79,42,71,103
4,7882.09,11360.2,-1791.52,117,156,654
4,3594.84,502.656,-629.19,2,36,35
0,5044.38,3017,-1693,5,72,223
4,12161.7,68818.4,1655.6,158,262,3211
3,8269.83,27001,-3714.69,104,172,1412
2,3995.34,2220.27,-832.25,10,63,184
0,5281.12,3827,-2712,0,71,224
0,5830.89,6473,-1965,13,97,454
2,3853.13,369.632,1133.5,11,54,28
5,5587.91,1955.91,-893.087,176,76,147
1,3738.66,1193.84,-775.06,9,55,88
2,4404.77,525.868,124.52,23,65,35
4,8988.24,28084.7,-1800.79,23,156,1364
4,6494.52,7287.76,-1378.07,78,118,426
4,5630.69,10965.8,546.191,22,102,764
2,4555.46,1028.1,-1237.2,28,62,102
2,6102.1,4176.48,-1426.57,82,88,318
5,3892.38,2301.09,-491.84,29,63,184
5,4167.16,6029.82,265.55,36,68,481
5,3673.45,2508.4,-1187.9,28,63,184
5,4659.07,1120.7,-830.6,15,62,100
3,6329.92,10247.8,3633.36,24,109,689
2,7683.15,9057.85,96322.5,16,138,554
5,6453.45,4335.57,3806.09,136,101,270
3,4937.01,2881.56,-1068.08,108,67,224
3,12951.5,90628.1,-4032.5,243,254,3885
3,5758.34,7595.86,-1324.8,11,99,583
5,14360.7,47885.5,8088300,134,298,2196
3,7054.56,13805.5,36892.9,86,120,809
4,4840.46,6230.28,2.6524,17,68,481
2,13344.1,43384.5,-3026.68,116,234,1581
0,10451.6,28559.3,-2245.05,12,133,1027
4,20162.8,276306,5591.66,61,420,9137
4,3619.59,549.636,-720.82,7,43,52
5,4146.82,1421.85,7917060,118,52,133
3,9111.26,12426.5,9812.89,125,136,619
3,4439,526.96,354.03,26,65,35
2,7268.22,4105.69,-1206.89,10,101,249
4,3777.05,657.844,-472.28,18,58,43
5,9848.24,36947.2,-24.2912,58,219,1875
0,14562.3,112882,-6103,50,310,4532
5,4682.47,6319.45,338.08,11,67,481
3,8933.4,39562.6,-3938.1,75,196,1885
2,6725.24,4945.65,181816,168,107,346
3,9533.11,16894.9,-1449.82,25,142,844
4,7896.17,19825.6,1303.8,38,143,1203
5,12847.8,61794.6,1095.85,165,223,2822
0,7276.25,5246.02,-1695.92,9,91,272
2,14165.2,166150,-4093.72,38,320,6391
5,3663.73,529.928,-603.44,3,36,35
0,12625.8,105613,-5668,31,249,4156
0,18456.5,309079,-10674,339,448,10961
0,8683.72,23386,-4320,92,144,1305
3,11572.2,38418,-1129.25,34,235,1818
0,5665.27,5370,-2183,14,90,370
5,5401.08,1442.13,22153.4,248,64,90
0,9443.45,34590.4,-4772.13,189,208,1691
5,5900.27,2502.33,251.98,18,81,169
4,3528.81,684.113,-247.29,7,31,53
2,6549.4,11871.8,-931.923,223,105,765
4,5254.21,967.401,-901.935,34,64,76
3,7462.42,14022,11926.9,94,120,809
3,8587.23,12104.6,-535.207,119,136,619
0,13967.2,88591.3,-6670.35,40,291,3799
2,6092.74,8106.75,-2589.9,5,106,549
4,3784.33,571.065,-562.83,14,43,52
0,8817.63,28738,-3393,325,178,1416
3,9278.09,28766.7,-1163.35,137,179,1626
5,10283.1,22971.8,399935,41,176,1313
3,4171.07,1669.77,-845.16,6,61,134
0,6929.55,6514,-2869,19,112,424
4,8828.36,12154.8,2168.33,109,128,693
1,3834.17,641.267,-394.37,24,50,42
5,8859.47,14018.9,-2229.11,272,170,771
5,4454.48,2872.38,-189.22,16,65,202
0,7562.51,21660,-4538,78,139,1359
2,16657.5,163852,-1446.81,219,352,6744
5,6837.68,7451.66,-730.696,65,90,405
3,7703.81,14602.4,211164,84,131,971
5,10426.4,47826.6,-439.668,87,190,2118
5,8769.33,17734.6,-508.586,195,133,890
3,11504.4,43687.1,23037.6,152,223,2059
0,16372.6,169373,-10092,79,407,6634
3,4186.18,1682.69,-350.52,6,61,134
3,10367.2,10497.9,-2201.97,97,154,587
5,15678.7,162786,3594.1,99,310,6737
2,5250.7,3631.43,-1182.11,61,85,269
0,17334.1,218754,-11327,113,421,8088
1,11406.7,68350.9,-2367.21,193,247,3373
4,15246.6,155260,2812.6,107,310,6737
0,10930,73743,-5916,53,294,3627
0,20937.8,293216,-12713,299,510,9549
1,6876.85,7760.04,-2702.9,12,117,427
0,7857.9,10623,-4583,4,105,399
3,4293.37,2670.27,-1127.9,28,65,202
0,7302.01,12438,-2618,23,162,769
2,5425.1,7644.91,-1290.24,101,104,457
0,10707.6,20770,-2326,21,110,655
5,4294.03,2775.83,-774.88,28,65,202
3,6864.06,11331.9,132998,142,111,651
3,12211.1,37021.8,-1502.32,203,225,1755
0,11593.1,30766,-4805,51,242,1366
2,14532,59199.2,9136.87,153,305,2610
4,8498.08,9115.4,724062,180,135,587
2,5821.29,2467.63,737.67,4,81,169
4,11914.9,53881.1,278.14,44,220,2461
5,4291.3,2098.96,29.905,20,75,165
1,4054.3,5633.69,-821.32,19,68,481
0,17054.4,61240,-7310,72,298,1529
0,16263.1,124352,-10921,92,424,5029
3,6386.31,6298.31,262015,29,92,459
2,17972.5,163185,3.46781,222,352,6744
0,6766.67,13895,-2519,23,132,847
3,13523.1,51692.7,480793,206,288,2334
0,12756.1,71641,-6836,43,237,2980
4,6561.53,5106.35,-1138.54,14,96,347
3,12394.9,55797.7,-1931.4,61,220,2461
0,17452,82723,-4515,86,297,2471
1,9799.92,17129.7,25053.2,97,183,931
1,5375.85,4291.84,-1509.55,15,88,292
5,4622.05,6337.22,-171.71,12,67,481
0,14956.6,229273,-8957,27,344,8598
5,5768.44,2712.34,281.01,10,81,169
0,12725.5,71195,-4867,50,267,3213
0,10251.2,41624,-5599,162,213,2058
4,11839.6,56752.7,-3619.04,162,209,2967
0,16231.7,166413,-9430,86,331,5959
4,8634.29,13597.1,353.938,106,148,729
4,3879.27,460.458,-638.37,1,36,35
0,10500.7,31430,-5835,21,196,1470
4,15340.6,87241.5,3991.7,82,289,3710
4,13442.4,142649,578.434,317,308,6057
5,6314.88,5515.35,-739.25,10,105,371
3,9122.65,25247.8,-506.594,30,157,1519
5,4348.61,2102.83,32.423,24,75,165
2,6934.71,13581.5,132361,178,96,804
3,9604.46,39973.1,-1332.97,115,207,1995
4,22923.6,280896,1083.31,311,468,9276
2,16487.8,165073,338624,60,320,6391
0,9110.43,17086,-2925,25,165,934
2,3931.07,1459.79,-1057.66,128,52,133
4,6970.59,7344.67,306.55,27,109,432
2,3896.12,402.95,899.31,11,54,28
1,7642.91,11202.9,-2097.2,21,121,622
5,6837.9,6929.84,12371.2,105,95,427
5,11664.2,53523.4,180.129,268,215,2394
0,23754.3,334898,-10131,309,498,10985
1,6328.87,8165.35,-1016.1,13,108,549
1,4421.49,2555.49,-857.39,9,72,205
3,8592.53,26719.7,-1790.51,28,156,1364
5,4240.59,2673.01,-1223,31,65,202
3,9860.48,29918.1,-1090.21,223,171,1747
4,10107.1,26756.9,-936.525,22,174,1415
4,5838.89,2532.59,678.76,11,81,169
5,14931.8,103878,314.254,143,281,4061
2,7767.52,9523.84,-2512.2,203,130,490
3,3793.79,448.204,-689.77,1,36,35
5,3488.76,456.625,-670.48,3,36,35
1,5109.84,3125.88,-2536.8,4,65,202
5,5317.08,1332.41,-319.32,28,64,116
5,8464.16,10552.7,214.426,30,139,587
4,13209.5,59815.4,-1434.02,170,223,2822
0,10700.5,56569.5,-5431.31,201,237,2672
5,3661.05,484.057,-1029.3,1,36,35
5,3956.29,2276.97,-1747.1,34,63,184
3,12548.3,71630.2,494819,175,262,3211
5,9750.04,30505.5,524221,140,179,1626
2,8290.14,33447.1,9699.99,97,148,1919
3,4177.66,1676.71,-991.7,5,61,134
0,9180.52,39240,-3490,48,183,2054
5,12371,59223.8,825.796,185,223,2822
3,9789.39,16666.7,19327.2,164,172,973
0,31407.1,902141,-22365,114,745,22735
4,22420.1,280874,330.977,59,468,9276
2,8671.26,12033.8,-1499.17,8,128,693
5,10962.2,50371.1,-2052.96,129,209,2534
2,4110.3,2273.36,-1215.9,15,63,184
3,9579.77,39916.1,-3561.26,74,196,1885
5,13617.8,95844.9,-79.3306,220,294,4249
0,10784.3,41619,-6288,54,213,2194
2,10499.8,58030.5,-256.914,163,217,2904
4,4656.2,2415.19,-791.74,23,63,184
0,25330.6,500726,-13881,134,636,15869
3,5401.88,2500.7,500.47,4,81,169
3,4383.44,6098.61,-221.04,21,68,481
4,6009.29,4399.57,-941.409,19,72,340
3,5707.64,7580.5,-861.79,13,99,583
2,4160.99,698.631,-519.39,17,58,43
1,13215.4,68938.1,120702000,48,247,3373
4,12135,91674.1,-4831.25,217,254,3885
4,4454.59,2979.67,-602.65,20,65,202
3,20769.2,413816,797.103,59,466,14125
3,6887.54,11511.8,-828.899,161,111,651
3,4278.19,517.313,110.51,23,65,35
1,6994.17,13683.2,-2927.8,17,118,762
4,13577.3,142109,634.483,304,308,6057
5,13198,63141.6,4233,48,279,2979
4,12602,45784.4,258432,178,273,2061
4,9789.43,17039.7,-3691.02,23,172,973
5,4182.81,384.358,1559.6,11,54,28
2,10825.5,53595.3,-4623.52,128,224,2192
2,4797.16,2601.77,-481.04,11,72,205
1,4953.49,3034.77,-2224.1,4,65,202
4,3573.88,565.025,12.624,14,43,52
4,8449.59,8783.95,1954.9,35,144,553
2,6564.92,12548.9,-1315.9,5,123,726
5,4739.35,2479.67,589.53,14,65,202
4,3546.18,703.329,147.26,6,31,53
4,3746.85,529.769,-784.39,5,43,52
0,7165.28,13299,-4447,59,135,770
2,10705.2,35164.4,73992.9,202,208,1691
5,5168.96,2823.83,-901.91,17,65,202
1,3880.7,2050.95,-1704.7,3,63,184
0,10979.4,45220,-4921,28,215,2188
2,15638.6,100376,-2931.21,38,281,3974
4,21012.5,413528,-1043.58,102,459,14125
3,15667.1,90636.6,-2065.03,131,223,2059
0,13495.3,132598,-7927,218,301,5529
5,3722.01,577.355,-532.31,14,43,52
5,6749.42,22158.1,17281.9,86,128,1255
4,14396.4,58874.6,-3922.47,144,224,2192
3,10185.1,29595.2,-1431.3,112,166,1111
1,5973.82,5172.94,-670.07,7,105,371
0,7914.7,33583,-3071.46,18,148,1919
0,18598.2,219143,-11177,66,452,8092
5,6906.49,9918.1,1310.7,24,115,547
2,20669.1,347798,-3856.65,295,440,10967
5,4018.95,2430.74,-292.62,28,63,184
0,11960.6,60238,-8040,41,280,2899
3,8954.76,12115.7,2098680,118,136,619
0,14306.4,98345.9,-6331.33,35,281,3974
0,11064.6,62438.1,-5590.75,262,245,3058
3,8662.3,12063.7,-1212.99,95,128,693
4,17786.8,159590,207.928,214,352,6744
4,9526.31,12072.3,-286.53,23,152,693
3,5067.25,3003.6,-2434.2,4,65,202
5,9614.95,10010.6,573966000,167,154,557
0,19188.4,131660,-8669,83,391,4634
5,14617.1,95056.9,11376.1,257,294,4249
3,7289.76,17493.1,-2088.7,9,128,1065
0,7639.4,15450,-3204,286,146,890
0,3976.66,1588.92,-1225.6,11,61,134
3,4120.87,6207.1,112.03,19,68,481
2,8972.92,25172.5,-2328.19,72,157,1519
4,8256.78,8785.25,2152.3,41,144,553
5,9604.06,10561.2,29607.9,30,154,557
4,12718.4,72585.8,-868.619,185,262,3211
3,9154.18,23021.6,-3620.48,123,166,1111
0,7678.11,9165,-3651,25,135,613
3,3757.47,385.179,718.95,11,54,28
2,3644.08,1446.96,-798.446,159,52,133
2,4219.32,2235.47,-1209.7,20,63,184
0,19098.5,269466,-10881,66,424,9135
3,3467.92,677.749,253.68,6,31,53
0,8651.28,36885,-5031,14,166,1806
2,4152.31,2175.29,792838,183,54,165
3,13438.3,61309.7,-4843.91,22,247,2754
5,4573.4,2268.74,-1265.6,5,61,184
2,7875.41,9415.71,-2159.07,204,130,490
0,11179.7,40389,-6680,167,229,1933
4,11682.5,32499.9,-882.042,144,204,1692
0,10616.5,62176,-5485,27,265,2905
4,3806.44,6112.98,-283.39,22,68,481
0,9975.6,27550,-4447,65,162,1209
4,6797.74,11223,-828.91,162,111,651
5,6960.57,7332.18,437.451,68,109,486
2,5989.51,7623.57,-1914.04,103,104,457
0,7929.26,8568,-2136,66,154,553
5,5983.59,6768.15,-1005.62,83,86,452
3,8771.13,16134,-1621.23,113,160,976
3,13044.8,90516.9,-4744.96,211,254,3885
4,4071.11,2291.35,-694.55,28,63,184
0,17665.7,262224,-10708,153,449,9546
0,8167.44,13385,-3618,20,146,804
0,5823.92,4978.47,-2113.7,9,100,346
5,8625.96,19343.1,-1191.49,31,143,1025
0,5037.34,1566,-1286,2,68,117
5,3648.07,556.451,-116.98,14,43,52
2,7109.45,12621.7,156849,142,123,726
5,5143.55,4548.68,-1540.52,65,88,317
2,7159.33,12530.3,13911.2,21,123,726
3,10699.6,48371.7,28396.4,94,190,2118
5,3425.01,1284.53,-539.512,29,40,100
0,18165.5,204814,-8886,24,374,7459
0,17765,76543,-8164,435,267,2130
2,8036.7,12938.4,-587.567,15,132,806
5,4625.23,2328.21,-605.58,2,61,184
4,3705.77,545.84,-637.29,5,43,52
3,12233.2,54162.3,-1837.2,49,220,2461
3,4845.51,2025.9,-496.46,7,75,165
5,6389.31,3816.02,1212.2,27,101,206
5,4062.22,2460.15,-773.86,29,63,184
5,12027.6,35914.9,-1692.37,199,225,1755
0,11473.8,67436,-6321,35,300,3297
0,12332.1,85742,-7471,52,326,3891
2,8432.22,32967.3,6038.93,94,148,1919
5,7184.81,4447.97,-1722.83,134,101,270
0,14297.9,53118,-6987,24,280,2331
0,9807.82,29216,-4279,260,206,1692
3,6026.29,13127.9,-954.42,16,103,883
4,14245.4,52595.3,1350.5,57,288,2334
5,6660.31,7532.44,1089.3,34,109,432
4,19567,274282,5681.9,309,420,9137
4,15138,90920.9,6991210,109,254,3973
3,14368.2,87444.8,722575,53,291,3799
4,3656.79,719.58,91.636,6,31,53
3,8470.85,14313,-1498.27,99,140,845
5,4634.26,2387.57,-928.12,5,63,184
0,12128.2,108562,-5961,99,302,5020
5,15903.2,157386,2162.8,90,310,6737
4,15534.4,87368.2,3349.7,76,289,3710
0,9634.52,47131,-2703,112,208,2392
2,12259.7,73386.2,-2002.64,27,249,3630
3,8193.37,9591.18,-1044.85,18,138,554
2,10800.4,36152.2,44216.9,124,234,1581
0,14366.1,173121,-6332,86,320,6522
1,4307.12,2110.66,-1170.3,8,71,188
0,10136.1,49504,-4397,32,215,2678
4,10498.3,41198.8,-4381.67,129,207,1995
0,7673.91,26203,-2847,315,140,1408
5,13092.3,62995.2,-1466.04,196,214,2600
4,9399.6,22725.8,-1225.23,212,145,1156
3,9643.47,27247.8,166108,144,158,1403
4,6865.14,7439.33,185.39,26,109,432
4,4282.45,2476.54,-563.66,25,65,202
2,3933.61,823.836,-2236,15,54,64
1,5422.87,5122.95,-2003.02,6,99,321
4,7523.12,26580.7,299077,21,156,1521
0,18942,164643,-11506,308,460,5862
1,5591.24,4762.29,-952.291,18,85,343
5,3885.63,2276.98,-1211,26,63,184
3,6287.5,13138.2,-1269.3,13,103,883
3,5854.96,7813.79,-1253.1,12,99,583
4,5316.48,4568.42,-1535.2,16,85,343
0,21151.2,344638,-10612,100,480,12026
3,9170.52,27512.3,-3246.47,106,166,1414
2,4515.6,545.18,298.28,22,65,35
2,6058.55,8154.98,-3205.7,6,106,549
2,7343.2,4088.74,-1454.36,70,101,249
3,3378.67,613.222,-62.341,17,51,45
5,4418.83,2816.12,-619.47,11,65,202
1,8617.78,9246.76,139622,170,135,587
0,6457.93,11533,-2168,59,108,765
0,9309.07,72643,-4931,36,216,3454
5,4042.44,6295.76,-126.25,35,68,481
0,8308.81,33486,-4184,17,155,1808
4,5454.6,3424.95,-633.1,136,51,132
3,13173.2,87209.6,-2333.59,57,291,3799
3,13520.4,61215.1,-1745.13,28,247,2754
3,21029.1,236827,247522000,280,537,8350
2,5152.13,4134.59,-1260.65,17,79,317
1,5537.94,2003.87,-1424,8,77,165
3,13053.4,138873,-5607.56,76,279,5626
0,18686.4,308333,-13330,79,423,10677
0,11971.6,111162,-6193,30,245,4335
5,13029.5,92611.9,947.593,201,273,4429
2,5306.06,3105.29,-615.76,156,71,249
5,12177.9,56574.4,-2377.6,51,220,2461
2,4053.22,2101.23,-1661.8,4,63,184
3,11782.4,56330.7,383.844,23,209,2967
2,5260.48,3462.14,2166.95,2,51,132
2,12665,85416.1,-3905.01,53,291,3799
4,4618.49,2857.76,-1321,25,65,202
0,15180.4,122375,-8474,35,319,5119
1,6826.22,7806.14,-2805.2,12,117,427
0,8996.61,25595,-4984,81,175,1466
5,4892.87,2832.15,-719.94,20,65,202
4,15315.9,88059.9,6342.5,79,289,3710
3,21128.6,200444,328.842,226,403,6746
5,14944.7,177851,-7976.01,190,367,7087
4,3657.36,556.535,-484.56,5,43,52
2,7323.02,5395.69,-632.599,42,79,292
3,9227.25,12402.7,10423.2,93,136,619
4,12292.3,46748,-2193.42,146,223,2059
4,9866.12,25865.2,-527.27,23,174,1415
0,8575.43,31455.9,-4959.06,158,199,1696
4,9410.94,11580.2,-1476.84,42,156,654
3,3445.06,679.502,121.48,3,31,53
5,4726.88,2414.1,300.77,14,75,165
0,23833.6,485784,-11842,141,526,15334
2,3956.54,2661.6,-826.19,18,65,202
4,6177.19,4117.02,-944.54,11,100,294
4,6181.17,4992.01,-544.069,108,96,347
5,5143.86,4598.46,13164000,7,79,342
4,7871.38,13642.8,935.87,34,127,802
4,8692.86,9643.54,-869.856,91,138,554
4,9327.94,38774.3,-510.317,120,207,1995
4,12686.5,45928.7,364578,168,273,2061
5,3803.17,392.515,1033.1,11,54,28
4,13801.3,98485.8,6852900,220,281,4061
3,9691.63,39959.8,-3427.22,74,196,1885
4,6862.04,14057.7,-861.258,179,96,804
4,4825.32,1636.46,-1440.9,6,70,131
2,7304.42,8839.24,-1095.61,136,95,543
4,9144.97,35799.8,-71.4573,106,148,1919
5,7633.63,15783.4,709.098,97,134,970
5,9488.45,26856.9,-2832.88,100,166,1414
0,11033.7,30387,-6239,89,221,1628
5,7172.38,11795.2,228.499,148,111,651
1,12619.3,49381,109913,165,262,2394
4,12527.2,55969.3,-1627.1,59,220,2461
0,10544.5,66926,-5837,82,260,3132
0,17879.4,159581,-7847,96,389,5536
0,8732.66,38505,-5823,25,205,1992
0,9078.74,18210,-2787,35,157,932
0,7305.8,7603.48,-2714.66,97,133,489
1,8309.67,9409.76,-2575.1,184,135,587
3,22045.7,411459,-1818.12,64,473,14125
4,3649.76,437.764,-851.6,2,36,35
2,16075.1,78917.1,-1112.5,122,223,2059
0,8318.05,39857,-4819,25,166,2178
3,13065.9,41777.3,-2148.34,146,278,1938
0,18598.7,182731,-10307,172,356,5539
3,4460.52,1019.29,-1161,23,66,101
0,5774.78,7260,-3007,59,94,456
5,5558.91,4741.35,651890,17,79,342
5,9468.38,23415.4,-1723.72,32,176,1313
1,5077.18,3115.97,-2368.5,4,65,202
2,5346.06,3331.89,-1707.3,21,70,205
3,8576.66,14595.1,-311.699,86,140,845
5,12772.6,60674.2,305.616,177,237,2672
2,18602.5,161133,453535000,206,352,6744
0,11289.3,44904,-6153,45,211,2192
4,3312.92,678.408,172.31,7,31,53
5,9754,14854.3,69361,97,143,771
3,10133.3,30121.6,-586.504,42,171,1747
3,9529.9,10347.9,-1909.92,101,154,587
2,5867.54,7520.58,-733.481,100,104,457
4,3610.01,512.551,-674.83,3,36,35
0,13312.7,56629,-7808,127,292,2612
4,8805.17,4931.63,10644.6,36,131,271
2,5368.15,0,-720.849,135,51,132
0,10209.2,22983,-4167,35,190,1161
0,24654,484711,-18688,354,671,15350
5,4446.18,1986.1,514.06,20,75,165
4,8786.37,16220.9,-1231.67,114,160,976
0,30791.5,611153,-16422,100,770,17713
0,7480.07,7522,-2951,65,121,455
0,14777.9,181540,201755,272,304,6402
4,15447.4,155976,1313.7,107,310,6737
3,4078.69,702.535,-640.95,24,58,43
4,3682.28,475.229,-628.25,3,36,35
1,6303.27,4803.07,-1842,15,107,319
0,4798.72,2945.19,-1446.57,138,79,184
5,3491.22,668.034,-384.21,6,31,53
2,4691.52,2089.6,-52.263,14,75,165
0,19262.6,260781,-11947,262,424,9408
5,4062.41,2333.35,-824.91,28,63,184
4,10516.3,27808.6,2116650,145,172,1412
3,3700.01,556.828,-558.34,8,43,52
2,4129.41,2182.9,867882,183,54,165
0,12350.4,100700,-9290,58,324,4432
0,16184.2,214536,-7627,58,391,7711
4,6751.04,11320.9,-849.719,151,111,651
2,16048.1,161045,-6952.78,242,352,6744
3,12141.5,71830.5,-6034.12,163,262,3211
3,15733.2,86661.5,604740,98,301,3369
0,10012.3,19160,-2870,47,182,939
4,12930.7,63169.3,2871.6,41,279,2979
4,5593.25,1013.76,-1453.1,6,57,76
4,5064.86,2292.92,-1287.8,10,71,188
2,7692.09,9022.49,279.6,15,130,515
5,8886.71,20799,-1172.76,101,143,1017
2,6136.75,5250.87,-1107.1,7,105,371
1,6329.12,8152.72,-1506.4,12,108,549
4,8344.03,8893.84,2080.5,34,144,553
0,6189.49,8616,-1915,17,113,585
2,4047.89,2191.37,22200.3,181,54,165
5,5230.43,4645.26,113130,10,79,342
0,4055.36,5888,-1044,20,68,481
3,3863.64,2219.17,-474.881,3,43,161
0,10234.7,65991,-5551,75,207,2823
5,5355.01,2235.08,-598.69,3,75,165
3,9314.05,37230.1,-1812.14,46,180,2054
3,9405.42,37987.2,-1805.97,41,180,2054
3,9681.56,12122.3,51.723,21,152,693
1,8419.03,9429.9,-2052.44,180,135,587
3,8859,12028.5,18797.6,127,136,619
4,6716.48,7194.44,32011.8,82,118,426
2,14189.4,135012,-2748.43,51,279,5626
5,4469.61,1126.63,-884.08,7,55,88
5,4220.12,2540.63,-1196.1,27,63,184
3,8573.36,12122.1,-236.579,122,136,619
0,14151.1,69442,-7350,143,257,2821
2,7928.27,9455.82,-1940.29,200,130,490
5,7622.19,5186.21,50509700,25,96,347
5,3979.68,695.998,468.99,19,58,43
0,11162.9,33083,-4655,22,192,1583
0,12735.3,83277,-3551,35,224,3532
0,9198.5,22409,-3054,33,186,1262
5,5772.59,1095.97,-1510.9,7,57,76
5,4836.73,6450.38,776.54,20,67,481
1,4031.09,1194.05,-397.49,2,59,101
0,6060.32,7302,-1119,11,98,516
4,25881.9,528313,631333000,259,540,18067
3,8895.57,28699.7,-454.602,133,179,1626
4,23274.1,284324,2555.28,68,468,9276
3,4749.06,3340.79,-483.809,154,71,249
0,25679,381090,-12477,129,661,12215
5,15039.3,79106.3,3510140,268,336,3302
4,24332.2,248069,25398.6,312,537,8350
0,16357.5,95670,-7268,172,321,3714
5,7507.85,5426.5,-1796.88,83,93,248
5,6417.74,5972.19,-1059.56,85,95,372
0,5537.33,8946,-2618,40,102,689
2,3916.31,375.701,1139.9,7,54,28
3,12627.2,41461,-2923,38,278,1938
2,12182.9,73743.3,-4721.1,30,249,3630
0,29123.9,469993,-13877,340,680,14154
3,4970.03,2904.45,-181.099,20,71,249
0,8405.86,19609,-4551,37,155,1111
4,3591.92,551.862,-689.26,14,43,52
0,32462,919524,-17154,142,765,26031
4,9796.06,32615.8,5053.9,112,176,1922
3,7307.28,5466.64,-1427.02,192,107,346
0,16746.5,59076,-11599,90,354,2330
2,3870.99,768.873,-1806.2,13,54,64
3,9155.26,38995.5,-767.009,68,196,1885
5,4952.11,567.321,151.99,20,65,35
0,16963.4,162710,-5835,106,368,6632
0,11934.2,62337,-5325,129,243,3050
3,8550.79,9735.16,-875.006,89,138,554
4,10083.4,26221.9,-1563.83,149,174,1415
5,4717.61,2475.1,-911.74,7,61,184
2,12013.8,73494.9,-4643.51,28,249,3630
2,4179.22,2247.95,-816.915,51,54,165
0,14189.5,48760,-6319,49,270,2001
5,4075.95,2689.99,-535.04,18,63,184
3,12329.5,56190.1,-979.4,44,220,2461
2,5756.12,7619.58,-1647.35,100,104,457
5,6830.9,6359.58,20957.8,114,95,427
3,24246.2,283736,-10775.7,275,540,8870
5,6069.8,13207.4,-1359.4,14,103,883
3,4626.92,558.93,192.47,22,65,35
1,5504.4,4233.34,-819.4,14,88,292
5,13568.1,85155.8,-6621.79,106,301,3369
1,11173.3,70030.3,-5188.9,191,247,3373
0,13865,70582,-5621,45,270,3130
2,6181.32,12949.8,-1094.1,17,103,883
4,5171.49,2817.94,-1164.3,13,72,205
2,16615.5,160019,-3144.3,239,352,6744
5,3536.67,459.9,-663.28,3,36,35
3,4308.51,2755.49,-692.38,36,65,202
3,13791.9,52926.9,5172.52,56,288,2334
4,8578.11,13484.5,10.546,103,148,729
0,13439.6,117826,-9183,53,300,5124
0,6338.2,6219,-1375,19,108,425
0,22454.8,394822,-11308,140,459,11412
1,5506.33,1418.18,-1127.12,36,71,103
4,6077.45,1899.9,-1474.48,7,84,136
5,3704.3,303.311,1223.3,11,54,28
2,3833.48,2078.35,-1655.9,3,63,184
4,3771.27,589.497,-570.7,2,43,52
5,4458.52,2283.29,-772.82,4,61,184
3,7250.18,7019.47,2633.62,17,118,426
0,7244.7,9687,-2473,39,116,551
0,15555.8,126948,-8516,137,316,4916
3,8522.87,14053.8,413.49,20,127,802
2,12001.9,70743.7,-4436.15,182,247,3373
1,5727.13,2595.96,-3351,13,87,166
2,21764.4,410665,-137.35,62,473,14125
1,11562.7,68854.6,-5012.74,187,247,3373
3,6414.77,10326.7,-1400.44,25,109,689
4,4832.54,2065.16,-709.94,7,75,165
0,9713.35,24778,-5033,16,171,1209
2,11722.5,33366.4,-2659.9,125,234,1581
1,3793.17,1503.24,-1268.1,6,56,114
5,8453.3,10529.4,-2741.22,134,139,587
2,8457.52,18354.7,-5287.8,15,146,891
3,9896.2,24673.6,-543.238,50,177,1313
5,5278.04,3236.72,-765.403,96,67,224
0,8920.44,25745,-4448,85,168,1358
0,8054.7,11737,-1694,16,140,732
4,5108.66,3016.76,-476.699,29,77,205
1,6463.28,5279.95,-1071.37,51,79,292
2,16777.8,161050,-3867.89,227,352,6744
2,11512.2,55933.3,-1491.65,171,209,2967
3,10980.8,38277.6,-1325.24,155,205,1751
2,11548.7,56063.8,-1987.73,182,209,2967
3,7246.03,14334.1,-1538.34,30,120,809
0,14332.8,92539,-5339,149,300,3886
0,6905.68,11458,-3167,73,122,728
2,11038.4,38226.8,-1572.17,28,205,1751
0,10397.7,54941,-5356,45,212,2597
5,4872.27,6693.29,-178.65,16,67,481
5,4771.98,2677.64,-302.19,32,63,184
5,18470.5,277973,-3437.47,99,346,7851
1,4065.06,2115.71,-1711.7,5,63,184
4,8968.1,11476.9,98.4299,132,156,654
5,15713,191942,259367000,79,286,7322
4,3595.43,566.171,-502.44,5,43,52
4,9061.37,11721.4,26871400,53,128,693
4,8894.86,10783.7,1598.55,115,156,654
5,5295.58,2488.29,-541.15,17,65,202
5,4751.59,664.746,-398.53,7,58,43
0,6014.49,15297.3,-2163.1,13,125,1014
4,15163.7,88310.7,4228.7,81,289,3710
1,5968.51,5150.34,-1281.12,16,85,343
5,3787.77,525.342,-517.63,6,43,52
5,5804.29,1150.65,-1110.9,3,57,76
2,15249.9,100069,-2828.28,39,281,3974
5,3581.45,581.006,-11.235,15,43,52
4,3789.15,537.73,-972.12,5,43,52
4,9666.04,22796.9,-1598.01,82,139,1108
1,5405.15,5607.66,-1426.4,6,89,425
4,7948.69,26111.5,-1221.43,133,156,1521
0,7368.59,11313,-3070,24,130,693
1,5023.4,3043.82,-2606.6,4,65,202
5,15174.2,0,-6033.04,54,283,4064
3,16760.5,162080,-1740.8,215,352,6744
5,8541.21,4456.71,-597.865,44,131,271
4,3538.27,674.285,-347.6,7,31,53
0,15075.5,162979,-8605.31,179,374,5439
3,4212.7,754.079,-704.14,24,58,43
3,4971.48,2027.91,-395.58,3,75,165
0,28170.2,548951,-14501,173,613,15012
4,10284.4,14933.8,-1794.42,28,143,771
0,17292.3,219612,-16166,182,459,8347
3,20752.3,189756,-9103.41,242,403,6746
5,13020.4,63663.6,3350.8,61,279,2979
3,13285.4,60396.9,-2058.25,30,247,2754
4,3444.16,667.619,147.38,6,31,53
4,3668.87,573.593,-391.72,14,43,52
4,3477.21,579.824,-346.39,16,43,52
3,12014.2,38392.6,-959.898,144,235,1818
0,19327.5,257761,-14333,85,440,9129
4,9356.99,20452,80073.4,100,163,1162
4,5652.75,1077.24,-1873,7,57,76
3,6243.84,10414.7,-2209.91,31,108,689
2,4429.26,2176.31,-1307.7,12,71,188
0,12643.8,51700,-6277,17,209,1871
3,17709.7,178773,-4193.38,241,403,6746
3,8773.9,34937.5,-632.479,99,148,1919
5,10276.3,29870.4,-806.851,32,156,1364
3,6532.51,3903.22,594661,52,86,205
4,4935.17,1002,-1197.76,33,60,76
5,9017.61,13933.6,-1989.21,270,170,771
1,8780.6,12141.4,-281.965,143,128,693
2,4665.2,1962.86,-297,14,75,165
4,11845,54060.1,-3710.99,122,209,2534
4,5286.5,1671.43,-337.347,187,76,147
4,12030.1,57419.2,-4785.33,194,223,2822
3,3758.79,485.992,-749.35,3,36,35
3,6647.57,7268.49,501.75,23,109,432
3,12289,36898.2,-1960.99,203,225,1755
1,11271.7,41418.3,-3986.2,155,227,2059
1,6860.52,7868.71,-2388,11,117,427
4,4158.61,706.663,-963.33,16,58,43
3,9117.46,25077.5,78919.6,33,157,1519
4,7298.66,8451.87,106046,179,107,517
3,4237.08,2011.19,-564.085,74,63,166
3,8564.89,13495.3,1054260,107,148,729
5,15380.9,191165,5770.99,45,286,7322
2,15045.4,59639.7,168807,152,305,2610
4,10159,47398.6,-1781.92,64,190,2118
5,4565.7,2537.93,-936.49,33,63,184
4,3790.58,543.585,-1010.7,2,36,35
0,8352.35,23162,-4456,16,149,1357
5,3783.39,448.075,-737.55,1,36,35
0,12680.4,53854,-4702,41,245,2598
5,8504.56,28941.1,-2743.99,131,156,1521
5,4024.03,704.498,-286.76,17,58,43
0,8115.23,25661,-3085,28,130,1516
5,4701.54,6775,72.076,35,68,481
4,5888.94,1080.14,-1509.5,7,57,76
1,6591.07,5304.13,-1001,54,79,292
0,5765.69,5745.53,-1905.45,82,97,428
3,14548.7,137231,-3954.08,209,279,5626
4,4492.59,802.015,-2137.3,5,54,64
0,9912.66,25946,-3086,50,185,1522
5,15598.3,176293,1106.22,64,367,7087
0,22069.4,212441,-14222,64,586,7472
0,7311.42,8034,-2579,156,117,487
2,15481.3,102681,-3643.62,41,283,3965
4,12015.7,37813.8,-2141.39,116,166,1111
0,13758.2,250870,-9178,40,346,9949
3,9520.39,40177.8,-1443.17,126,207,1995
4,9921.43,26617.3,-1720.55,32,174,1415
0,25086.3,613234,-15960,138,534,18080
2,14815.6,59485.2,3898.78,67,305,2610
3,9888.34,30042.8,-351.24,214,171,1747
3,5752.1,4372.97,-384.516,29,88,292
0,18002.2,290568,-10453,71,466,10102
0,7026.64,7419,-3252,27,118,455
4,5974.09,3979.22,19.293,11,100,294
4,8509.62,20266,138.04,28,143,1203
2,3959.75,795.012,-1590,13,54,64
4,8003.96,10907,-2268.26,77,156,654
1,4527.23,984.907,-1346,15,66,101
3,4224.83,1695.84,-821.44,7,61,134
2,9241.48,20451.1,524.136,109,163,1162
0,6006.48,2913,-2344,54,96,206
5,3699.31,483.241,-941.46,2,36,35
2,7582.83,32958,12018500,92,148,1919
3,3641.46,486.09,-1023.2,2,36,35
0,9852.21,37903,-3665,151,195,2118
1,5868.87,4753.82,-1081.61,18,85,343
5,3747.29,481.089,-728.19,2,36,35
2,13815.5,90162.6,-2751.46,209,254,3973
1,8533.09,13911.5,28717.3,118,170,771
0,14814.6,131366,-7171,54,363,5639
4,3255.46,641.06,177.66,6,31,53
4,8332.6,9894.98,-1482.86,109,123,621
5,12685.6,95374.1,-14.7639,135,273,4429
0,13920.9,90571,-5891,222,322,3800
4,9219.9,11981,25401.1,9,117,519
5,7222.11,7176.13,-931.233,11,95,427
0,23754.4,534974,-16865,207,517,16579
3,6006.32,7587.72,-752.05,19,99,583
5,5008.06,1166.32,-537.22,13,62,100
1,4709.45,3405.95,-1032.67,17,75,269
1,3881.82,2085.13,-1576.7,3,63,184
0,6214.61,5125.58,-2922.8,17,109,317
0,11718.7,55384,-6353,349,273,2603
5,5504.88,4681.42,109660,15,79,342
0,11509.7,63386.6,-1908.2,52,279,2979
4,9042.45,9906.66,-1278.06,32,154,557
0,15185.4,225061,-10719,49,393,8734
5,8002.79,15019.6,-184.92,24,127,802
0,15322.4,188989,-9887,318,344,7453
2,10617.2,55531.5,-4258.91,121,224,2192
5,8087.46,20427.9,2513.8,46,143,1203
3,8567.36,14477.8,-1901.83,21,140,845
0,5407,4581,-2669,10,82,344
2,8200.22,32977.9,-1128.48,22,148,1919
0,24621.9,346757,-13928,100,634,10694
2,17627.1,161929,-3124.58,218,352,6744
5,6135.37,1068.44,-1709.9,6,57,76
3,13423.2,87117.9,-1934.12,57,291,3799
1,6130.44,15223.2,-2033.5,17,125,1014
4,7831.32,13389.1,-551.835,280,170,771
5,4450.14,2184.92,661.54,28,75,165
2,4596.73,2682.04,-769.39,17,65,202
3,12049.8,55163.4,-2341.7,46,220,2461
4,9934.25,12406.4,-2425.9,32,136,619
0,9181.23,18458,-1499,119,125,806
5,6271.98,14716.5,1661.13,165,119,931
5,8204.35,27171.9,-1776.49,19,156,1521
0,17941.8,313146,-10698,108,496,11423
4,6007.64,4077.73,801.38,16,100,294
4,6438.37,5017.36,318198,11,96,347
3,6001.51,4081.85,-43.989,12,100,294
3,4877.88,1919.89,-525.69,5,66,164
1,3892.14,1189.84,-958.84,9,55,88
1,6810.99,7774.24,-2438.7,12,117,427
2,5885.09,5096.1,-1362.14,50,79,292
5,15302.5,89798.6,100540,84,289,3710
3,3429.5,686.836,233.66,6,31,53
2,5979.45,5293.9,-1083.3,7,105,371
0,4281.2,922,-2398,5,66,76
5,9922.36,24337.8,-3471.79,124,166,1111
0,18389.5,125450,-7255,75,363,4437
4,12385.9,40858.1,912.938,114,234,1581
2,8889.07,9674.13,9170360,18,135,587
3,4512,2169.12,-1457.4,13,71,188
3,9244.04,28719.3,31938.1,159,179,1626
5,10374.5,23343.1,104133,33,176,1313
2,4859.87,2032.99,-32.88,8,75,165
1,7594.65,9417.8,-1848.59,183,135,587
3,9931.85,27002.7,-3046.41,112,166,1414
5,4450.29,2404.47,312.65,35,63,184
5,4663.32,2189.03,598.54,28,75,165
5,4605.43,2820.78,-1396.5,17,65,202
0,5656.73,6340.51,-1953.3,20,105,424
0,20520.4,312243,-10299,101,395,7591
3,5784.3,1809.72,-1162,68,84,136
0,12826.6,53314,-4067,88,253,2003
5,4293.11,708.455,-453.9,19,58,43
3,4724.29,2260.9,-1377.6,11,71,188
3,4674.99,2834.19,-943.91,12,72,205
5,4058.27,531.603,124.12,22,65,35
5,4195.74,6376.02,345.49,20,68,481
2,21618.1,349762,-1693.76,258,440,10967
3,6187.21,5362.55,3428.42,14,99,321
2,10272.1,38073.9,-4212.26,35,205,1751
0,6572.41,8492,-2410,45,136,590
0,7968.82,9104,-967,23,123,491
2,4720.89,4230.54,-1682.77,18,79,317
4,16749.1,144739,-2543.11,199,362,5847
3,8718.5,38774.4,5885.28,75,196,1885
0,7671.35,11229,-2591,1,74,267
3,16824.2,216252,-862.548,259,336,8195
0,12055.9,41302,-4261,114,222,1876
2,13324.8,85922,51124.4,52,291,3799
5,3712.58,486.623,-910.99,3,36,35
2,12191.4,48737.2,-6319.48,163,262,2394
4,9608.7,12291.6,-346.42,24,152,693
4,3367.33,709.599,-41.829,6,31,53
5,9275.67,27775,-3275.8,102,166,1414
4,5767.47,7150.6,-636.906,16,93,545
5,4009.57,563.92,-439.12,12,43,52
0,6434.34,8750,-1509,10,108,520
0,19991.6,332821,-12838,69,369,9818
5,3425.01,1284.53,-539.512,5,40,100
4,6693.04,6914.15,301463,84,95,427
4,13814.1,52970.9,803.111,53,288,2334
1,6970.14,4483.19,-1622.7,11,110,294
4,4843.7,2640.8,-170.9,16,72,205
3,13145.5,89889.3,164154,222,254,3885
5,4788.77,1555.7,-1004.7,5,70,131
5,18860.6,225481,-1530.47,58,336,8195
3,4790.75,1982.74,-1099.5,8,75,165
4,4955.09,3759.07,-1018.52,15,77,292
2,16169.8,167884,117724,61,320,6391
0,6623.88,2262,-853,14,90,132
3,12663.4,41501.4,-2330.71,42,278,1938
1,8021.56,12865.9,1881.85,77,132,806
0,15559.2,184866,-9781,91,407,7468
1,8364.95,13873.6,-3006.16,119,170,771
4,8016.87,4542.86,-1453.36,110,131,271
4,3774.11,503.705,-419.92,2,36,35
0,6790.12,14592,-2935,31,116,928
0,14411.8,195288,-7228,87,330,7578
4,12751.3,61512.9,535990,199,214,2600
1,7850.11,12852.4,-2289.2,77,132,806
4,10333.6,33753.3,294.764,27,208,1691
0,15876.8,271370,-9703,72,371,10238
2,13172.3,42018.3,-2976.59,113,234,1581
5,9708.74,27247.6,250237,98,166,1414
1,8126.19,12862,-1835.86,77,132,806
4,5637.38,4236.11,-321.883,87,72,340
5,7682.89,9001.68,-1424.08,178,107,517
2,7292.73,9366.19,-977.766,23,138,554
1,6929.4,7721.41,-3011.3,12,117,427
4,3364.68,669.607,26.033,3,31,53
2,5274.23,4290.18,-676.148,19,88,292
4,8203.86,20716.1,1277.6,54,143,1203
5,4757.98,1561.53,-1025.4,6,70,131
2,5650.12,7625.5,-1236.59,102,104,457
3,3276.94,662.908,253.52,5,31,53
5,18640.1,160509,10169.8,89,359,6068
0,7384.61,16229,-4154,99,133,887
0,7739.84,13420,-2830,9,90,613
0,17083.7,94618,-8497,92,365,3633
0,16838.9,378797,-14414,91,482,14635
2,3970.44,2209.12,-986.968,183,54,165
1,5433.25,5596.04,-1670.7,6,89,425
5,4799.47,6455.42,-232.32,11,67,481
2,5915.91,11120.1,-824.122,21,102,764
5,3568.35,506.868,-615.34,7,43,52
4,7030.97,11408,-1126.13,162,111,651
3,8886.81,30396.4,-2280.15,215,171,1747
5,3863.61,651.916,72.07,12,58,43
0,7000.41,9095,-2358,45,126,583
5,3615.67,522.345,-664.65,7,43,52
4,3715.48,541.581,-638.01,5,43,52
3,12110.7,54229.3,-1107,43,220,2461
4,4027.82,1628.09,-348.01,8,61,134
1,4589.83,1039.06,-322.74,28,62,102
5,9266.47,14175.4,-1116.92,100,148,729
3,6981.89,12890.7,-2213.46,137,123,726
3,7654.43,12100.2,6635.97,115,128,693
5,4434.58,708.012,261.56,24,58,43
2,8534.77,9455.1,-1700.99,86,135,587
1,12224.4,49498.2,-3224.76,225,262,2394
0,7018.08,14490,-2217,71,134,888
0,10213.9,31831,-3605,17,163,1526
5,4025.03,377.356,1356.4,11,54,28
0,10854.9,22427,-5016,26,178,1112
0,9793.43,31373,-4940,38,190,1529
0,22649.8,306701,-10449,139,461,10392
0,5823.73,5136,-1656,17,76,268
4,19569.4,272530,4196.66,287,420,9137
2,6058.16,10934.8,14.6065,20,102,764
4,6887.25,6990.48,19346.1,84,118,426
3,9921.72,32144.8,-348.775,113,176,1922
0,16262.5,139291,-4466,64,303,3384
1,6837.03,7888.75,-3393.1,12,117,427
2,5903.53,7590.15,48036.2,25,104,457
5,3587.65,558.618,-526.12,7,43,52
2,6116.6,7427.56,-541.772,78,93,545
0,7481.13,3167.62,-1788.21,96,95,190
1,4931.17,2825.18,-1052.63,20,77,244
2,6908,4086.27,-1560.76,87,101,249
5,9939.35,31772.4,-1549.91,103,171,1747
4,6044.34,5566.73,-816.869,20,99,321
5,3801.35,527.9,-304.28,12,43,52
3,7113.52,9784.43,-2285.8,104,123,621
2,7969.86,9668.24,-2315.07,110,123,621
5,7861.45,9484.29,-880.343,212,107,517
2,4658.52,2012.55,-10.763,12,75,165
1,6111.67,15170.6,-1825.8,14,125,1014
4,5851.78,7222.69,-738.705,99,104,457
3,6746.69,3590.3,1955.5,19,101,206
3,6785.58,5176.73,-332.371,23,107,346
4,6843.54,7396.95,-77.447,34,109,432
2,16825.3,162635,-3805.87,212,352,6744
4,14333.8,142067,233284,262,362,5847
3,9765.36,29653.8,-1520.3,227,171,1747
5,6187.7,1056.23,-1720.1,6,57,76
3,5226.46,4241.95,-351.72,14,85,346
4,3733.96,548.36,-711.51,5,43,52
3,7782.5,4720.45,159981,110,131,271
5,15150.4,88583.4,5882.4,81,289,3710
4,14641.9,249107,-1295.91,75,345,7727
5,9436,20955.7,6570.79,94,143,1017
3,9721.32,30373.8,1829790,57,171,1747
1,5389.16,5121.09,-1558.25,23,85,343
4,13693.3,94378.1,-2633.9,230,254,3885
1,11248.7,41839.1,-3688.41,160,227,2059
2,4378.13,1059.27,-985.16,30,62,102
5,4037.97,678.234,-198.26,24,58,43
5,15257.9,87534.5,3654.1,79,289,3710
0,17399.2,121556,-5244,149,341,4441
2,11040.9,38246.3,3653.58,161,205,1751
0,18239.2,338709,-10900,86,483,11264
4,8826.76,18437.7,-5052.1,9,146,891
3,4401.78,1983.38,-801.173,111,66,166
5,10263.8,14970.6,-721.546,45,143,771
3,9090,28869.5,-1111.68,150,179,1626
5,3565.04,586.81,-96.956,15,43,52
0,6751.72,10607,-2710,18,96,580
0,5433.1,4107,-1627,12,85,318
4,5445.46,2533.59,1023.6,2,81,169
0,6074.55,3459,-3028,12,110,228
2,18643.7,148006,-5895.61,323,449,5537
4,12675.2,63105.5,3882.5,45,279,2979
3,6329.98,8151.2,-2745.5,10,106,549
5,8082.38,12747.9,22334.8,111,130,694
0,7567.11,14002,-3188,36,141,886
3,3794.1,497.497,-905.29,0,36,35
4,22267.1,412263,-1005.4,76,473,14125
0,5729.68,4909,-2302,10,89,344
2,5238.34,3428.73,-690.509,137,51,132
5,3952.05,648.825,-132.48,16,58,43
5,5976.81,9780.32,-169.372,138,98,651
5,14573.2,100493,-1072.79,195,273,4429
4,5807.75,1060.99,-1348.2,7,57,76
4,4580.99,537.07,225.96,19,65,35
5,11309.4,60046.1,-2321.31,234,214,2600
4,3748.09,465.76,-782.11,1,36,35
2,5679.29,4319.9,-1206.15,17,88,292
5,6186.24,8051.45,-2084.02,66,109,486
4,4378.83,1760.53,-677.18,10,61,134
3,7811.96,5253.69,-895.928,41,86,205
0,20428.7,342802,-12263,293,451,11877
4,4820.35,6501.62,-49.151,12,67,481
4,4446.82,1235.94,-641.81,5,55,88
0,13855.9,93626,-6333,25,271,4158
5,14226,79965.9,-4244.01,256,336,3302
1,5707.23,2610.49,-3140.6,14,87,166
5,9382.15,32233.3,1244.63,154,199,1696
3,9013.01,12165.9,-362.732,130,136,619
2,3976.15,1463.38,-855.318,160,52,133
3,11521.5,31963.4,322694,37,203,1580
1,8371.16,9432.37,-630.623,16,135,587
3,13919.4,142243,239138,197,308,6057
3,6380.57,7433.01,2940800,8,93,545
0,13999.2,150299,-7437,245,327,6403
4,7736.85,14756.9,-678.332,89,131,971
0,16237.8,161743,-7281.83,222,352,6744
3,4401.21,1013.66,-1444.4,21,66,101
2,5313.37,4296.47,3676.23,20,79,317
0,16495.1,105916,-8187,71,338,4075
2,14990.1,59460.8,-1755.8,157,305,2610
3,9273.85,37560.5,-1481.99,39,180,2054
0,25556.1,393210,-13449,373,546,12353
1,6870.23,7849.74,-2251,11,117,427
0,8302.25,8002,-4201,55,148,488
3,3982.34,415.429,1670.8,7,54,28
5,15549.2,89034.8,40067500,167,296,3464
5,4274.91,2355.81,-1326.8,33,63,184
5,7397.34,7204.8,917.91,47,90,405
1,8021.5,9422.24,-2919.42,16,135,587
0,7858.2,17469,-3795,30,139,848
2,11249.7,58486.3,805945,150,217,2904
1,5011.1,3146.11,-2658.1,4,65,202
0,10636.2,57285,-4128,19,207,2895
0,11085.4,78515,-5622,28,213,3618
0,11835.7,19603.3,-3289.83,34,167,973
1,6850.91,7833.7,-3002.5,11,117,427
0,12070.2,43032,-4328,57,245,1999
5,11543,60806,-4739.4,239,214,2600
0,16541.8,142461,-10712,309,387,5428
5,9513.47,12592.1,-993.107,99,136,619
5,5005.72,2888.74,-647.617,101,67,224
5,5158.48,4365.68,-1330.39,91,72,340
0,20132,296405,-11414,116,508,9831
2,7465.54,12551.9,2758.35,144,123,726
3,9135.34,9994.75,-3617.9,100,154,587
3,24607.6,299501,-3892.89,290,537,8350
0,12677.7,81331,-6391,51,294,4060
2,3921.27,396.526,845.73,11,54,28
3,4608.94,2126.18,217.89,10,75,165
1,8633.89,9432.37,-2690.55,16,135,587
2,6285.46,7403.12,-1085.11,80,93,545
2,19088.1,161939,93335500,119,352,6744
4,9547,12190.9,480.84,22,152,693
5,6445.23,4256.05,729.935,146,101,270
1,6147.45,5218.31,-836.81,8,105,371
3,4277.16,1050.39,-603.11,28,62,102
5,4783.73,2947.26,299.05,37,65,202
5,7242.39,16896.2,-943.86,23,125,1014
3,6356.04,11656,-1601.16,17,105,765
4,13187,94969.3,74420800,172,273,4429
2,5041.58,2134.56,23.645,10,75,165
5,12929.5,57324.6,-3956.84,146,218,2391
3,3297.96,1274.88,492918,2,40,100
4,10094.3,12111.1,103923,40,136,619
5,4603.15,2921.85,-53.813,29,65,202
2,5661.24,4185.4,-945.362,85,88,318
4,3733.8,368.026,815.37,11,54,28
4,22220.1,407653,1293.89,54,473,14125
1,6328.81,8148.68,-1353.7,16,108,549
3,13180.6,46334.6,854397,131,273,2061
0,8270.07,20676,-3630,30,142,1256
3,8344.13,9589.1,-1058.32,101,123,621
5,5301.69,3000.12,-1062.9,7,65,202
4,13256.2,60891.7,-2703.65,36,247,2754
4,4503.1,574.419,-255.07,20,65,35
4,3616.79,572.515,-651.3,5,43,52
3,5066.49,2982.43,624234,154,71,249
3,12066.6,52890,-4577.6,152,218,2391
5,11400,63716,10574.7,265,245,3058
2,4001.42,2348.34,-273.86,19,63,184
1,4758.47,2854.31,-1202.32,119,77,244
3,3756.9,459.036,-734.88,0,36,35
3,12066.3,33703,1692,50,210,1213
1,4055.95,1180.78,-448.49,2,59,101
5,16974.4,180047,-257.915,75,367,7087
4,4847.64,2828.74,-271.87,22,65,202
0,6698.31,26212,-2107,38,136,1463
5,7909.79,12621.5,15677.6,115,130,694
4,9080.73,20392.7,-2255.56,105,163,1162
0,12139.1,53150,-5291,21,214,2327
2,5340.28,2896.2,34806.5,28,77,244
3,5593.8,2549.5,499.12,3,81,169
0,12091.1,66971,-7173,203,253,3063
1,8523.83,9377.65,12641.7,182,135,587
3,5282.26,2118.04,236.13,22,75,165
2,8306.79,9679.79,-1229.66,183,135,587
4,9622.77,10458.2,92274800,228,130,490
2,4129.12,392.565,1361,7,54,28
0,6439.76,4319,-1247,11,85,206
3,8983.54,37830,-2831.11,42,180,2054
4,6067.11,4207.31,-483.32,13,100,294
3,8228.64,14260.7,-1821.78,17,140,845
3,3805.93,393.036,1136.8,11,54,28
3,7224.57,4022.96,516.053,88,101,249
5,15495,157578,3000.9,122,310,6737
0,11167.4,31914,-5152,101,229,1639
5,4532.46,533.11,567.38,21,65,35
2,3604.19,410.199,130.48,15,54,28
4,4682.06,1614.9,-1574.7,5,70,131
0,22928.4,234771,-13420,209,457,8086
5,7807.47,19925.8,2422.2,40,143,1203
4,9120.48,12053.3,-1221.57,132,136,619
3,14436.3,90704.1,-2239.95,281,254,3973
0,8002.74,16577,-2570,19,129,928
3,4335.49,716.452,-577.81,24,58,43
0,6613.26,6545,-1724,6,77,366
4,7375.53,10928.8,-1425.11,89,114,689
0,7484.24,11864,-3752,85,132,730
5,8409.72,9676.51,-233.886,231,154,557
4,8646.06,10545.8,1465230,127,156,654
5,3730.59,542.666,-372.12,14,43,52
1,5941.28,6970.98,-2832.3,22,92,485
4,8915.34,11131.3,-1101.12,126,156,654
3,3784.96,703.337,-562.09,15,58,43
0,4750.12,1723,-659,3,73,147
0,14941.9,65321,-7423,54,298,2758
1,6862.5,7776.5,-2653.8,11,117,427
4,7454.61,14254.7,-952.089,85,120,809
3,5817.31,7592.46,-1136.5,10,99,583
5,9358.59,11774.1,-2279.57,231,139,587
2,4087.1,1446.68,-808.473,159,52,133
5,8027.83,20879.2,1686.7,55,143,1203
4,6581.11,5365.43,-643.722,46,96,347
0,10820.1,51530,-4836,22,238,2610
2,5234.39,3551.36,-1685.73,59,85,269
1,5249.57,3344.67,-2065.2,21,70,205
0,8877.82,18059,-2321,22,153,1019
4,15791.6,178128,251661,267,367,7087
0,6065.44,12930.6,-1829.6,15,103,883
5,6456.04,5578.59,-714.937,80,86,367
0,28544.3,860196,-19382,153,802,23158
1,5620.55,3112.37,-1185.8,10,94,224
4,6612.17,7117.3,-204.498,11,118,426
4,3502.4,604.143,172.49,13,51,45
3,12033,52586.6,-1288.25,152,218,2391
1,14847.5,253184,-8040.29,101,346,7851
3,9427.07,39027.3,26203.8,69,196,1885
4,3747.57,452.327,-479.28,2,36,35
1,5348.74,3726.6,-1231.6,8,89,249
3,9411.47,39624,86049.8,113,207,1995
3,3526.45,705.139,-247.63,5,31,53
4,6109.55,6813.11,-713.047,82,118,426
0,10374.7,57307.7,-4862.92,139,217,2904
0,18184.3,244520,-9490,89,416,7955
3,10782.9,55889.9,2537.77,172,209,2967
0,20771.2,209365,-8125,110,405,7104
5,4012.91,2256.9,-155.93,35,63,184
1,5938.78,5212.71,-1202.8,7,105,371
3,12628.7,71369.4,-2783.81,192,262,3211
2,11488.9,33085.8,-2107.63,129,234,1581
5,4526.22,1636.27,-1274.9,5,70,131
0,14449.5,74013,-6235,37,308,3128
4,3785.09,522.443,-126.67,5,43,52
1,5740.3,12768.8,-1763.2,20,103,883
0,5113.06,1990.25,-1862.7,9,77,165
4,16946,157799,1147.99,204,359,6068
0,22596.6,400524,-13506,341,534,12663
0,18705.1,267599,-10496,36,396,9400
0,16561.4,98703,-5502,203,341,3983
2,3862.86,2061.11,-1507.3,4,63,184
5,4009.44,6148.4,-728.73,33,68,481
0,12455.8,101900,-6603,31,289,4621
0,10214.6,38441,-5263,39,239,1937
3,7057.47,17477.5,-1180.7,10,128,1065
3,6223.75,3423.17,1148.9,19,101,206
5,4795.97,3014.7,-380,36,65,202
4,11973.7,79121.2,-2116.6,41,252,3882
3,9505.04,27727.2,74553.9,173,158,1403
2,3898.79,1455.77,-798.725,159,52,133
0,11126.9,47950,-3592,30,187,1997
1,4130.35,1528.15,-1071.2,6,55,133
0,8825.51,35892,-3519,40,175,1868
4,4600.82,2599.2,-188.38,9,65,202
2,5518.49,4285.92,-1050.1,18,79,317
4,9222.33,9766.2,585.969,31,154,557
4,6184.71,1593.98,-1001.26,33,70,103
0,4531.04,3116,-687,18,70,247
3,6435.75,5269.95,-897.861,186,107,346
4,4958.48,2249.08,130.14,19,75,165
3,3788.97,566.377,-536.13,5,43,52
2,20797.1,410047,-344.348,64,473,14125
3,6108.19,4971.22,31638.6,67,96,347
4,10683.3,28236.6,3349.15,56,194,1521
4,9610.24,12487.7,336.28,23,152,693
3,12164.9,36867.5,-2291.65,13,225,1755
4,8999.67,28190.3,110.005,136,179,1626
0,11353.1,80131,-8135,166,279,3798
2,6407.8,5278.55,-1104.22,8,99,321
4,10591.6,40264.1,-1173.38,22,193,2118
3,4222.9,647.302,-588.11,17,58,43
2,7795.78,9226.97,-2057.13,17,138,554
2,4015.81,768.08,-2033.8,13,54,64
2,8714.47,20058.4,-1837.71,160,163,1162
4,15601.3,89477.9,3962.8,80,289,3710
1,4301.74,2125.21,-1198.9,11,71,188
3,12501.1,53685.6,-3760.28,153,218,2391
3,5368.43,4424,-522,16,85,346
2,17223.8,164328,-1231.03,222,352,6744
1,4199.01,1545.48,-720.79,4,55,133
3,9703.68,29985.1,-1314.47,43,171,1747
1,6372.66,8256.83,-1211.2,16,108,549
2,6893.55,12004.9,-695.308,222,105,765
4,10059.2,21102.8,-1956.98,163,163,1162
0,6069.9,3532,-2253,21,91,204
3,21988.6,243998,-8438.07,291,537,8350
5,9962.53,26850.6,46624100,109,172,1412
5,15265.3,156259,5253,111,310,6737
3,13706.9,90473.1,-2340.6,211,254,3885
0,7315.1,20919,-2358,71,121,1203
4,10070.8,28129.8,-1098.3,54,194,1521
2,14991.3,101932,-2711,49,283,3965
1,6168.59,6306.2,-2331.5,15,108,424
4,8610.27,8962.31,1482.6,32,144,553
1,7574.84,11216.4,-2334,20,121,622
2,5787.54,4163.82,-117.713,3,88,318
1,6334.62,7711.82,-1836.2,19,102,517
2,13942.2,52405,2726.07,49,288,2334
5,5231,3408.29,-1922.3,22,70,205
5,4416.97,1322.61,-236.05,12,55,88
4,4585.76,2481,-670.4,12,63,184
0,7116.98,12743.1,-2108.52,211,108,643
1,10884.6,41912.5,-3163.89,143,227,2059
0,16380.5,167941,-8189,61,352,6518
5,6676.26,4064.85,186870,37,101,270
4,14948.7,153521,3316.5,105,310,6737
0,10008.4,78049,-4510,16,208,3962
1,5035.62,2801.51,-657.11,117,77,244
3,13930.5,94659.3,-2829.05,41,294,4249
0,12426.5,100444,-5076,68,333,4077
2,7376.34,9414.47,2097.51,102,123,621
3,11295.5,31952.8,-1584.8,161,203,1580
1,7956.05,12924.3,-2087.79,15,132,806
4,9186.08,12328.5,-1266.7,208,117,519
5,11447.3,59467,3487220000,243,217,2904
1,5741.03,5239.89,-1630.1,17,99,372
3,9156.36,13786.2,-1738.07,115,148,729
3,12218.2,52736.5,-1510.3,151,218,2391
4,4986.24,1072.53,-1255.6,22,66,101
3,4523.64,2206.14,-1462.4,16,71,188
0,13521.4,154519,-7404,53,245,4334
5,14285.5,77468.3,-4489.82,248,336,3302
5,5476.16,4676.8,-1441.06,14,85,343
3,9572.27,39147.9,2284.41,69,196,1885
0,9570.78,35759,-4763,108,210,1750
0,5598.91,1102,-826,24,66,63
4,8347.28,8767.71,1549.9,35,144,553
0,19199.4,154948,-5967,75,345,5534
4,23482,280574,323436,308,468,9276
5,7216.03,16704.4,-2173.1,18,125,1014
0,26877.9,653887,-15487,125,647,18675
5,6335.76,7188.02,6536.64,77,109,486
3,4320.74,2013.37,-872.694,73,63,166
4,8998.94,4862.8,-1410.59,37,131,271
4,8867.23,11990,1538.2,29,152,693
3,9157.34,12076.4,-686.274,129,136,619
5,5665.12,2626.39,-87.162,11,81,169
0,10224.5,21567,-4351,87,184,1118
0,14146.7,116267,-5785,69,311,4916
3,4160.84,2251.31,-464.94,3,61,184
1,23197.6,516498,24141.3,322,540,18067
1,22428,516186,-1305.98,374,540,18067
0,12189.6,21179,-4125,112,240,1164
0,5584.01,5251,-1752,17,98,372
3,4325.81,2127.97,-964.3,4,61,184
4,4329.46,1989.4,-503.786,113,66,166
3,5961.17,4122.08,-911.377,263,88,318
3,4268.36,6620.63,-313.24,24,68,481
4,3635.54,556.762,-405.49,15,43,52
1,4778.91,2851.26,-1108.76,21,77,244
4,10370.3,57372.2,-4904.75,182,223,2822
5,15536.4,190412,19268.1,41,286,7322
5,4491.97,2211.58,414.72,30,75,165
1,6120.99,5258.14,-1702.8,21,88,370
5,4876.45,6383.92,515.92,14,67,481
0,17364.8,231627,-4317,60,344,7701
4,8287.42,15234.9,-649.81,32,127,802
3,9410.85,37816.4,7564.42,49,180,2054
5,16935.3,178738,1932.27,244,367,7087
0,15269.1,124305,-9160,66,327,4632
0,8008.49,8055,-3990,20,139,490
3,3239.9,584.664,53.013,11,51,45
5,17718.8,147003,-6030.28,103,362,5847
2,22099.4,350234,-533.173,276,440,10967
0,7645.13,14971.5,-2537.85,99,131,971
2,15334.8,251171,-7533.28,115,346,7851
3,4242.19,530.125,408.09,25,65,35
5,6143.37,2251.28,-154.71,12,76,165
2,6425.55,5264.78,197.128,12,99,321
1,5117.56,3121.89,-2411.9,4,65,202
3,11868.2,52335.9,-687.123,162,218,2391
0,7523.99,15517,-4068,82,130,929
0,16268.3,281082,-10064,181,377,9958
1,7826.38,9380.83,-2660.96,183,135,587
2,6140.73,5236.03,-1551.84,7,99,321
0,14946.7,119820,-9824,103,364,4820
0,7681.59,7974,-2144,23,137,488
4,7533.81,12548.7,-2838.24,88,132,656
3,13051,78031.3,-2602.13,156,262,3211
1,5086.39,3130.16,-2404.7,4,65,202
5,7528.44,6971.2,-1036.2,99,95,427
0,20207.6,256866,-9971,257,407,8474
1,11142.7,69478.1,-5339.65,192,247,3373
2,6661,12461.1,-895.032,14,123,726
0,18097.1,447557,-11461,67,456,15861
5,15618.4,89207.3,3404210,160,296,3464
4,4563.29,2709.38,707.03,32,65,202
0,12522.3,114735,-7592,116,302,5318
4,3624.99,564.308,-660.68,5,43,52
3,4364.65,6026.82,-500.26,24,68,481
4,5927.52,8323.19,-803.31,21,99,583
0,4411.32,1148.54,-743.76,15,64,116
0,8414.01,8012,-2649,34,133,487
5,8647.58,14015.3,-694.188,115,148,729
0,20648.8,198728,-13931,53,492,6873
1,4513.58,1767.16,-612.85,8,66,164
1,12031,69614.5,1475410000,124,247,3373
2,4477.68,512.227,701.87,24,65,35
5,4965.43,1680.88,-1708.4,5,70,131
1,5983.92,6989.93,-3496.6,22,92,485
1,4466.75,1765.4,-805.46,8,66,164
3,6956.62,11409.3,-1102.43,169,111,651
3,5158.59,3007.24,-1887.9,3,65,202
4,3794.26,546.604,-507.82,5,43,52
4,8394.37,14579.9,-678.146,24,140,845
5,7734.1,12517.4,-715.289,24,102,764
0,17057.8,181287,-10630,55,369,6864
1,3706.3,642.745,-859.36,29,50,42
1,3877.46,1202.23,-743.19,9,55,88
3,4679.87,1962.99,-348.97,13,75,165
4,9548.17,20773,100604,106,163,1162
2,8871.79,27449.9,-2262.41,46,156,1364
4,9215.51,20700.1,-3035.58,105,163,1162
3,5523.25,2836.48,-910.4,15,72,205
5,3965.78,6053.76,-307.52,19,68,481
3,9340.83,28739.7,653964,131,179,1626
0,7115.53,22924,-3079,11,156,1360
5,4083.18,6467.37,0.033802,40,68,481
3,6784.5,11632.9,-1010.27,156,111,651
3,11411.3,56147.1,-1125.23,170,209,2967
1,6883.28,8040.65,-3649,11,117,427
0,14507.9,101624,-4198,61,267,3545
3,22688.9,415033,902692,61,473,14125
5,15673.6,158583,2817.1,124,310,6737
4,3977.97,377.196,1585.7,11,54,28
1,6136.47,5244.85,-1367.5,7,105,371
4,3785.5,546.225,-714.4,7,43,52
3,5712.81,7597.69,-365.99,11,99,583
5,4555.19,2807.8,-567.1,22,65,202
4,3505.31,723.983,62.816,6,31,53
4,3903.28,556.01,-772.8,2,43,52
4,7528.28,17929,-1983.1,14,128,1065
4,7620.87,26558.2,1886970,21,156,1521
0,14232.8,119781,-8173,46,271,4724
3,12182.8,38985.2,-1899.35,115,166,1111
2,3803.77,380.063,327.1,11,54,28
2,6843.65,5401.55,-797.271,49,79,292
5,20641.6,275647,4699.31,329,420,9137
3,4227.71,6276.71,-538.32,18,68,481
3,6211.79,8140.68,-2682.7,11,106,549
0,9918.38,41130,-4655,24,148,1412
4,3763.59,2171.86,-1251.1,5,63,184
0,7533.98,9478.59,-2959.82,196,130,490
5,11568.9,52970.8,1987.23,276,215,2394
4,5148.68,1572.59,1419510,10,76,147
4,3859.67,429.483,1612.1,11,54,28
2,4204.31,6194.52,-271.03,13,68,481
4,4182.23,2365.24,-862.99,25,63,184
5,3468.76,681.419,-214.74,5,31,53
4,3808.87,531.792,-609.79,9,43,52
5,3725.63,474.665,-920.88,3,36,35
2,12003.8,37899.6,4427.82,27,235,1818
0,8400.06,23751,-5400,21,179,1462
5,13911.7,98260.8,6401520,214,281,4061
4,6387.72,7443.83,-1154.27,8,93,545
4,10781.1,131388,-6077.56,177,279,5626
0,11024.5,58583,-5384,36,224,2825
4,8196.29,12311.5,-2891.57,108,136,619
3,6553.62,10938.4,-732.894,156,111,651
5,7208.68,5575.89,-2316.35,69,107,346
3,13763.9,82719.8,-1387.23,48,272,3539
3,5642.87,1043.57,-1533.6,6,57,76
3,8989.41,26469.3,1121.7,20,156,1364
1,4953.83,2826.94,-1072.84,19,77,244
4,4525.5,5833.26,-240.06,16,67,481
5,4050.65,649.039,-408.95,19,58,43
3,8736.97,25552,-1600.01,126,157,1519
5,4909.7,2761.93,-2345.7,5,65,202
1,6097.33,5247.3,-850,7,105,371
0,23258.5,362574,-13808,105,463,8476
0,13504.8,62330,-7140,13,187,1928
4,4885.43,2878.59,-1161.4,12,65,202
4,9214.21,20215.1,-1847.84,171,163,1162
4,4716.89,1941.03,-1009.13,31,66,166
3,14202.6,52721.2,-506.782,214,288,2334
1,6082.83,5222.91,-648.63,7,105,371
3,8282.81,9547.89,116597,86,138,554
0,12224,62391,-6441,26,238,2679
3,8501.96,14968.9,-1227.03,23,140,845
2,12402.7,74066.4,-801.699,25,249,3630
2,6253.46,3538.89,1387.6,15,101,206
0,9860.28,34489,-4138,33,184,1577
4,10791.2,33618.6,323.211,107,176,1922
3,7657.23,13810.8,-411.37,16,127,802
0,9854.81,43089,-5623,15,189,2122
0,7871.47,10391,-2406,42,126,587
3,3399.3,666.722,242.23,5,31,53
5,4687.13,2092.49,522.66,22,75,165
3,5000.86,3002.71,-1883.9,3,65,202
0,17176.8,129047,-8491,55,376,5225
5,4077.49,6324.6,-277.59,29,68,481
5,4442.55,6289.63,152.9,22,68,481
2,4082.56,2175.7,1235.54,183,54,165
5,3566.37,1220.24,-596.419,6,51,102
5,11444.5,37857.7,43.6028,33,208,1691
1,8389.48,15556.7,-2973.3,31,141,932
5,4386.75,2738.26,-664.45,28,65,202
0,7500.29,7192,-3588,83,129,400
5,15744.2,80370.5,-288.98,253,336,3302
0,3652.53,2097.94,-1737.7,2,61,184
3,6089.79,7258.81,-945.638,11,93,545
2,7373.24,9088.42,-143.66,16,130,515
0,13158.6,39255,-5186,50,273,1695
0,8129.69,12485,-3637,30,142,767
2,5866.04,11316.2,-1445.39,249,102,764
2,3745.13,2166.16,-471.436,3,43,161
5,6383.39,22394.9,87233.2,62,128,1255
2,5692.11,4469.77,-941.637,19,79,317
5,5680.58,2143.08,-665.51,17,82,185
5,7972.2,9787.2,-1086.14,206,107,517
3,8721.8,37855.4,-2856.62,38,180,2054
5,19250.3,271641,8269.96,290,420,9137
3,4660.25,3940.07,-291.441,19,88,292
3,14272.1,57841,-1772.71,135,215,2188
0,7253.13,14515,-1522,28,153,806
0,8366.23,22832,-4349,25,157,1307
5,4040.07,2425.07,-1274.4,26,63,184
0,12579.8,43082,-5709,45,248,1524
0,10110.4,67660,-4612,131,231,3445
5,8255.21,10942.9,650581,213,139,587
3,3571.24,711.524,-311.83,5,31,53
2,4002.81,2173.81,-819.659,182,54,165
5,9574.74,11202.8,-760.346,22,139,587
0,6999.94,6806.7,-888.75,16,108,428
5,11343.4,45787.3,1506.6,43,193,1994
0,11457.7,48637,-6522,139,218,2466
4,7153.97,7294.86,-2153.57,74,109,486
2,4596.81,2027.04,63.171,11,75,165
3,5575.79,7765.15,-776.77,17,99,583
0,5811.57,3665,-1565,35,79,250
0,8819.31,22295,-4467,36,189,1167
4,4474.95,6379.23,-309.8,14,68,481
0,7378.11,8545.15,-1965.31,198,107,517
3,15255.3,156296,2773.4,103,310,6737
0,14773.9,165250,-5893,52,347,6860
4,16025.4,177157,5994190,172,367,7087
5,6291.1,2374.38,-204.43,5,76,165
2,4579.31,2232.26,-1171.4,11,71,188
5,10546.8,23447.2,47998.4,42,176,1313
2,15702,165934,4265.75,41,320,6391
5,14422.3,102632,6564.99,246,281,4061
3,8471.46,26052.9,-2777.1,42,156,1364
2,5725.95,3725.26,-1001.32,17,85,269
4,15955.7,157258,2649.5,97,310,6737
3,5314.45,3245.51,-737.026,156,71,249
3,9240.84,38667.9,-1350.09,73,196,1885
0,9194.44,27389,-6811,66,180,1470
0,11019.5,65071,-8355,54,247,3453
1,6222.44,1723.61,-805.264,34,71,103
3,8530.9,12274,25010.3,114,136,619
3,4715.46,1878.66,-402.73,5,66,164
4,3725.65,563.201,-502.14,5,43,52
1,6370.73,4981.45,-1618.3,17,87,322
0,21634.1,199813,-10447,61,408,6413
4,8062.21,4888.01,-933.96,34,131,271
0,10224.9,44653,-4063,104,208,2324
4,8674.76,9164.83,1055,42,144,553
2,15707.9,90943.4,158538000,280,254,3973
5,16807.9,176855,5669.05,118,367,7087
2,7611.54,9556.16,-1463.2,102,123,621
4,11793,52770.3,-4231.08,125,224,2192
4,3615.91,473.282,-853.93,3,36,35
0,12606.5,51416,-8133,181,295,2263
0,4627.93,1589,-852,14,67,88
2,7974.05,32825.1,-940.067,95,148,1919
3,13533.3,93081.1,-1676.48,204,254,3885
4,4275.53,1677.93,-338.07,8,61,134
2,5046.9,2900.76,-1485.72,22,77,244
5,4866.13,2845.81,-885.669,104,67,224
0,21039.9,480715,-12220,182,459,14984
2,5892.68,4130.16,-1422.6,82,88,318
3,9393.36,39139.9,5451.11,69,196,1885
3,6268.12,13426.2,-1418.9,9,103,883
0,14511.3,170352,-8728,40,339,7341
2,4144.64,2189.66,-1059.2,5,63,184
3,13092.6,41135.1,-358.719,191,278,1938
0,15063.7,151596,-7137,202,308,5743
5,10269.4,37543.4,-3339.35,39,196,1997
5,4448.8,1848.9,-734.83,8,61,134
5,6198.58,22238.2,7408220,74,128,1255
3,8832.43,12296.2,-1231.78,128,136,619
2,22287.6,350037,-248.536,259,440,10967
0,11137.7,89167,-4556,80,202,4330
3,11883.9,54014.9,-418.6,47,220,2461
5,23083.7,296049,2544.28,303,468,9276
3,9139.68,37724.9,-2825.85,39,180,2054
4,8167.39,4711.77,-1433.17,98,131,271
2,4926.7,4302.09,-1526.5,21,79,317
2,5951.87,11139.7,-718.927,91,102,764
0,11966.2,25915,-4701,139,201,1066
2,12222.8,49165.6,-4578.19,220,262,2394
0,9091.79,12830,-3169,35,171,732
3,11250.6,43140.8,-4389.82,111,223,2059
1,13055.1,69229.4,90490600,49,247,3373
4,6293.19,5015.34,-907.657,63,86,367
4,2899.33,1270.44,402.168,3,40,100
4,3609.49,574.339,-210.98,15,43,52
1,7000.4,13676.9,-3396.5,16,118,762
0,10819.3,58753,-4579,40,246,2978
3,9372.78,26922.2,-1092.97,30,156,1364
4,12818.8,63236.4,-3455.54,167,223,2822
3,6544.17,9682.52,-1173.2,23,104,652
0,8043.13,27250,-3196,267,161,1626
5,11993.7,48511.1,-3890.08,130,215,2188
0,6106.3,4325,-1117,16,106,318
3,3310.14,688.175,109.81,6,31,53
0,13072.8,104858,-5664,43,301,4340
3,7590.08,13861.6,370.71,21,127,802
4,12962.1,54520.8,10127.4,124,224,2192
5,16102.1,99595.3,-868.214,54,283,4064
2,9898.63,20341.6,39789700,153,163,1162
2,8259.88,33923.2,1055790000,54,148,1919
3,14822.4,54955,36463.4,132,215,2188
2,20633.4,151412,471570,292,449,5537
3,7997.46,15166.7,-2578.03,116,134,970
3,7836.96,14053.2,-3007.08,104,140,845
5,6864.37,9524.27,973.42,13,115,547
5,6284.51,13482,-1589.9,14,103,883
4,11753.4,56654.9,-2695.8,44,220,2461
0,16262.1,460901,-9455,63,433,17675
0,7494.15,15106,-4572,10,133,807
4,8157.84,8741.37,650.93,42,144,553
5,3799.91,585.808,-622.54,13,43,52
0,16150.3,251012,-9368,85,409,9406
5,9429.65,36096.1,-1431.35,38,196,1997
4,10626.6,38359.7,-2311.44,34,196,1997
0,12924.7,104850,-7579,69,270,4525
1,6164.21,6336.53,-1902.7,17,108,424
4,5819.48,5853.65,-1109.9,14,89,425
5,4695.96,6257.72,-253.53,16,67,481
5,14365.2,95349.5,-1044.62,73,294,4249
4,10284.6,25946.4,14327900,93,172,1412
4,15156.2,54391.7,433.761,175,288,2334
4,6137.74,4082.59,-472.4,16,100,294
5,4673.96,2167.77,-379.55,24,75,165
4,8987.66,10604.8,-1549.73,214,130,490
0,4286.17,1339,-1331,17,61,129
4,10979.1,46446.1,-3412.02,120,197,2257
1,5344.2,5608.25,-1569.2,5,89,425
2,12125.5,75081.3,-5015.74,32,248,3630
3,9329.26,10397.8,-2221.09,98,154,587
0,14698.5,101900,-6227.17,37,283,3965
5,4604.71,2852.1,-196.8,37,65,202
0,10814.1,17137,-2182,66,149,731
5,18865.7,224572,-865.785,259,336,8195
1,7125.88,28455.2,-2453.7,12,131,1686
0,14208.9,144197,-6929,71,322,5739
0,20975.1,263877,-11197,51,433,8473
4,4741.28,2730.72,-691.03,15,65,202
3,9296.75,38657.5,-3754.41,68,196,1885
3,8736.97,25552,-1600.01,83,157,1519
5,5425.39,3130.47,83556300,20,77,244
3,17812.5,138602,-8252.18,310,449,5537
2,5345.31,4244.03,-1228,17,88,292
5,10787.7,28521,-3461.71,57,214,1469
0,25372.5,253583,-15233,74,481,8345
1,5950.01,6865.65,-3048.1,25,92,485
3,10153.8,36430,-1423.97,26,208,1691
0,6303.68,1833,-1291,19,91,117
3,11909.3,78309.4,-906.34,37,252,3882
1,4984.52,2822.98,-1150.02,120,77,244
3,3412.83,679.596,106.59,4,31,53
5,13190,63025.9,2418,57,279,2979
0,21310,486610,-10521,61,508,17131
3,4889.01,1035.28,-789.17,23,62,102
3,10254.3,43516.7,-1678.53,131,197,2257
1,7082.75,12777.3,-1867.33,77,132,806
4,3746.11,512.033,-675.49,4,43,52
2,15454.8,59742.8,1418560,148,305,2610
0,12758.2,63345,-5990,64,279,2755
3,3718.49,478.463,-833.97,2,36,35
0,12939.2,74769,-5990,38,247,3295
1,5502.64,4774.07,-592.976,13,85,343
0,12295.9,30222,-6922,131,251,1475
3,4636.5,1022.4,-1071.5,22,66,101
4,15783.4,96320.5,519079,61,294,4249
3,3720.88,1332.64,-958.917,82,51,102
3,12458,78883.5,-4348.68,46,272,3539
2,6549.15,5255.66,-868.665,50,79,292
0,6792.5,18539,-3188,72,127,1201
3,4670.34,2262.33,-884.41,3,61,184
1,5544.44,3098.79,-1490.7,10,94,224
2,22273.2,346254,-2557.73,255,440,10967
4,9479.89,39801.8,-3370.7,109,207,1995
2,4097.88,694.049,-797.3,11,58,43
2,7514.8,9282.9,-1521.21,18,138,554
2,4585.97,1021,-824.37,28,62,102
1,6883.8,7787.65,-2654.5,12,117,427
4,7457.1,11728.4,-1074.58,154,111,651
4,4750.37,2223.64,-82.516,20,75,165
4,22062,410269,99611.5,64,473,14125
0,10950.1,78619,-5729,12,205,3371
2,5032.97,4258.03,-918.893,18,79,317
3,15299.2,64979.7,-2388.15,128,215,2188
0,20979,315988,-11799,88,446,9827
3,12158.3,54143,-1069.4,47,220,2461
4,9183.08,26226.2,-198.592,148,174,1415
0,10488,17784,-3384,29,181,658
0,9063.59,13733,-4577,30,171,764
4,5105.94,3242.71,-1819.6,21,70,205
2,21907.7,410943,5882130,72,473,14125
3,4597.98,2754.26,-1069.4,23,65,202
4,12474.9,56761.9,-1575.1,46,220,2461
3,10889.4,57786.7,-1581.46,319,217,2904
2,7572.24,9478.37,-2978.88,208,130,490
2,5997.16,5211.88,-820.44,7,105,371
2,15716.1,100116,-3549.1,128,281,3974
4,13018.1,95044.4,746123,175,273,4429
0,13700.4,137724,-7440,135,286,5740
2,13953.2,90394.2,-2010.07,213,254,3973
4,23074.8,281327,5275.52,61,468,9276
4,6163.36,5025.33,-406.862,17,96,347
1,8249.35,9431.12,-2735.32,16,135,587
3,7386.94,15027.5,63526.2,118,134,970
5,3538.47,701.343,185.36,7,31,53
2,19188.7,348085,-4396.78,257,440,10967
4,7844.57,5588.57,-906.362,33,86,205
2,16373.4,162174,-3630.53,222,352,6744
0,31846.8,663727,-17891,149,788,18861
4,4795.78,1646.79,-1083.2,6,70,131
1,5382,4320.41,28785.3,15,88,292
0,13974.6,205332,-10237,66,347,8206
3,4597.88,1946.07,-722.79,2,66,164
2,3913.62,2075.47,-1364.1,4,63,184
5,13456.9,53207.9,68290.6,169,288,2334
2,4237.07,544.866,1462.7,23,65,35
3,4406.42,2688.42,-1160.5,30,65,202
4,3987.97,6387.44,-181.18,22,68,481
1,6005.3,5221.66,-884.78,11,105,371
2,3932.27,396.309,466.3,11,54,28
0,8873.14,13870.7,2001.45,281,170,771
5,15651.2,85918.5,-6472.43,101,301,3369
3,15299.2,161947,-1482.95,54,320,6391
3,4606.8,2177.66,-1554.2,11,71,188
4,5199.96,3437.5,-851.668,156,71,249
5,8118.74,9181.22,2097.7,41,144,553
4,4301.65,1666.58,-391.45,10,61,134
5,3990.37,6383.71,86.365,33,68,481
0,11963.6,52994,-7072,30,270,2533
0,6488.37,8975,-2028,18,120,551
5,7711.21,9366.85,1395.4,28,130,515
1,5303.59,1979.91,-1362.4,7,77,165
5,4629.73,6266.13,-522.86,17,67,481
0,5009.23,10692,-1550,13,89,762
4,9012.03,28587.2,-611.557,22,156,1364
0,6296.05,8199.25,-3036.9,5,106,549
3,3860.32,2075.32,-450.985,8,43,161
3,4961.86,2006.72,-861.77,14,75,165
2,6241.84,8164.46,-3747.2,11,106,549
0,5319.86,3470,-1904,17,87,289
3,6381.04,5072.71,-1179.58,113,96,347
2,4355.11,2695.93,-1364.7,20,65,202
0,7949.48,15887.2,-3416.8,30,141,932
4,12611.3,57679.8,8314.1,72,220,2461
0,18230.4,149092,-7832,64,382,5226
5,3703.25,470.765,-647.64,1,36,35
3,10611,43631.8,-767.619,127,197,2257
0,19195.2,139734,-10685,28,273,2610
5,9159.1,21193.5,-1795.69,108,143,1017
3,3883.84,2139.74,-1479.8,3,63,184
4,9272.79,27343.8,336700,55,194,1521
4,7154.45,11539.6,-735.419,247,102,764
3,12174,56084.8,-1515,58,220,2461
5,3760.26,595.735,-744.89,12,43,52
1,10755.3,41439.4,-3563.96,162,227,2059
5,8436.99,8537.85,-1700.1,67,109,486
2,6488.5,11450,-1832.88,248,102,764
3,9658.97,27205,3494.76,33,174,1415
3,6153.85,1874.96,282.776,71,84,136
4,12863.3,72612.5,-1227.3,163,262,3211
4,7423.4,10652.2,-977.237,47,101,584
4,9389.82,14346.7,-1763.78,22,148,729
3,4164.65,2244.71,-493.895,9,43,161
3,12022.5,72141.8,526.822,155,262,3211
4,4122.94,1632.56,-788.36,9,61,134
3,15178.5,79494.5,8462040,109,320,3466
3,5703.69,7697.48,-836.2,16,99,583
3,6775.53,11417.3,-191.748,151,111,651
0,8000.24,10945,-1526,26,129,620
5,15552.8,177506,-1428.94,217,367,7087
5,7967.99,15216.6,207.26,29,127,802
1,5037.55,3122.76,-2545.5,4,65,202
5,5606.36,4648.36,9296.7,10,79,342
4,22523.5,278241,4950.56,321,468,9276
0,6399.65,12598,-2048,14,117,767
2,6243.76,8059.05,-3505.8,4,106,549
3,6871.79,9108.52,-1138.24,7,95,543
4,4074.96,5890.46,-210.29,23,68,481
4,3909.87,658.744,221.67,4,58,43
0,9985.68,22761,-4602,42,178,1212
5,7743.17,14672.4,61989.7,50,131,971
5,9006.06,12451.7,1524.3,32,152,693
2,6178.15,5241.58,-742.351,9,99,321
4,20661.2,275143,1505.35,256,420,9137
0,12825.4,110451,-7586,243,300,4717
3,4527.71,1019.46,-511.01,28,62,102
2,3941.64,762.89,-1864,13,54,64
2,15040.2,100039,-1133.87,41,281,3974
4,3704.57,533.483,-856.36,8,43,52
1,3972.58,5744.48,-781.85,20,68,481
1,5370.88,5607.95,-1634.3,5,89,425
4,3590.82,564.404,-361.38,5,43,52
0,12005.1,57294,-5166,34,244,2970
2,5539.95,3793.57,-1124.68,65,85,269
0,8418.07,21255,-3793,34,144,1206
0,6803.99,10831,-2813,99,118,727
4,4511.63,2752.27,-591.29,29,65,202
1,5131.65,3668.83,26134.9,65,85,269
3,3953.43,2133.28,447494,24,43,161
3,8181.61,4503.45,7944.68,90,131,271
4,8291.13,13740.4,-1750.62,17,132,806
1,3909.25,1196.93,-737.77,9,55,88
5,4542.65,2497.17,-700.71,25,63,184
2,3995.47,767.147,-1730.6,13,54,64
0,5075.09,3338,-2380,18,70,205
3,6677.92,11276.2,463875,151,111,651
4,9432.7,26966.1,-1109.68,155,158,1403
3,4727.8,2246.39,-1484.4,11,71,188
2,8145.28,9520.76,-1957.18,204,130,490
2,3902.82,642.644,-681.69,8,58,43
5,6529.44,1886.19,-1084.84,7,84,136
1,6847.36,7795.27,-2470.8,11,117,427
3,18030.9,177266,-6215.76,247,403,6746
1,7018.61,4483.12,-1871.9,10,110,294
4,9046.16,20858.9,16119.2,111,163,1162
5,8376.4,9815.6,1234.1,49,144,553
4,8809.77,26833.4,56854,26,156,1521
5,4664.81,2715.04,-977.07,16,65,202
3,6542.49,11292.7,-1135.14,165,111,651
4,5021.97,1043.75,-1678.5,9,57,76
3,12096.2,70403.5,23985,189,262,3211
5,16411,183490,-2080.31,72,367,7087
0,10235.6,90593,-4532,17,222,4144
1,7084.13,4490.4,-2013.6,5,110,294
0,14784.6,145551,-8616,193,359,6078
3,8655.43,14399,-1085.82,99,140,845
0,5931.87,5150.82,-2174.11,8,99,321
4,12800.4,41205.8,-934.458,245,278,1938
5,10582.3,22787.7,221333,47,176,1313
5,5713.37,1845.15,-1032.46,177,76,147
1,8361.71,9431.63,-1526.72,16,135,587
1,8845.32,9170.65,198059,44,135,587
0,13096,82579,-6746,44,301,3293
0,10342.7,56691,-5412,51,219,2679
2,3997,768.735,-1932.9,13,54,64
5,3280.89,560.348,-135.05,19,51,45
4,3197.61,595.922,-83.489,17,51,45
5,3639.06,482.275,-686.23,3,36,35
4,5629.13,1740.87,-683.092,184,76,147
0,9554.34,36176,-3932,79,159,1747
3,3499.34,699.823,-276.02,7,31,53
3,9809.95,26167.5,27499,152,174,1415
3,9732.33,38311.2,-2075.76,36,180,2054
1,6409.66,1867.67,-987.717,36,71,103
5,5565.41,2897.74,16912.4,137,79,184
0,11599.7,63816,-3966,27,251,3052
5,9888.35,12278.4,1225.9,29,152,693
1,14746.8,102004,-4413.14,48,283,3965
1,6029.75,5254.62,-866.6,7,105,371
4,6153.93,13238.3,-688.95,16,103,883
2,9088.79,24009,-3705.62,126,166,1111
5,4761.41,2080.28,522.73,36,75,165
5,20532.1,275575,21347600,68,420,9137
5,6590.22,5766.74,-611.53,16,105,371
2,15260,166084,1255.4,40,320,6391
3,6255.22,10290.1,-1856.3,24,109,689
4,3528.23,745.716,-127.66,6,31,53
2,11355.6,58437,-2156.14,314,217,2904
3,8227.35,20642.1,167.99,37,143,1203
5,10040.6,27157.5,-952.371,99,158,1403
3,10739.9,26917,-1849.45,46,214,1469
3,5162.82,2653.11,-549.28,9,72,205
3,11039,36820.8,-4111.53,193,225,1755
2,4029.29,761.914,-2210.9,13,54,64
2,14509.2,98560.7,-203.399,41,281,3974
3,3765.93,491.623,-650.95,2,36,35
5,4571.07,3107,-991.79,37,65,202
5,16179.6,179593,1779.27,72,367,7087
0,5376.97,7685.03,-1983.9,11,99,583
0,12407.7,29752,-4475,24,176,1021
0,27667.8,543000,-14755,56,519,11429
5,7996.53,9065.35,1086.7,27,130,515
3,13154.9,50654.5,-4307.9,134,215,2188
3,9756.75,40153.7,-3555.98,67,196,1885
3,8797.06,12286.6,1403090,131,128,693
4,4402.33,2371.26,-771.15,6,61,184
5,4483.78,576.316,410.56,22,65,35
2,4236.56,2713.22,-706.5,19,65,202
3,12347.4,78491.6,11369400,47,272,3539
3,8633.94,14653,-999.968,82,140,845
4,15420.4,80553.6,-138.058,68,320,3466
1,5721.01,4759.56,-1106.53,18,85,343
2,6207.34,8042.91,-3715.6,4,106,549
5,11912.8,36942.5,114724,140,216,1932
1,6908.15,7846.45,-2565.6,11,117,427
3,5228.7,2486.76,700.4,5,81,169
4,7733.65,10949.9,-2135.51,129,156,654
0,11552.4,66836.7,-4924.04,43,243,2902
0,11708.8,60976,-6453,25,255,2828
0,20201.2,149687,-8964,120,430,5126
4,3830.68,546.665,-454.76,5,43,52
4,2961.22,49.2098,-306.599,101,25,5
5,9880.76,40936.1,613.258,128,207,1995
3,5396.06,2574.95,818.28,3,81,169
4,4528.93,6622.65,-523.37,20,68,481
5,6416.91,5918.87,-1459.69,9,95,372
3,12201.3,71835.5,-6030,158,262,3211
1,5822.95,4763.86,-1101.44,18,85,343
5,4124.83,2812.96,-969.82,28,65,202
5,4721.99,6883.19,-259.28,19,68,481
5,4604.28,6005.39,196.24,16,67,481
5,9590.34,12505.6,-1349.06,116,136,619
0,25427.6,332920,-14495,117,568,10263
5,7730.78,17994.7,-2147.9,10,128,1065
3,9974.28,33562.9,-1269.43,123,176,1922
0,17313.4,263464,-9186,182,391,9816
2,22186.5,349754,-767.051,257,440,10967
0,8761.29,20578,-3896,145,157,1161
3,6252.47,8012.7,-2624.7,12,106,549
5,3490.46,693.29,296.19,7,31,53
4,11146.5,39880.4,-1174.39,199,193,2118
3,7411.25,6284.78,-1332,95,114,399
4,9201.78,12259.5,-1555.08,11,117,519
4,8826.09,26957,56360.3,35,156,1364
3,4791.77,2932.95,5.23412,20,71,249
3,6686.11,10381.9,50373.1,31,109,689
4,11367.4,39581.4,20079.3,202,193,2118
5,5028.6,2282.55,1269.5,34,75,165
0,10072.6,18386,-3683,22,175,1020
4,8741.44,11232.1,-1091.02,118,156,654
3,6963.03,16997.6,-2320.4,12,128,1065
4,13039.4,41073.9,-1560.75,251,278,1938
2,4056.14,646.431,-398.89,20,58,43
0,13469.7,82920,-6493,88,230,2825
5,3548.88,578.997,-133.49,13,43,52
3,13067.7,60272.9,-1872.88,35,247,2754
3,13640,42647.6,-2522.23,118,234,1581
5,5641.24,2588.77,370.96,9,81,0
0,12113,59245,-6844,198,293,2690
5,7835.56,12661.8,-494.149,32,130,694
3,11620.8,52701.3,17733.2,154,218,2391
0,14971.1,92023,-6598,67,335,4068
5,3194.87,664.857,57.655,6,31,53
0,25140.8,564760,-15977,98,614,16961
1,3958.22,2042.63,-1646.8,3,63,184
2,14935,102074,-3742.07,34,283,3965
4,20947.8,192094,-9051.22,233,403,6746
4,8638.04,24563.3,6175170000,32,157,1519
1,9307.21,17293.5,-3268.73,32,183,931
4,22389.3,282722,5722.4,243,468,9276
4,5922.76,7590.86,-631.12,19,99,583
2,8330.38,20571.5,309.15,35,143,1203
4,8820.24,4666.57,353078,95,131,271
0,12962.1,168422,-5754,247,294,6505
0,9990.69,15177,-3496,36,161,846
1,6015.68,4986.38,-1004.86,18,85,343
3,6312.88,11962.1,111097,19,105,765
3,9078.14,12062.2,501.616,111,136,619
4,8907.03,17623.1,-1509.26,29,142,844
0,5025.14,1515,-2452,26,98,134
4,16386.3,144218,1212130,70,362,5847
5,15027.6,160424,1938.9,126,310,6737
5,6402.54,10685.6,-1492.56,137,98,651
2,8791.81,30151.6,-937.063,26,132,1513
0,3308.88,492.54,-147.36,13,43,52
3,12696.8,41529.7,-3042.61,38,278,1938
0,5476.98,3982,-1252,47,91,320
3,8778.22,24852.2,-2635.67,26,157,1519
3,4018.25,792.885,-2195.1,13,54,64
3,7530.41,9185.95,732.84,22,130,515
0,9406.7,13394,-3143,19,147,730
4,13312.7,45790,76477,171,273,2061
4,9094.37,20500.3,353552,101,163,1162
5,9834.78,26439.6,-1752.26,165,158,1403
3,11233.7,77577.7,10720.1,34,252,3882
4,4226.63,797.213,-1813.4,14,54,64
4,8057.33,25382.7,-2951.41,30,156,1364
4,3544.56,555.289,296.99,15,51,45
1,4513.01,1088.08,-210.01,28,62,102
3,3965.93,2360.56,-1020.7,3,63,184
2,5787.36,11155.2,-624.975,17,102,764
3,9085.66,26084.7,-1088.58,125,157,1519
0,10045.5,81141,-4308,33,225,3965
1,6830.89,13505.2,-3856.6,20,118,762
1,9367.82,17336.1,-3203.77,259,183,931
2,7344.57,13663.5,201123,16,96,804
0,4652.18,1101,-528,14,67,74
4,9722.41,17034.3,2091000,40,160,976
3,8528.65,21168.9,908.614,116,166,1111
4,4541.98,1020.67,-1262.5,21,66,101
0,15535.4,109697,-4531,81,276,4428
4,13536.9,51992.7,2000.92,187,288,2334
1,9265.66,17301.2,-2857.24,95,183,931
5,12211.8,60833.6,486827,152,233,2897
5,5731.12,1144.44,-1334.8,2,57,76
0,18881.1,330919,-8165,49,396,11114
0,4511.85,2020,-1209,3,68,149
0,7953.72,16752,-3486,138,127,973
5,11293.7,37432.5,-528.604,165,219,1875
4,10153.6,34056.2,-906.789,45,176,1922
5,11777,39217,-2064.11,157,205,1751
4,3802.47,536.996,-511.15,7,43,52
5,3600.06,576.908,-69.939,14,43,52
0,16432.7,112274,-5308,32,335,4248
0,26265.3,406590,-7807,70,483,10683
3,13063.4,60256.4,-1973.52,37,247,2754
0,10112,49389,-5687,25,183,2389
4,10734.1,35985.1,-408.431,44,208,1691
5,9296.65,12745.2,438.87,36,152,693
0,20576.7,147531,-10723,169,355,4068
5,8924.53,12203.7,2379.3,35,152,693
1,6205.38,6286.36,-1807.8,12,108,424
0,7621,10270,-2444,45,126,621
5,15863,80008.1,16682.4,240,336,3302
4,12562.1,54615.5,-584.694,148,218,2391
4,5836.76,11326.5,784.306,259,102,764
0,8535.77,13612,-2839,60,162,844
3,8006.86,9511.97,-1055.66,200,138,554
4,12175.1,71204.9,-196.416,154,262,3211
5,9442.55,27087.6,-2958.85,108,166,1414
4,4306.94,2756.16,-807.4,31,65,202
3,8335.13,21080.5,160.06,35,143,1203
4,3510.9,574.404,-50.146,13,43,52
4,18657.9,159241,265759000,187,359,6068
0,6141.52,7242,-2269,9,63,244
1,5505.42,3703.87,-964.418,64,85,269
0,7685.73,6849,-2773,11,103,398
5,3559.55,578.446,-367.7,14,43,52
4,6727.84,7135.83,-2265.56,70,118,426
3,4200.41,1691.42,-616.89,7,61,134
2,6220.39,7994.88,-3331.9,9,106,549
0,26981.5,546959,-14699,114,514,15694
2,5462.61,4349.97,-780.71,17,88,292
2,16440.4,164360,782.615,202,352,6744
4,17463.8,159916,-1888.83,94,359,6068
5,3829.41,531.202,-263.03,8,43,52
5,4272.07,6723.33,-381.07,24,68,481
4,5632.02,1054.05,-958.1,6,57,76
5,6291.13,3403.16,-1016.7,46,86,205
1,5061.43,3056.63,-2590.3,4,65,202
0,8171.24,15980,-4727,63,166,980
1,4293.97,2592.53,-547.11,6,65,202
1,5746.94,2605.54,-3516.5,14,87,166
4,9824.95,36838.6,-3853.3,36,196,1997
4,13845.8,81537.1,23046800,51,252,3882
5,7282.15,7749.59,-882.325,68,109,486
5,6003.88,1116.59,-1456,6,57,76
4,9963.74,32932.1,6437.43,116,176,1922
2,3985.67,2096.61,-1610.9,5,63,184
4,5309.96,3029.92,-790.483,95,67,224
4,8204.46,9634.01,-601.208,26,138,554
3,21697.8,351275,-3512.59,263,440,10967
1,5786.95,5222.39,-972.9,17,99,372
0,6661.86,5361,-2139,5,82,244
2,6944.11,17243.1,-2313.3,16,128,1065
1,5410.03,4345.49,-1198.54,14,88,292
0,13552.2,59400,-4576,23,220,2261
0,6737.86,6901.54,-2100.87,272,110,397
3,22054.6,414394,354266,60,473,14125
3,6929.5,10332.6,-1819.54,24,109,689
4,12018.2,54607,-2653.6,45,220,2461
2,11142.7,73675.8,-5135.2,25,249,3630
0,10629,25820,-5638,30,200,1311
0,16391.9,128161,-7331,46,324,4626
3,15901.9,167625,-2520.06,48,320,6391
0,11168.3,64955,-6410,156,222,3290
4,10950.9,38996.6,-1174.51,200,193,2118
0,9964.92,12858,-3425,32,160,623
3,6758.43,7406.38,17542.2,32,93,545
1,6533.56,1719.69,-1213.06,36,71,103
3,5813.33,2534.83,293.12,11,81,169
5,13548.9,54284.8,-1728.72,121,224,2192
4,3773.07,1436.3,-595.392,1,40,100
2,15156.4,100056,-3475.49,38,281,3974
4,11254.8,46620.4,-1520.84,125,197,2257
4,11181.1,32317.7,-44.465,134,204,1692
3,5427.42,7561.56,-231.82,15,99,583
5,12798,86091.2,-1653.44,218,247,3711
5,23120.1,197849,-4356.85,87,367,7087
3,9650.06,16694.1,80879.5,168,172,973
5,4593.29,1797.81,-793.49,13,61,116
5,4604.13,546.767,466.46,23,65,35
0,12307.5,44040,-161,18,190,1815
2,6265.07,4987.77,-1611.5,15,87,322
3,9820.08,40157.3,-3439.39,68,196,1885
5,8385.45,21386.3,-792.382,195,145,1156
4,8515.24,21612.2,-170.37,39,143,1203
0,24679.4,238998,-9530,39,364,4346
3,3618.68,385.883,913.61,11,54,28
5,6924.67,9687.33,928.35,23,115,547
0,7527.58,7485,-3029,3,124,427
0,8439.1,21103,-4415,7,109,654
1,6343.79,7816.16,-2395.8,23,102,517
5,11721.8,33295.1,3043.8,62,210,1213
2,22723.9,350365,37069.4,260,440,10967
3,4249,2012.65,-651.77,73,63,166
5,7882.95,16065,-989.776,93,134,970
5,4383.32,2633.01,-612.44,25,65,202
0,13449.5,51665,-5616,57,269,2331
0,9945.33,52721,-6196,18,190,2595
0,23923.4,350115,-11557,70,508,11734
4,4273.04,2543.1,-47.268,32,65,202
2,8779.31,12056.4,-2159.83,58,128,693
2,15409.6,99910.1,-3601.42,39,281,3974
2,3765.95,390.853,1157.1,11,54,28
5,15193.8,78093.7,1551.32,152,336,3302
3,4243.8,1933.1,-286.47,195,63,166
2,6035.19,11184.6,-84.4973,255,102,764
0,14416.4,130714,-7885,66,328,5736
4,10499.9,26433.7,-939.405,23,174,1415
0,17965.5,178950,-8403,195,376,6406
4,8811.93,14786,-3085.69,85,143,771
2,3866.81,2183.91,-720.509,51,54,165
3,4141.44,675.493,-240.19,12,58,43
1,9382.21,17180.5,-3032.56,94,183,931
0,11594.7,29756,-4681,46,219,1313
4,7580.71,9014.61,468.99,27,130,515
1,5131.41,3120.77,-2474.2,4,65,202
0,21064.6,273912,-10288,69,428,9134
1,4345.06,3152.65,-1470,9,62,245
3,4018.49,811.824,-2024.7,11,54,64
4,8379.02,9545.98,-1157.38,188,138,554
0,24483.1,444592,-14372,84,429,10399
5,10758.3,28734.5,97075.4,58,194,1521
3,14144.8,85650.3,1533.3,62,291,3799
4,12827.6,63224.4,5586.8,49,279,2979
5,9189.13,14227,-1055.64,119,148,729
0,7211.53,15929,-768,24,132,936
4,6575.44,3860.27,484.97,15,100,294
1,5130.02,2842.78,-1171.86,120,77,244
0,9605.83,75726,-5931,26,218,3707
5,4841.93,1547.39,-1333.1,5,70,131
1,5651.91,4591.12,-1412.2,17,98,294
0,8764.66,34374,-5485,40,166,1991
5,4477,6349.15,412.26,15,67,481
4,4049.55,2620.76,-877.23,14,63,184
1,6188.48,5255.15,-612.18,7,105,371
3,4513.99,1029.05,-985.73,28,62,102
0,4083.39,2310.6,-908.917,185,54,165
4,6621.13,7331.12,786.42,34,109,432
3,13503.3,49511.5,-3731.25,130,215,2188
5,10113.1,20550.5,-390.275,30,157,1113
0,10030,20527,-2033,36,146,974
5,5876.7,11109.3,-409.726,41,105,765
0,14621.2,129703,-6703,58,325,5326
1,11302.2,68859.3,15051.9,197,247,3373
4,10597.5,28390.6,-1147.6,48,214,1469
2,5418.51,4106.79,-1441.79,78,88,318
5,6793.72,8179.11,-2402.7,3,106,549
5,11826.1,32612.1,5631.1,64,210,1213
4,13495.4,61153.4,34639.8,35,247,2754
2,10068.8,34473.9,-1599.06,22,208,1691
4,6559.89,11278,-1114.44,151,111,651
5,3777.22,480.749,-822.25,2,36,35
2,5960.01,7808.31,-1167.77,17,104,457
0,14774,89001,-6210,61,288,3630
5,10534.7,24749.5,-1065.24,36,189,1361
3,9290.33,35046.8,2823.87,31,148,1919
3,3766.44,493.818,-849.97,3,36,35
5,13612.1,42252.5,449.379,241,278,1938
2,5091.7,4302.97,-788.903,16,88,292
2,6052.33,11041.3,582.585,25,102,764
2,7778.17,9354.79,1433.51,179,135,587
0,6878.13,12083,-3072,23,126,727
4,3444.9,666.36,170.35,3,31,53
3,8958.95,14106.8,159760,101,170,771
0,9737.19,9761,-2979,21,147,585
2,5510.38,4052.8,-490.325,85,88,318
1,6218.85,1849.4,-988.089,38,71,103
1,6003.07,1721.4,-1238.41,40,71,103
1,11345.8,41358.6,611045,136,227,2059
5,7159.49,2819.91,154030,3,99,167
2,8545.81,19830.7,-1513.79,167,163,1162
4,12869.1,62983.6,2689.8,46,279,2979
0,8384.63,22947,-2680,19,148,1206
3,13703.9,90739.2,-1692.4,293,254,3973
2,10093.9,42843.3,-1447.34,27,197,2257
0,3747.51,1137,-872,10,52,101
0,10792.4,78723,-5929,109,256,3971
1,11677.5,69099.5,-3227.19,50,247,3373
4,3471.97,598.316,191.16,17,51,45
0,6389.45,15129,-2802,18,123,1012
1,4774.18,2827.66,-1194.67,18,77,244
0,9540.36,22085,-4228,9,178,1259
0,6008.03,4506,-2124,14,101,317
0,9376.5,31445,-5167,13,178,1746
4,23598.2,280625,2770420,302,468,9276
0,5192.11,8188,-1207,12,71,515
4,4630.09,3980.58,-846.991,92,72,340
4,5390.02,4341.58,-957.09,16,85,346
5,18010.5,159458,40665000,185,359,6068
5,4285.35,402.15,1361.4,11,54,28
0,5023.67,3098.98,-519.67,35,76,222
0,20332,371342,-12248,94,526,12505
3,9104.59,12220.8,-2432.24,24,136,619
0,26149.1,619413,-14503,164,599,19042
4,4319.69,2060.76,1260.5,18,75,165
0,10975,18567,-5421,29,214,982
1,8045.51,13827,-2385.44,123,170,771
0,6317.09,5698,-2515,17,110,319
4,5324.67,2729.44,60.749,12,81,169
0,8071.1,23340,-5646,34,184,1415
0,12658.2,70928,-5409,43,244,3461
0,10428.4,21138,-3254,28,185,1117
1,6941.91,7761.03,-2822.2,12,117,427
4,10011.4,36792.1,-3741,29,196,1997
1,5116.83,3119.44,-2462.4,4,65,202
4,12149,53539.6,-3908.76,146,218,2391
5,10997.6,27043.5,-1347.64,115,172,1412
0,20859.3,224605,-9724,48,433,8218
3,6215.34,3497.2,422.32,19,101,206
1,6898.05,13512.7,-3420.6,20,118,762
0,20182.4,240663,-13288,126,555,8486
0,15407.1,133254,-6165,60,347,5528
2,7817.15,9377.14,-1538.52,185,135,587
0,24937.8,374898,-8338,103,509,10836
1,5847.25,1707.71,-1064.59,38,71,103
1,6419.07,8123.79,-1393.8,12,108,549
4,6176.34,4082.08,-312.69,16,100,294
4,4456.21,6739.94,-380.36,20,68,481
0,9966.61,23856,-3753,23,165,1305
0,17731.7,161903,-9202,86,388,5863
4,4372.61,494.032,144.77,20,65,35
5,5894.09,2626.15,490.86,14,81,169
2,19359.9,347150,-5095.99,246,440,10967
4,10288.8,40039.8,-1252.75,75,196,1885
3,6914.7,5569.88,-874.023,10,99,321
0,8495.22,32266,-3333,20,181,1870
3,4162.42,694.276,-275.56,17,58,43
5,14038.6,51496.5,139019,141,298,2196
3,14825.6,94380.2,26495800,251,294,4249
4,3718.44,546.115,-612.6,5,43,52
2,4218.28,2558.68,-694.73,18,65,202
5,3727.06,567.348,-521.36,13,43,52
2,4107.93,6051.35,-52.609,10,68,481
1,11674.8,69016.3,-4616.48,199,247,3373
3,4839.96,2005.56,-902.81,11,75,165
0,13564.4,235174,-5339,61,297,9791
5,5487.14,4325.7,-586.75,13,85,346
5,12175.7,60253.9,-2565.89,204,214,2600
1,5351.03,3700.49,-991.1,9,89,249
4,9209.42,20302,3596.06,106,163,1162
0,8549.8,24634,-4353,24,181,1521
5,13568.2,62707.8,-1052.42,298,233,2897
2,14614.7,250519,-7617.7,103,346,7851
5,3611.7,571.384,-406.26,16,43,52
1,4157.97,2520.69,-1410.7,11,65,202
3,4326.92,6236.93,-851.44,15,68,481
5,5507.92,1143.28,-1750.3,2,57,76
2,15096.7,102352,34108.2,45,283,3965
0,18260.6,123302,-7919,56,360,4528
4,17178.4,216748,-2486.9,277,336,8195
1,15099.7,252640,47710.6,102,346,7851
5,8057.78,16019.3,-973.149,99,134,970
1,9039.67,17114.1,-4178.23,98,183,931
5,10485.6,14850.8,2321.09,88,143,771
3,5916.95,4993.02,700.587,47,79,292
2,7696.55,8906.53,45.129,14,130,515
1,5144.6,1800.69,-1465.9,2,70,131
2,16314.5,161355,-1585.37,254,352,6744
4,13059.5,52014.4,-2730.54,238,288,2334
2,5330.1,4265.67,-1220.85,16,88,292
2,3905.11,1457.4,-766.227,160,52,133
3,4838.52,2047.04,-40.125,19,75,165
0,16459.3,233650,-8500,42,374,8598
0,8225.52,4650,-3526,28,133,251
1,7779.5,13334,-2656.6,2,125,694
5,14393.7,48689.6,-6319.57,164,298,2196
4,10105.9,26421.6,-2435.54,35,214,1469
4,7294.63,15664.9,-1219.82,94,134,970
2,6745.98,0,-1137.82,189,96,804
0,6271.34,4813.88,-2347.9,15,107,319
4,8761.07,11361.6,-162.149,128,156,654
0,9514.94,27926,-2584,21,171,1521
3,8332.56,9632.07,-764.736,190,135,587
3,3838.16,428.649,670.55,11,54,28
0,15835,172087,-9217,198,365,6855
5,6521.38,4673.72,38523.4,45,86,367
0,25614.1,400734,-17442,207,546,12209
1,6749.71,17186.5,-2284.8,7,128,1065
3,7555.7,9606.19,-1654.62,16,123,621
3,6486.33,11148.9,-991.915,156,111,651
2,16667,161776,157893,175,352,6744
4,10861.3,49148.5,-1635.8,76,190,2118
0,11452,86323,-7748,34,268,4154
0,5743.9,3670,-2710,11,96,273
2,6199.32,8074.34,-3440,10,106,549
2,11094.8,40883.9,-2514.52,146,227,2059
0,10967.8,17797,-4871,26,217,983
4,12826.5,55250.6,261051,150,218,2391
5,23295.1,280820,-288.995,309,468,9276
0,12534.3,65929,-4792,17,213,2750
3,10250.3,44103.5,-55.507,139,197,2257
3,4669.03,2208.01,-1382.8,11,71,188
1,8432.04,13941.9,-3135.54,119,170,771
5,6045.4,13182.8,-1390.5,12,103,883
2,5032.02,4312.81,-1211.48,22,79,317
2,7690.75,9263.49,347.29,13,130,515
4,9967.48,27680.4,-2512.2,160,158,1403
2,7261.93,13613.9,308369,17,96,804
5,8972.24,12014.2,-1045.5,63,128,693
5,11487.7,51695.7,-152.961,136,209,2534
5,12210,45554.5,1826.21,149,273,2061
5,3704.78,550.724,-81.628,14,43,52
5,3750.14,6500.75,53.271,26,68,481
1,3756.51,1196.09,-828.55,9,55,88
0,6507.56,10336,-1987,20,114,654
2,4284.97,6357.79,-338.56,20,68,481
0,18614.5,94817,-9338,76,356,3982
5,5969.02,2528.08,378.82,9,81,169
3,5021.61,1935.84,-479.91,5,66,164
1,6300.09,1707.61,-899.461,38,71,103
2,17481.9,168521,2738320000,58,352,6744
5,8355.23,14524,1398.7,41,127,802
1,6051.14,5254.26,-2154.8,22,88,370
2,7582.27,9210.41,-356.458,16,138,554
0,12701,45477.4,-3053.45,49,177,1992
3,10822.3,26893.1,-1392.37,152,172,1412
4,8162.59,15010.1,-565.45,26,127,802
5,9652.07,18640.5,60369.9,181,133,890
4,6114.73,6360.84,384132,122,95,427
5,6077.36,7612.08,-740.414,97,104,457
4,3368.52,694.034,301.5,4,31,53
3,4226.51,718.803,-534,14,58,43
0,8689.39,15789,-5343,100,186,934
1,8065.92,12935.5,11944.7,19,132,806
4,11772.8,53555.1,-236.353,178,209,2534
1,7927.89,12843.9,-1885.5,79,132,806
0,7576.15,26298,-5131,10,127,1355
2,3948.09,1444.27,-740.289,156,52,133
2,4196.17,6246.35,-114.29,15,68,481
2,5321.57,3367.15,-2083.5,21,70,205
5,4785.99,576.866,379.06,24,65,35
2,5258.95,3674.86,-1825.71,115,85,269
4,4240.16,681.362,-113.16,16,58,43
4,5384.22,2222.07,246.61,23,75,165
3,15317.9,164687,-309.609,47,320,6391
4,5788.06,4069.44,-563.18,19,100,294
0,9157.57,30701,-5083,44,178,1746
5,3375.61,691.474,394.28,7,31,53
2,12477.5,73524.3,-2368.78,28,249,3630
3,12096.2,38449.8,-327.846,150,235,1818
5,5339.09,1047.07,-1415.6,12,57,76
5,7196.11,7464.21,174.32,39,109,432
4,9556.14,28214.6,13778.5,167,158,1403
4,6099.07,4614.55,-519.05,19,100,294
2,6519.93,11437.2,-2072.53,148,111,651
3,6899.75,5142.35,12971.5,16,107,346
5,15615.4,90455.5,3867.5,83,289,3710
2,14978.8,251972,-2992.65,109,346,7851
4,13682.1,47374.2,-861.17,179,273,2061
1,4581.75,2024.13,-581.06,14,75,165
2,15265.8,100146,-3426.4,38,281,3974
3,6923.54,4055.13,-982.16,12,101,249
4,3797.01,552.887,-634.79,5,43,52
5,4320.77,2329.09,-981.12,3,61,184
0,4790.36,4441,-1890,2,53,168
3,7055.19,5657.88,-1084.07,17,99,321
1,3818.87,1195.58,-554.09,9,55,88
5,12748.4,59358.3,-905.418,160,223,2822
0,35526.5,715495,-10837,137,688,16970
0,19923.7,301046,-8462,80,445,10102
3,22875.3,413391,827.591,64,473,14125
5,12721.3,62338.4,-5459.76,35,246,2754
0,15137.6,67674,-7331,179,298,2899
0,10809.2,51727,-6057,17,236,2608
2,13801.9,165321,-3836.1,44,320,6391
5,3577.66,709.425,-188,6,31,53
5,6244.94,1969.38,-638.395,13,84,136
4,12569,71046.9,1410670,137,262,3211
0,10799.5,46067,-4567,18,193,2056
5,3684.69,460.1,-800.17,3,36,35
1,8264.48,9476.42,-2048.13,83,135,587
1,5262.35,3715.56,-17.4439,65,85,269
1,4740.41,2857.44,-1073.01,117,77,244
0,8004.06,11003,-2763,34,119,588
2,7262.66,5395.25,-834.605,42,79,292
4,5254.61,2584.11,-613.3,13,65,202
0,12379.2,87353,-5480,65,271,3972
0,4575.26,3135.3,-774.77,9,71,225
4,8642.45,23652.2,6142980000000,135,154,1252
2,4081.42,1446.19,-831.577,128,52,133
3,9625.25,30453.7,326718,38,171,1747
3,5764.47,7585.53,-1447.8,17,99,583
5,4223.55,1185.34,-621.67,9,55,88
3,4979.52,2235.76,-1602.5,11,71,188
3,21741,414800,-9079.78,59,473,14125
5,4017.55,6665.14,436.24,29,68,481
5,3533.79,664.944,381.45,5,31,53
1,8285.67,15460.6,-2612.6,38,141,932
5,4413.72,2648.11,-463.08,15,65,202
1,3608.01,1431.19,-830.823,128,52,133
0,15324.6,71119,-6723,77,286,2608
0,5927.65,15270.8,-2225.2,16,123,1014
3,4317.82,2017,-586.524,73,63,166
3,8919.95,16136.1,285617,49,160,976
1,5691.97,5129.12,-1483.86,19,85,343
2,5253.72,4305.6,-911.505,19,88,292
2,17099.9,164392,-463.772,222,352,6744
5,5289.18,3414.33,-1841.6,22,70,205
4,9661.31,26527.4,-3598.87,149,174,1415
1,6969.7,7835.53,-2191.2,11,117,427
0,10367.6,20696.8,-4598.71,111,211,1026
0,6733.26,6458,-3734,10,119,428
4,8050.65,20182.6,1201510,133,145,1156
5,7131.44,4578.39,-1914,25,110,294
4,4321.93,676.692,-950.337,28,48,62
0,18051.2,167623,-9203,31,314,5314
0,15831.4,119744,-7784,54,348,4824
4,6793.96,7185.54,1431.2,33,109,432
4,3716.64,526.584,-625,8,43,52
0,17573.4,268551,-10935,63,481,9959
2,5036.95,2848.35,-1124.46,114,77,244
4,4249.4,792.727,-1349.4,13,54,64
5,6916.96,8676.9,-764.573,28,98,582
4,13022.6,94607.7,396262,142,273,4429
0,5531.06,4913.21,-1873.4,47,86,367
1,6848.32,7853.69,-2361,11,117,427
0,13006.2,154790,-6283,129,280,6508
5,9417.45,11428.5,-610.78,250,154,557
3,7343.79,14178.6,-1071.59,25,120,809
1,8707.05,13851.5,4163.25,279,170,771
0,25902.1,654152,-15863,124,630,20045
4,8627.68,11446.6,-3120.64,119,156,654
3,13988.1,52309,15831400,73,288,2334
2,3580.99,2137.96,-753.073,51,54,165
0,20421.5,124223,-10384,82,436,4628
4,11303.5,60203.7,-1325.79,233,214,2600
3,7583.55,13728.8,146.3,22,127,802
3,14595.3,144702,428.815,204,308,6057
1,5699.53,2571.05,-3105.2,10,87,166
5,4288.53,6161.71,5.5335,35,68,481
3,20911.9,411870,2976230,65,473,14125
0,12477.3,92280,-6221,39,235,3787
3,11205.9,78141.2,-6328.73,38,272,3539
2,4413.28,984.597,-960.88,4,55,88
0,18650.6,379797,-12273,79,477,13306
0,9684.69,19584,-4297,52,192,1118
0,10771.8,52569,-6399,84,225,2747
4,6900.37,16939.5,-1985.6,12,128,1065
0,8670.01,19884.4,-3026.11,124,151,1023
4,10189.8,26350.9,55894.3,124,172,1412
3,12350.8,54597,-1285.6,47,220,2461
4,4373.17,2092.02,500.57,23,75,165
0,12613.4,52181,-6697,76,203,2187
2,20526.6,160870,-7294.67,343,449,5537
5,9790.02,17737.8,-1269.47,35,142,844
4,10105.2,26210.2,-95.5374,28,174,1415
4,6899.39,7915.09,-2077.2,12,117,427
0,5815.17,9151,-2388,13,98,650
3,15873.8,171874,-8792.81,234,403,6746
5,7381.07,7294.71,-1030.97,62,109,486
0,17232.4,235537,-11576,65,467,9010
4,4168.82,1646.92,-940.67,10,61,134
0,10691.8,24658,-676,19,150,1159
1,5565.36,4305.49,-1511.79,14,88,292
3,13034.6,93334.2,-1916.39,197,273,4429
0,15745.3,188669,-10522,39,400,7584
2,21076.3,347253,-2873.54,295,440,10967
5,5835.42,1174.24,-1301.7,2,57,76
4,3791.6,565.299,-768.44,6,43,52
2,7385.52,9409.41,-2503.5,18,135,587
4,5187.75,2612.36,483.48,8,81,169
3,9929.97,33109.2,-257.461,109,176,1922
0,6629.8,8690,-2010,14,122,519
5,15604.6,63138.6,-6303.91,183,312,2679
4,4999.92,1577.71,-1055.9,6,70,131
5,3713.09,397.681,1614.3,11,54,28
4,9938.93,28353.5,-2133.48,176,158,1403
3,12697.7,60614.5,-4405.88,25,247,2754
3,3275.89,677.444,215.06,5,31,53
3,10744.2,26824.8,-1384.77,149,172,1412
3,6419.03,10287.8,-1071.42,24,109,689
5,5299.96,3097.46,-892.875,101,77,205
5,9225.12,26808.7,-1108.17,101,166,1414
5,4073.49,2334.85,-1113.7,4,63,184
3,7414.44,9498.97,47183,84,138,554
0,7347.39,13978,-3121,24,126,765
3,4496.07,531.353,442.92,14,65,35
5,3725.06,1445.88,781.455,6,40,100
1,6904.17,7795.11,-2620.3,12,117,427
4,3789.6,533.395,-839.14,3,36,35
1,5921.47,5120.72,84884.2,11,99,321
5,4237.86,747.702,47.941,16,58,43
4,6435.97,6980.31,-1049.22,77,118,426
5,8172.3,26514.5,-1396.68,137,156,1521
4,3671.78,449.048,-726.69,1,36,35
0,6925.95,8210,-3273,9,101,552
0,14036.3,59502,-6391,53,282,2133
1,6072.56,5289.85,-2031.8,21,88,370
3,16365.9,163939,-7157.19,203,352,6744
2,6254.29,10964.4,23722.7,254,102,764
3,12206.3,36668.7,1372440,13,225,1755
2,8852.91,19873.7,-3434.45,87,163,1162
2,4500.12,1083.34,-1170.3,28,62,102
4,15355.6,89010.4,5766,89,289,3710
4,8399.85,15695.3,-168.66,33,127,802
0,31080.7,888006,-20637,103,700,26711
3,12729.1,78699.7,-392.425,42,252,3882
1,6258.26,8220.12,-1391.5,15,108,549
3,4928.9,2853.85,-642.153,109,67,224
3,12033,34003.2,2627.1,53,210,1213
2,17449.4,137399,-8084.12,319,449,5537
4,8984.9,29226,-537.273,133,179,1626
2,3991.14,2192.73,-374.503,183,54,165
3,3574.42,530.83,-512.1,5,43,52
0,17224.3,141954,-8455,52,368,5329
3,4181.09,1688.57,-672,5,61,134
2,12071.6,71437.6,-3298.2,127,247,3373
2,4536.18,2608.22,-1516,8,65,202
1,5092.31,3146.78,-2665.4,4,65,202
0,10467.8,26560,-2812,3,125,622
0,20385,235158,-10324,29,369,5746
4,3671.54,585.315,-562.33,5,43,52
3,11866.4,75220,-4961.79,28,249,3630
2,4139.69,416.812,978.47,9,54,28
0,8353.23,14102,-4045,24,152,695
2,4856.05,3014.4,16307.5,145,71,249
2,9046.27,12346.8,97106,65,128,693
0,18588.3,232299,-12288,95,437,7837
5,4869.7,2942.14,-723.33,35,65,202
4,4314.05,2364.52,-1177.9,13,63,184
5,5780.77,1054.62,-1386.8,7,57,76
1,4816.6,2828.46,-1216.42,114,77,244
4,9575.3,31295,-3013.29,211,171,1747
2,8770.37,16828.5,-1177,27,142,844
1,4022.74,2176.59,117846,51,54,165
3,3916.82,420.481,1539.9,5,54,28
2,3865.12,2246.71,-827.154,51,54,165
1,4489.75,978.654,-1185,14,66,101
4,6873.97,11732.5,-382.356,157,111,651
0,26337.6,624569,-17670,97,675,17898
0,6307.22,13558,-2895,22,122,927
0,6999.66,9002,-1305,39,106,522
3,6725.42,14026,5817.21,89,120,809
0,9595.75,23004,-3338,13,162,1360
3,11707.3,38188.2,-1439.64,36,235,1818
1,3884.53,2226.35,-992.26,4,63,184
3,10226,30608.5,-1232.35,226,171,1747
4,9778.4,25822.5,-621.965,25,174,1415
3,11577.8,77379.4,1717.53,164,252,3882
3,5607.16,7284.91,-1031.03,16,104,457
5,4329.85,2722.32,-807.09,20,65,202
0,5055.66,2870,-1438,3,57,165
2,7619.36,5443.75,-911.411,42,79,292
5,9561.71,11786.5,-2304.71,231,139,587
5,4394.82,430.129,1140.7,11,54,28
4,15553.1,88359.5,4760.9,87,289,3710
3,5336.49,4455.68,-806.692,16,72,340
0,6630.27,6490.83,-1854.94,23,100,485
2,8934.33,13887.6,-3221,121,170,771
5,6852.49,3904.8,-649.075,36,86,205
5,7800.37,9358.45,1185.7,26,130,515
3,5547.83,7912.77,-2363.2,16,99,583
3,4339.88,1746.98,-565.4,8,61,134
4,6761.89,11651.3,-118.548,156,111,651
0,12906.3,138711,-7160,38,280,5737
4,15214.3,213328,-3017.77,273,336,8195
1,7058.71,28308.3,-2519.6,12,131,1686
4,3621.02,699.94,220.47,5,31,53
1,3841.7,1209.97,-933.02,9,55,88
5,9033.01,16259,66446000,30,172,973
3,4525.5,6493.08,-970.37,25,68,481
1,11439.8,42304.2,-4817.68,137,227,2059
4,13336.8,42294.5,-5487.23,242,278,1938
1,11701.3,48548.6,-4054.25,223,262,2394
0,19805.1,315037,-11862,155,414,10385
1,7010.06,13538.7,-3099.8,16,118,762
4,6108.07,7455.81,-1190.47,39,104,457
3,10892,31939.9,-1966.88,134,203,1580
0,4665.23,4958,-1804,9,74,369
4,10598.1,39800.8,-1272.78,207,193,2118
3,11149.8,26813.1,122517,37,214,1469
2,3839.39,392.13,1249.6,6,54,28
0,11233.8,49458,-6109,19,233,2187
1,4510.26,2005.62,-708.6,13,75,165
3,10327.9,24780.5,297961,35,177,1313
3,8782.23,12270.2,-2513.65,119,136,619
2,4401.74,1001.34,-906.45,28,62,102
0,13386.6,156760,-6434,38,312,6727
5,7399.1,15456.6,1289.21,103,131,971
5,9577.54,11535.9,-224.944,221,139,587
2,4162.13,2560.39,-865.73,13,65,202
5,5287.7,2895.13,-836.27,4,65,202
0,18329.4,106860,-6870,51,359,3891
3,8598.61,34365.6,-2548.36,25,148,1919
0,10989.1,58243,-3388,29,209,2189
0,16574.9,402762,-8943,61,373,11857
4,7718.53,9742.16,-2011.71,19,123,621
5,3361.59,572.646,165.23,17,51,45
0,12745.2,31926,-5379,82,196,1413
0,10753.9,47452,-7511,41,228,2319
0,11340.8,17539,-2941,23,152,726
0,5564.61,7163,-1945,39,91,515
0,5409.59,5760,-1136,9,97,370
0,8831.38,18919,-3064,67,148,977
2,11288.5,55509.4,212.629,177,209,2967
4,9631.16,12284.3,-195.61,20,152,693
0,7216.96,9719,-2440,16,129,655
3,5916.24,5022.69,-944.693,114,96,347
5,9409,18788.2,-4617.3,8,146,891
3,20599.5,244621,-4742.44,285,540,8870
4,6586.15,11428,-1041.46,87,102,764
3,3959.57,391.534,590.79,11,54,28
1,4033.21,768.669,-1923.7,9,54,64
5,4069.19,2290.9,-683.48,15,63,184
5,8045.42,7812.51,-620.837,58,109,486
3,15081.1,153739,2436.3,103,310,6737
3,12137.7,71581.3,-2176.36,156,262,3211
1,5693.1,4611.18,-1336.6,14,98,294
5,11913,60380,2953140,23,214,2600
5,5287.03,1003.37,-1274.2,3,57,76
3,3969.91,2130.55,-1339.3,4,63,184
1,5053.7,2851.07,-165.391,18,77,244
4,9195.17,20594.1,-1783.88,107,163,1162
5,11995.8,68184.8,3367.7,67,201,3289
1,11468.8,42301,-5005.94,156,227,2059
4,6712.99,7280.42,1014.6,31,109,432
4,3679.6,542.217,-429.55,5,43,52
4,4454.55,2461.9,-904.74,24,63,184
2,4615.87,2081.94,-392.18,12,75,165
3,12575.6,53994.3,-4168.74,155,218,2391
3,12999.6,70645.8,-2819.13,185,262,3211
2,15255.6,100168,-2987.04,41,281,3974
0,16841,117209,-9093,98,330,4342
5,4579.48,6744.9,378.13,22,68,481
3,12230.7,33626,583.5,51,210,1213
5,9328.9,21399,-2169.8,28,143,1017
4,6477.16,10274,219702,23,109,689
5,11664.2,41027.6,-1624.05,50,193,2118
3,3416.83,680.388,171.23,5,31,53
2,5053.91,2942.71,-676.101,111,67,224
0,14965.5,110805,-9591,96,316,4240
2,8532.63,9878.49,-2772.26,32,135,587
2,16418.6,161173,-3424.73,208,352,6744
4,11902.7,36583.2,-1878.54,89,166,1414
0,7700.4,18030,-1884,51,138,1024
4,11297,48698.2,-1236.82,18,190,2118
2,5300.64,4295.64,-998.341,18,79,317
2,4442.99,2559.28,-1209.9,20,65,202
0,13848.5,146770,-8772,52,305,5635
0,10778.3,35403,-4467,167,202,1523
5,10066.6,33529.5,-560.593,33,199,1696
5,3656.97,365.698,750.92,11,54,28
0,10427.2,35981,-7151,76,201,1636
1,5067.84,3120.89,-2590.2,4,65,202
5,16419.5,179907,3592.06,77,367,7087
4,8478.6,12354.2,67367.7,23,130,694
1,12015,49499.4,6503.09,225,262,2394
4,5987.66,11118.5,-504.482,252,102,764
1,22610.6,518543,-2056.69,325,540,18067
5,3648.87,389.029,1597.9,11,54,28
2,11000.9,41021.2,-2864.6,142,227,2059
3,6531.46,3794.16,392.64,15,101,206
2,4442.73,2622.25,-882,22,65,202
2,4695.08,2000.68,260.78,20,75,165
3,7114.82,5054.06,-2082.38,182,107,346
2,5952.93,5244.6,-958.75,7,105,371
2,4549.51,2247.44,-1430.3,12,71,188
0,41892.4,1088640,-21648,171,897,27204
3,9037.65,13455.1,1922.47,66,132,806
5,9923.75,35051.3,-3728.11,91,176,1922
0,32603.3,582855,-7488,321,600,11904
5,5876.46,1095.43,-1325.8,8,57,76
3,4320.24,1937.55,-805.92,197,63,166
3,13199.5,47551.1,742515,138,223,2059
3,5812.36,7285.99,-532.855,80,93,545
2,5232.86,4079.1,-1319.29,18,79,317
3,5416.03,2488.78,431.76,2,81,169
3,8276.86,9273.45,574458,177,135,587
4,14317.8,144608,-590.073,304,308,6057
0,20872.4,535532,-17665,246,525,17130
2,22071.4,409639,214599,62,473,14125
0,9508.42,25149,-3262.36,18,160,1164
1,6268.04,4329.24,-885.59,16,106,318
5,4315.29,597.333,546.19,20,65,35
0,9394.06,27202,-4895,113,174,1467
0,15309.2,83968,-6787,61,313,3554
5,9023.02,32653.4,-1268.52,72,166,1414
2,14299.3,90619.4,-1705.58,206,254,3973
0,8637.21,12870,-4907,25,173,767
4,8244.4,13385.6,-1770.82,25,132,806
1,7693.96,13757.7,-3482.26,117,170,771
2,12684.8,49792,-5543.79,220,262,2394
5,3733.71,587.609,-241.15,14,43,52
2,4340.49,6277.47,1124.5,17,68,481
0,7942.08,11408,-1732,33,133,688
5,7040.92,7362.59,759.22,40,109,432
5,12621.9,37163.1,-1515.88,197,225,1755
2,15932.9,167317,-2315.86,57,320,6391
5,16007.4,49115.5,532268000,167,273,2061
5,4739.2,1575.41,-1272.8,5,70,131
0,13710.5,59651,-7529,163,253,2616
5,16718.4,144890,-7168.29,275,362,0
5,9011.51,20789.7,-1460.26,28,143,1017
5,3821.54,440.32,-690.23,4,36,35
1,8087.41,9438.05,-2884.7,16,135,587
5,4910.79,6712.37,-129.35,23,68,481
1,6187.29,5217.34,-761.29,8,105,371
5,14921.2,88083.6,92094,79,289,3710
5,7736.08,12897.9,-1306.39,27,130,694
3,3407.7,687.126,127.55,3,31,53
5,4480.55,2189.88,-1012.5,5,61,184
0,13570.1,85707,-6552,164,305,3803
1,5502.14,1989.08,-1352.9,10,77,165
5,7791.15,7037.49,-889.81,41,108,428
2,8547.34,34198.6,-241.055,19,148,1919
2,21907.4,411592,-1517.8,67,473,14125
1,6873.62,7783.97,-2739.4,11,117,427
3,4410.12,2513.47,-1005.3,17,65,202
4,11566.2,53824.5,-1598.31,123,209,2534
0,9161.65,13414,-2602,9,105,582
1,3814.14,639.467,-464.72,24,50,42
4,11293.3,27883.5,166758000,79,214,1469
4,7142.45,9183.28,117.682,199,138,554
4,3497.22,682.677,-202,7,31,53
5,3224.74,576.98,224.68,17,51,45
5,4844.79,6129.78,-518.2,22,68,481
5,4267.61,2737.01,-768.76,16,63,184
2,4063.77,2536.91,-1149.4,12,65,202
4,10092.6,36871,-3769.43,34,196,1997
0,21364,344743,-12874,74,518,11581
2,5268.25,4271.53,-929.116,17,79,317
3,9441.33,39285.3,-1155.55,73,196,1885
0,12807.5,31462,-5742,40,236,1264
0,11009.6,19301,-1965,111,157,977
4,8732.22,11162.4,4313190,35,156,654
1,8564.52,11975.9,-2008.02,118,128,693
5,3954.86,402.095,914.97,7,54,28
2,4741.54,1952.85,8.103,13,75,165
5,4593.34,2083.08,85867,24,76,165
5,4720.61,6381.19,267.9,16,67,481
4,8577.89,4897.72,-1115.36,24,131,271
0,36162.7,1002210,-20972,235,920,22322
0,8044.71,15336,-3084,21,137,852
5,9957.07,24299.4,-3470.23,122,166,1111
1,3839.63,2042.75,-1873,3,63,184
4,9790.44,14205.4,-1086.68,22,148,729
3,13146.2,79603.1,970.165,53,272,3539
5,12590.7,60881.8,47259.6,176,223,2822
3,10768.4,27517.4,-1074.03,157,172,1412
2,5040.96,4279.41,-1629.66,19,88,292
0,12925.8,81599,-6817,62,265,3292
0,6766.36,12382,-5008,5,145,773
2,4197.66,2294.32,-803.21,5,63,184
2,5456.64,3661.64,398.352,112,85,269
0,8993.13,20703,-4020,21,164,1111
4,3476.08,695.339,232.17,7,31,53
4,7984.71,8805.35,1867.4,39,144,553
3,13797.3,90961.7,-1847.63,212,254,3885
5,9912.28,26439.4,9131.95,155,172,1412
4,13211,63544.9,6235.2,43,279,2979
0,19266.3,288349,-8569,108,465,10110
2,6277.07,5248.37,-1275.53,7,99,321
4,5916.21,3976.54,980.88,17,100,294
4,8073.24,9263.08,1384.7,45,144,553
4,21338.1,277762,-8012.24,226,468,9276
5,4427.24,511.467,415.43,26,65,35
0,8573.38,20160,-3973,78,147,978
4,14347.1,53547.3,-651.994,52,288,2334
4,9056.02,20601.6,-2956.45,102,163,1162
0,21557.5,284368,-16745,52,513,9696
1,6023.3,5242.14,-814.48,7,105,371
0,7920.56,8800.05,-1580.9,18,144,553
3,5292.16,2487.68,674.59,5,81,169
3,6835.49,11272.9,21588.7,150,111,651
3,8248.23,33779.7,-911.024,90,148,1919
5,4126.56,2543.01,-1061.8,33,65,202
5,10380.4,15166.5,206809,129,143,771
3,4375.94,2767.86,-947.71,20,65,202
3,4714.58,2000.04,-841.2,9,75,165
3,9558.49,30531.7,-3049.07,33,171,1747
5,6454.24,7111.02,-712.19,60,90,405
4,9230.68,26494,-2545.99,27,156,1364
4,6330.61,4286.22,-129.69,18,100,294
0,10445.2,16845,-5198,17,160,732
4,13391.1,46894.3,-1078.65,183,273,2061
0,16281.7,123351,-13313,261,434,4732
5,8238.27,9048.05,648.76,38,130,515
4,9121.17,11296.2,3953.42,136,156,654
0,13619.9,91846,-9962,99,314,4251
5,18072.8,203062,-4613.55,164,390,7459
2,3859.88,1229.58,-799.58,9,55,88
5,5384.38,3555.05,431295,157,71,249
0,7097.47,18279,-3259,26,144,1158
4,6536.27,4488.11,-1539.2,22,110,294
3,11680.5,38473.2,103.069,31,235,1818
1,4864.21,1891.6,-658.6,10,75,165
0,10515,37261,-3624,29,199,1752
4,4625.94,1161.16,54.538,11,59,101
5,4999.06,1656.64,364609,12,76,147
5,12515.8,60906,-1913.18,212,214,2600
2,7890.41,12910.8,-2527.34,80,132,806
0,5219.95,2406,-1968,17,87,206
3,4116.34,1191.45,-450.73,8,55,88
5,9851.58,23076.2,-1413.37,40,176,1313
5,5657.47,9581.74,21088.5,141,98,651
5,4855.23,555.907,3414.4,23,65,35
3,7880.97,12198.6,-2974.01,22,136,619
5,3708.74,547.257,-724.23,8,43,52
3,19067.1,199373,-1768.32,157,390,7459
2,17950.1,163265,3166.63,219,352,6744
0,13815,78293,-9441,342,309,3465
2,6046.62,4149.23,-1142.08,263,88,318
3,4991.64,2104.13,-222.5,5,75,165
4,9791.32,14846.6,-1202.38,137,143,771
3,8459.22,21000.3,961.89,44,143,1203
4,3962.95,2258.72,-648.29,31,63,184
1,4585.88,1894.65,-238.29,18,75,165
5,9741.04,20708.6,-2634.02,40,157,1113
4,9580.02,33284.1,-553.193,112,176,1922
5,4657.96,3021.21,-662.74,38,65,202
0,11312.3,50808,-3789,30,195,1753
1,6217.54,8301.27,-1915.9,11,100,551
5,7743.07,14454.1,-461.5,32,127,802
4,13663.9,80614.9,-5785.27,49,272,3539
1,6837.65,7812.33,-3120.1,11,117,427
0,16460.8,89121,-7368,180,339,3719
3,6845.07,10340.7,-1032.5,23,109,689
0,14656.2,116835,-10580,249,369,5013
5,9378.05,10499,-286.679,33,154,557
2,6898.88,11347.8,-904.21,165,111,651
2,14185.9,89065.4,653090,200,254,3973
5,11643.7,58479.4,9248000000,243,217,2904
5,17428.4,83362.2,5500.2,80,340,3632
0,5976.87,10806,-2662,3,98,654
0,8189.83,17857,-3751,23,146,1066
3,4595.14,1047.84,-1466.7,21,66,101
3,12619.7,55649.3,-2133.9,59,220,2461
2,22382.1,520542,-4289.69,363,540,18067
1,7773.08,13744.8,-3308.89,123,170,771
0,15265.4,116760,-8049,162,315,4720
1,11236.9,41805,90057.2,139,227,2059
5,4978.85,6317.32,-175.38,15,67,481
4,26079.6,246073,14378.7,284,537,8350
5,4759.91,6553.51,363.19,17,68,481
1,5741.26,5235.64,-1832.5,21,99,372
2,10984.6,35189.9,75.4219,201,208,1691
2,8888.37,27174.2,-2405.39,42,156,1364
2,11707.1,37767.5,44494.7,30,235,1818
1,4727.25,2840.43,-1091.07,20,77,244
0,12300.5,63094,-4707,67,269,2988
5,3939.1,2516.14,-1362.8,18,63,184
2,7296.13,4082.13,-1273.92,9,101,249
3,7342.87,14122.6,109838,95,120,809
4,3914.48,2321.6,-685.88,11,63,184
4,4060.17,1630.6,-354.73,8,61,134
5,5376.85,1344.75,-842.82,11,62,100
4,8143.79,10083,-1673.05,21,123,621
0,19127.5,395122,-10316,62,483,13616
0,8797.99,48530,-3266,32,208,2528
3,6239.9,9634.24,-966.475,24,104,652
3,7595.99,13985.6,-491.84,9,127,802
2,7882.49,9302.43,-1335.31,93,138,554
5,4038.65,427.36,965.17,11,54,28
1,4800.77,2823.78,-1114.41,20,77,244
0,16274.9,83882,-5642,45,298,3297
0,10579.4,83405,-5987,21,207,3708
0,8813.79,41917,-4555,45,187,2379
1,4518.06,1038.95,-397.79,28,62,102
0,9755.31,7573,-3094,75,135,483
3,8351.74,20999.9,791.8,39,143,1203
5,8087.97,15243.3,1008.7,23,127,802
0,12881.8,65222,-5748,23,237,2605
0,15547.5,67787,-6540,61,273,2129
3,6565.19,10364.2,-1127.5,22,109,689
0,12150.2,55520,-6168,68,236,2397
0,8088.97,13449,-4779,15,141,889
4,10319,26903.7,12176.9,142,172,1412
3,6169.82,13175.7,-924.21,17,103,883
2,7386.97,12531.3,1885.15,141,123,726
0,8718.27,11864,-2788,23,150,694
4,7104.02,6689.59,203.669,168,108,428
1,5097.76,3124.39,-2657.7,4,65,202
5,4465.66,1347.86,45.176,17,59,101
2,3893.52,1168.59,-400.63,14,55,88
2,7752.61,8907.54,341.12,19,130,515
5,5562.28,4217.49,4165.1,84,72,340
2,8274.39,26169.5,-3170.29,41,156,1364
0,18284.8,398164,-3166,80,431,11570
4,7995.51,10905.9,-2329.04,78,156,654
5,4701.25,1562.29,-1617.2,6,70,131
3,9247.28,12365.1,-1384.58,121,136,619
1,5596.93,3114.61,-1261.5,10,94,224
0,8627.27,26055,-2137,89,139,1357
5,11090.9,15341.1,-387.843,94,143,771
5,13328.4,60737.8,-657.267,189,237,2672
4,4140.76,2414.42,-940.78,31,63,184
3,8694.19,35835.4,7074.32,97,148,1919
0,8129.07,13920,-2883.39,278,170,771
4,13833.5,91537.1,-2723.07,243,254,3885
3,15399.1,87130,-5308.59,102,301,3369
4,3786.16,2341.2,-728.31,21,63,184
3,6118.01,4971.29,149958,64,96,347
0,9383.91,8760,-2413,21,119,344
4,7052.55,9797.13,884.54,21,115,547
4,4604.15,2782.85,-469.9,17,65,202
0,8491.47,19345.4,-2676.2,81,143,1066
5,3435.05,658.885,157.88,3,31,53
4,4806.46,1040.28,-998.88,22,66,101
3,4704.59,2286.48,-1555.3,13,71,188
4,3424.32,663.338,125.17,5,31,53
2,12172.8,73161.3,-1958.92,30,249,3630
0,6906.91,7826,-2549,63,109,485
3,6507.73,11852.2,-1538.81,19,105,765
5,4003.36,717.24,-857.89,24,58,43
3,4195.45,6340.84,64.769,17,68,481
0,17927.7,116093,-6273,55,373,4259
1,7069.34,5586.58,-1140.47,44,79,292
1,6113.36,7765.38,-1887.5,24,102,517
3,8341.41,25652,-3056.61,39,157,1519
4,13544.7,59228.5,-4224.89,137,215,2188
5,3576.67,499.399,-403.2,5,43,52
5,3932.59,377.462,784.94,11,54,28
3,9885.67,28280.6,-1340.43,153,158,1403
0,19826,279817,-11745,268,418,9275
3,4269.34,1938.59,447.972,197,63,166
4,7667.32,26676.7,403581,32,156,1521
2,9224.05,20146.5,-3258.04,101,163,1162
4,3841.13,362.116,1366.4,17,54,28
3,4134.87,6664.01,192.46,21,68,481
0,21183.2,324568,-13759,323,482,10983
3,13433.5,85774.3,-704.556,60,291,3799
1,3999.99,2122.32,-2317.6,5,63,184
3,11981.8,73871.4,1484.43,43,270,3373
5,4839.02,1590.31,-1258.2,5,70,131
1,3927.56,2054.71,-1308.2,3,63,184
0,6301.48,17731,-3406,18,125,1106
2,6052.21,8202.52,-3243.9,9,106,549
1,8178.91,12859.4,-1715.25,15,132,806
5,3635.76,557.83,-11.947,14,43,52
4,4237.5,1926.76,5848.04,88,63,166
4,8825.07,27315,-1241.5,43,156,1364
1,3799.52,1190.61,-714.27,8,55,88
0,12795.8,96524,-7441,187,259,4246
2,4273.25,2597.23,-1250.2,12,65,202
3,14106.7,55699.1,-327.192,134,215,2188
3,8559.84,16042.3,-1594.7,48,160,976
5,5734.06,7736.04,-903.675,94,104,457
5,3337.02,2176.49,509.54,11,55,167
1,6248.94,5027.11,-2513.8,15,87,322
5,6231.92,4658.29,454062,201,86,367
4,8632.99,9145.44,1293.2,36,144,553
5,4643.19,781.107,-1966,8,54,64
4,4069.42,745.902,-594.82,11,58,43
3,18293,146235,437807000,96,362,5847
0,23429.4,238149,-9215,54,451,7840
5,8715.54,16173.3,-173.908,52,160,976
2,7045.51,9216.5,-1321.15,6,95,543
4,14086.7,51979.3,-1019.17,186,288,2334
2,10740.2,26813.8,91268400,132,172,1412
0,18658.3,103238,-11930,207,367,3892
2,8099.65,32769.8,43352.7,19,148,1919
5,4273.97,2339.97,-247.19,22,63,184
4,15602.7,157410,1895.3,97,310,6737
0,6675.68,6704,-2342,1,66,206
4,6151.18,4813.65,33346.2,97,96,347
3,13460.7,87303.1,-3190.38,57,291,3799
0,10864.1,44379,-5275,53,204,2190
2,4844.76,3780.02,-1647.06,24,79,317
0,12755.9,90037,-6933,170,288,4066
2,24226.7,519895,1680310,368,540,18067
4,3288.7,691.978,290.87,7,31,53
4,6055.46,1618.32,-1146.83,32,70,103
3,8876.09,28645.7,-1400.14,147,179,1626
3,3485.1,719.976,201,4,31,53
3,10874,38062.2,100.486,42,205,1751
4,6635.74,4441.64,-347.04,20,100,294
2,10394.3,44251.1,7000.8,146,197,2257
2,6313.53,5366.66,-1314.63,8,99,321
3,11603.2,35463.5,-2099.67,118,166,1111
3,6278.76,3432.82,111.58,21,101,206
3,7634.25,13981.6,450384,38,120,809
3,14933.2,90146.8,863.893,202,254,3973
0,11630.4,48781,-3566,47,189,2119
0,11598.8,72650,-4921,23,225,3131
5,3708.84,541.127,-232.24,6,43,52
0,24171.2,319861,-12883,221,491,7111
2,4281.14,6212.94,-205.27,24,68,481
1,11617,68804.5,-3289.57,49,247,3373
2,4917.67,4436.8,-1754.61,19,88,292
4,3537.1,720.881,103.18,6,31,53
4,3336.46,672.964,349.21,6,31,53
4,4399.58,780.983,-1968.5,8,54,64
3,5633.79,4438.51,-969.585,21,88,292
5,3774.39,692.026,-713.2,15,58,43
5,4829.3,3004.67,98.548,31,65,202
5,7692.97,12754.2,427742,26,130,694
5,5092.8,6521.95,439.21,13,68,481
4,3906.83,2310.78,-1126.3,12,63,184
4,3677.26,564.941,-551.16,15,43,52
5,4863.28,736.722,-363.87,8,58,43
4,7389.27,13973.1,-1331.74,27,120,809
4,4637.17,6637.81,-666.12,14,68,481
5,7559.73,19200.7,-1859.2,11,128,1065
4,9391.84,20802.4,-2862.19,168,163,1162
2,14064.9,136671,-5354.21,192,279,5626
3,9966.46,30767.4,-1863.05,35,171,1747
0,12027.7,91817,-5269,30,242,4061
0,14088.9,103561,-7853,45,288,4344
3,8416.73,14432,-1592.91,101,140,845
4,7472.96,18433.7,-2172.5,13,128,1065
5,22762.9,286238,2385.82,321,468,9276
5,5185.82,2586.86,-1215.1,14,65,202
5,6037.72,2153.85,-1031.49,13,82,185
4,4442.02,2250.53,-1162.1,15,63,184
0,8175.12,22959,-1909,14,157,1358
4,5428.1,3527.61,-637.452,195,51,132
4,9271.23,23917.4,-259.127,175,154,1252
4,12390.7,60627.2,17000.2,236,237,2672
4,7422.5,14244.3,-1192.52,31,120,809
5,12162.4,64497.6,-3652.72,268,245,3058
0,11578.4,36065,-4388,33,208,1521
3,12208.4,52328.7,-1124.8,152,218,2391
5,7608.58,16170.8,-924.684,98,131,0
4,6947.71,14047.1,-1069.76,102,120,809
0,8947.01,27285,-4536,26,165,1470
3,3412.9,701.086,-263.64,5,31,53
3,12173.2,37491.1,470095,145,235,1818
4,3364.37,675.472,72.333,6,31,53
0,10201.5,43306,-4973,33,199,2061
1,4026.18,1189.4,-782.25,2,59,101
1,5677.51,4580.34,-1544.1,15,98,294
4,9246.92,12341.9,243.54,28,152,693
2,3953.2,1223.93,-785.29,10,55,88
4,7713.53,15343.1,-2381.8,77,131,971
1,8186.08,9430.75,-2739.07,183,135,587
2,5967.97,5179.18,-1642.2,7,105,371
3,3557.37,685.684,339.34,5,31,53
4,4559.05,6225.52,501,22,68,481
2,6215.81,5307.84,-1386.94,49,79,292
2,9665.15,10097,-3497.74,99,154,587
0,11031.2,57111,-4560,94,210,2748
2,10826.4,35365.1,-734.38,25,208,1691
4,4387.05,2212.47,-1053.5,8,61,184
2,21864.6,352658,-2352.2,279,440,10967
1,3702.04,624.286,-710.76,29,50,42
3,9653.62,10167.7,-2395.72,21,135,587
0,14873,108978,-8004,73,330,4625
2,3837.05,1450.76,-783.433,41,52,133
3,5913.79,3276.05,-354.873,156,71,249
4,3654.08,514.139,-574.82,3,36,35
0,11109.6,35082,-8347,156,277,1586
2,11338.2,34040.4,-5168.14,118,234,1581
4,17632.7,164837,1434140,243,352,6744
2,8714.06,25341.2,-1874.52,28,157,1519
3,12712.7,46213.9,658795,180,273,2061
5,4756.2,1997.87,1347.6,33,75,165
5,4920.24,3404.89,-1280.97,141,71,249
5,10052.3,17652,-2799.84,154,172,973
4,4243.68,2248.4,-750.49,11,63,184
5,15832.3,176326,-1170.48,267,367,7087
0,10991.2,64261,-5617,76,277,3054
5,4412.69,1813.79,161870,72,63,166
3,12229,53597.5,1220.1,47,220,2461
5,19698.4,192356,-5033.49,79,367,7087
2,16045.1,136291,326268,192,279,5626
2,10164.5,35151.5,-1644.29,200,208,1691
0,18386.1,305592,-11749,201,428,11269
0,9108.7,26040,-3304,25,156,1363
4,9145.92,27822.6,-2601.11,133,156,1521
0,16195.3,131515,-7648,60,341,4822
0,6095.14,2962,-2367,11,93,204
5,14945.3,79682.9,1596.56,255,336,3302
0,14726.4,79194,-6063,33,265,3138
4,6542.3,6426.56,-901.18,27,99,372
1,7948.28,9379.07,-1940.2,183,135,587
1,3896.28,1191.03,-857.38,9,55,88
4,6772.04,7251.57,-2113.17,67,109,486
4,4482.08,2346.3,-1262.3,7,61,184
3,15673.6,167820,-972.732,61,320,6391
0,15595.9,52498,-5864,96,299,1945
5,6396.67,3624.78,699.63,27,101,206
1,10826.6,41274.2,-5493.19,122,227,2059
5,5533.83,4402.95,-514.86,16,85,346
2,5676.13,4270.97,-895.71,14,88,292
0,7503.03,26464,-3133,34,161,1523
0,14918.9,127495,-3632.05,50,322,5425
2,10566.7,37714.6,1737.66,34,205,1751
5,10462.5,36869.6,-2753.08,37,196,1997
5,4336.13,395.998,1043.1,11,54,28
2,12330.9,85288.9,-3832.68,51,291,3799
2,17925.4,139687,8119.63,307,449,5537
1,5957.32,4728.77,-1280.66,18,85,343
0,8694.47,8146,-2647,31,133,426
4,6987.39,6614.08,-961.406,85,95,372
1,5170.71,1807.17,-1379.9,2,70,131
2,4087.28,2091.55,-1938.4,4,63,184
3,5242.37,3197.63,-598.703,155,71,249
0,17450,120164,-7539,66,347,4535
4,4345.63,6205.88,70.702,26,68,481
0,4510.7,3618,-1605,8,65,268
2,15103.1,251419,-4106.16,102,346,7851
3,3873.89,1782.72,109640,199,63,166
5,8647.94,9396.27,2149.1,47,144,553
1,4385.4,2562.82,-827.39,9,72,205
0,10705.2,13875,-3809,38,184,734
1,6884.18,7737.78,-2498,12,117,427
1,5299.99,3745,-1576.2,9,89,249
4,4588.65,2203.35,-1151.6,4,61,184
3,4602.55,1059.07,-1099.4,25,66,101
5,4946.67,3216.34,-1800.8,17,70,205
5,10311.2,39879.8,-407.875,69,196,1885
2,5048.12,2902.23,46997,23,77,244
2,6615.02,12131.5,-245.862,214,105,765
0,10599.3,155312,-5783,21,242,6497
4,4911,2089.05,-753.69,3,75,165
0,18248.7,204973,-6908,50,395,5960
4,3560.18,455.052,-915.73,3,36,35
2,4040.08,795.425,-1661.1,13,54,64
5,3981.95,2500.71,-1403.8,22,63,184
0,14924.3,362992,-8159,58,371,12323
5,17874.9,219986,-2017.38,259,336,8195
3,3776.81,2146.17,-408.39,6,43,161
2,7320.87,12508.6,-769.851,13,123,726
5,5158.74,1159.75,-605.91,9,62,100
3,10695.9,37628.6,-2807.39,29,205,1751
3,13629.7,51760.6,-345.316,60,288,2334
4,8114.45,25353.9,-2950.05,30,156,1364
3,8610.14,13176.7,576.051,78,132,806
1,11476.5,69110.4,-2829.44,43,247,3373
2,20846,346949,-1517.14,269,440,10967
2,4519.19,1081.45,-696.8,27,62,102
3,7329.4,14890.7,39108.7,72,134,970
2,5865.42,4132.52,5177.79,88,88,318
4,9523.1,29445.5,-1685.29,139,179,1626
0,19429.9,160305,-10805,75,398,5739
4,5934.06,7118.27,-1115.31,80,93,545
0,13557.7,155807,-5761,52,299,6966
5,4721.42,2125.84,446.18,20,75,165
0,10059.4,25711,-5363,88,146,1209
0,3834.3,2092.2,-1897.5,2,61,184
2,15534.7,99859.2,19888.8,39,281,3974
3,11366.5,37816.8,-2449.88,31,235,1818
0,11010.2,30151,-3268,33,208,1362
4,6957.88,7276.47,743.81,28,109,432
4,8417.9,13421.3,842481,116,170,771
2,6718.85,7382.78,40555.5,26,93,545
3,9303.16,38178.5,-3038.1,40,180,2054
3,15082.1,86367,-1387.31,94,301,3369
5,8955.71,12803.3,-1470.61,37,128,693
0,5851.98,8934,-1916,14,117,651
4,5957.25,6364.04,208951,113,95,427
4,3292.73,578.072,264.96,15,51,45
0,7981,19148,-3627,17,143,1061
5,3978.83,409.411,1017.3,14,54,28
2,4230.27,6161.85,-488.04,16,68,481
3,21782.4,411533,729009,68,473,14125
1,23359.7,515803,174486,312,540,18067
4,4066.42,1244.35,832716,101,51,102
4,16503,214654,3418370,265,336,8195
0,14141,106176,-7372,237,303,4434
0,4270.42,1867,-2205,37,62,163
3,7299.51,9557.69,-1114.6,18,138,554
5,7181.79,6512.93,-1881.2,24,99,372
2,7585.71,12757.3,3286.01,6,123,726
5,5375.19,4104.73,-681.055,18,77,292
0,5435.53,2729.62,-1669.23,146,83,187
2,6293.66,8113.14,-4294,10,106,549
0,7075.81,17282,-2799,13,130,1019
4,10961.8,39866,-1299.46,207,193,2118
0,15615.9,111448,-8136,81,355,4441
0,8696.91,12031,-4068,103,168,658
3,12442.2,54180.6,-4090.32,146,218,2391
2,11671.8,56303.9,-2123.69,180,209,2967
4,22790.8,282017,3620.49,305,468,9276
2,10330.3,38043.1,-1231.12,165,205,1751
4,5903.13,1100.55,-1659.5,6,57,76
4,14059.2,101667,-2876.82,44,283,3965
5,3722.52,649.691,-295.76,24,58,43
4,3407.85,704.838,171.46,4,31,53
5,8922.29,19533.9,-1158.77,125,151,1023
4,4922.59,1659.66,-1224.2,5,70,131
5,4020.84,6282.82,-68.808,36,68,481
5,10024.5,10982,-2967.59,239,154,557
3,20893.3,144606,34475,275,449,5537
4,7163.46,7069.49,-1202.09,11,118,426
1,5586.83,4599.62,-1310.5,15,98,294
1,4656.62,2055.78,-329.41,19,75,165
5,8288.48,14772,335.61,43,127,802
5,9476.38,28967.3,-1024.16,90,166,1414
2,15264.2,99061.8,591699,46,281,3974
5,3500.32,525.753,-313.23,14,43,52
2,6294.74,4119.98,-1252.06,83,88,318
5,7912.51,12556.6,-1378.41,37,130,694
3,10074.5,16503.7,15342800,49,160,976
5,4043.62,427.781,1584.8,11,54,28
5,5160.15,1655.48,76.206,41,64,116
5,4445.44,2897.17,-413.41,29,65,202
3,10054.8,26829.5,1502.56,113,214,1469
0,10752.9,45012,-5164,30,190,2054
5,4204.82,510.275,77.175,26,65,35
1,6897.64,7830.81,-2568.1,11,117,427
3,4035.62,2393.19,-1070.5,24,63,184
5,11967.1,38256.4,69644.7,174,219,1875
2,11865.8,73336.7,-2162.22,26,249,3630
1,14616.6,98562.1,-3236.83,37,281,3974
4,9945.83,26670.5,-570.89,159,158,1403
1,10950.1,68723.1,-5521.2,199,247,3373
5,3803.41,471.743,-704.13,1,36,35
5,9263.17,14197,-864.873,107,148,729
1,6488.52,8111.49,-1534.5,12,108,549
0,13432.7,63286,-6229,10,211,1691
0,18336.7,104428,-8698,124,362,3552
2,4018,2093.47,-1992.8,4,63,184
4,11324.4,31883.6,-20.3868,161,203,1580
2,5903.78,4148.31,-1358.82,81,88,318
0,9277.84,48316,-3717,23,190,2596
5,3590.12,479.982,-771.82,3,36,35
0,12868,70266,-5889,61,257,3058
5,16496.6,178252,1162.88,266,367,7087
5,3646.49,389.051,1754.5,11,54,28
3,4106.99,397.419,1420,11,54,28
5,4398.27,6076.45,-62.464,13,67,481
3,4809.67,2441.77,-853.47,18,63,184
2,5011.44,4289.73,-1534.52,19,88,292
1,8600.35,14164.2,-3377.61,116,170,771
4,8486.58,26606.1,555.024,135,156,1521
3,8397.41,9241.94,523.6,21,130,515
2,4924.94,2107.4,73.555,12,75,165
3,7181.8,13873.4,8099.42,185,96,804
1,3799.23,1533.46,-1228.4,6,56,114
4,3561.48,748.375,-250.85,6,31,53
5,3624.26,708.066,24.331,5,31,53
5,10187.8,14536.2,-1253.48,132,143,771
1,6413.88,1764.6,-1176.21,39,71,103
2,21114.6,348941,-2768.75,282,440,10967
5,4894.76,1126.79,-1107.5,13,62,100
4,3703.94,548.545,-440.95,5,43,52
5,3581.73,544.146,-548.17,4,43,52
0,10204.3,49787,-4462,72,234,2390
4,12643.6,60984.1,-4416.55,31,247,2754
2,7740.3,9488.26,-2534.06,101,130,490
2,4722.55,1125.51,-500.4,27,62,102
5,8981.91,12211.2,-1453.27,12,117,519
4,4983.66,2700.44,-817.02,16,72,205
5,3675.13,388.596,1480.6,11,54,28
3,10770.8,36471.8,-3617.45,159,225,1755
0,6084.29,3499.45,-1318,17,101,206
1,6922.84,7739.88,-2452.5,11,117,427
5,4297.62,1929.38,66124.8,113,66,166
0,4052.4,2816.92,-1791.3,9,62,222
4,6821.58,7454.16,359.2,25,109,432
0,20228.6,311602,-13252,61,515,10536
3,8409.61,14595.3,-1128.17,107,140,845
5,3999.89,2367.73,-1393.7,29,63,184
3,3945.64,672.764,-131.27,19,58,43
5,4933.46,1054.56,-417.83,11,62,100
0,8217.8,29047,-3157,21,146,1633
3,4758.66,1998.79,-626.97,12,75,165
0,9300.16,16363,-3766,66,154,889
5,4018.18,2394.41,-1389.6,30,63,184
2,6624.7,5549.06,-1234.32,11,99,321
4,4836.24,6604.65,40.579,24,68,481
0,8043.19,21730,-3253,28,154,1305
5,10050.8,40847.4,161373000,204,159,2181
3,8179.43,20553.4,-306.23,36,143,1203
3,4395.2,1939.15,-767.575,197,63,166
0,10345.8,15966,-4008,55,140,692
4,6861.44,7249.27,423.2,29,109,432
3,3410.23,704.281,-48.282,2,31,53
2,4406,536.607,248.52,18,65,35
5,21156.9,276134,3770.39,66,420,9137
4,5872.68,3370.76,-1801.82,53,86,205
4,5917.04,8555.03,-1119.72,177,98,520
5,8909.87,9915.89,66.5759,237,154,557
0,50895.5,2352450,-25390,302,962,38971
2,3926.73,667.144,-628.46,5,58,43
4,14718.8,147106,-866.66,216,308,6057
1,4294.6,2126.43,-1342.7,11,71,188
3,4193.78,2239.82,-1735.3,4,63,184
5,12805,67639,727154000,69,272,3295
3,9177.53,35130.6,-446.656,75,148,1919
2,17708.8,138378,-8654.94,313,449,5537
2,7337.29,4110.14,5826.54,86,101,249
0,10586.8,63554,-4248,134,201,2673
3,22172.2,410654,662.123,74,473,14125
3,16052.9,172561,-8666.43,218,403,6746
3,12383.6,38124,-559.874,34,235,1818
4,3899.98,410.722,970.73,11,54,28
5,4693.58,2308,401.98,18,75,165
4,13740.5,46730.4,-1213.77,185,273,2061
4,4237,2211.14,-1379.2,4,63,184
1,4181.38,5713.69,-664.9,20,68,481
0,14885.8,171881,-6364,59,298,6283
4,9701.99,27754.9,-1784.59,173,158,1403
3,7604.96,11743.6,7361.23,115,128,693
1,8057.92,12825.3,-1823.22,15,132,806
1,3791.24,1209.83,-407.42,9,55,88
3,11609.4,43739.8,9149.03,35,197,2257
4,13760.3,67126.1,-882.187,164,223,2822
4,8276.3,20373,288920,130,145,1156
1,4497.66,3115.56,-1263.3,9,62,245
4,9777.3,27995.7,-881.904,172,158,1403
4,14007.2,96181.3,8705.08,58,294,4249
3,12216.8,55211.3,-2682.1,50,220,2461
4,3551.5,555.098,-85.12,14,43,52
2,8102.22,9642.25,-1839.51,185,135,587
5,4209.83,6469.85,1108.3,38,68,481
5,4371.92,2434.65,-768.09,25,63,184
1,5250.45,3685.89,-610.61,19,82,289
1,9474.91,17369.1,-3872.62,31,183,931
4,12975.1,55101.3,737740,151,218,2391
2,4175.15,2287.81,-1367.7,11,63,184
2,5356.66,4458.23,-773.213,15,88,292
0,12732.6,130177,-9750,58,345,5325
5,11907.3,30235.9,-2825.27,72,194,1521
2,6994.37,4161.58,18070.7,13,101,249
0,18560.3,258932,-10508,130,355,9401
5,4375.78,546.956,644.82,22,65,35
3,15366.9,86801.8,1133380,99,301,3369
3,4533.13,2193.83,-1063.9,9,71,188
1,5204.55,1803.84,-1271.8,4,70,131
5,3796.95,689.007,-737.88,17,58,43
2,12504.4,73435.8,-4562.67,31,249,3630
0,10224.7,21614,-4322,39,195,1164
3,14177,90986.3,-749.963,223,254,3885
1,4445.77,2566.89,-1078.6,9,72,205
1,6977.76,8027.76,-2613.7,12,117,427
5,4697.09,533.799,209.7,26,65,35
2,5462.32,4349.85,-1617.23,39,79,292
3,10772.1,55863,188.251,173,209,2967
4,3513.33,524.847,-320.4,13,43,52
1,5119.67,4045.71,-1486.8,11,85,346
0,16244.5,155763,-7600,175,338,5637
4,7823.37,12855.5,-548.705,110,130,694
3,16494.7,160657,-2519.47,228,352,6744
0,13595.7,74591,-4341,109,287,2983
2,9990.64,38114.4,-2180.05,21,193,2118
0,8616.91,10739.7,-3427.08,119,156,654
1,6113.5,5193.23,-879.36,7,105,371
3,8521.28,16920.1,-698.363,28,142,844
3,6523.24,10350.2,-930.763,23,109,689
0,6972.91,7991,-3076,33,112,428
3,8335.38,10573.4,-746.06,222,139,587
0,16177.3,110472,-6636,58,315,4343
4,20285.5,278444,-8942.98,293,420,9137
3,9573.5,30261.6,-757.785,208,171,1747
0,11522.9,92170,-7301,104,271,4246
0,17623.8,204870,-6392,94,258,3209
5,9378.19,40084.6,-3097.5,64,196,1885
4,6587.2,6489.69,-1064.73,101,95,427
5,3745.82,552.935,-393.8,14,43,52
5,10039.7,40635.5,187886,113,207,1995
3,10792.8,38592.1,1432780,39,193,2118
2,13586.8,100116,-2715.05,57,283,3965
0,6748.28,14451,-2353,26,139,930
2,8148.11,32920.9,-751.574,96,148,1919
4,3734.79,560.755,-301.41,5,43,52
1,5958.39,5271.49,-675.53,7,105,371
3,10717.1,37958.5,452749,34,205,1751
4,18490.8,149638,-1564.54,86,362,5847
5,8737.02,8884.72,1734.9,36,144,553
0,13830.9,95342.1,-7117.59,198,305,3893
3,4915.1,2253.66,-1233.7,15,71,188
5,17261.2,83711.3,2114.5,75,340,3632
3,9655.27,33050.9,-724.506,124,176,1922
3,5265.36,3249.8,-717.586,157,71,249
3,7193.29,8968.79,-789.193,15,95,543
3,4146.99,2351.59,-1198.3,4,63,184
0,5843.48,3206,-2098,18,78,222
5,11790,28337.7,-2741.48,99,214,1469
3,3474.36,668.526,255.75,5,31,53
5,4776.68,2315.7,341.72,36,75,165
0,8778.14,16871,-2480,26,163,932
0,8107,10299,-1539,15,106,456
0,15561.2,94473,-11955,196,398,3988
2,8343.22,9258.36,74339.2,20,138,554
4,3874.28,556.221,-487.07,6,43,52
4,4635.43,1048,-1397.4,22,66,101
4,16081.4,212690,-85.0912,263,336,8195
3,12289,36898.2,-1960.99,9,225,1755
0,7647.12,21574,-5327,29,128,1065
5,4926.92,2207.76,-89.057,12,75,165
0,19868.9,164865,-8930,58,400,5025
4,3816.81,592.072,-768.25,2,43,52
0,4486.22,991.854,-1279.1,16,66,101
4,7104.61,4740.23,-1794.3,18,110,294
3,3431.23,672.346,-245.46,4,31,53
3,7118.49,14035.1,-1025.51,92,120,809
3,3992.54,2272.54,-1136.6,15,63,184
3,3769.81,2140.08,-573.607,4,43,161
0,10528.6,77156,-4186,32,160,2251
0,10339.6,33791,-4031,52,230,1693
0,13904.1,78426,-8356,75,256,2902
4,20309.9,274684,537.346,41,420,9137
1,6877.47,7838.29,-2762.1,11,117,427
0,18639,160447,-11780,251,375,6283
2,8005.36,25537.8,-2810.11,48,156,1364
0,12493,85590,-5444,140,253,3377
2,4429.8,6348.65,-561.6,16,68,481
3,3889.12,2187.33,-455.247,4,43,161
1,5103.52,4220.3,-393.227,18,85,343
2,3980.61,2086.48,-1683.3,4,63,184
2,6061.26,5335.98,-936.29,8,105,371
1,6290.84,4323.2,-640.08,14,106,318
3,9456.79,30433.3,-2083.8,34,171,1747
2,14530.6,249838,-2695.31,102,346,7851
2,4535.32,2045.43,-49.224,17,75,165
3,4342.4,815.555,-1619.6,13,54,64
2,15357.7,102245,-1792.5,123,283,3965
1,6817.43,7815.05,-2178.6,12,117,427
5,4768.77,1760.76,-242.68,10,61,116
5,13194.3,63601.4,3468.9,61,279,2979
2,6862.12,5385.02,727.91,47,79,292
2,4250.51,6311.16,-296.61,17,68,481
5,4772.99,2377.77,1441.6,29,76,165
0,7754.31,6868,-2778,21,139,429
1,11022.8,41824.5,19890.4,143,227,2059
5,4168.67,2538.44,-1002.2,30,63,184
4,20155.7,197060,-914.489,232,403,6746
0,12606.1,64422.3,-4842.64,47,240,2751
5,12726.8,61399.4,333562,210,214,2600
4,8464.59,9496.21,-454.619,185,135,587
4,10245.9,27628.7,-1283.13,54,194,1521
1,5122.98,3127.65,-2466.9,4,65,202
0,7209.32,9947,-2673,23,132,618
3,11744.7,33534,2204.1,49,210,1213
0,17418.4,136908,-7619,78,351,5325
1,4033.79,769.866,-2390.8,9,54,64
0,10590.9,22339,-5364,4,134,652
0,12168.6,61498,-6006,55,248,2754
1,12180.9,73788.1,-4974.31,24,249,3630
1,4787.03,2882.09,-1437.04,117,77,244
3,6708.97,10175.9,1071210,43,101,584
3,9902.49,24501.4,-1864.45,23,177,1313
2,6418.46,5169.5,739.409,9,99,321
3,8891.04,16041.3,-919.29,111,160,976
3,4214.78,2320.76,-1333.4,17,63,184
3,12862.5,41020.8,-3391.19,41,278,1938
4,8353.01,9646.32,-1048.34,87,138,554
5,4012.62,511.731,513.55,20,65,35
2,6044.31,5284.29,-688.45,7,105,371
2,12992.1,74696.9,-1696.22,36,249,3630
0,13968.7,154726,-5951,56,292,6169
4,3446.51,685.967,176.03,7,31,53
0,7310.28,15253,-2289,57,129,977
0,6091.91,8753,-3267,19,110,582
4,3859.4,390.733,1002.6,11,54,28
3,7149.28,18036.9,-1667.9,13,128,1065
3,6242.2,3521.1,1577.7,17,101,206
5,5551.64,2660.66,491.43,3,81,169
5,4393.29,6053.99,84.196,11,67,481
5,7531.87,14497.6,-899.089,92,120,809
4,4818.24,2633.15,-1083.7,21,72,205
2,12844.9,49084.9,-1692.24,150,223,2059
4,12791.7,57341.1,-36.618,42,220,2461
2,7177.4,4107.57,-1279.23,85,101,249
1,5691.07,4719.96,-1183.48,18,85,343
0,14194.9,73977,-5182,36,299,3379
3,11806,56783.8,291.399,27,209,2967
2,13952.9,136551,-3551.38,213,279,5626
4,13354.2,80105.9,61227.6,58,272,3539
2,4562.86,2658.4,-1577.2,18,65,202
4,11708.1,55136.1,-4421.94,145,218,2391
2,5377.32,4351.97,1035590,16,88,292
0,6988.65,7544,-3751,60,113,426
4,10750.8,47504.3,177116,76,190,2118
4,21019.2,406712,-2308.25,66,473,14125
4,8984.32,12148.7,-1565.8,86,117,519
3,6905.02,11357.3,166.013,166,111,651
0,11147.5,113762,-3412,48,270,5103
4,13761,42464.2,-893.939,59,278,1938
3,4262.45,494.624,338.12,22,65,35
5,15704.5,88656.9,3931.5,79,289,3710
2,15242.5,99678.9,-3321.69,40,281,3974
3,6257.08,3431.71,600.21,23,101,206
0,9426.55,12427,-5505,31,220,661
4,6810.59,7346.16,481.42,27,109,432
5,3567.73,575.709,57.301,16,43,52
0,10967.5,36869,-4360,35,184,1698
3,7614.72,13861,40.517,18,127,802
3,3351.64,678.63,-398.73,6,31,53
2,12417.9,74874.2,-1437.25,30,249,3630
1,6237.33,7781.26,-2231.6,18,102,517
0,10040.9,25874,-3617,46,202,1261
3,12747.8,78767.7,-2478.42,39,252,3882
3,8765.43,26176.9,-1309.9,27,156,1364
4,6702.77,7386.56,378.57,30,109,432
0,6580.57,5705,-2955,6,107,370
4,13957.4,78795.3,1546.8,63,320,3466
2,6012.17,8187.85,-3538.1,11,106,549
0,21706.8,328049,-11443,93,404,9138
3,3563.6,696.389,331.66,4,31,53
4,7136.15,13938,-1235.93,103,120,809
3,7311.4,4558.65,-774.706,102,131,271
4,4022.08,2741.03,-326.44,11,65,202
0,15310.2,162594,-10039,73,411,6075
1,7842.5,13788.6,-2920.7,115,170,771
5,6504.16,15713.6,-1952,18,125,1014
0,9194.93,11572,-3629,42,162,589
1,6001.59,1624.54,-1181.71,37,71,103
5,3466.85,530.019,-680.48,4,43,52
3,7112.06,5668.89,-1955.75,12,99,321
0,16651.5,218056,-11329,62,431,8473
3,5241.8,2452.5,220.55,3,81,169
3,7527.4,15177,936.95,23,134,970
3,6620.88,10311.8,-1214,24,109,689
1,6199.41,4331.37,-1354.5,12,106,318
2,8417.56,12161.8,-1681.47,60,128,693
4,6243.71,4099.98,-232.17,16,100,294
2,16585.2,159779,1034.46,203,352,6744
2,5639.58,7567.99,-1088.59,101,104,457
4,3722.12,568.573,-609.84,6,43,52
0,8738.51,17555,-1276,21,138,1022
3,8594.47,24902.6,-1176.35,28,157,1519
2,10532.6,18028.7,1200080000,71,183,931
2,12156.2,49703.2,-3760.22,103,262,2394
2,13579.8,135003,-2363.14,210,279,5626
5,4901.36,3186.66,-1885.6,17,70,205
1,5772.88,4992.1,18363.3,33,85,343
3,7268.39,9639.25,-1181.72,194,138,554
0,7522.43,19289,-2584,28,136,1108
2,6721.15,5328.69,-893.057,51,79,292
0,14760.8,39741,-3247,37,206,659
0,10012,17688,-3304,77,159,1015
0,15189.3,116551,-6820,60,258,3382
4,13125.9,46209.3,15475000,144,273,2061
2,6651.62,12090.6,-873.935,46,105,765
3,16800.3,175534,-8594.31,233,403,6746
0,16155.2,105052,-23371,58,292,3632
3,4369.38,1987.37,-606.504,111,66,166
5,4619.28,2643.35,-411.51,15,65,202
3,4338.73,2727.74,-1145.5,22,65,202
0,8736.53,31754,-3047,104,160,1691
4,3772.88,465.204,-945.55,1,36,35
3,3416.2,705.38,415.52,3,31,53
4,5475.86,4667.89,-1022.2,18,85,346
2,4129.68,672.132,-147.8,10,58,43
4,9367.09,11926.3,44870.3,89,136,619
4,4991.91,1010.01,-1483.5,6,57,76
3,13268.5,60773.9,-2158.97,31,247,2754
0,10181.4,67471,-6430,29,206,3203
2,5308.78,4306.44,-1024.34,18,79,317
5,3815.87,548.152,-512.5,7,43,52
5,13056.9,65329.1,4503.7,42,279,2979
0,18154,163974,-8021,73,398,6186
0,13906.3,146888,-8413,70,333,6061
2,11319,43474.1,-165.21,138,223,2059
4,8221.94,8662.34,1795.6,31,144,553
4,4907.42,2821.68,-707.7,13,72,205
3,8727.23,14682.4,-940.841,22,140,845
4,8026.14,8700.03,3675.7,35,144,553
2,3850.5,1457.8,-778.258,162,52,133
2,7022.86,27992.4,-2469.5,13,131,1686
3,9778.34,41401.2,-1240.89,224,159,2181
0,10699.2,27355,-1327,18,224,1217
5,5323.46,2443.82,177.33,11,81,169
0,10472.9,32039,-5491,121,197,1579
4,14163,92795.1,-4561.71,210,254,3885
2,6394.47,4260.75,6457840,46,88,318
4,16092.3,215880,-429.882,266,336,8195
5,3701.7,438.189,-527.09,3,36,35
0,8046.11,18701,-4411,21,153,1068
0,7092.17,18557,-3491,27,130,1062
1,4737.64,2833.41,-1178.16,21,77,244
0,9061.42,24938.1,-4178.48,17,177,1313
2,4163.79,2266.58,-457.72,13,63,184
4,18083.8,155943,27155.2,212,359,6068
5,8773,27644.4,2404,20,156,1521
3,4888.14,2195.36,55.264,10,75,165
3,4842.92,2697.57,-781.63,10,72,205
3,5793.63,7032.41,-743.088,78,93,545
3,9130.73,27471.7,-2947.34,181,158,1403
3,15223.8,155420,1646.2,98,310,6737
0,8349.91,29909,-2202.9,27,132,1513
5,15687.7,91124.4,4946,78,289,3710
5,4706.14,6336.31,97.277,12,67,481
2,12391.1,74017,-2762.04,33,249,3630
5,4786.1,1904.92,5.2508,10,61,116
3,7773.55,9214.83,745.49,18,130,515
4,12506.6,57332.4,-1976,45,220,2461
5,3689.24,401.079,966.3,11,54,28
4,4474.3,6488.92,481.31,42,68,481
0,13877.8,112508,-8213,221,279,4813
4,4498.63,6544.04,608.47,21,68,481
3,14673.6,143648,-4622.45,312,308,6057
2,12784.6,73398,-1184.54,26,249,3630
5,3606.23,588.399,-325.64,14,43,52
4,5132.69,1066.53,-1317.5,2,57,76
3,14819,71100.6,-889.704,99,224,2192
3,6885.25,7086.26,-1222.22,12,118,426
5,15067,191793,-1397.79,48,286,7322
3,14290.8,145913,2198.8,276,308,6057
0,14686.3,180082,-6316,52,322,6976
3,7255.61,15659.5,-836.526,98,134,970
4,3638.56,400.918,1588.6,11,54,28
0,16082.2,142359,-7970,153,333,5742
3,7601.16,14045.4,-242.89,11,127,802
2,4903.04,4243.74,-1638.66,21,79,317
2,6058.93,4268.28,-1434.76,84,88,318
2,8821.15,13954.7,-2100.72,282,170,771
1,4489.59,1771.74,-727.38,8,66,164
3,6177.37,10370.5,-2044.68,21,109,689
5,4710.28,2950.97,-594.04,32,65,202
4,4025.78,1631.41,-503.77,8,61,134
5,3776.53,566.744,-401.48,15,43,52
3,12064.3,78713.2,-5861.72,41,272,3539
5,15630.6,88060.2,3329.1,83,289,3710
0,8673.06,14815,-2746,25,149,851
3,11130.3,26875.4,562.876,152,172,1412
0,11457.6,56631.1,-4698.56,25,215,2394
4,9305.11,12178.8,-118.84,17,152,693
4,4560.05,2001.03,64.354,20,75,165
1,6764.87,7736.9,-3224.6,11,117,427
4,7182.17,18227.8,-1892.6,14,128,1065
4,3471.81,685.101,56.861,5,31,53
4,6343.83,4991.6,-922.901,13,96,347
0,10245.7,39694,-5506,236,191,2119
4,4274.05,702.701,-705.27,18,58,43
3,4702.15,537.733,-10.508,23,65,35
3,11681.9,47692.7,45396.7,132,215,2188
3,5694.23,5232.25,-1307.09,27,99,321
2,7828.83,9441.89,-2233.06,205,130,490
1,6267.49,8304.38,-2137.8,11,100,551
5,3925.41,326.449,2050,11,54,28
3,4248.14,822.983,-1844.2,13,54,64
2,4380.32,480.73,26.506,20,65,35
3,19441.9,234035,-12222.9,281,537,8350
2,4061.8,682.775,-107.6,13,58,43
3,7146.77,12730.1,-919.555,22,123,726
0,7226.94,10434,-3162,8,137,656
4,10090.9,26164,-1783.16,150,174,1415
0,15303.2,151129,-7753,57,343,6293
0,5729.35,3978,-1596,46,71,245
0,5370.33,987,-1131,26,64,65
3,4853.21,2932.41,85440.8,111,67,224
3,12105.2,57085,-651.885,27,209,2967
3,11858.6,34081.5,3401.5,53,210,1213
4,10499.3,27224,3583310000,95,214,1469
5,14649.9,68975.5,48498,34,325,3143
5,4077.63,521.006,-623.26,8,43,52
4,9875.62,36657.4,1373.31,27,196,1997
5,4141.13,6732.4,-108.54,29,68,481
5,5496.19,1107.47,-1702.1,3,57,76
3,10448,18028.5,-1974.78,155,172,973
1,3980.76,2091.86,-1672.6,4,63,184
4,3354.9,570.961,14.36,17,51,45
4,19892.5,407788,-1857.7,89,459,14125
4,10110.5,33879.4,-3478.05,116,166,1414
5,3669.08,573.502,-51.098,15,43,52
2,11942.8,38061.5,-2449.77,159,235,1818
4,12700.8,41996.4,-1034.65,223,278,1938
4,8109.89,9560.01,-516.179,20,138,554
2,6106.52,8064.78,-3352.1,4,106,549
3,7173.86,5114.69,-734.049,21,107,346
0,8953.58,24963,-5053,37,164,1410
3,6247.34,5217.44,-522.416,12,99,321
0,8973.04,16825,-2913,12,160,934
0,14874.8,148334,-8943,43,285,5840
0,4037.28,5888.45,-507.66,19,68,481
4,3766.94,438.829,-783.53,2,36,35
3,10478.5,43698.4,-1989.23,130,197,2257
0,12210.9,52519.9,-6887.85,189,288,2334
0,6695.32,4858.41,-1881.96,79,93,248
5,4108.35,681.075,-155.91,24,58,43
3,6469.72,1869.45,-1115.52,9,84,136
0,7378.51,8098,-2667,26,112,431
0,14307.8,122973,-7655,65,284,4913
5,12426.3,71398.2,2016.5,56,201,3289
1,6850.75,7832.23,-2828.3,11,117,427
5,5068.87,6267.24,3.7376,17,68,481
5,4268.36,725.495,-304.14,17,58,43
4,4789.37,2834.18,-2225.6,4,65,202
5,11308.3,39851.4,-981.355,105,207,1995
2,7753.04,9201.48,-1439.58,14,138,554
5,5850.02,1783.92,-934.932,11,76,147
2,23214.9,515466,412942,326,540,18067
3,13619.8,87764.6,1626960,57,291,3799
4,5332.06,4019.58,-1579.49,34,79,292
0,11806.2,146406,-8457,36,287,6283
2,8438.53,9506.18,-2358.94,17,135,587
5,4336.05,500.337,242.43,23,65,35
1,5770.99,12720.3,-1528.6,20,103,883
0,7102.15,15200,-2248,21,122,849
5,10537,28635.4,273080,48,194,1521
3,6842.47,5140.2,31808.9,19,107,346
0,23605.4,497327,-15490,117,624,15343
0,12264.2,63536,-5835,90,241,2978
4,4993.84,4361.08,-246.536,13,78,317
4,13240.6,94419,-1092.59,188,273,4429
5,4446.72,2160.78,259.55,15,75,165
0,9724.54,29851,-4175,108,183,1524
0,3860.48,740,-1710,6,51,64
4,6582.94,4110.88,306.02,25,100,294
3,4420.56,448.371,360.14,22,65,35
2,4406.74,2575.96,-1188.8,11,65,202
4,3681.56,507.613,-648.94,1,36,35
0,12925.9,68941,-4023,22,247,3129
5,15095.2,79274.3,2591.64,251,336,3302
0,11002.8,70251,-6125,110,223,3209
3,4739.95,1040.65,-701.7,27,66,101
5,3435.22,574.419,-581.43,14,43,52
2,5235.44,4283.91,-1022.15,20,79,317
1,5588.3,2582.88,-3442.6,11,87,166
3,7537.76,9280.98,-1265.56,96,138,554
4,3690.04,465.922,-799.04,3,36,35
2,10568.4,37923,-1908.74,38,205,1751
2,4683.17,3858.37,-1655.21,26,79,317
5,19382,275579,1431.36,53,420,9137
0,25970.4,749838,-12956,66,556,21655
4,7231.91,7540.39,890.57,38,109,432
2,7874.9,33136.2,-2410.44,94,148,1919
5,4465.75,996.909,-1207.79,28,58,76
0,21662.7,308310,-8315,88,490,9825
5,4333.35,455.363,611.29,26,65,35
5,3426.19,698.471,72.644,3,31,53
5,5775.92,2561.87,1056.1,9,81,169
1,3956.74,2043.99,-1627.5,3,63,184
5,9789.45,20467.7,-870.418,23,157,1113
5,3336.26,651.491,144.07,3,31,53
1,9803.83,17314.7,691383,95,183,931
5,5688.23,1773.48,-869.264,14,76,147
4,9178.1,12318.9,1615,24,152,693
5,3761.08,356.021,1655.8,11,54,28
5,5907.15,3857.99,876.98,34,100,294
2,3578.44,2074.6,-359.22,6,43,161
2,8489.4,18481.8,-5241.7,16,146,891
2,4191.73,6308.21,-586.39,15,68,481
0,15520.4,67806,-7176,389,274,2685
5,5166.2,4627.45,143200,6,79,342
1,11083.8,70058,-5215.5,191,247,3373
3,4079.21,749.676,-719.7,14,58,43
0,12407.3,37084,-5767,51,266,1749
0,28837.2,923557,-20947,168,887,26045
5,6391.53,4170.85,-79.5216,65,85,269
4,15519.6,157429,2306.1,125,310,6737
0,8461.65,11329.2,534.76,10,152,693
0,26414.4,757543,-15116,90,629,18498
4,3375.25,691.818,-233.86,6,31,53
4,7201.96,7129.54,18519300,106,95,427
5,4288.75,547.811,618.38,26,65,35
2,3813.34,1443.17,-757.303,128,52,133
3,4248.13,1961.88,-691.226,198,63,166
5,3915.1,2300.99,-1148.9,18,63,184
0,8730.45,37267,-2872,92,168,2121
4,15447.6,96948.4,-1558.73,243,254,3885
1,5770.99,4299.71,-1951.8,17,90,317
1,4786.72,3384.54,-951.201,18,75,269
0,38842.7,809811,-17738,149,824,20654
3,11403.9,32133.5,91793.8,129,203,1580
1,6537.69,1845.1,408.638,35,71,103
2,6696.41,12085.7,-145.081,221,105,765
0,22631.4,167888,-5381,85,356,5958
3,11935.4,54863.1,-3065.6,47,220,2461
4,12865.3,63153.5,5285.2,48,279,2979
2,4360.32,1023.77,-1010.9,28,62,102
3,4833.62,6661.02,-250.54,15,68,481
4,4604.63,3234.45,-549.33,20,71,249
2,10083.5,37396.7,-1433.86,38,196,1997
4,9750.28,28383.3,-2804.8,165,158,1403
4,11649.7,35943,-1280.68,19,225,1755
4,18272.6,154888,131228000,133,359,6068
5,6169.24,1094.4,-1538.7,6,57,76
2,15383.9,100144,27121.3,46,281,3974
0,30049.2,1006140,-13162,125,676,27640
4,4006.1,1628.27,-212.28,8,61,134
3,4132.12,2277.96,-849.737,177,54,165
5,4696.49,2752.74,-1395.28,106,67,224
3,7738.23,12673.6,2609.16,7,123,726
5,6690.3,2641.59,35511000,10,99,167
2,4209.25,2363.47,-559.52,11,63,184
5,4624.11,2385.36,-1363,4,61,184
4,7269.07,8547.51,-661.332,119,95,543
3,9296.95,16967.1,-2378.38,32,142,844
2,5977.22,5280.7,-1159.8,9,105,371
0,19438.1,197861,-13465,123,447,6529
1,6668.28,2203.19,-1057.21,32,71,103
4,8972.94,17124,3153.43,25,142,844
0,5409.91,4106.54,-1912.8,12,85,267
3,12385.7,71889.5,-1985.22,160,262,3211
3,8897.38,12418,4720.58,124,136,619
0,14435.7,191551,-9974,93,324,7817
4,4270.84,2819.41,-1063.4,30,65,202
1,5487.55,1996.32,-1189.8,8,77,165
5,17313.5,86005.5,3046.9,76,340,3632
0,16486.9,167041,-8671,273,353,5750
1,12320.1,49400.2,-2578.55,227,262,2394
3,4178.19,2352.86,-1200.2,19,63,184
3,9058.78,37651.8,130853,51,180,2054
0,13645,159264,-6203.93,55,293,5949
4,3375.97,683.166,236.45,3,31,53
0,8261.03,40097,-4084,18,164,2118
3,6293.3,4047.29,-232.06,13,100,294
5,11360.7,32838.4,3889.9,63,210,1213
4,4094.24,2313.06,-1137.2,25,63,184
0,9529.37,55288,-4134,28,193,2894
5,5194.86,2168.58,-330.47,1,75,165
0,4559.77,992.468,-1590.6,6,57,76
0,7066.77,12822,-1810,12,129,808
0,10007.3,54519,-4101,20,206,2742
4,12953.7,79776,35394.3,56,272,3539
5,4942.28,2491.79,-1086.6,17,65,202
5,7850.34,11995.5,-1638.66,111,130,694
1,5118.8,3130.24,-2660.1,4,65,202
2,11632.7,49368.2,-3082.73,226,262,2394
3,12384.9,71561,15050.6,192,262,3211
0,19186,232077,-14607,58,487,8744
3,10611.5,37931.1,-427.343,32,205,1751
3,5337.14,2497.23,588.16,6,81,169
2,6994.9,8825.55,-1382.78,5,95,543
4,9377.95,11777.9,-696.186,133,156,654
0,9718.49,25406,-4625.57,32,214,1415
4,8014.85,8766.32,1615.6,36,144,553
5,4514.63,6682.94,231.61,21,68,481
0,8651.83,28786,-2696,28,161,1466
0,19311,269771,-9712.29,310,440,7593
0,7490.33,18100,-3869,21,144,1068
2,22256.1,352007,-2770.12,241,440,10967
1,7905.96,13666.2,-2199.89,37,170,771
5,4473.92,2864.84,-251.07,26,65,202
4,22582.8,279297,328.394,75,468,9276
5,9263.86,26909.4,-2907.91,103,166,1414
5,3727.66,460.242,-926.61,3,36,35
5,6790.37,4571.73,-626.2,26,100,294
3,5081.6,2322.05,-876.67,6,61,184
0,25675.8,596368,-18085,377,635,19049
0,9528.2,15134,-2373,26,161,809
2,4213.91,2216.57,178248,179,54,165
0,10132.3,50036,-2832,78,183,2250
4,16091.3,177497,346887,271,367,7087
3,9729.45,39707.3,-2798.33,116,207,1995
0,15685.1,213920,-6878.35,273,336,8195
5,4156.33,623.995,-696.42,17,58,43
4,8320.54,15572.4,-370.61,28,127,802
5,10502.5,23112.7,-777.104,39,176,1313
1,7003.9,4497.25,-2097.2,10,110,294
4,13846.6,52832.8,-544.652,175,288,2334
4,16272.4,144946,355772,241,362,5847
5,4734.03,6053.74,259.4,18,68,481
4,4827.69,1084.95,-1267.2,21,66,101
3,6888.26,17640.9,-2537.8,11,128,1065
3,6422.44,4885.4,148040,173,107,346
5,4068.26,2360.98,-1298.6,38,63,184
0,15422.8,150347,-8133,197,368,5644
4,7069.11,1993.88,195391,24,84,136
0,20630.5,169649,-10645,67,408,5856
0,20419.4,233797,-10732,50,456,7708
2,10193.3,35235.1,34474.9,192,208,1691
5,3641.32,564.435,-602.8,15,43,52
0,8648.61,15678,-3176,77,125,889
2,13311.3,86020.1,28435.5,52,291,3799
2,21580.2,411537,-9195.64,70,473,14125
4,4621.66,6172.15,220.92,19,67,481
2,6789.39,5270.24,4117.58,50,79,292
5,13128.5,62900.1,4471.3,61,279,2979
5,5153.45,2103.43,-192.72,10,75,165
5,8710.49,25685.6,-120.887,44,156,1364
4,7708.86,4697.98,454442,35,131,271
4,10478.3,26861.9,14057.8,31,174,1415
1,6837.25,17127.2,-2548.8,7,128,1065
5,11969.8,91286.1,-5203.23,236,254,3885
0,12831.4,37799,-3095,40,254,1812
3,8242.79,10494.7,-1193.8,226,139,587
3,11878.1,36779.1,-1831.16,9,225,1755
3,4348.31,2774.85,-836.07,15,65,202
3,6331.11,13328.4,-1604.1,15,103,883
5,12841.9,56642.7,-1475.81,29,215,2394
3,6804.97,10373.7,-922.079,23,109,689
2,4620.38,1953.73,-858.12,114,66,166
5,10426.2,19356.5,568451,48,157,1113
2,5175.44,4163,-768.983,17,79,317
4,9082.98,11286.2,-2556.78,120,156,654
0,11880.5,35722,-7190,39,230,1750
2,8869.38,14044,-3366.02,124,170,771
4,3357.45,649.127,177.2,3,31,53
4,11996.8,29131.2,-3934.75,49,214,1469
3,11470.5,36243.4,-1382.77,164,225,1755
3,13406,82382.6,-4915.45,154,252,3882
4,4563.55,1116.67,-875.99,6,55,88
0,9290.48,24048,-5443,35,180,1362
3,11663,36779.6,-2607.69,10,225,1755
4,4454.64,1117.54,-835.08,28,62,102
2,20645.9,170888,11517400,288,449,5537
0,18609.3,300553,-12391,73,464,10829
0,9645.95,26437,-3810,55,152,1409
0,5981.8,6807,-1586,9,80,316
3,9876.94,24537.7,-255.048,51,177,1313
1,6912.79,13538,-3832.6,20,118,762
3,13800.6,140599,1759.71,280,308,6057
0,6661.98,7738,-2490,10,114,520
3,6628.85,10259.5,-974.354,24,109,689
3,8392.94,13374,35537.9,118,170,771
3,4583.82,1094.24,-1137.6,28,66,101
0,9829.34,36201,-3624,46,183,1877
4,13541,79623.4,55480.1,57,272,3539
2,7012.43,7480.09,23727.5,24,93,545
2,14244.5,76324.6,222574000,175,262,3211
3,6934.53,5234.12,-1305.87,194,107,346
0,12359.9,95573,-6850,197,256,4156
3,9257.19,38792.2,2113.8,75,196,1885
3,14250.5,86210.4,-6429.66,88,301,3369
0,8442.41,8708,-3046,24,125,322
3,8455.47,14278,398.461,26,140,845
0,25496.6,411969,-12520,167,563,12827
3,8653.94,15991.8,-1446.99,112,160,976
4,21534.9,291763,-3675.98,258,468,9276
0,9786.99,17278,-5395,97,182,892
4,3466.58,606.896,300.87,17,51,45
2,6185.5,8152.44,-2823.6,5,106,549
5,12103.8,39620.7,-823.353,204,193,2118
0,10505.3,59817,-5665,45,213,3051
0,12152.1,28618.5,-5690.61,222,248,1421
2,6777.74,7819.8,-3155.5,13,117,427
1,6166.77,6323.48,-2353.8,11,108,424
5,7136.9,5514.02,-1788.39,16,99,321
0,5072.09,3559,-676,21,80,247
4,8698.5,9893.38,2883.35,14,135,587
2,4174.68,6164.88,-401.75,16,68,481
5,8865.65,4809.1,-1213.57,102,131,271
3,3350.76,672.772,-29.099,3,31,53
5,8168.68,20854.5,216.11,41,143,1203
3,10222.5,35377,-411.405,23,208,1691
3,11590.3,32053.3,2859.46,35,203,1580
3,8185.92,14676.6,-1491.92,17,140,845
4,9422.85,31780.7,-1934.58,43,132,1513
3,15240,60347.5,411.684,91,305,2610
4,4430.26,1107.2,-771.31,2,55,88
5,6650.64,3807.11,791.62,24,101,206
2,4472.59,1040.72,-398.04,28,62,102
3,11797.9,37157.8,-5418.55,161,225,1755
2,17726.5,165557,261.212,222,352,6744
0,11479,52172,-4310,25,236,2747
1,7034.57,28181.5,-2466.3,12,131,1686
3,14365.1,89277.6,1162.09,53,291,3799
0,8192.03,18163,-3179,29,150,936
3,15370.8,85354.9,236926000,99,301,3369
4,12512.6,79449.9,5503.76,58,272,3539
3,4419.08,2631.18,-908.47,14,65,202
3,4525,1035.76,-760.52,28,62,102
3,6207.93,12942.6,-1128.1,14,103,883
4,22168.8,410581,1753.62,62,473,14125
0,12915.7,123826,-5281,41,249,4519
4,10061.4,26302.8,-1678.64,131,172,1412
2,6048.67,8062.2,-2841.1,10,106,549
5,10022.9,20326.5,136807,23,157,1113
2,5804.13,4165.15,33465.6,82,88,318
2,13194.4,76203,-1830.74,159,262,3211
3,11911.2,77427.1,413.235,160,252,3882
3,13120.3,60739.8,-565.934,24,247,2754
2,4118.23,2127.18,-2007.3,4,63,184
1,5181.42,4305.66,-1844.03,15,88,292
1,8042.45,12902,-1899.01,15,132,806
2,3982.29,1449.97,-803.49,160,52,133
5,3069.48,308.332,-323.571,25,36,26
4,5603.55,1070.11,-1586.1,6,57,76
0,23251.5,452399,-13753,109,568,15336
5,12915.7,73771.2,-3858.22,179,264,3217
2,13233.8,75232.6,-1726.68,171,262,3211
3,6340.63,3408.07,524.71,17,101,206
4,9252.95,12070.5,14497300,115,136,619
3,10457.4,27119.3,696.722,146,172,1412
0,14082,56984,-7185,18,221,1527
4,6066.53,7633.88,-751.63,99,104,457
2,4247.45,414.461,975.92,17,54,28
4,3413.99,699.486,-218.14,6,31,53
2,17549.2,164100,4236.29,209,352,6744
1,8024.52,9381.47,-1874.98,13,135,587
0,11953,117388,-5447,313,237,4524
3,5954.18,7304.41,-847.659,76,93,545
4,10553.4,21405.2,-1374.73,105,163,1162
4,17916.7,219744,3684400,67,336,8195
5,4114.06,2449.32,-847.52,18,63,184
2,9048.57,12012.7,-1827.47,119,128,693
2,19203.1,150171,-6210.07,324,449,5537
0,10316.9,20902,-5109,67,194,975
3,12435.7,69486.5,1068.2,48,201,3289
3,5289.95,3406.47,-748.416,136,51,132
1,6320.7,8338.67,-1553.9,11,100,551
0,12841.1,73562,-7306,66,294,3380
4,6619.28,1889.11,11104.6,10,84,136
2,14348.9,135152,-3615.12,212,279,5626
4,10666.2,28656.1,-937.309,60,194,1521
4,6555.26,5103.31,-414.244,12,99,321
2,16351.9,163576,459175,190,352,6744
0,15980,135773,-7849,102,326,5322
3,12183.7,77717.2,-290.293,163,252,3882
5,4808.02,2800.07,-1039.7,23,65,202
4,14337.6,53726.1,-761.368,38,288,2334
2,3376.24,1249.73,19931.7,39,40,100
5,7714.56,18822.6,-1542,15,128,1065
2,4379.12,539.425,148.86,17,65,35
5,13031.5,64203,7418.8,50,279,2979
5,5219.74,2643.78,-896.29,10,65,202
4,7525.8,19828.4,-2144.27,35,119,973
0,14301.4,116919,-6853,149,309,5013
3,22810.5,411253,1104030,67,473,14125
1,22183.6,516401,-3612.28,333,540,18067
5,23460.2,284819,1832.54,303,468,9276
0,11299.1,38231,-5587,42,189,1805
3,14976,78326.7,-3423.22,128,223,2059
3,8268.01,4429.32,2651990,30,131,271
5,20101.5,273702,913340,48,420,9137
4,3948.63,2400.92,-770.75,16,63,184
5,5287.78,2472.2,-1332.9,18,71,188
4,4162.6,1651.77,-506.93,8,61,134
3,8544.58,14474.1,-1379.74,23,140,845
3,4244.87,1680.62,-805.2,6,61,134
2,22486.4,515302,-2270.73,364,540,18067
2,3723.28,1345.09,19908.3,1,40,100
4,10950,50968,-1925.77,51,209,2534
4,3805.08,2156.71,-387.41,15,63,184
5,3447.38,581.317,-106.35,16,43,52
5,3677.41,542.282,90.558,18,43,52
3,6925.68,9256.21,-986.284,134,95,543
0,8990.96,32505,-5135,43,195,1692
3,3426.92,669.302,119.96,6,31,53
1,5825.92,2578.5,-3366.5,13,87,166
3,7413.56,14763.3,1885.21,73,134,970
5,15223.4,158760,2071.6,117,310,6737
0,9024.83,33309,-5994,52,182,1696
2,4049.43,2329.27,-1216.3,5,63,184
1,5815.13,12690,-1871.5,20,103,883
4,14022.7,82005.4,948.771,65,272,3539
4,3661.05,551.842,-273.25,14,43,52
0,14770.5,103154,-9006,55,363,4536
3,4108.68,353.881,884.67,11,54,28
4,4863.89,1667.59,-1169.5,6,70,131
3,4742.91,6615.04,-706.1,19,68,481
1,7840.38,9384.22,-1787.94,183,135,587
0,6057.96,4714,-3643,22,89,346
0,11542.8,17747,-4193,44,204,776
5,6585.84,4156.73,538908,145,101,270
3,7136.5,14579.1,1572940,89,134,970
2,4412.22,2654.76,-749.36,20,65,202
5,9071.86,26628.1,-3356.34,104,172,1412
4,4537.59,2831.12,-868.72,30,65,202
1,6389.54,2030.18,-983.281,32,71,103
5,5572.45,1735.2,-1297.24,175,76,0
3,6747.67,10371.4,-1010.58,23,109,689
4,7998.62,8879,1932.9,38,144,553
0,12310.4,41739,-5500,146,264,1939
2,8689.63,9945.36,-3488.25,105,154,587
0,10114,33666,-4477,35,210,1698
2,10556.4,35268.7,-2940.76,29,208,1691
3,12044.8,70707,758034,181,262,3211
2,5009.37,1510.2,-1491.56,31,71,103
5,12997.8,68261.5,190084000,53,272,3295
5,11892.4,41399.9,-1142.94,148,205,1751
0,15423.7,147390,-6757,85,306,5840
4,4516.4,2184.76,-1843.9,13,71,188
4,10245.2,12148.7,384823000,35,136,619
1,11448.7,69147.1,-1994.89,49,247,3373
3,12020,48353.8,853559,89,166,1414
2,15524.7,99022.8,410478,57,281,3974
5,7516.99,7200.26,-1355.37,37,118,426
4,4627.73,1950.5,-1018.62,30,66,166
3,4423.37,1979.86,987.271,113,66,166
1,4509.63,1766.5,-434.83,8,66,164
3,23265.3,238278,2552.88,288,537,8350
0,9731.42,21297,-3546,74,154,1116
3,4656.99,1036.63,-1064.6,21,66,101
0,9829.77,105499,-5063,37,223,5007
3,8043.19,9407.56,469.76,20,130,515
5,14488.6,75016.5,617.455,159,223,2822
1,6069.43,4904.25,-1001.43,20,85,343
2,7039.33,9092.16,-620.024,128,95,543
0,14990.5,141105,-7924,51,296,6061
3,7933.04,14035.2,384.13,21,127,802
4,13166,59792.6,-2568.27,113,224,2192
2,3998.56,2098.09,-1010.7,5,63,184
5,13255.6,60740.1,522.741,149,214,2600
2,13738.4,87213.2,-1275.95,50,291,3799
0,5189.74,3524,-2116,8,76,247
4,4330.46,6485.32,-143.07,17,68,481
4,9711.54,34426.9,-3585.64,119,166,1414
3,12955.4,79834.2,-1120.05,74,272,3539
4,4410.95,1321.79,-260.94,11,59,101
0,6765.94,10304,-3406,44,106,655
2,6774.22,12487.9,-1493.25,140,123,726
3,8784.33,25107.7,-1149.94,33,157,1519
4,10807,27160.8,-1801.73,36,214,1469
3,9452.24,39334.8,-630.457,74,196,1885
5,5129.36,3198.03,-1967.2,16,70,205
2,4493.33,2203.8,-2118.3,11,71,188
4,9516.39,25829.4,44395.9,161,174,1415
2,5654.43,7626.79,544.963,103,104,457
2,9884.83,34373.8,-2688.81,193,208,1691
0,7622.06,13861.1,-3128.29,40,170,771
0,35608.7,1011380,-13422,185,727,26725
0,8026.65,10896.3,-1802.18,119,106,553
5,4576.09,689.991,-279.51,19,58,43
3,6225.42,3610.98,753.29,19,101,206
4,6718.86,5912.99,836047,83,95,427
4,15246.5,165532,-1332.83,51,320,6391
0,6155.97,4194.31,-1554.34,85,88,318
5,6457.75,3377.99,1743.1,23,101,206
1,8026.3,12863.9,-2037.85,15,132,806
4,10527.5,38104.5,8788.98,34,196,1997
2,3804.12,1966.41,-508.77,7,43,161
2,5196.5,2870.49,-1489.28,18,77,244
2,10834.9,57876,-1862.15,165,217,2904
2,21592,410271,39669.2,60,473,14125
0,11083.7,52300,-3622,16,176,1936
5,14463,68423.7,55006000,156,325,3143
1,5866.39,1825.11,-1323.52,45,71,103
1,4049.43,5701.07,-580.9,20,68,481
3,7634.45,13806.2,-112.1,16,127,802
1,4542.98,1780.09,-322.92,8,66,164
5,4785.7,798.625,-1822.1,8,54,64
5,11266.5,23460.4,-1752.68,39,176,1313
1,4488.45,2566.93,-1370.8,10,72,205
0,8668.35,31056,-4200,4,146,1412
4,14564.4,86964.3,4211.1,84,289,3710
2,4489.4,2611.29,-1064.9,19,65,202
1,4447.3,2561.79,-1164.7,9,72,205
0,8211.19,14984,-2092,69,150,813
3,11982.9,77556.9,121945,35,252,3882
1,4126,1318.04,-760.72,1,57,129
3,8432.01,8682.26,1565.4,33,144,553
2,6278.72,1800.79,-1334.28,35,71,103
3,9314.89,27428,-1348.41,168,158,1403
4,5537.86,7079.7,-707.539,11,93,545
5,3443.16,700.505,164.05,3,31,53
3,4355.63,1960.09,-774.052,73,63,166
3,7993.47,11969.5,65.5531,64,128,693
3,3779.32,528.743,-565.54,0,36,35
0,3677.91,1189.74,-992.16,17,56,87
5,6046.74,4104.16,507.16,41,100,294
5,5568.49,2898.73,-760.9,7,65,202
4,14980.3,87853,12328,92,289,3710
4,5805.51,7145.14,-1001.25,73,93,545
2,7727.33,9436.2,-1860.84,198,130,490
5,6501.29,4261.38,-874.653,22,101,270
4,14860.8,75688.9,137.645,255,336,3302
0,13228.5,73150,-8416,68,278,3136
2,3871.75,388.287,668.31,7,54,28
2,4030.51,767.924,-1927,13,54,64
4,5989.58,3949.63,55.716,13,100,294
2,3973.52,1446.07,-724.475,159,52,133
4,4602.48,1804.29,-470.07,9,61,116
2,6282.94,7926.35,-3302.2,7,106,549
5,14001.2,133721,-1937.76,179,248,5018
0,28613.4,511752,-13566,39,553,12845
4,5501,4261.52,-1146.28,22,87,292
3,4849.89,2025.3,-968.58,3,75,165
5,10228.5,28376.8,177.887,47,194,1521
1,9033.44,30237.5,-35.1282,110,132,1513
0,12076.5,80416.1,-6509.09,51,272,3539
3,9010.54,27440.2,-1410.43,164,158,1403
0,6919.05,7479,-1608,10,107,400
0,20309.9,291719,-11688,242,487,10978
0,16756.8,137509,-6183,102,356,4919
3,4469.15,999.133,-1055.2,22,66,101
3,24052.2,280611,-1005.19,292,540,8870
0,14819.8,63136,-4510,57,250,2681
4,9415.17,39685,139774,139,207,1995
0,15213.8,227060,-5253,56,314,5326
3,11789.3,36431,782042,18,225,1755
0,16996,141338,-9108,240,349,5114
4,7949.83,16951.8,1925.72,185,133,890
3,14078.4,53062.2,-1616.93,177,288,2334
3,8752.89,27637.2,-3038.93,165,158,1403
4,7244.49,13934.3,-1426.19,24,120,809
3,8755.55,38629.6,19703.4,76,196,1885
4,6759,3575.37,461.9,17,101,206
5,11314.9,28795.1,-4190.75,87,214,1469
5,7095.59,2917.57,515190,4,99,167
4,3945.16,386.875,721.51,11,54,28
0,10672.9,29354.2,-2589.06,35,145,1066
5,7070.53,10050.2,1487.7,18,115,547
3,7058.07,13983.2,22163,104,120,809
2,5326.8,4370.64,-1504.5,20,88,292
3,13301.5,85246.7,-2686.34,53,291,3799
0,9111.87,17728,-4132,85,191,1024
3,4963.79,2886.73,-2602.9,5,65,202
5,3753.78,563.098,-590.5,5,43,52
4,7369.03,5426.96,-449.781,10,99,321
5,15193.8,78093.7,1551.32,262,336,3302
3,13918.2,56699.7,-1924.25,133,215,2188
0,4412.14,2788.67,-776.077,49,54,204
1,5276.61,4254.62,-1777.51,13,88,292
5,4922.51,2054.43,-5.4741,18,75,165
4,17507.7,159322,-6923.52,204,359,6068
4,8491.43,20320.6,-1447.2,174,163,1162
4,3655.01,464.68,-854.33,2,36,35
0,4361.75,1485,-434,13,63,115
3,4625.93,1009.68,-925.68,20,66,101
4,10514.2,37527.4,1162.26,57,219,1875
2,6056.37,8020.12,-2777.7,5,106,549
1,6136.31,8040.67,-3683.8,4,106,549
4,12947.2,63216,5869.4,42,279,2979
3,3433.5,732.229,206.24,5,31,53
5,8716.21,22099,10817400,116,139,1108
1,4909.07,1428.83,-1474.15,42,71,103
1,5129.83,3056.03,-2386.2,4,65,202
3,6525.24,12028.4,-891.604,223,105,765
5,3703.88,734.742,-222.47,17,58,43
5,5633.71,8152.31,-365.21,30,99,583
4,5929.83,4161.12,137.76,19,100,294
4,8976.04,20487.8,-3416.28,154,163,1162
2,22170.8,515925,-2017.26,138,540,18067
3,12251.2,54166.7,-377.48,47,220,2461
2,14467.7,90938.2,-120.835,225,254,3973
4,3567.99,1414,-743.291,120,52,133
5,8171.4,14828.7,48.752,26,127,802
3,12864.1,72522.8,79265.1,33,262,3211
5,4908.87,1818.69,62.547,9,61,116
0,8592.49,15758,-4445,97,174,889
0,8066.08,45495,-4864,42,172,2455
5,4188.67,533.262,1257.1,26,65,35
5,7989.45,14337.6,-1353.27,88,140,845
0,5770.57,2674,-1725,3,73,150
4,15466.8,156834,3233.6,112,310,6737
4,4518.93,2664.17,-683.31,21,65,202
5,12900.2,83108.9,-4761.34,74,252,3882
5,11645.9,54797.5,307.24,43,220,2461
5,4131.23,634.29,-417.63,16,58,43
3,10071,39038.3,-2049.81,239,193,2118
3,8929.82,12472.6,-1156.08,23,136,619
0,13895.8,147923,-6262,215,301,5733
0,4304.14,1426,-746,5,66,113
5,8924.77,17259,14804.5,18,142,844
1,5438.54,5592.38,-1535.4,5,89,425
1,8601.97,18365.5,-3777.2,15,146,891
3,9495.15,29260.1,3106030,146,179,1626
0,7919.46,20732.3,-3246.6,190,145,1156
3,4527.2,1103.55,-68.384,28,62,102
4,3748.8,569.863,-554.71,5,43,52
5,9896.07,31484.2,444659,140,179,1626
4,8540.54,9605.1,-1084.94,14,138,554
4,3297.51,685.356,257.84,5,31,53
4,6670.72,7286.99,-506.094,60,90,405
5,10367.1,22174.8,-2095.05,46,176,1313
5,7028.99,5513.61,-1673.63,15,99,321
0,9121.39,26323.7,-3447.12,12,172,1412
2,5312.44,3707.06,-763.553,65,85,269
3,4487.68,2149.66,-1367.1,14,71,188
3,15885.9,157586,871.99,94,310,6737
2,15845.9,88848.9,527.414,94,301,3369
2,14817.1,250441,-8097.08,99,346,7851
0,7352.39,15320,-3916,32,149,934
5,9738.82,24449.2,-3477.73,123,166,1111
3,6036.4,5235.42,-617.201,16,99,321
5,5436.79,1710.36,-140.119,15,76,147
5,8503.93,13450.5,-826.217,58,132,806
2,4220.5,397.167,1148.9,5,54,28
5,15590.2,79536.7,1429.97,128,336,3302
3,9047.59,16622.1,-398.964,26,142,844
0,11711.8,64548,-5332,57,259,3052
2,4344.93,1022.93,-1165.3,20,66,101
1,6818.39,7842.76,-2788.4,11,117,427
0,10866.4,66003,-6610,46,228,2966
4,4758.35,2756.68,-127.54,13,65,202
5,7768.41,21222.7,1792.5,56,143,1203
2,13471.4,51744.5,-3243.82,112,234,1581
3,10267.8,10792.5,-2458.4,97,154,587
3,3812.19,401.234,1267.5,11,54,28
1,4186.38,1531.24,-1079.9,4,55,133
2,3814.34,2141.06,-777.165,20,54,165
3,3637.09,528.999,-623.49,5,43,52
5,12192.7,32666,3081.6,56,210,1213
0,10280.4,69719,-5923,37,277,3294
4,4711.36,2312.21,-685.06,12,61,184
4,3440.03,570.454,-285.21,15,51,45
0,14925.2,137653,-8015,139,341,5849
3,8334.84,9630.49,-1246.77,89,138,554
0,21523.8,240596,-10641,107,440,7587
4,15177.6,75481.8,129977,270,336,3302
5,3570.62,555.338,-293.86,15,43,52
5,12793,63283.2,-1530.85,215,214,2600
0,18894.7,119846,-9619,34,360,4434
4,11008.3,48544.2,-1243.31,75,190,2118
3,3360.16,685.123,-228.4,3,31,53
1,5739.43,4971.15,140907,23,85,343
2,5133.79,4261.13,-986.139,19,79,317
2,7734.47,9366.45,-2442.59,201,130,490
5,3828.86,6000.76,-110.11,36,68,481
2,8942.14,25042.9,-703.596,35,157,1519
4,6878.34,7161.59,-1228.77,77,118,426
0,6893.16,9673,-996,49,114,583
2,12020.4,34032.7,-530.632,127,234,1581
2,6745.98,13351.1,-1137.82,189,96,804
0,14304.5,110666,-7979,216,325,5111
2,8665.36,11974.9,-1997.22,113,128,693
2,4234.8,2588.96,-1235.3,11,65,202
2,7167.79,12488.6,4948.91,136,123,726
5,10012.9,27476.5,-1438.65,58,194,1521
4,4609.11,3060.4,-379.413,21,71,249
5,4593.77,2227.39,398.83,34,75,165
1,6298.57,7849.15,-2014.6,22,102,517
5,9220.76,17567.3,1217970,27,133,890
1,14584,253377,-7342.29,122,346,7851
2,11970,37899.4,4407.68,27,235,1818
4,9751.07,32918,-165.172,108,176,1922
5,9390.94,20315.5,219434,34,157,1113
5,3387.36,669.854,148.86,4,31,53
0,13230.1,55250,-7064,176,269,2329
4,4692.33,2096.46,204.85,33,75,165
2,7973.63,9575.76,5653.6,170,135,587
4,23263.8,284671,-1025.26,55,468,9276
0,18060.3,197832,-9019,64,388,7464
3,5865.5,7762.19,-870.78,19,99,583
5,3747.66,553.759,-569.28,6,43,52
0,14005.2,92275,-6675,43,378,3980
4,4384.17,6100.1,-503.67,9,68,481
0,9949.15,45645,-5877,34,214,2394
4,3385.57,668.173,229.08,4,31,53
2,13773,90104,-1699.99,280,254,3973
5,6244.67,5753.23,-984.21,10,105,371
2,8681.46,20178.1,-2645.45,104,163,1162
1,5839,4288.66,-1669.5,17,90,317
0,14973.4,106317,-8185,70,344,4438
3,4259.41,652.987,-251.64,17,58,43
1,5636.31,2588.68,-3247.6,11,87,166
2,3667.53,389.379,547.17,6,54,28
0,22651.8,339892,-12353,85,575,10547
1,6897.93,7807,-2580,11,117,427
3,7300.3,14044.8,3299.57,28,120,809
2,8049.02,9407.42,-2090.55,204,130,490
3,8512.54,25121.4,-1053.35,118,157,1519
0,15145.7,54614,-6787,41,253,2129
1,11023.9,68179.6,-2373.38,42,247,3373
5,5693.87,1141.27,-1544,4,57,76
0,8820.92,14040,-3120,23,155,733
2,4240.23,6048.64,-416.5,14,68,481
5,6358.02,3317.67,1225,30,101,206
5,6216.44,1083.79,-1365.2,7,57,76
3,6401.96,5127.19,-1086.85,14,96,347
0,6356.4,13730,-3204,23,109,731
5,7176.08,18343.2,-1616.8,12,128,1065
1,11318.1,68899.9,-5177.1,199,247,3373
5,8979.73,16427.3,-1575.86,114,160,976
1,5808.49,12725.6,-1966.3,20,103,883
2,12596.7,49129.1,-6260.7,171,262,2394
0,14800.2,63884,-6647,29,249,2899
0,9813.32,32726.2,-3519.55,98,179,1521
0,7375.64,5731,-1290,16,95,343
5,6892.76,6633.12,-1009.86,24,118,426
2,3163.07,1268.41,1299.92,2,40,100
0,10037.4,33637,-5475,32,182,1575
5,17298.7,84357.7,4140.1,69,340,3632
4,6757.68,16043.2,-1798.5,18,125,1014
3,13172.3,49094.6,-3757.25,134,215,2188
0,6966.87,8664,-1366,11,135,553
0,17342.1,285656,-11461,110,390,10962
3,11487.4,36070.9,-1166.17,187,208,1691
3,11939.3,60418.9,-5460.69,36,247,2754
5,14152.6,43174.4,9871740,239,278,1938
4,3600.59,534.49,-408.68,5,43,52
0,12695.5,96388,-7025,41,284,4071
0,8942.5,39996,-3736,37,181,2181
0,17148.6,152394,-7286,40,345,5525
4,10803.6,31185.1,3060.63,40,203,1580
4,9068.93,56799.4,21423.1,243,217,2904
5,13439.6,72567.3,240724,166,264,3217
3,6281.92,4026.78,-649.86,12,100,294
2,6439.44,3630.06,836.47,19,101,206
2,4399.76,6192.96,-632.1,16,68,481
5,5224.57,2057.97,-396.92,10,66,164
5,11620.8,33081.7,527.12,73,210,1213
3,6311.19,1767.81,-63.4212,11,84,136
0,9369.01,22423,-3131,28,168,1253
3,4438.7,2137.91,-1753.9,13,71,188
5,3742.3,628.142,119.96,14,43,52
4,9219.7,27068.9,-2139.47,183,158,1403
2,8123.82,9525,-2864.85,198,130,490
3,14925.2,210733,-6562.58,91,336,8195
5,14686.2,144768,-1599.9,256,308,6057
5,4819.8,531.471,245.06,26,65,35
0,19955.3,184552,-9132,71,386,5540
0,9527.61,25180,-2843,29,186,1414
4,8968.33,20745.6,-2484.47,109,163,1162
4,8051.03,4738.13,-1974.88,36,131,271
5,12192.5,60321.9,75157,200,223,2822
1,5093.69,3131.83,-2411.7,4,65,0
4,5942.98,7796.94,48822400,43,98,582
2,5915.35,5268.66,-1063.3,9,105,371
0,13449.2,116076,-2709,47,271,4919
0,10389.3,55155,-3557,20,205,2824
1,6887.17,7818.23,-2543.8,12,117,427
0,15039.6,111130,-9398,53,310,4066
5,3817.34,580.751,-142.95,15,43,52
3,6454.38,6784.13,11026.8,159,118,426
5,3718.92,579.341,-312.27,14,43,52
4,9443.65,32700.2,119909,127,176,1922
2,6023.41,5249.94,-765.81,8,105,371
2,8267.92,9530.18,-2689.86,201,130,490
0,5391.73,7090.27,2139.66,8,95,549
3,18300.3,179843,-5617.11,234,403,6746
3,4736.51,2216.48,-1433.2,17,71,188
5,6282.45,22718.4,50.27,76,128,1255
5,3570.04,661.349,167.01,6,31,53
2,6067.93,7042.8,-26.0263,170,93,545
4,9771.2,26388.4,22340.5,108,174,1415
0,8088,8057,-2065,25,120,518
1,13956.1,90690.2,311738,210,254,3973
3,5191.57,2807.46,843.001,86,67,224
5,12798.6,37930.6,-729.818,199,225,1755
4,6540.76,13592.7,-1054,12,103,883
5,4417.82,685.994,-836.61,24,58,43
4,9572.44,33602.5,392901,94,176,1922
4,7877.16,20859.5,1434.71,110,139,1108
0,4090.34,781,-581,15,57,45
0,19818.6,168502,-6372,34,337,4721
3,9058,12061.1,-1264.14,128,136,619
4,5649.77,7302.46,-876.007,12,93,545
2,6714.52,5000.77,24681.5,224,107,346
4,3789.38,553.962,-730.19,5,43,52
3,4933.27,2970.22,-834.364,104,67,224
2,7872.88,9620.32,-2607.22,202,130,490
0,17940.9,135164,-11251,251,388,4827
0,6755.25,29444,-2683,15,123,1680
2,10245.4,34709.5,-2093.41,203,208,1691
2,3982.01,377.803,1202.4,15,54,28
5,3687,573.127,-472.19,13,43,52
2,6065.52,8090.56,-3428.7,5,106,549
4,4429.03,6583.63,-26.347,17,68,481
5,3542.38,559.476,-168.47,14,43,52
5,3736.53,425.476,-728.22,3,36,35
3,8374.02,21127.3,137.92,37,143,1203
5,5420.55,4329.51,-407.95,16,85,346
3,6235.99,5038.06,-1728.99,100,96,347
4,4020.61,659.181,-233.48,16,58,43
5,4146.27,2108.05,-698.09,3,61,184
0,7898.05,20592,-3601,127,148,1022
0,17012.1,164938,-10758,100,380,6517
3,4803.72,1999.88,-584.94,7,75,165
3,11164.7,55722.9,-1093.97,25,209,2967
2,14637.4,135662,13709100,204,279,5626
1,11575.2,68931.5,33960800,199,247,3373
1,3832.85,2158.67,-880.069,183,54,165
5,3543.16,454.504,-795.86,3,36,35
5,3626.19,557.002,-324.24,15,43,52
3,6439.15,5190.48,-919.371,12,99,321
4,9209.78,17092.9,-2400.96,26,172,973
5,4305.92,2602.93,-462.34,29,63,184
3,13119.2,50476.4,-3587.04,140,215,2188
0,6921.28,9237,-3256,37,116,615
2,20798,410557,12166.2,56,473,14125
0,15265.9,158138,-11011,68,353,6857
0,7029.83,11699,-4529,48,122,694
0,12215.5,45237,-6606,53,217,1813
5,5439.38,2767.71,-1580.5,8,67,186
5,9332.68,21269.4,-1716.52,93,143,1017
3,3721.18,390.409,1222.6,16,54,28
2,5902.78,13095.4,-1491.1,15,103,883
5,3509.45,2318.49,1242.5,11,55,167
5,8163.63,12886.7,17887.6,37,130,694
0,21830.4,282330,-12443,36,461,9412
4,3489.87,691.105,223.67,3,31,53
4,10013.9,31197.4,1071520,120,176,1922
2,4516.44,2023.72,-3.3808,11,75,165
0,13997,64555.2,-8379.06,201,321,2686
4,8771.01,22032,286.275,85,139,1108
5,4545.34,1210.54,-1559.5,34,71,103
3,7026.67,11380.8,4123.8,161,111,651
0,19544.6,277595,-8616,76,472,9681
1,6922.84,7873.17,-3191.5,11,117,427
3,10630.8,58005.2,-674.357,313,217,2904
0,8584.46,26488.3,-3350.91,177,158,1403
4,4045.7,6360.73,-251.64,30,68,481
1,6358.53,4809.57,-2019.7,15,107,319
0,12017.9,70093,-5112,143,279,3451
4,6842.69,6802.98,6132.56,104,95,427
2,7614.29,9558.45,-768.109,96,123,621
0,6186.84,3642,-1579,37,85,205
0,8831.96,25518,-3394,28,150,1355
5,3667.15,498.792,-774.65,3,36,35
5,4522.32,2039.24,138.33,28,75,165
2,10892.9,41214.8,318.443,160,227,2059
5,3785.73,596.483,24.536,16,43,52
3,14045,144613,3086.55,269,308,6057
4,4712.85,3723.24,-969.977,15,77,292
0,13965.9,162489,-9740,40,363,6981
4,4767.76,1626.72,-1522.6,5,70,131
0,10592.8,39551,-4867,39,205,1873
0,11520.9,36065.1,-4679.59,178,206,1521
2,6640.7,5448.65,-1285.09,53,79,292
0,5192.78,3141,-2237,24,89,223
3,4189.35,2497.67,-760.35,19,63,184
2,3894.52,762.68,-2319.5,9,54,64
3,9968.75,29868.8,-799.479,217,171,1747
5,4276.19,2369.72,81.419,28,65,202
2,8724.34,25215.3,-1964.35,30,157,1519
3,4256.44,646.318,-503.51,18,58,43
1,3760,2022.46,-1873.9,3,63,184
0,14563.3,91283,-7959,74,291,3888
5,3562.9,551.725,-442.17,8,43,52
5,9148.87,14822.7,20435.2,143,143,771
3,5993.6,10163.6,-2225.53,26,109,689
3,5956.28,3981.95,-1124.7,12,100,294
0,9331.67,26922,-6214,84,179,1468
4,8146.67,9310.45,-1020.58,203,107,517
4,21553.3,291807,-2034.2,281,468,9276
5,11963.1,61437.5,1945540,153,237,2672
0,5010.34,4037.83,-1073.9,10,85,346
2,13798.9,134639,-2335.8,211,279,5626
3,3282.45,1349.06,608565,32,40,100
5,4440.89,736.123,-77.41,24,58,43
0,10761.6,33990,-3253,231,188,1262
5,7868.99,22070,765.457,78,139,1108
5,3981.91,1501.72,-998.931,158,52,133
5,3748.58,558.214,-8.5349,14,43,52
2,13685.8,134891,-1409.63,190,279,5626
4,13311.8,42377.2,34300.2,45,278,1938
3,6006.1,5064.32,-726.077,19,96,347
0,8015.88,25337,-3363,24,158,1468
4,14748.2,94421.2,113308,191,283,4064
4,8558.75,9658.6,-512.326,20,138,554
2,5323.02,3602.17,753.586,116,85,269
5,3614.44,391.715,1130.5,3,54,28
1,3736.17,1212.24,-1048.8,9,55,88
0,8785.28,32344,-3126,10,180,1747
0,12895,59376,-6706,42,281,2541
4,12916.6,63122.1,6695.6,45,279,2979
3,15404.6,156184,3491,100,310,6737
4,17910.8,159394,-6603.75,101,359,6068
5,9964.56,28537.4,-2834.41,44,156,1364
0,14909.4,112349,-3416,54,329,5117
5,4481.11,6734.51,-12.705,18,68,481
1,12058.2,68886.6,3250200,186,247,3373
3,3773.61,2172.16,-473.639,4,43,161
3,11268.7,59226,300887,158,217,2904
3,12289.3,54189.7,-750.33,43,220,2461
1,11742.6,68976.4,-3805.56,199,247,3373
4,11896,28733.9,-610.9,48,178,1410
0,21889.1,181176,-8240,36,355,5126
4,18248.7,198621,2338.59,162,390,7459
3,6538.83,10333.4,-1144.18,23,109,689
2,5130.57,4415.91,-1525.61,26,85,343
2,4796.03,1953.37,-119.56,8,75,165
3,5354.58,1086.61,-1714.3,4,57,76
0,12336.8,46133,-7538,94,246,1877
2,5150.03,4211.54,-823.803,19,79,317
5,3563.09,674.441,35.332,5,31,53
3,6770.21,10370,-1317.13,23,109,689
2,4455.84,973.886,-711.27,4,55,88
3,4577.35,524.752,516.19,21,65,35
3,7164.51,13796.7,-1015.7,28,120,809
0,5654.66,5248,-2305,49,78,364
0,12539.2,25388,-4840,41,213,1068
0,9196.9,15192,-3183,40,177,771
0,7720.07,4917,-2807,2,107,207
5,3792.96,456.651,-628.19,1,36,35
0,12919.2,69153,-7129,37,251,3131
5,4393.8,6834.4,-129.08,26,68,481
0,10796.5,26679,-2953,103,182,1465
4,14035.6,147429,-801.425,264,308,6057
0,11646.1,60230,-3737,35,240,2976
1,4329.14,3092.51,-1323.5,9,62,245
2,7466.3,9016.11,480.22,16,130,515
3,5371.13,3835.09,-1120.2,121,85,269
3,5017.38,2054.54,-1099,3,75,165
5,7836.77,9241.43,14493.4,11,107,517
5,3824.31,359.788,1133.7,11,54,28
3,5608.89,2539.58,827.9,9,81,169
5,6524.03,1177.23,-1351.1,12,57,76
0,13205.5,65903,-6694,52,312,2830
0,16137.3,204358,-10394,158,354,7823
2,4504.14,2119.93,-1649.2,12,71,188
0,16117.4,152817,-7912,177,337,6065
2,6125.51,8087.92,-2944,5,106,549
3,3916.79,817.56,-1642.7,13,54,64
2,4351.17,2686.19,-670.34,21,65,202
0,8737.25,22538.6,-3447.59,12,168,1210
5,4760.91,2103.86,-140.8,17,75,165
1,5857,1635.64,-888.455,35,71,103
1,5112.29,3126.49,-2438,4,65,202
3,11938.6,53609.3,-4265.31,154,218,2391
4,12296.7,55074.4,902.298,152,218,2391
4,6396.72,6971.12,-1253.63,78,118,426
3,10885.1,27380.7,-4123.69,49,214,1469
2,11789.2,57992.2,54384,315,217,2904
4,9903.27,13936.4,819726,93,143,771
5,8741.35,9626.53,-280.91,240,154,557
0,7910.84,10936,-2176,21,132,586
0,25040.4,598196,-11483,110,504,13970
4,12093.5,69427.5,434105,179,262,3211
3,8553.87,16085.2,-1611.58,113,160,976
4,3695.07,516.427,-566.43,5,43,52
2,10721.7,41127.3,-2727.3,133,227,2059
0,6182.01,2746,-2033,22,105,184
3,10595.5,56838.4,-987.623,177,217,2904
2,4112.24,2326.91,-828.37,12,63,184
0,18219,269626,-13288,276,428,9806
3,12247.1,53988.2,-3629.1,45,220,2461
3,8558.68,25370.1,-2815,22,157,1519
3,4925.94,2024.04,-604.04,3,75,165
0,12597.8,74419,-4231,22,235,3296
0,7959.39,24911,-3279,28,146,1308
2,11114.3,73920.4,-4822.03,28,249,3630
2,13749.5,136610,-5407.34,212,279,5626
3,12532.8,38248.7,-1062.98,35,235,1818
3,5187.25,2995.31,-955.587,109,77,205
2,7663.67,9024.2,-11.672,23,130,515
4,5776.66,954.443,-1624,12,57,76
4,8800.59,11469.4,-658.145,40,156,654
0,9022.8,30389,-3532,85,145,1461
4,4269.51,1655.35,-462.81,10,61,134
2,4651.51,2063.7,-67.979,18,75,165
5,13006.1,62002.5,-1355.48,212,214,2600
3,7538.38,14014,-1828.01,30,120,809
3,16667.6,169113,-478.574,62,320,6391
3,13539.6,77766.5,-4185.81,186,262,3211
3,4369.55,6400.46,-598.43,14,68,481
4,3662.57,554.823,-536.24,5,43,52
3,6762.57,3950.45,-1094.9,10,101,249
4,4178.14,1653.53,-848.35,8,61,134
2,13047.5,49759.4,-2321.62,216,262,2394
0,13493.6,54449,-5902,35,248,2398
5,7300.53,19165,-2003.42,30,119,973
3,4957.93,6241.8,-123.5,24,68,481
5,3440.17,539.962,-504.92,14,43,52
3,12465.7,76647.3,-314.18,152,252,3882
0,18064.4,250646,-9483,84,468,8473
2,12758.8,73387.5,-488.197,22,249,3630
0,12768.7,51273,-5671,158,251,2260
5,15657.3,49546.9,96779800,166,273,2061
0,4828.43,2356,-1619,10,65,150
2,15479.2,88925.4,-573.506,94,301,3369
3,14058.2,52659.6,-5209.39,51,288,2334
2,7329.38,9343.67,-2208.39,204,138,554
4,22752.6,284177,-475.802,71,468,9276
3,4074.06,2182.6,1902620,184,54,165
5,15358.8,177090,705.246,211,367,7087
3,12193.3,54999.1,-1027.2,44,220,2461
0,22454.4,228036,-13850,103,499,7348
4,3740.96,557.1,-708.73,5,43,52
0,6977.83,4124,-3333,47,112,292
0,7043.2,11948,-1980,43,119,690
4,8761.85,26761,84650.6,26,156,1521
5,3638.44,489.713,-603.42,1,36,35
5,3742.89,351.292,1361.9,15,54,28
5,10036.9,54932.6,97477.4,57,247,2754
0,13912.2,40484,-3843,69,213,1577
5,8739.84,25469.5,-721.728,43,156,1364
1,10151.2,17219.8,249079000,93,183,931
1,14398.4,101943,-3642.13,37,283,3965
0,20401.1,318812,-11998,92,455,10683
0,8230.9,14869,-3202,20,138,807
0,8184.05,8281,-4037,16,137,399
0,5495.41,4324.16,-1442.3,15,90,317
4,8366.43,4793.26,1393.21,27,131,271
5,7766.27,14418.6,-726.59,31,127,802
0,8880.31,31551,-4505,19,174,1628
2,22797,515822,-2137.08,137,540,18067
4,4338.63,712.344,-33.49,12,58,43
0,8206.92,4903,-607,17,107,271
3,6192.17,3566.03,1377.6,20,101,206
5,3701.02,448.309,-738.47,3,36,35
5,12230.4,70061,1790.3,47,201,3289
3,8268.24,20405.6,174.48,37,143,1203
5,13193,61859.7,-1035.59,310,233,2897
5,4145.89,710.378,-516.29,16,58,43
2,4540.52,2666.9,-1167.2,32,65,202
4,9384.91,20939.9,38678.1,101,163,1162
4,4334.32,2554.76,-778.55,23,63,184
3,4648.75,1003,-1164,21,66,101
5,13947.6,52331,257.416,177,288,2334
3,6601.22,11319.6,-72.4859,21,102,764
0,17863.9,117320,-5667,58,305,4162
0,15288.4,40080,-2420,69,184,1070
3,13814.3,67074.6,-1110.57,105,224,2192
4,6855.39,5529.85,-813.249,19,99,321
0,11464.1,32079,-5161,40,188,1521
2,7726.66,9489.49,-2962.88,203,130,490
0,7314.86,12236,-2798,49,123,691
5,4777.86,1599.24,-1322.9,6,70,131
2,5626.68,7492.4,-1322.78,103,104,457
4,3422.78,686.505,268.72,3,31,53
5,4180.98,2537.09,-707.76,30,63,184
0,16971.6,116527,-12984,248,382,4538
4,15494,156225,3511.6,111,310,6737
1,9154.37,17078,-3216.48,33,183,931
3,20080.4,184117,689.8,229,403,6746
2,13860.9,85963.8,706906,65,291,3799
2,14977,99576.5,-3791.14,44,281,3974
2,5326.67,4283.75,-965.336,17,79,317
3,9290.96,28679.1,164677,96,179,1626
4,7458.17,6592.56,710658,80,95,427
0,7633.5,11188,-2818,21,127,657
3,6873.75,13970.5,1061.27,19,120,809
0,12679.1,111316,-9156,57,290,4715
3,6345.2,3420.44,1526.5,21,101,206
2,3628.72,1953.1,-446.748,6,43,161
3,11487.4,46860.1,101398,136,215,2188
4,20305,205183,130.987,156,390,7459
3,5674.03,7790.85,-844.61,12,99,583
0,8739.95,18494,-4550,91,163,1064
4,4773.99,3094.36,-249.01,38,65,202
4,5499.74,2715.72,-1103.1,2,65,202
0,8936.89,18986,-2480,55,184,1067
3,8469.36,14674,-1077.01,17,140,845
3,3520.79,680.364,-345.82,6,31,53
2,7598.3,12711.9,841.115,10,123,726
4,4938.75,1655.18,-1670.5,5,70,131
3,14332,87182.8,-3931.77,97,301,3369
4,3878.54,2416.91,-1061,17,63,184
4,6687.74,7231.81,-1167.75,72,118,426
0,8966.2,43834,-3145,115,181,2453
5,4399.52,679.097,-253.48,21,58,43
2,3940.5,2133.91,-1569.4,4,63,184
4,4464.89,6494.93,-335.87,14,68,481
0,7366.46,12163,-2908,25,123,767
4,3797.26,2334.33,-971.63,23,63,184
3,15259.9,158635,2093.7,109,310,6737
4,16681.8,157455,26264,93,359,6068
0,3936.55,1332.89,-1374.3,2,57,129
4,11544.1,39560.7,241.747,145,193,2118
4,3447.27,598.713,-519.54,16,51,45
4,12684.5,71866.5,1364.2,56,201,3289
5,4363.71,698.045,-555.61,19,58,43
5,6773.39,7123.42,-2200.64,58,109,486
5,15572.1,216334,-3773.13,266,336,8195
4,10151.7,33923.1,446.222,101,176,1922
3,6986.46,13340.8,-938.093,18,96,804
2,4029.45,399.693,1027,15,54,28
3,14919.9,79829.2,6254.06,200,320,3466
4,16472.1,176532,25858.3,115,367,7087
5,8884.85,20908.9,-1356.54,31,143,1017
5,3983.72,6158.73,-155.65,36,68,481
5,3573.5,571.906,-391.44,14,43,52
4,14108.4,143080,-770.936,317,308,6057
0,20676.4,244148,-6136,48,368,5025
0,11977.7,62135,-4375,229,216,2396
0,11122.9,27392,-4897,47,225,1268
4,4057.49,567.757,-610.33,4,43,52
4,3388.41,672.34,-239.27,6,31,53
5,4483.12,1015.95,-888.4,9,55,88
2,6625.14,12108.5,-859.79,224,105,765
5,8727.69,24510.4,327166,129,154,1252
2,12654.5,84971,-4004.81,58,291,3799
3,12326.8,79097,-3923.61,43,272,3539
4,15459.5,189884,3031.88,41,286,7322
3,9614.96,30171.9,91718.9,36,171,1747
3,16112.8,155291,1333.6,97,310,6737
5,8169.6,10823.8,-2364.16,84,140,590
3,3703.52,495.741,-626.6,0,36,35
5,3875.32,434.529,1459.1,13,54,28
0,18097.2,237433,-9181,192,381,7710
3,4185.22,2445.71,-711.41,10,63,184
5,19304.7,201891,-7203.51,158,390,7459
4,16083.4,77238.5,2782.11,261,336,3302
3,21535.1,231460,48555000,279,537,8350
3,15345.8,88929.1,-6449.23,91,301,3369
0,16948,72085.6,-5262.38,49,273,2464
5,5458.08,2883.1,-391.71,5,65,202
5,9401.62,17805.2,18643.4,192,133,890
2,10741.6,44090.6,-1229.13,24,197,2257
1,5413.43,3768.19,-907.7,9,89,249
0,8541.1,45733,-5586,22,182,2589
2,4129.58,2379.89,-34.254,19,63,184
4,13678.2,98062.5,3801.13,191,281,4061
4,13208.1,95196.2,-1207.42,58,273,4429
3,4348.65,671.848,-902.3,22,58,43
0,4811.09,4721,-1441,9,75,339
3,4944.69,6321.07,-524.08,10,67,481
0,22442.2,579250,-13452,36,496,18065
4,12285.7,71793.9,709.304,179,262,3211
4,13735.5,81101.6,-5586.86,49,272,3539
0,25162.4,423321,-12982,417,572,14146
4,13094.1,52051.3,-2744.55,239,288,2334
1,5986.25,4310.98,-1054.34,20,84,318
3,8467.85,12015.3,-1670.67,64,128,693
0,4006.16,3686,-2364,15,65,295
4,8749.84,12461.2,-2567.2,106,136,619
5,4015.63,624.873,-365.35,24,58,43
0,9713.99,64663,-4476,34,220,3284
5,8498.28,11120.6,-1839.55,35,156,654
0,28824.5,670303,-20576,114,633,18851
3,6967.56,12303.6,-1750.52,216,105,765
0,11706.5,49293.2,-3875.25,51,198,2258
3,6120.02,11692.2,-1705.5,16,105,765
5,8827.17,20503.5,-3399.77,162,163,1162
3,14603.1,78523.5,19882300,92,320,3466
3,15822.1,86989.7,581.779,96,301,3369
4,12374.4,55834.9,2478.74,149,218,2391
5,8883.63,14862.1,95870.1,16,140,845
4,6510.72,6772.57,-404.583,81,118,426
5,9371.05,12478.6,-1039.73,101,136,619
2,12139.8,54585.6,-2595.4,43,220,2461
4,9338.9,39210.7,-1590,120,207,1995
5,3612.27,447.051,-874.8,3,36,35
0,9880.12,18701,-4093,81,137,849
3,4547.06,1072.49,-1233.8,22,66,101
5,4239.85,6115.82,-377.31,17,67,481
5,3920.23,649.735,-573.09,8,58,43
4,3754.72,564.487,-803.89,5,43,52
1,6161.45,8014.61,-2757,4,106,549
4,8996.35,20235.4,-1793.44,175,163,1162
0,4454.01,1399,-1112,8,61,101
4,8910.31,12330.3,-94.7221,207,117,519
4,3470.55,706.175,245.82,6,31,53
0,13005.9,157352,-10049,37,289,6062
0,15812.8,209606,-10543,55,355,7953
5,3653.34,597.02,-0.19482,14,43,52
0,11905.9,67599,-7002,108,248,3293
0,7905.75,19495,-3632,55,151,1162
0,13972.6,96593,-7286,42,277,4245
4,6811.99,7172.46,-1176.19,78,118,426
4,9984.03,32852.1,358.11,31,176,1922
2,8036.25,9613.02,-2937.89,203,130,490
2,3782.31,2110.56,-458.687,3,43,161
3,8731.71,37867.7,-2967.43,43,180,2054
5,3552.11,579.461,239,13,43,52
5,15788.4,214779,-2682.24,284,336,8195
3,3464.23,691.216,84.79,3,31,53
4,10826.7,39391,-205.856,195,193,2118
3,6306.98,1756.11,806.591,64,84,136
4,4892.04,2256.14,-1467.3,11,71,188
4,3770.48,549.56,-574.99,5,43,52
4,19805.6,406716,-1024.42,92,459,14125
5,5931.56,5202.73,-727.847,69,86,367
1,4897.1,1891.14,-930.83,10,75,165
2,3857.49,2192.48,-842.511,183,54,165
4,3920.65,574.851,-665.61,7,43,52
2,3779.73,2290.26,-1273.2,24,63,184
1,7600.08,11066.6,-2315.1,19,121,622
0,14487.7,156160,-10330,69,332,6284
4,10516.3,22435.2,275212,116,182,1212
0,14273.4,82645,-8008,63,324,3549
3,12346.6,37110.8,-2852.38,14,225,1755
5,4388.83,1681.03,-666.465,85,64,133
2,6659.25,13576.3,-697.648,172,96,804
0,6745.38,6440.91,-2246.01,11,104,368
0,14155.9,111254,-10166,40,298,4528
5,11640.8,60595.4,-2625.59,208,214,2600
0,4467.21,1369,-1350,14,68,87
0,23288.4,309188,-9846,244,418,9136
2,12950.5,74374.4,-1207.53,27,249,3630
2,12921.4,40709.7,-2874.44,114,234,1581
2,12583,73818.7,-746.843,25,249,3630
4,13573.6,62570,318.947,315,233,2897
3,16166.3,165624,-304.172,45,320,6391
2,14798.5,102431,287550,47,283,3965
3,6781.78,8827.25,-776.101,129,95,543
5,3529.35,666.599,146.81,6,31,53
0,9987.12,53352,-4544,20,218,2820
3,3217.42,670.227,278.06,5,31,53
5,14811.7,87053.1,3503.2,83,289,3710
5,7506.01,14431.6,213.1,36,127,802
3,4349.04,6508.23,-857.52,34,68,481
5,5503.98,5854.69,-480.63,17,89,425
2,3659.79,391.227,735.71,2,54,28
0,4559.38,921,-560,18,55,65
0,6184.06,21232.2,-2436.29,42,128,1255
0,27834.8,417308,-12912,135,655,13004
4,3607.22,569.772,-456.2,5,43,52
2,4413.89,2512.02,-1288.5,14,65,202
0,8859.14,11374,-3436,13,129,457
3,7217.76,5265.63,-1144.08,194,107,346
0,12240.8,40942,-3497,140,234,1756
1,3913.4,2054.56,-1288.9,3,63,184
4,9394.04,27832.2,350257,44,156,1364
3,5693.56,2610.84,365.31,20,81,169
2,18610.6,147299,-2748.14,323,449,5537
1,4801.6,1974.4,-215.29,11,75,165
1,6341.28,8149.57,-1369.8,15,108,549
3,8486.29,14138,26273.8,98,140,845
3,3451.23,679.748,319.27,8,31,53
5,4074.14,389.167,1405.1,11,54,28
5,15578.9,89373,4654.7,78,289,3710
3,9036.75,13772,-2089.56,119,148,729
3,9241.03,28330.5,-3467.66,121,166,1414
4,3802.08,537.425,-573.4,5,43,52
5,10677.8,37391.8,-2684.27,129,219,1875
3,4769.73,1825.96,63.344,4,61,116
5,4398.25,6780.68,-470.27,28,68,481
0,16474.1,156622,-8628,56,340,6178
0,15853.8,152054,-8280,205,310,5739
5,4325.69,2692.36,-889.51,39,65,202
3,13338.2,75467.9,-5242.06,182,264,3217
4,15563,212086,458969,278,336,8195
2,21775.1,350486,14233.5,253,440,10967
3,11916.1,48451.7,-4378.22,138,215,2188
4,4320.99,2696.07,-840.92,25,65,202
0,5799.64,6021,-1036,16,109,396
5,3515.6,651.702,372.1,5,31,53
4,8839.93,27826.6,225.927,28,156,1364
3,7269.12,11493.8,-1303.13,156,111,651
0,11961.7,91536,-6886,27,275,4151
0,12813,145727,-7123,27,279,5938
2,4910.79,2049.41,-288.31,12,75,165
5,4683.74,1609.83,-1687.2,9,70,131
3,3803.77,2140.32,-429.247,6,43,161
2,4973.59,2764.26,2307250,104,67,224
1,4054.75,773.551,-2045.3,9,54,64
4,9455.54,12129.3,8781570,32,136,619
0,14444.2,306659,-8860,56,362,12482
3,8786.16,24871.4,149070,120,157,1519
2,14208.2,136035,18629.3,207,279,5626
2,4991.15,4250.18,-629.85,15,85,346
2,3711.86,2121.08,-473.855,4,43,161
2,21919.6,411327,692.307,60,473,14125
5,4225.22,6226.44,-318,33,68,481
4,5345.77,1102.8,-1912.1,3,57,76
0,7205.99,8650,-3260,61,128,520
3,7607.03,13845.3,-333.22,17,127,802
0,12576.2,153009,-8140,33,289,6402
5,5028.69,3199.75,-1774.2,16,70,205
5,9406.9,12775.4,-2238.75,34,136,619
3,4347.82,522.124,763.24,22,65,35
4,4409.01,2643.67,-724.15,35,65,202
0,11010.5,38923,-3832,22,190,1870
5,8562.34,22305.6,8457.23,59,177,1313
0,12940.9,42741,-7621,72,220,1642
0,14305.2,138761,-10118,44,340,5429
2,5354.87,2924.9,330527,28,77,244
0,4527.2,2871,-2269,23,77,222
5,19550.8,200761,-598.873,171,390,7459
2,3850.89,2179.85,-872.126,20,54,165
3,6289.43,10368.1,-1810.02,23,109,689
5,8038.37,8656.45,1833.5,39,144,553
5,4311.17,702.018,-301.97,22,58,43
0,16335.5,134747,-9977,81,345,5429
3,6541.29,12309.5,-1490.13,7,105,765
5,6725.68,9601.71,1654.4,24,115,547
3,17627.1,160543,-5014.33,201,359,6068
3,7095.85,5112.63,-1670.61,17,107,346
5,4362.09,512.308,-150.7,26,65,35
5,3368.35,684.328,235.43,6,31,53
1,4423.66,3089.76,-1020,9,62,245
0,4965.27,2565,-336,17,81,185
0,17571.5,262096,-10118,53,381,9528
3,4759.6,571.814,-389.16,20,65,35
0,17755.3,188960,-13032.5,287,498,7108
5,5008.47,2331.15,219.26,12,75,165
2,5480.1,4283.5,-712.37,16,88,292
0,5385.76,2636.52,-3574,12,87,166
3,12166.3,38404.1,29.1647,145,235,1818
1,4863.99,2839.92,-1311.38,120,77,244
0,8931.11,20159,-3134,25,141,1210
5,4556.33,1182.93,121.11,11,59,101
3,6744.67,3657.47,1243.2,19,101,206
0,11423.1,55320,-5042,143,242,2607
0,5862.21,3724,-1443,5,83,247
5,12285.1,49009,-3182.16,131,215,2188
1,12157.6,69196.8,-4210.09,197,247,3373
5,4444.86,1262.84,-95.03,11,59,101
5,5759.07,4861.62,13488,4,79,342
3,8504.11,25151.4,430.242,33,157,1519
5,6804.11,7352.42,834.08,25,109,432
2,6810.57,4994.07,271361,224,107,346
3,4666.89,2756.68,-340.51,23,65,202
1,6362.6,1868.64,-1034.39,37,71,103
5,6379.7,981.416,-1661.9,12,57,76
5,11882.8,54163.8,694.963,117,209,2534
3,8310.94,20932.9,-38.937,36,143,1203
0,12564.1,56876,-3934,63,240,2754
3,17520.9,160560,-1914.45,205,352,6744
0,9630.11,26521,-3890,40,176,1312
2,4574.62,2233.36,-1571.3,12,71,188
4,3613.99,567.196,-681.86,5,43,52
4,6651.68,7445.12,1429.7,34,109,432
3,12636.4,55614.8,-4106.9,66,220,2461
5,11428,30391.9,837.39,58,178,1410
4,3387.8,675.709,149.23,5,31,53
2,4167.67,2285.32,-1345.9,11,63,184
4,13680.6,51431.4,-2823.85,224,262,2394
2,6300.46,8057.25,-3286.3,4,106,549
4,13179.3,95175.7,276857,160,273,4429
0,8649.58,13201,-1866,26,144,653
4,8089.92,8588.81,2072.3,33,144,553
3,7605.03,14102.3,-369.82,8,127,802
0,14434.9,107538,-6925,51,303,4528
0,12597.4,60372.3,-5532.52,27,247,2754
5,13835,93589.8,344.038,111,294,4249
4,4157.19,2559.19,-790.75,20,65,202
5,4436.52,2684.3,-672.41,24,65,202
2,8823.89,17231.8,-2587.33,14,142,844
4,8597.65,4738.19,7623.2,27,131,271
2,5920.49,7593.53,5596.38,16,104,457
2,7134.27,4174.19,-532.789,9,101,249
4,5927.44,1949.8,-1183.13,15,84,136
0,6918.08,26125.5,-2183.1,29,154,1513
3,4415.88,2274.84,-625.88,14,63,184
3,4349.52,656.16,71.32,17,58,43
3,8415.66,25515.6,-3087.81,30,157,1519
3,4580.74,986.377,-1016.4,19,66,101
1,10730.5,41838.8,-3282.49,142,227,2059
0,15483.4,135418,-7587,44,316,5635
5,5387.6,4495.77,-1015.2,13,85,346
0,10957.2,78135,-5349,59,242,3705
4,8393.02,27943.3,-3121.5,36,156,1364
1,8234.58,9393.25,-2828.83,16,135,587
5,17513.4,215469,-2753.4,67,336,8195
5,4593.46,2199.87,623.39,14,75,165
4,6222.12,2160.11,-646.396,14,82,185
2,12622.1,85246.3,-3873.18,52,291,3799
3,13303.6,53556.4,175202000,139,218,2391
4,6545.45,7486.72,-2185.59,73,109,486
5,6892.85,9276.81,7037.63,197,98,520
4,6443.28,1793.54,-1052.76,32,70,103
4,5160.11,1027.61,-1574,3,57,76
4,3323.61,678.661,136.77,6,31,53
5,12873.2,60367.3,-4541.08,165,223,2822
3,12880.9,73224.7,-2430,35,262,3211
4,3738.31,555.143,-527.5,6,43,52
0,7419.06,7846,-1990,15,115,457
1,4104.23,2244.96,-1087.72,51,54,165
1,5696.1,3092.88,-1186.8,10,94,224
2,5270.31,3368.16,-1893.4,21,70,205
4,13254.5,51740.5,2063330,162,288,2334
3,4023.2,2374.09,-751.45,11,63,184
0,5813.51,3441,-1621,7,95,269
2,5637.71,7639.01,-1956.69,62,104,457
5,12116.6,45605.9,1264.51,152,273,2061
0,7836.78,5545,-2661,41,126,371
4,13802.2,143402,1260.19,262,308,6057
2,5395.15,4242.41,-826.55,17,79,317
2,9835.59,34934.2,103403,48,148,1919
0,12799,69920,-6881,63,265,3053
3,7365.4,15438.8,-870.222,104,134,970
3,6376.51,5260.59,-805.979,15,96,347
1,6127.01,15099,-2424,16,125,1014
4,13479.3,41464.7,-1971.46,247,278,1938
4,18935,158612,4805490000,96,359,6068
2,5526.08,3685.43,-1220.37,10,85,269
0,5462.23,9473.74,-64.094,11,100,581
4,5734.26,1139.79,-1485.6,3,57,76
2,9032.69,26819,445861,27,156,1364
3,9774.62,25463,-3248.23,115,166,1111
0,13501.5,128536,-7136,53,308,5421
1,8414.18,15518.1,-2701.4,30,141,932
3,4510.56,1702.28,-576.01,6,61,134
4,15429,157313,2497.2,111,310,6737
1,12453.7,49449.6,313509,173,262,2394
4,5864.21,3987.02,259.35,16,100,294
1,6415.14,8107.78,-1831.4,12,108,549
0,6823.61,4583,-1033,10,99,270
4,3912.8,2330,-1308.5,12,63,184
3,4443.4,552.658,34.789,17,65,35
0,20831.8,210073,-7060,80,327,5215
3,3781.13,470.578,-775.22,2,36,35
4,13913.5,94575.1,147096,51,273,4429
3,9328.02,28716.8,-1398.56,134,179,1626
5,9130.42,15677.2,-713.937,32,140,845
0,8007.4,6141,-2091,14,105,297
4,3524.5,752.623,-174.03,5,31,53
1,5930.31,6922.23,-3385.9,22,92,485
1,5943.8,6882.91,-3417.5,24,92,485
5,3431.8,636.65,121.73,5,31,53
2,11775.6,73554.7,28423,32,249,3630
0,10614.5,31524,-5087,44,204,1421
2,15502.7,100028,541134,44,281,3974
5,5864.13,4150.93,910.06,26,100,294
5,5695.14,1033.99,-1460.9,6,57,76
3,5081.3,2754.84,-330.75,9,72,205
2,7496.88,12675.4,-919.937,10,123,726
1,5774.2,5207.36,-1607.4,17,99,372
2,5647.89,2438.83,360.06,4,81,169
5,10459.4,23348.5,116123,40,176,1313
4,8143.52,15427,-408.66,28,127,802
4,10018,32508.2,7027.62,113,176,1922
1,4552.27,2569.61,-1561.5,7,65,202
1,3794.21,1218.55,-777.49,9,55,88
0,15257.5,218754,-11806,91,434,8475
4,5346.54,4136.87,-1601.17,40,79,292
4,10848,38699,-783.193,214,193,2118
4,4645.28,2533.07,-635.13,36,63,184
4,8725.32,8932.84,1009.9,35,144,553
3,4575.4,2772.84,-1387,18,65,202
0,21842.4,351554,-9613,96,513,12668
5,5231.5,2767,-706.6,5,65,202
4,3633.87,518.498,-807.64,5,43,52
0,10623.3,33413,-4174,132,161,1523
5,3707.26,529.065,-0.90928,15,43,52
3,13911.6,90425.9,-1696.1,210,254,3885
4,13521.1,80517.3,-5854.91,56,272,3539
0,11185.2,36759,-3171,24,211,1814
1,5649.36,4858.11,-436.019,12,85,343
5,3881.05,651.788,-774.26,18,58,43
1,5438.68,5596.42,-1503.1,6,89,425
5,4897.15,2093.9,-380.61,7,75,165
3,9338.48,39554.7,-3436.2,69,196,1885
3,3383.18,595.022,172.42,16,51,45
5,8419.55,12591.9,38178.4,27,130,694
5,10242,17873,-2134.35,37,172,973
2,8670.45,10519.2,-1549.52,233,139,587
4,4030.75,2210.72,-675.07,7,63,184
4,10938.1,38698.2,-1233.6,28,193,2118
5,11964.3,48695.9,-3512.28,137,215,2188
2,7115.19,4470.7,-933.629,42,78,268
5,7044.8,10584.5,1556.11,230,101,584
2,11025.7,35547.4,-5120.93,135,234,1581
4,9424.29,17399.7,-2397.69,39,172,973
2,15395.7,165624,2138670,42,320,6391
3,7476.19,8881.23,1021,26,130,515
0,3699.18,1830.27,-1188.1,199,63,166
3,9045.09,30432.4,-1378.64,235,171,1747
5,11011.5,34722.5,63125400,82,176,1922
3,11786.7,45083.2,-4128.11,156,223,2059
0,3708.46,1526.21,-1084.5,6,56,114
2,11383.1,55574.7,2000.32,177,209,2967
5,4679.91,6137.05,-435.98,20,67,481
0,4620.96,1154.2,-1125.41,46,62,88
2,12287.2,73900.2,-2260.34,32,247,3630
2,5494.56,2508.55,261.33,3,81,169
0,23674.6,302085,-9773,158,498,8488
4,3728.29,482.14,-543.16,2,36,35
4,12773.1,54306.3,-717.811,150,218,2391
4,3731.08,546.672,-574.08,5,43,52
3,11328,32363,1202.79,146,204,1692
3,5149.84,3474.18,-614.362,137,51,132
2,4251.23,748.172,-2008.9,12,54,64
2,22594,353202,-2782.54,278,440,10967
2,3491.66,707.503,249.87,4,31,53
5,8299.15,9382.04,-1260.44,203,107,517
0,10645.1,37616,-5401,26,190,1523
0,20704.6,242652,-10345,78,437,8345
3,12292.2,78661.5,782.235,166,252,3882
2,4511.04,6263.18,-428.37,16,68,481
3,8965.3,22347.6,-245.94,39,143,1203
4,3516.71,693.604,-312.39,4,31,53
4,7775.25,15756.6,-2003.65,90,134,970
2,4066.19,1446.2,-840.977,128,52,133
4,8963.98,11172.4,586.189,34,156,654
0,14048.3,196975,-10482,42,378,7462
2,5027.86,2127.58,-110.22,16,75,165
2,8137.2,13040.9,-1741.3,77,132,806
4,4588.94,2593.67,-1177.8,14,65,202
2,14862.4,58956,18909.1,155,305,2610
2,5529.73,4472.03,-1031.22,17,88,292
4,3616.87,577.959,-330.21,13,43,52
5,4316.49,6401.05,71.792,18,68,481
5,3703.2,716.877,480.25,28,58,43
3,11066.7,31369.6,-691.474,143,203,1580
3,8389.32,25348.7,-148.563,34,157,1519
4,18406.7,401106,48946,79,473,14125
4,3445.38,623.796,76.561,17,51,45
3,8583.98,14333.6,19071.1,28,140,845
2,21321.9,171198,751906,322,449,5537
4,5192.44,6542.65,-29.059,17,68,481
5,5685.78,7235.22,-708.942,96,104,457
2,11885.9,37736,44640.7,166,235,1818
5,3939.56,537.282,-469.2,3,43,52
1,4322.11,2109.99,-1109,10,71,188
4,12736.5,58966.4,420873,183,223,2822
5,5574.92,5120.02,236600,10,79,342
0,19524,439868,-10569,36,462,12061
2,6819.5,7956.8,-2779.4,12,117,427
3,5502.45,2556.61,968.74,7,81,169
4,5264.88,4357.9,-610.28,18,85,346
1,3867.35,1203.57,-971.78,9,55,88
0,10475,51353,-4993,51,220,2676
4,9201.51,11337.9,-199.355,127,156,654
5,8265.97,7893.67,235258,61,109,486
0,8528.01,29555,-3098,41,171,1465
4,14888.9,95031.2,79754.6,195,283,4064
0,19884.9,292828,-7467,184,463,11269
0,11060.9,44372,-3962,68,208,2055
2,22768.3,520431,-986.933,363,540,18067
0,7858.72,13232,-3521,18,127,771
3,5165.53,4399.88,-1171.51,21,88,292
5,3796.12,516.806,-431.04,10,43,52
3,9718.09,27657.9,-1198.99,177,158,1403
4,6937.67,2673.07,322980,13,99,167
3,5155.93,576.352,-210.39,22,65,35
3,9724.98,38298.3,-3803.97,45,180,2054
1,10310.5,68870.9,12307.6,96,247,3373
5,12995.8,65988.1,591.314,184,243,2902
4,13635.5,46634.6,-5685.03,161,273,2061
5,3437.03,684.055,188.01,4,31,53
0,7473.08,12570,-2212,53,124,763
0,18056.9,213681,-11531,294,436,8215
3,8073.31,4505.45,-1568.06,90,131,271
5,5131.9,6316.16,204.26,16,68,481
4,9417.97,28515.4,-1271.95,21,156,1364
1,5581.08,3130.45,-1298,10,94,224
5,13727,78200.2,-3801.41,227,336,3302
5,13558.4,53782.9,46571600,84,209,2534
0,18828.1,361954,-7976,59,436,12495
0,10784.9,15275,-3002,34,188,732
2,12971.6,76085.4,307.038,178,262,3211
3,11666.7,47445.4,-2694.77,127,215,2188
4,5760.86,2631.78,-46.539,12,81,169
0,7296.03,11115,-1501,28,104,454
0,13495.6,116247,-6978,48,330,4627
5,4482.98,1074.66,-612.22,14,62,100
5,10321.1,34999.8,561.441,53,176,1922
5,10658.6,48005.4,-2174.55,87,190,2118
3,9760.92,16687,23990.8,168,172,973
2,6495.62,5272.46,167182,51,79,292
1,5781.74,4323.06,-893.299,20,84,318
3,13252.2,75361.1,-5256.75,180,264,3217
4,15026.4,156450,2678.3,98,310,6737
4,3687.08,549.267,-454.4,5,43,52
1,7070.78,12539.4,-1303.69,141,123,726
5,6209.72,2760.08,-4.075,7,81,169
5,3611.28,494.288,-916.33,3,36,35
3,11715.2,56548.1,3886.89,22,209,2967
1,3820.67,655.179,-693.88,28,50,42
4,6541.46,7636.17,-2172.84,70,109,486
4,9585.28,11596.9,-2660.1,133,156,654
3,21454.2,408021,-1126.29,69,473,14125
2,20888.6,348499,-4462.56,269,440,10967
0,5408.41,1708,-3040,21,96,134
4,7867.5,13457.6,348.02,116,170,771
4,8764.5,20324,-1163.06,174,163,1162
3,4900.11,2283.42,-1652,18,71,188
5,5004.35,3061.5,-227.8,36,65,202
5,8045.32,16630.4,-665.755,175,133,890
2,4053.7,799.477,-1582.2,13,54,64
0,6470.74,8372,-2215,9,105,580
4,7297.16,17837.2,-1404,8,128,1065
0,6753.02,30308,-2833,13,138,1800
2,4344.84,2242.52,120885,185,54,165
3,8309.75,8724.97,1540.3,37,144,553
4,10370.3,48327.5,162354,69,190,2118
0,24453.8,427981,-13690,142,618,13977
0,6997.33,7271,-2002,17,122,429
2,6365.55,4918.78,-2113.2,15,87,322
4,6646.3,5904.75,-1353.4,16,99,372
2,7503.83,14034.3,-1530.37,99,120,809
4,5532.57,1057.3,-1634.6,7,57,76
2,6003.95,5180.81,-1225.4,11,105,371
3,12340.5,54893.6,-510.76,46,220,2461
0,7884.85,15607,-3144,73,162,815
1,7899.32,12895.7,-1878.04,15,132,806
2,6013.59,5405.95,-1142.3,10,105,371
1,4991.06,3018.2,-2086.7,4,65,202
5,4628.05,6624.77,-520.07,16,68,481
0,9331.68,23777,-2810,31,146,1258
1,5062.14,1839.29,-1103.7,3,70,131
3,11669.4,33351.9,1573.4,47,210,1213
5,4602.1,2283.82,-749.41,5,61,184
2,6771.09,8981.52,-1069.18,130,95,543
3,8554.91,14317.3,-1426.11,101,140,845
5,8030.71,16518,-889.272,30,134,970
5,5923.34,3880.2,-683.032,77,88,270
3,5618.44,7581.72,-555.15,11,99,583
5,5174.16,4843.11,18235000000,9,79,342
3,9887.45,24191.8,367534,42,177,1313
4,22753.7,410864,2100140000000,61,473,14125
5,3613.26,515.917,-675.97,2,36,35
1,6755.08,7767.81,-3126.5,12,117,427
5,21546.5,276045,541.563,285,420,9137
1,6805.84,7742.55,-3469,11,117,427
1,4703.29,2830.09,-1164.21,20,77,244
3,9455.53,38045.2,-3411.01,41,180,2054
4,4639.57,2576.44,-432.26,29,63,184
1,3969.49,2045.79,-1316.5,3,63,184
3,8769.59,13472.1,103411,111,148,729
3,11898.2,46156.3,-4352.21,130,215,2188
0,7914.69,13172.7,-2789.97,94,133,726
3,7065.38,10417.1,-1126.87,23,109,689
4,13638.6,141696,1029.32,305,308,6057
1,4053.45,2212.7,-1598,7,63,184
4,4953,2631.11,-1086.6,14,72,0
3,4194.83,6294.09,-197.7,16,68,481
1,5993.89,1711.53,428091,36,71,103
2,11857.8,73966.7,25432.9,23,249,3630
5,5727.79,1202.61,-1513.6,4,57,76
3,19595.3,411179,-6934.27,57,463,14125
2,7335.61,12507.3,3806.01,141,123,726
5,14257.1,34777.7,1041,62,210,1213
0,9219.14,17402.9,-4124.98,161,172,973
0,7953.51,16424,-4273,59,126,726
0,5636.08,2648,-1341,6,80,226
3,12405.1,54289,-3880.4,50,220,2461
3,6049.31,12893.4,-1053.7,11,103,883
1,6068.83,1602.01,-1304.56,36,71,103
2,7690.8,13574.7,-1013.4,117,170,771
3,3723.22,544.828,-460.71,7,43,52
3,12620.2,41292.6,-1029.04,240,278,1938
0,10194.5,65274,-5029,149,222,2975
4,4301.73,433.419,1542.1,11,54,28
2,4172.98,731.73,-1912.5,14,54,64
3,7189.01,9219.08,-1397.08,12,95,543
3,15650.1,212661,1981.5,69,336,8195
1,5262.28,3685.29,-1567.7,7,89,249
1,6835.41,7862.78,-3592.4,11,117,427
3,8979.86,14090.5,-858.794,116,148,729
5,4065.11,1231.95,-823.25,9,59,101
4,18512.2,159417,6057.07,190,359,6068
4,11964.4,39110.8,157.83,150,235,1818
2,8394.05,25649.7,-1028.35,27,156,1364
0,7621.89,23241,-4366,14,179,1413
0,12212.3,39348,-4955,19,238,1875
4,7302.51,13691.4,5327.2,40,96,804
4,8132.77,8598.61,2126.2,34,144,553
1,8952.44,17072,-4043.27,32,183,931
5,6777.97,6699.57,-1131.54,90,95,427
4,18333.7,202634,-7220.21,162,390,7459
2,4014.57,800.465,-1852.7,13,54,64
4,3314.98,681.237,319.39,6,31,53
1,6288.43,8307.89,-2148.3,12,100,551
0,13871.1,131378,-4492,82,306,5630
4,5615,2546.92,106.84,7,81,169
0,8627.92,9540,-2159,44,134,487
5,20423.2,276079,5127.24,296,420,9137
1,5881.74,1734.91,-1239.72,40,71,103
2,10295.8,35131,-1955.4,34,208,1691
0,4915.05,672.431,-684.759,43,63,41
4,12736.1,57397.7,-2798.5,45,220,2461
3,9705.15,30720.1,-1582.39,232,171,1747
5,14120.2,67870.5,-1344.2,162,223,2822
0,14373.8,130397,-8112,54,324,5635
0,17305.8,171334,-2947,84,368,6522
4,3757.75,543.558,-481.44,5,43,52
0,14012.7,91518,-6982,32,316,3980
5,11338.3,51429.5,133556,54,209,2534
3,13755.9,63453.2,2661.4,47,279,2979
2,4756.2,2021.52,-381.7,14,75,165
2,6190.82,5131.02,-643.249,5,99,321
1,22792.7,516473,-1972.73,344,540,18067
2,6085.68,4189.21,-1462.98,81,88,318
3,7755.86,9283.43,286.5,14,130,515
0,11396.1,70134,-4904,20,254,3618
0,9564.37,15503,-4393,33,190,774
4,3736.44,541.769,-526.87,4,43,52
3,13243.6,90867.7,931.769,223,254,3885
4,4773.54,3238.45,-497.483,156,71,249
1,22368.6,516395,-3999.3,330,540,18067
0,16507.8,221001,-8896.14,297,403,7711
2,8195.25,33039.1,-619.583,21,148,1919
0,9681.38,17489,-3214,93,159,936
5,15369.5,177959,2702.66,269,367,7087
4,11875.2,28025.6,366.09,32,178,1410
5,8911.93,16361.3,-1126.81,113,160,976
2,6921.66,5388.46,484.968,51,79,292
4,4683.73,2052.21,220.16,18,75,165
5,13794.7,70134.1,4997.67,174,325,3143
4,4146.54,6047.11,81.164,34,68,481
0,17479.7,130316,-6787,33,296,4067
4,17766.5,160158,56554.2,91,359,6068
5,7182.8,16412.3,632.523,91,134,970
5,4918.71,1200.28,-982.62,22,66,101
5,13343.2,70863.6,-98.1835,113,272,3295
0,14570.3,96839,-5546,32,280,4148
0,9423.58,38723,-4931,148,182,2054
0,11949.5,64623,-4787,10,191,1931
5,4555.43,6296.17,324.91,21,67,481
0,17655.8,190578,-6091,63,317,7454
4,21837,412517,-2465.29,64,473,14125
3,10252.3,44639.3,368786,110,197,2257
2,4029.89,2268.91,-814.674,51,54,165
3,13577,87423.5,-119.795,46,291,3799
2,4191.75,5965.7,22.836,21,68,481
0,5574.82,2549,-1369,21,91,169
0,8940.96,31361,-4011,92,178,1806
0,23006.3,318240,-10326,108,493,9419
4,21257.5,276816,177654000,268,420,9137
0,11320.6,45098,-3133,21,203,2059
0,8330.57,10356,-3088,24,124,585
5,3699.16,485.864,-595.65,3,36,35
0,11426.4,36350.6,-5226.07,199,225,1755
4,8794.33,21761,574.4,101,139,1108
4,3431.77,694.365,93.8,6,31,53
5,10956.2,23453.8,31874.3,38,176,1313
2,16459.4,160485,-3547.93,223,352,6744
1,5844.54,4325.94,-1403.6,17,90,317
0,9715.44,38207,-3087,151,191,1989
5,4668.82,2152.44,631.94,30,75,165
5,11019,28457,-4289.02,74,214,1469
5,9759.68,33060.1,-3556.23,127,166,1414
0,5165.53,6943,-1092,9,86,456
4,13765.7,95919.5,-853.686,195,273,4429
1,4913.22,1900.14,-746,10,75,165
1,7817.05,12856,-1974.53,77,132,806
0,17432.4,245147,-10885,89,373,8989
3,11956.1,54020.6,-2924.7,45,220,2461
2,15278.6,251686,13581.9,101,346,7851
0,19646,267704,-5990,77,357,8465
4,3506.97,717.322,218.05,4,31,53
1,5877.98,1726.78,-1403.32,39,71,103
3,12774,72561.2,-1135.04,193,262,3211
0,10251.4,31297,-4024,49,242,1469
1,5843.5,4290.23,-1613.7,17,90,317
4,24602.5,243380,20548.5,267,537,8350
3,4420.61,2696.37,-345.48,24,65,202
2,8776.79,16302.3,17644.4,47,160,976
1,4490.77,1963.97,-303.23,17,75,165
2,20627.4,143198,38170300,286,449,5537
3,8334.59,15961.5,-995.371,115,160,976
2,21994.7,350388,-974.155,256,440,10967
5,6673.92,5673.55,875421,81,95,372
1,5659.02,4574.17,-1157.8,17,98,294
0,21967.7,493087,-9273,174,511,12198
1,3878.16,1197.57,-865.8,10,55,88
3,8677.76,26351,10285.5,36,156,1364
0,6049.43,5195,-1383,77,104,398
5,15526.1,192361,-3101.44,47,286,7322
5,6863.76,3738.93,-655.591,38,86,205
0,7128.39,10705,-2053,29,113,653
0,13335.5,68152.4,-6058.35,24,254,2904
1,4281.01,2124.4,-1416.5,10,71,188
5,13720,48575.9,-2034.71,117,234,1581
4,3781.27,479.913,-762.04,1,36,35
2,7516.5,12494.2,106509,142,123,726
2,4707.6,3845.66,-1652.37,26,79,317
1,4420.43,1784.36,-420.52,9,66,164
3,6935.02,11368.9,56292,156,111,651
2,3798.23,2193.97,-922.013,181,54,165
4,7580.77,11363.7,2556.82,61,114,689
0,16988.3,152704,-8011,42,358,6070
2,6004.11,5104.18,-1436.16,45,79,292
4,4877.49,2245.82,-1342.7,14,71,188
4,8327.71,10040.4,6006.12,26,123,621
2,10730.9,44186.6,-2019.49,24,197,2257
1,6910.79,17194.5,-2429.4,7,128,1065
4,11836.5,58300.2,-4046.04,168,223,2822
2,8270.92,20837,-0.13997,38,143,1203
1,4674.66,2036.92,-73.494,19,75,165
0,10121.6,16627,-4990,196,137,889
5,4090.85,2697.36,-332.8,30,65,202
4,4027.89,415.439,1266.2,11,54,28
5,6351.34,7188.67,-369.843,22,107,431
5,17379,217041,-2200.14,91,336,8195
1,3973.11,1571.76,-938,9,61,134
5,4717.4,1620.83,-1414.4,6,70,131
3,5066.66,3140.48,528313,164,71,249
0,11157.9,39520,-6475,56,214,1931
2,10527.3,34852.2,-737.32,29,208,1691
3,8579.9,12027.3,-1680.86,65,128,693
3,7519.26,14052.8,-44.224,13,127,802
5,4024.63,738.689,-365.84,16,58,43
5,13972.5,86923.4,-1873.79,204,254,3973
0,12559.6,46740,-6053,142,243,2195
2,4002.74,429.441,854.48,11,54,28
4,3354.45,614.937,310.14,13,51,45
5,3580.73,340.039,867.31,11,54,28
2,18694.8,152059,-3972.98,330,449,5537
3,11690,32139.6,846742,62,203,1580
3,4641.63,1066.99,-575.34,28,62,102
0,5061.55,3885,-1611,42,84,292
2,3890.49,1986.45,-344.749,5,43,161
0,13920.2,123316,-6761,28,324,5637
3,12457.3,37218.4,139516,145,225,1755
1,10504.7,41275.5,-5587.89,143,227,2059
3,8086.12,9363.47,-962.614,87,138,554
1,5250.45,3340.47,-2152.2,21,70,205
2,5123.19,2082.16,-453.92,11,75,165
0,7838.89,13443.9,-3101.8,5,125,694
0,16989.4,159601,-7173,61,353,6068
3,9980.66,10564.7,-2531.39,101,154,587
2,6579.51,10217.4,-1151.71,22,108,689
5,8378.31,4688.34,-1417.51,104,131,271
0,9121.3,9964,-4400,37,157,552
5,8109.69,14616.4,18.988,33,127,802
0,12136.3,83338,-6055,31,260,3628
0,5387.13,7030.36,-1961.26,104,104,457
5,3637.67,476.52,-762.45,3,36,35
3,3432.51,669.047,-313.66,6,31,53
2,3768.95,379.543,774.07,11,54,28
4,10213.6,43015.7,-1271.09,126,197,2257
5,3922.74,684.865,-331.94,17,58,43
4,9907.11,39135.9,-2143.63,45,180,2054
2,15489.1,165689,918040,48,320,6391
0,6171.32,6900,-1596,6,99,454
3,12765.9,45691.9,91330.3,168,273,2061
1,8204.3,13712.8,-2578.02,116,170,771
3,3177.98,673.186,38.772,5,31,53
0,17460.4,230359,-11112,69,449,8352
4,10647.7,45799.4,-1349.56,114,197,2257
4,6789.06,7088.47,-1053.8,21,118,426
3,14546.2,89707.4,-1547.81,206,254,3973
3,7657.15,13936.6,-420.81,14,127,802
5,9784.66,10565.4,737.257,32,154,557
5,13631.6,57465,-1720.93,118,224,2192
3,7131.03,11240.7,-698.914,22,111,651
5,12184.8,32877.1,1601.8,43,210,1213
4,4262.49,804.503,-1577.8,13,54,64
2,13973,91140.7,-2478.9,222,254,3973
5,4238.21,2100.44,28439700,16,54,165
3,6073.27,5328.38,2920460000000,12,99,321
4,5573.14,1008.3,-1925.4,6,57,76
2,4131.89,2071.81,-1991.9,5,63,184
3,14126.3,52165.7,1400930,180,288,2334
0,14006.1,210295,-6630,261,361,8333
2,4559.48,2210.1,-1674.9,12,71,188
3,13869.1,66809.9,8416.82,107,224,2192
4,3657.7,558.644,-729.36,5,43,52
0,10787,29153,-3684,22,187,1361
5,13660.3,68701.3,3411.34,161,325,3143
5,5214.41,4676.85,-1570.74,13,85,343
2,5203.73,3038.34,-717.25,156,71,249
4,6781.47,3850.84,952.54,26,101,206
0,10958,58475,-6470,90,193,2523
4,3998.92,389.839,1783.7,11,54,28
2,6250.71,8053.57,-3786,9,106,549
4,8853.61,9065.21,1406.2,35,144,553
3,13574.1,77027.1,-1441.34,180,264,3217
4,3722.97,582.089,-953.97,5,43,52
3,13881.2,52183.8,-1978.59,64,288,2334
0,21447.7,336761,-12362,82,455,9276
5,3338.33,677.182,-425.16,7,31,53
5,3984.9,585.857,-584.37,3,43,52
3,12312.3,70195,-277.516,181,262,3211
5,3599.89,570.343,-427.24,13,43,52
3,13118.2,70528,-1920.18,187,262,3211
5,3633.01,596.563,-12.858,13,43,52
3,5476.21,2774.29,616.908,92,67,224
4,3720.03,554.673,-474.43,5,43,52
0,12735.6,55856,-6753,53,255,2325
0,16028.8,329302,-8654,286,376,11715
3,12114.1,36675.4,-1850.34,203,225,1755
0,7130.15,13129,-3967,34,134,805
0,14434.2,127300,-4558,78,365,5220
4,6629,7291.14,1452.5,31,109,432
2,4620.24,533.378,10.288,18,65,35
4,10757.2,42983.5,246945,69,196,1885
5,6655.51,4532.19,-2005.8,24,110,294
3,8105.41,14261.9,-1972.81,17,140,845
0,8738.73,9762,-2121,29,127,618
5,5182.09,1192.49,-25.478,7,62,100
0,14948.3,55315,-5058,33,236,2063
5,3684.7,560.639,-505.07,16,43,52
0,27671,443927,-16710,128,693,13324
4,9497.39,27019.2,-1482.42,174,158,1403
3,9346.95,32270.5,297310,97,176,1922
3,8658.02,16032.4,4813.84,106,160,976
1,5044.88,3134.44,-2719.4,4,65,202
2,4990.05,3056.7,-1788.8,8,65,202
4,6305.54,2596.82,305.38,11,81,169
4,3835.62,716.527,-535.98,11,58,43
3,7338.38,13965.4,183793,26,120,809
4,5803.44,972.265,-1013.9,30,65,76
5,3995.48,2254.69,-576.89,23,63,184
5,3689.09,534.575,-723.43,6,43,52
0,9245.48,25719,-3661,19,166,1408
3,4439.02,1012.95,-1421.3,21,66,101
3,13690.7,59823.5,-1094.6,21,247,2754
5,4575.48,1636.5,-1445,8,70,131
3,4763.76,2053.82,241.23,37,75,165
4,9501.7,28875.8,112027,128,179,1626
5,3658.22,700.952,216.84,5,31,53
5,13504.6,64443.4,3427.4,67,279,2979
1,3978.61,1193.2,-180.75,2,59,101
4,6199.45,13208.9,-495.64,12,103,883
4,8655.41,8793.44,2569.5,48,144,553
0,9199.87,13300,-4058,22,160,805
1,4246.9,2122.42,-1223.7,10,71,188
2,6003.05,7519.91,-912.731,99,104,457
2,23214.9,515466,412942,303,540,18067
5,15264.6,158441,2681.6,122,310,6737
0,10042.5,8922,-3609,32,125,347
3,11004.5,32653.5,-475.229,131,204,1692
3,4377.56,2769.25,-841.03,30,65,202
0,6824.43,8410,-2171,29,106,519
4,3670.26,544.575,-675.44,5,43,52
0,18253.1,468081,-11762,75,460,16386
3,8665.97,12037.1,-2164.96,64,128,693
0,12770.9,74941,-6169,26,230,3288
4,9326.1,21410.7,-1511.41,103,145,1156
0,15695,60371,-5513,53,307,2468
3,5731.98,4965.55,-538.812,68,86,367
2,3750.5,398.002,668.17,15,54,28
0,13347.9,32928,-4251,25,221,1265
1,6729.76,17185.7,-2724.3,8,128,1065
0,18675.9,266829,-9105,93,430,9683
4,5819.35,7217.49,-1335.51,80,93,545
5,8292.1,10209.5,-939.09,32,123,621
0,10418.3,50387,-3642,27,194,1867
5,4130.58,497.97,44.715,26,65,35
3,4448.52,1001.5,-980.28,21,66,101
5,10169.2,17622.3,-2757.39,151,172,973
5,4596.62,7085.02,-392.65,29,68,481
5,4606.81,6061.25,296.5,19,67,481
4,11497,59081.7,-4298.72,179,223,2822
4,5146.52,2130.57,-13.91,6,66,164
4,4699.83,2604.87,-670.46,23,72,205
5,4144.09,2487.24,-682.23,29,65,202
5,20668.4,276705,20719700,314,420,9137
4,4369.6,1233.8,-556.9,14,59,101
4,4300.8,2757.44,-198.51,20,65,202
2,4945.69,4304.51,-1512.29,21,79,317
2,14185.6,59440.8,1560.14,148,305,2610
4,5355.77,3471.63,-659.202,136,51,132
5,20307.1,205819,2565.6,157,390,7459
4,6503.94,4848.62,814695000,58,86,367
0,11951.2,37227,-5996,16,248,1934
1,3740.19,401.628,785.85,3,54,28
5,11072.7,52484.8,3312450,51,215,2394
1,5642.24,2583.15,-3217.8,13,87,166
5,8552.57,21948.1,7738570,114,139,1108
3,4726.61,1949.51,-541.06,2,66,164
3,13075.9,72489.8,165324,34,262,3211
4,9039.18,10939.1,-1317.19,41,156,654
2,5923.94,5013.78,-1478.38,44,79,292
2,4336.43,541.076,25.414,18,65,35
0,17511.5,156749,-8049,38,364,5018
1,6216.54,4311.31,-1276.4,14,106,318
4,15143,77037.5,29013.7,267,336,3302
0,32060.7,1162880,-25291,198,944,31312
4,6303.03,5276.32,3073.39,106,96,347
5,4214.38,6212.45,-180.03,39,68,481
5,4857.91,662.417,-239.97,13,57,44
0,5639.86,1869,-2169,7,68,89
1,8967.3,16887.3,-2852.6,35,183,931
4,6979.22,7341.99,535.6,35,109,432
1,5104.33,3029.76,-1977.8,4,65,202
2,4015.93,2215.9,-1021.1,177,54,165
5,6252.12,13717.5,-1031.1,14,103,883
4,26686.9,284011,-11678.5,291,540,8870
5,3754.09,470.346,-617.69,1,36,35
5,4144.05,508.483,550.54,26,65,35
2,5975.03,5277.6,-1207.2,9,105,371
5,4107.68,2240.55,-1247.4,14,63,184
5,7362.82,6653.64,-1122.67,6,95,372
2,12320.8,74417.9,-2453.32,33,248,3630
5,5891.25,1090.43,-1459.6,7,57,76
0,23662.3,387048,-136530,106,467,9412
5,4174.53,6249.12,-337.06,36,68,481
2,6828.82,13339.3,-612.885,15,96,804
5,9177.56,12438.5,12953.7,119,136,619
4,11068.6,44326.3,-1716.99,69,196,1885
2,9439.97,20270.1,-3249.55,106,163,1162
3,12289.6,54278.9,-1199.5,46,220,2461
2,6222.32,8087.96,-3590.2,9,106,549
5,7953.47,9162.95,765711,199,107,517
5,4470.32,1990.89,820.24,20,75,165
2,8152,9595.48,-1522.18,202,130,490
1,11623.1,41751,46322.6,217,227,2059
3,11863.6,52657.6,-718.496,146,218,2391
3,4288.71,1087.77,-1014.1,4,55,88
3,4331.01,1013.17,-493.46,27,62,102
5,3893.07,2671.52,-708.43,22,65,202
5,5319.5,4465.5,133710000,9,79,342
3,13784.5,145538,-6033.11,311,308,6057
5,11456.3,38863.2,-1261.08,32,219,1875
1,5737.2,5182.87,-1439.3,21,99,372
3,11877.8,55103,-2601.9,49,220,2461
0,14436.3,28338,-6737,47,276,1169
4,3325.33,696.295,-289.95,7,31,53
0,7581.81,8907,-3860,39,103,428
3,11500.5,32213.6,-1047.02,40,203,1580
4,3821.44,540.683,-291.5,5,43,52
3,8171.72,20969.6,-92.563,43,143,1203
0,3578.65,353.471,2069.9,3,54,28
3,3528.74,735.699,-15.435,7,31,53
0,10561,42692,-4742,16,200,2064
0,17429.8,177501,-12433,90,494,7102
4,22002.8,346858,17790000,101,440,10967
3,9906.96,10780.6,-2064.4,97,154,587
3,3632.38,445.385,-689.88,2,36,35
1,5075.63,3040.02,-2160.5,4,65,202
3,4381.75,979.205,-1017.3,23,66,101
4,3344.92,691.54,202.45,2,31,53
3,4545.74,2181.69,-1228.1,13,71,188
3,8768.62,25152.6,118984,31,157,1519
5,9191.69,39884.6,655598,97,207,1995
2,12694.9,85300.9,-3630.04,51,291,3799
4,13245.1,61041.8,-4929.56,38,247,2754
3,8631.76,21350,-178.65,38,143,1203
3,5369.15,4330.73,737572,24,88,292
0,21013.3,256026,-11927,91,537,8483
5,4992.16,2209.84,856.85,18,75,165
2,12091.1,56482.7,-2583.9,29,209,2967
5,15662,158181,3265.8,128,310,6737
5,3568.78,446.374,-834.56,1,36,35
2,9061.88,19869.5,8727.86,101,163,1162
2,14685.8,53600.2,-3457.14,126,223,2059
0,17116.1,309463,-9899,67,427,11120
0,17674.7,201592,-7906,74,389,7582
3,7447.95,15087.5,50357.4,119,134,970
2,4366.94,2754.68,-1024.2,20,65,202
3,12041.5,31967.2,27041.3,113,203,1580
4,3492.46,557.945,-213.35,15,43,52
0,14352.5,118105,-5340,41,280,4430
4,4482.01,708.409,-140.48,16,58,43
4,5554.54,5651.35,8471.59,110,85,423
0,9671.7,47872,-4565,43,234,2460
4,8964.79,29049.4,-1202.32,126,156,1521
0,11687.8,53544,-6095,43,256,2609
0,6743.59,14041,-3011,28,119,884
5,6698.04,5478.83,-1594.77,18,99,321
5,13259.2,63345.5,3407.3,60,279,2979
2,4824.25,2081.24,36.663,8,75,165
4,22938.8,281705,5002.01,63,468,9276
4,3936,6007.39,-658.09,18,68,481
0,9183.59,31143,-2400,44,192,1470
3,6844.93,7365.26,824.46,25,109,432
0,9868.87,35005,-3824,32,204,1934
2,5048.12,1993.33,2615.7,7,75,165
0,23119.4,418518,-10674,80,504,13141
4,4997.88,3209.66,-1045.38,10,71,249
5,4359.11,1720.85,172.98,9,61,116
5,4186.99,402.676,969.62,11,54,28
2,10325.7,35662.6,-352.874,196,208,1691
2,8497.12,9503.98,3001.82,200,130,490
2,4598.85,2215.72,-1409.3,11,71,188
4,5961.41,7492.67,5301.79,65,90,405
0,17164.7,113200,-11026,211,364,4157
0,4906.62,2991,-915,6,81,246
3,12185.2,57409,-393.159,160,209,2967
2,8274.68,9469.98,104591,205,130,490
5,7281.1,5684.54,-2286.24,220,107,346
0,8846.52,8053,-3018,9,109,397
2,8050.05,9500.2,-2223.53,206,130,490
5,8559.46,25294.5,-560.893,26,154,1252
4,8621.97,11758,-2474.15,56,128,693
2,7851.49,9248.6,-919.47,18,138,554
0,10028.5,57270,-3892,12,207,2544
1,7686.18,11251,-2805.9,20,121,622
5,13244.1,65671.6,3709.1,44,279,2979
4,3589.32,535.427,-488.3,4,43,52
0,7159.51,24153,-3204,31,158,1361
0,10145.3,38089,-3786,163,207,1811
4,10490.8,31927.3,-2208.99,180,203,1580
2,4069.37,1199.43,-760.38,9,55,88
3,14527,59810.2,1476.66,75,305,2610
4,4821.51,543.196,438.05,26,65,35
3,7531.44,4842.26,-830.1,47,86,205
5,15422.2,162487,1738.3,102,310,6737
3,5942.76,4037.42,-281.01,18,100,294
0,14192.4,99721,-9146,40,292,4431
3,6514.82,7008.55,-1289.5,76,118,426
5,5925.67,4291.46,458.677,76,72,340
0,7397.05,8386,-1087,24,121,485
5,4538.29,6338.81,6.6038,29,68,481
4,10150.5,26298.7,-641.075,40,174,1415
5,9301.2,0,36726.7,131,151,1023
4,11030,32547.4,-4350.7,136,203,1580
2,5940.94,7775.33,129007000,12,104,457
5,15554.7,177466,-1386.8,217,367,7087
5,3692.51,502.64,-317.92,10,43,52
2,15293.2,100185,-2663,37,281,3974
3,8610.58,25101.9,158236,24,157,1519
4,11206.9,43904.3,-1853.69,73,196,1885
4,10026,40735.8,-586.721,125,207,1995
3,8725.01,24949.9,-1420.91,34,157,1519
0,10131,36992,-5798,32,218,1998
1,4427.45,977.84,-1559.5,14,66,101
3,6966.27,11797.8,21176300000,26,105,765
5,13158.4,59487.6,-833.279,183,223,2822
4,3455.96,682.974,-258.66,4,31,53
5,20255,274174,4864.33,51,420,9137
3,4215.37,1453.43,-791.485,162,52,133
3,15666.6,87378.5,1519.46,102,301,3369
3,12040.9,33624,1708.4,53,210,1213
2,3603.19,372.399,151.64,7,54,28
1,11543.7,69064.4,-5265.83,46,247,3373
1,5103.85,3126.75,-2322.5,4,65,202
5,9227.41,27063.6,504.379,100,166,1414
1,5385.8,4274.58,-1556.8,13,88,292
1,3777.36,1190.71,-1041.2,9,55,88
5,4308.64,6583.88,37.247,28,68,481
4,4659.96,1723.21,-443.74,8,61,134
4,11925.2,55484.9,-2613.7,50,220,2461
1,7044.07,4494.53,-2194.5,14,110,294
3,8338.25,16518.6,-1439.58,20,142,844
0,10039.6,61194,-5987,26,216,3281
1,5498.82,1998.86,-1323.1,8,77,165
0,6336.07,8226,-1936,53,108,553
0,4958.21,2303,-1503,5,66,148
5,4125.98,2462.66,-659.15,28,63,184
4,5430.61,4472.75,2648900,7,79,342
3,4358.24,968.386,-988.7,22,66,101
2,14459.5,89917.1,74456.1,281,254,3973
3,7664.88,4860.93,-530.993,33,86,205
0,16899.1,98475,-6292,65,299,2605
1,5889.88,5199.27,-1497.3,8,105,371
0,35558.1,767330,-12671,155,679,16966
5,17382.4,156849,-247.331,194,359,6068
4,4563.53,3208.69,-497.206,156,71,249
1,4925.95,2795.74,-1640.55,117,77,244
3,6287.61,4953.44,142.963,46,79,292
1,3354.06,584.353,-154.57,3,51,45
0,6307.38,8056,-1308,18,84,453
3,8410.22,14475.2,-1161.94,17,140,845
4,24145.2,277786,-705.206,289,540,8870
4,8381.5,16224.5,-1143.8,29,142,844
3,12390.2,71160.5,24948.9,178,262,3211
5,13583.5,55424.3,-2496.7,62,220,2461
0,7433.07,13070,-2630,18,134,845
5,5710.87,2853.61,-585.73,3,65,202
2,4071.62,1450.73,-680.732,160,52,133
5,9349.52,17711.2,-949.862,198,133,890
4,8647.83,8825.84,1875.5,46,144,553
2,6149.94,8066.51,-3475.1,8,106,549
4,14020.7,141292,510.771,301,308,6057
1,4374.37,954.937,-662.54,4,55,88
3,5679.78,2552.21,1052.8,4,81,169
1,8130.79,9448.32,-2845.66,17,135,587
0,9772.11,32144,-4762,118,197,1693
0,7635.12,11067,-2143,33,112,653
0,11197.6,58411.8,-5240.2,34,253,2825
5,13967.8,95741.9,-1016.66,179,273,4429
3,21002.3,245444,-142.936,270,540,8870
2,15328.7,99029.2,288979,48,281,3974
2,4800.91,3850.73,-1674.93,17,79,317
5,9806.55,39983.6,6015.09,227,159,2181
5,7833.52,26201.3,-441.707,15,156,1521
1,9984.25,34590,-1324.98,19,208,1691
5,3651.1,766.858,-328.88,7,31,53
5,15578.9,158322,5042,115,310,6737
4,5530.95,7126.37,-753.618,15,93,545
0,9762.95,64812,-5319,33,220,3203
3,7741.4,9510.69,514859,187,135,587
1,3845.45,1200.68,-610.2,9,55,88
2,6619.73,5230.88,-682.84,13,96,347
3,3621.68,553.168,-800.73,4,43,52
3,6817.81,11301.3,16848,159,111,651
0,11982.1,57407,-6761,131,210,2671
4,6660.06,5161.39,-712.436,19,96,347
4,12325.8,69203.5,817.83,45,201,3289
5,3908.22,2219.21,-577.58,13,63,184
4,6355.6,11329.9,-2170.97,140,111,651
3,4198.83,1693.49,-495.27,4,61,134
1,8618.55,20108.2,4903.5,106,163,1162
5,3589.71,717.728,53.482,8,31,53
0,7259.2,13137,-2001,33,133,728
2,5295.37,3724.87,-1255.19,65,85,269
3,7437.52,17389.2,-1866.4,15,128,1065
0,8045.61,17284,-3525,49,172,853
5,12869.6,62983.1,3420.6,55,279,2979
1,5763.55,12724.1,-1846.5,20,103,883
4,9097.5,27247.2,-989.354,31,155,1364
1,3821.24,1199.75,-1017.5,9,55,88
0,5550.26,4957,-1267,105,86,347
2,6246.81,8115.14,-3530.9,5,106,549
5,8310.81,9107.07,1503.1,38,144,553
4,3689.2,587.596,-26.599,16,43,52
3,10464.8,10506,-3176.42,101,154,587
3,3647.65,452.049,-821.19,2,36,35
4,4624.68,557.317,109.14,24,65,35
4,5033.93,3217.2,-928.73,14,71,249
3,10256.3,28021.9,-201.514,52,194,1521
3,5803.4,2640.55,207.65,7,81,169
4,7448.57,11355.2,-552.977,220,114,689
0,7174.03,3027,-2085,11,108,187
2,13085.9,76162.3,809.632,170,262,3211
3,12934.9,92081.7,-4177.44,237,254,3885
5,8520.7,19302.4,4928.7,205,157,1113
0,13127.1,92755,-7859,43,303,3806
0,4890.58,6330,-1572,6,76,395
4,5272.16,3682.71,-199.985,95,51,132
5,6591.1,4306.28,-2400.7,19,110,294
2,8740.21,11957.7,-1840.32,117,128,693
3,4188.57,680.206,-508.17,24,58,43
3,4642.13,2909.69,-582.31,19,65,202
4,3784.16,524.194,-648.14,4,43,52
3,25112.1,276631,-481.181,292,537,8350
2,6649.99,4924.03,-1640.5,14,87,322
2,13294,45502.4,-2594.1,112,234,1581
2,4689.8,2939.74,-1045.71,110,67,224
0,12460.2,79840,-5845,94,234,3131
5,10669.3,47859.9,-3811.14,83,190,2118
4,3546.93,686.166,-159.23,6,31,53
0,8603.15,53427,-4363,17,192,2964
5,7594.77,9011.31,-1026.54,177,107,517
2,12226.2,74583.6,-5102.79,33,249,3630
3,7188.81,9219.02,-1395.23,12,95,543
3,5828.13,7665.17,-1685.15,99,104,457
5,3770.13,570.892,-135.01,14,43,52
1,4255.08,1317.1,-972.23,2,57,129
3,3940.73,2156.16,-502.265,7,43,161
5,4641.88,2946.48,-130.74,36,65,202
3,8199.22,14384.1,-729.875,15,140,845
4,3611.97,306.532,1858,11,54,28
0,6359.59,10463.1,-2179.64,21,108,689
4,3537.01,689.086,213.68,6,31,53
3,4896.98,2882.67,-572.074,155,71,249
0,9506.2,40882,-2770,35,205,2192
4,3683.19,562.931,-405.44,5,43,52
3,6513.35,10299.4,29.3866,24,109,689
4,8768.89,20372.1,-1914.69,175,163,1162
3,13873.9,91032.2,5895480,212,254,3885
3,10316.7,43354.6,-743.969,141,197,2257
1,23399.5,516310,308124,310,540,18067
5,4187.38,2445.39,-821.25,27,63,184
1,12470.1,68896.4,-600.411,193,247,3373
5,3488.52,465.386,-802.96,3,36,35
0,19252.1,454805,-12489,321,431,15329
0,16035.6,153244,-8096,113,336,5421
4,10380.3,27247.5,167599000,67,194,1521
0,16094.5,153002,-10387,185,400,5535
0,7376.19,11276,-2301.87,93,114,689
4,6392.13,1855.31,-1050.14,10,84,136
1,4512.81,1038.05,-316.03,28,62,102
5,4781.34,2619.32,-1256.7,14,65,202
4,9671.34,17555.3,-1291.13,26,142,844
3,12020.8,54602.8,-1319.2,48,220,2461
4,14234.2,77405.7,103.308,245,336,3302
4,22769.1,280014,2754,314,468,9276
5,3525.46,596.067,-192.71,14,43,52
4,3727.44,438.984,-653.09,3,36,35
5,9557.42,39287.2,-1301.92,224,159,2181
2,5708.17,7138.98,10303.1,81,93,545
3,11802.8,79227.8,-6481.6,41,272,3539
0,11868.5,55331,-5446,37,218,2390
2,4808.98,2614,-919.79,14,65,202
3,13245.6,61793.7,-4837.62,33,247,2754
3,9929.25,43191.4,-960.293,137,197,2257
1,5510.05,4361.34,-1060.04,19,88,292
5,15950.5,89473.3,23693,82,289,3710
2,4337.27,6409.01,154.78,26,68,481
0,13756,159514,-6029,65,321,6735
4,4598.09,4038,124.478,27,88,292
5,3763.39,555.922,-516.82,5,43,52
0,10304.9,32520,-6419,96,205,1637
4,3735.46,552.424,-378.87,4,43,52
5,8748.41,26198.1,285752,30,156,1364
0,21700.4,398174,-14915,307,487,13315
0,7027.26,9305,-2823,15,117,553
3,8540.22,12439.7,-2726.09,95,136,619
3,9596.39,12321.8,636.34,25,152,693
0,14556.2,93967,-6772,55,291,3802
0,10623.5,37823,-5881,16,190,1870
2,5034.47,2082.34,-258.09,8,75,165
5,9179.91,9876.45,13709.6,24,154,557
4,4841.28,1238.86,-87.432,11,59,101
5,4794.4,6382.45,-118.72,21,67,481
3,6694.83,14173,14903.7,94,120,809
3,15787.1,156271,1239.1,97,310,6737
0,18622.8,205471,-8641,176,380,7457
0,4571.93,830,-865,9,55,54
2,4971.29,3846.01,-1628,17,79,317
5,3477.76,576.624,-419.94,14,43,52
4,11110.6,48754.2,-1686.21,78,190,2118
4,15621,75976.9,8839.19,69,336,3302
3,4377.12,2653.65,-714.76,22,65,202
0,16865.8,182261,-6757,242,392,7454
0,6078.46,11214.5,-2118.63,5,105,765
0,22817.7,368711,-12548,252,448,10252
1,3770.02,1518.03,-1358.8,6,56,114
1,6968.35,4540.79,-1577.6,10,110,294
0,9853.85,75543,-4755,27,227,3794
3,6731.24,10313.9,-807.971,24,109,689
4,10040,32183.6,755.782,126,176,1922
2,11796.4,73446.7,-350.001,38,249,3630
0,11440.6,37430,-2665,30,147,1210
2,6194.61,5254.37,-956.13,10,105,371
4,5197.98,2275.27,-1175,11,71,188
4,15633.2,87097.1,4440.1,89,289,3710
5,3666.33,550.947,-617.24,5,43,52
5,3498.22,1387.89,-442.121,5,40,100
0,5479.96,6157,-2741,6,97,395
3,22288,248500,-9449.94,305,537,8350
4,5558.13,3360.47,-640.551,156,71,249
5,14480.2,77984.3,8201.92,242,336,3302
1,7751.76,13284.3,-3000.1,3,125,694
0,11824.3,37495,-4997,38,224,1697
4,4994.18,2855.22,-1229.9,12,72,205
5,19362.6,162033,-1782.14,188,359,6068
1,3830.74,1198.22,-538.72,9,55,88
5,4557.67,788.439,15.874,13,56,61
4,5530.33,4966.47,1051.61,192,86,367
5,14233.6,53523.1,-354.131,46,288,2334
3,10088.2,41298.7,-3923.78,67,196,1885
1,5437.23,4361.84,-962.684,17,88,292
3,14219.1,93682.2,-2200.01,221,254,3885
5,5981.65,2748.05,376.45,18,81,169
3,6238.79,12983.9,-1142.5,20,103,883
5,4418.39,6545.67,-196.09,14,68,481
5,4629.71,2397.87,-795.72,4,61,184
2,4212.77,2195.34,-927.719,20,54,165
2,6112.56,5168.29,-1420.3,8,105,371
4,14991.7,77067.5,-2398.79,273,336,3302
1,5479.35,1999.87,-1575.1,9,77,165
3,4370.71,2377.83,-587.05,18,63,184
4,7124.96,13879.9,-882.83,24,120,809
0,8437.93,21213,-3414,34,164,1214
3,8813.36,12586.2,2887220,107,136,619
5,5329.74,4430.23,519500,13,79,342
4,3812.06,476.274,-1053.3,1,36,35
5,10410.6,28503,-1297.57,57,194,1521
4,3289,675.629,288.39,7,31,53
2,4751.83,4297.99,-1484.99,20,79,317
2,10986,38127.8,-3185.3,31,205,1751
3,4208.01,2294,-403.41,15,63,184
5,7809.41,14433,104.91,37,127,802
0,5665.06,3594,-3126,11,88,228
3,13740.8,142199,314.858,273,308,6057
4,3787.08,458.89,708.82,17,54,28
3,12016.8,52113.2,16469.3,120,224,2192
1,5720.27,12712.4,-1969.8,20,103,883
1,10731.1,41677,-3621.91,143,227,2059
5,9279.57,22387.6,1337.3,57,143,1203
4,3676.69,445.799,-655.75,3,36,35
2,10119.2,34608.5,-2057.14,23,208,1691
4,4205.46,2720.07,-654.06,19,65,202
0,10981.1,67583,-5248,45,270,3146
0,9468.11,6943,-4057,68,165,400
3,7167.85,9219.41,-1399.65,11,95,543
4,3675.84,566.094,-698.32,5,43,52
0,35031.2,839199,-16112,533,713,24012
2,6144.1,8000,-2769.4,4,106,549
3,13348.6,140351,73.7607,205,308,6057
1,11270.7,69620.6,-5138.83,190,247,3373
0,8016.16,5070,-3040,10,131,293
0,8633.41,25455,-3809,27,166,1410
2,11922.2,56822.9,-2111.99,22,209,2967
2,22828,516187,-12087.6,329,540,18067
4,4911.18,2075.66,-460.89,9,75,165
5,4428.91,2335.23,-1282.8,33,63,184
2,7495.62,9485.88,-1043.48,14,123,621
0,12139,62968,-6787,85,272,2828
5,8346.32,20511.7,505.21,45,143,1203
3,15300,156850,1382.7,98,310,6737
2,5627.63,7621.09,-1204.29,102,104,457
2,18748.2,145798,74196400,321,449,5537
0,15482.6,181109,-8215,105,334,7577
1,5303.37,3345.97,-1968.2,21,70,205
4,6745.62,7435.47,462.24,25,109,432
0,5287.01,2139,-1648,8,66,116
3,6547.48,3436.24,1358.2,30,101,206
4,4773.02,1583.22,-886.32,5,70,131
4,7829.75,9628.22,345705,37,123,621
0,5537.97,4912,-2938,6,91,343
3,10005,25858.6,19815.7,152,174,1415
4,10972.7,77681.9,11210.9,40,252,3882
0,10901.7,81601.5,-4096.82,208,209,3705
2,8585.39,12042.1,-1907.97,60,128,693
1,11584.8,68794.6,-2890.52,45,247,3373
4,13659.3,47191,-1018.04,180,273,2061
5,3797.97,453.966,-871.92,4,36,35
0,9889.82,36237.8,-4399.26,24,196,1869
4,10031.8,40276,-463.515,133,207,1995
5,3382.01,690.98,111.92,5,31,53
4,3793.74,2113.9,-1598.6,17,63,184
5,21237.2,275719,107245000,287,420,9137
3,4279.18,2027.14,-695.294,74,63,166
2,23499.7,517435,-7052.53,113,540,18067
5,3633.04,691.307,-111.41,5,31,53
3,8430.45,11978.2,-1502.95,64,128,693
3,12801.3,60589.9,1438040,27,247,2754
3,6421.53,5235.21,-1078.59,14,99,321
3,7178.79,8076.62,-2923,11,117,427
0,8162.41,10459,-3456,12,114,549
0,13927.6,85304,-5407,57,273,3456
3,4250.58,1012.06,-1308.3,22,66,101
1,3863.89,1224.43,-407.99,9,55,88
0,6726,7718.24,-3591.7,13,117,427
0,14734.9,138679,-8991,46,346,5743
2,6666.21,5352.75,-954.763,50,79,292
4,3354.2,714.35,491.91,5,31,53
5,5023.69,932.882,-816.971,28,62,76
2,13686.3,87838,2059.46,51,291,3799
3,4511.05,1679.31,-404.88,3,61,134
0,4383.92,4147,-388,9,64,266
4,4174.02,2651.12,-294.9,28,65,202
5,6705.08,2361.52,-37.812,6,76,165
5,15805,159583,2344.8,102,310,6737
4,7444.42,9880.25,3995.17,211,118,621
4,5867.27,13384.4,-1345.9,20,103,883
0,8885.11,16214,-2412,20,107,656
3,4725.02,2258.35,-1259.3,12,71,188
4,4803.53,2241.52,-985.45,11,71,188
2,12807.4,56618,21780900,170,209,2967
2,15479,100836,-2921.25,41,281,3974
2,4690.93,4194.68,-1685.89,22,79,317
2,14300.9,136406,-2675.94,191,279,5626
0,7016.19,21339,-4025,11,137,1405
0,13825.5,77429,-7440,120,255,3298
3,6755.56,13504.4,-557.883,181,96,804
5,6441.15,5623.18,-706.21,78,86,367
2,14430.2,90643.1,-3677.58,213,254,3973
5,3643.7,453.013,-890.55,1,36,35
5,6289.17,4014.16,-446.48,22,100,294
5,3344.81,662.874,143.21,4,31,53
2,3531.29,2145.4,-730.409,179,54,165
0,13196.9,102202,-6058,82,329,4345
3,10744.4,38839.5,144835,47,193,2118
4,6531.58,1840.73,-1191.83,69,84,136
5,5182.12,3183.31,-822.56,36,65,202
5,4685.69,2796.62,-889.93,15,65,202
3,4103.59,715.238,-431.31,16,58,43
3,8778.08,13539.3,535885,109,148,729
0,33257.2,610321,-15472,65,619,15174
4,9257.84,20491.4,-2177.2,160,163,1162
2,3655.3,391.661,983.31,7,54,28
2,5821.73,7684.12,-1840.03,103,104,457
5,6920.48,8797.63,-1467.05,25,98,582
1,23021,515251,295177,321,540,18067
4,3771.68,579.609,-283.64,14,43,52
2,5618.11,1512.92,-1385.07,42,71,103
5,5793.37,2522.83,-589.75,14,65,202
4,5608.08,2577.95,-93.05,7,81,169
5,7404.94,17122.1,-2181.2,16,125,1014
0,15914.8,106208,-8473,7,237,2329
5,4420.22,6003.19,327.17,20,67,481
5,8990.22,13709.9,-1120.89,106,148,729
0,8826.09,28460,-4927,21,183,1522
0,29793.1,553405,-20168,110,654,16421
0,8240.49,20802,-4778,32,175,1171
0,35140.2,1009740,-19156,155,791,24692
3,11888.8,36041.5,-2202.38,202,225,1755
5,3661.25,463.776,-642.41,3,36,35
1,5128.15,3141.64,-2597.8,4,65,202
4,15093.7,192841,-3076.05,53,286,7322
4,22974.7,282693,-183.28,317,468,9276
3,7400.93,14743,14031.9,74,134,970
4,4736.25,1994.17,-1032.05,9,66,166
3,11615.5,54328,-1633.2,48,220,2461
4,5220.62,2384.84,-231.69,22,75,165
2,8958.15,12297.2,76814.4,69,128,693
0,13598.6,45565,-6352,54,263,2060
3,7844.43,13495.7,192.571,115,170,771
2,21409.7,349281,-1494.76,263,440,10967
5,12338.4,62526.2,520.962,308,233,2897
5,3683.96,436.126,-561.29,3,36,35
5,9900.63,24878.6,9077450,132,172,1412
5,12388.4,60775,725392,245,237,2672
1,5904.73,6985.42,-2839.4,22,92,485
1,5482.57,4053.96,-943.29,12,85,267
2,7664.01,9176.05,-1087.04,20,138,554
4,8902.29,12474.2,-2521.88,95,136,619
5,5714.84,3829.11,-222.45,13,82,289
1,4548.93,1043.37,-254.09,28,62,102
4,4120.74,678.866,-183.61,10,58,43
4,5203.84,3236.46,-871.472,14,71,249
0,9126.3,24327,-1205,79,175,1360
4,6508.41,5867.49,-261.63,17,105,371
5,4566.73,2401.83,-754.01,4,61,184
0,12851.4,80768,-7079,136,334,3803
2,20708,151661,6575680,309,449,5537
1,5204.86,3674.68,-613.32,19,82,289
2,11960.9,73927.6,15391.4,31,249,3630
0,6871.35,14924,-3772,43,112,799
3,7078.14,5254.65,-1029.05,191,107,346
3,4326.36,693.903,-183.53,17,58,43
5,3842.61,578.198,-641.1,15,43,52
1,3797.65,639.749,-432.38,24,50,42
3,7063.87,14141.1,-2380.28,96,120,809
0,9251.13,36102,-2644,35,167,1989
0,7028.2,8862,-1397,27,135,584
3,8545.66,14511.3,-1645.03,94,140,845
5,3884.79,422.217,1006.2,5,54,28
0,12682,38214,-7171,19,162,890
2,13509.3,69333.2,71312100,56,247,3373
2,4070.48,2192.91,6029.45,183,54,165
4,7680.12,14965.9,656.147,103,140,845
2,11079.4,73612.8,-5115.55,23,249,3630
4,9270.48,20529,-1344.6,95,145,1156
1,11348.4,68798.3,-1405.88,195,247,3373
0,6302.56,10074.2,-1510.94,11,98,651
5,8696.1,10058.8,-2218.95,104,149,549
2,4463.7,2196.65,-1390.2,12,71,188
0,6938.7,6583,-3054,28,134,430
4,9969.87,42890.6,553.573,31,197,2257
4,22440.7,411732,528684,62,473,14125
5,4499.59,2623.79,-1225.6,23,65,202
0,9520.58,35222,-5901,96,184,1810
1,5863.94,4865.13,-989.235,18,85,343
1,3871.14,2149.74,-1144.16,51,54,165
3,5190.39,3223.93,482648,158,71,249
2,20649.6,164105,-6638.17,340,449,5537
4,9985.46,40709.4,187.565,113,207,1995
0,5355.99,2673,-2585,5,85,186
3,4917.32,2097.05,-814.2,3,75,165
2,11542.5,36002.9,-5188.04,131,234,1581
3,6533.35,1749.28,-180.9,11,84,136
2,4631.7,1079.04,-566.1,26,62,102
5,6935.33,4579.13,-2180.1,18,110,294
0,18152.1,205001,-6708,61,408,8084
5,15619.5,158350,3803.2,104,310,6737
5,15623,158578,2873.4,115,310,6737
3,9999.79,24544.3,-674.958,38,177,1313
1,4477.39,974.253,-1419,14,66,101
4,8490.77,9015.03,1343.5,39,144,553
1,3985.71,1563.39,-855.83,9,61,134
5,6852.99,7756.3,-864.333,56,90,405
3,4345.21,697.564,141.05,16,58,43
5,3981.79,6186.96,-114.03,33,68,481
0,11896.6,57950,-5010,101,209,2602
5,4224.51,637.449,-552.26,17,58,43
0,6314.28,8367.77,-1760.04,219,98,520
4,3591.67,546.536,-494.41,16,43,52
4,5824.11,7514.77,-1253.71,78,93,545
3,12455.7,70136.3,5731740,163,262,3211
1,5688.66,5146.01,-1511.12,20,85,343
3,9825.9,30042.3,-1135.31,225,171,1747
0,13214.5,78461,-7165,41,283,3462
4,10538.2,43272.1,-1967.67,27,197,2257
0,17875.5,246721,-9404,286,422,8995
1,11254.6,68879.1,-4606.37,200,247,3373
5,6694.07,21711.9,-168.653,93,128,1255
3,6247.06,1874.91,1571.16,71,84,136
5,15464.8,193473,-4885.96,42,286,7322
0,7355.22,11978,-2116,35,128,769
0,9698.23,37502,-4882,57,204,1935
3,22885.1,266756,-6835.18,301,540,8870
4,21824.8,407577,-8409.86,60,473,14125
4,6521.4,6977.9,-1335.41,79,118,426
3,6401.68,3980.33,-673.38,12,100,294
1,6074.03,1843.84,-1241.72,39,71,103
4,16708.9,143336,2414.05,302,362,5847
5,9369.8,12548.2,1205.6,30,152,693
1,7631.72,9458.17,-3111.06,197,135,587
3,10659.4,18021.1,-2048.38,156,172,973
2,6173.11,4143.27,-1455.14,7,88,318
1,6494.86,5090.97,-2730,18,109,317
1,5127.44,2807.98,26880.5,111,77,244
4,5097.38,3790.48,-786.564,13,75,292
1,5678.14,4616.48,-1675.8,15,98,294
3,8983.84,10560.2,171052,19,139,587
0,8149.53,25143,-4452,25,169,1361
3,11256.4,37331.3,-5308.69,194,225,1755
5,8165.53,9005.02,692.35,34,130,515
0,6102.98,10115,-2406,16,110,649
1,3985.87,1559.51,-835.65,9,61,134
3,4163.43,2265.17,-1176.5,21,63,184
2,4345.27,6276.68,-90.533,32,68,481
2,21286.1,408375,-922.224,64,473,14125
4,14495.8,145377,-378.036,204,308,6057
0,5702.15,8722,-1378,11,94,581
5,3371.25,700.661,232.71,3,31,53
5,11683.3,79021.2,-6323.96,50,272,3539
2,9062.49,9582.82,14483600,185,135,587
3,14658.5,87763.9,-6121.49,94,301,3369
1,3875.95,1195.71,-926.11,9,55,88
3,15507.8,156419,1180.1,100,310,6737
0,13434.1,75057,-7018,202,310,3463
2,6295,8169.47,-3702,5,106,549
0,20226.9,213976,-10369,87,458,7466
2,6268.63,8387.79,-1607,11,100,551
5,3685.4,442.093,-535.81,1,36,35
1,6883.34,7944.03,-2672.3,11,117,427
2,4672.95,1072.16,-1086.9,22,66,101
0,19426.5,274472,-9066,76,391,8730
2,8395.13,10645.4,-1602.46,144,139,587
5,11766.2,38026.1,1094.63,42,219,1875
0,11496.8,22004,-5297,116,204,1070
4,11305.5,39496.9,133.816,147,193,2118
4,7525.12,26680.6,974775,17,156,1521
0,14390.5,180746,-7489,84,372,6863
5,12865.5,94460.5,-3326.17,195,273,4429
5,8741.64,27765.9,-1926.49,20,156,1521
3,10606.5,37249.6,575.726,34,205,1751
4,23920.9,281358,646525,304,468,9276
1,11731.5,69659,-4809.47,47,247,3373
3,11027.9,45385.9,-880.93,116,197,2257
0,6293.43,9485,-3055,30,132,623
4,9780.21,39825.5,746401,206,159,2181
4,4914.99,2606.51,-878.97,29,63,184
5,3602.25,563.144,-151.91,16,43,52
4,5876.76,1106.11,-1617.9,6,57,76
4,4898.84,2276.39,-1454.1,11,71,188
2,15095,99936.8,-3305.26,39,281,3974
5,4527.87,2082.14,653.5,18,75,165
5,6790.5,6333.59,-919.658,83,95,372
0,11880.2,63118,-5779,64,237,2901
5,12575.1,36356.5,-2253.78,14,225,1755
1,5900.46,4772,-853.663,25,85,343
0,6823.43,11999,-1374,43,106,688
3,3394.63,682.781,-397.88,6,31,53
4,4692.02,1078.32,-861.43,20,66,101
2,6666.28,13262.9,-1099.04,74,96,804
4,12697.2,57065.8,-931.77,45,220,2461
1,14916.7,102392,-4157.84,38,283,3965
0,13224.7,59283,-7792,175,285,2542
0,5709.06,9599,-1562,25,120,623
1,6097.48,1534.09,-859.974,35,71,103
4,6142.28,4038.69,-459.54,12,100,294
3,9040.86,12228.6,26996.2,11,117,519
3,22461.6,163341,-3808.66,308,449,5537
0,6056.49,7861,-2359,20,102,517
5,23546.9,284485,-2025.14,311,468,9276
0,16865.3,135626,-7250,58,300,3064
4,4235.98,6182.94,-30.59,6,68,481
2,4857.62,3793.96,-1647.02,24,79,317
3,14770.9,79313.8,10950.6,67,320,3466
4,4573.3,2021.7,12886500,114,66,166
0,16960.4,158532,-10176,79,400,6294
0,13661.9,110790,-7599,47,302,4526
1,8126.19,12862,-1835.86,15,132,806
0,8520,13865.6,696.992,278,170,771
5,3984.77,2373.43,-1172.9,16,63,184
4,6625.8,5369.94,-836.543,63,86,367
0,9829.02,38973,-5079,22,197,2051
0,24588.1,205667,-15102,107,498,6418
5,7338.78,6903.17,-1139.03,164,108,428
5,5727.79,1114.2,-1033.6,7,57,76
3,9727.42,30552.1,-497.566,221,171,1747
4,4194.04,6036.51,225.86,26,68,481
3,8796.32,12095.4,373.243,128,136,619
0,10046.8,55584,-4588,19,181,2385
3,8285.68,11978.8,-1274.32,64,128,693
4,10775.2,32291.4,-4368.83,132,203,1580
3,4444.9,2184.65,-1190.7,12,71,188
3,4478.39,2643.53,-668.7,25,65,202
3,4842.01,1137.78,-551.22,21,62,102
4,13879.4,67826.3,-3325.8,118,224,2192
1,14763.1,102217,-4205.24,43,283,3965
3,3367.7,694.331,112.32,2,31,53
1,6472.58,1943.56,-932.195,32,71,103
0,10648.7,53396,-5518,43,210,2383
3,6213.17,7565.73,-1179.92,80,93,545
3,8549.11,14508,-1363.86,102,140,845
5,16392.9,176798,4397560,257,367,7087
5,3580.59,679.948,206.81,4,31,53
2,7923.57,33741.7,-2796.97,19,148,1919
1,5100.91,3044.96,-2570.8,4,65,202
5,10406.8,23635.6,1561.34,108,182,1212
4,6656.68,7392.17,-522.958,16,93,545
4,8771.18,11126.6,158737,129,156,654
3,5758.95,7819.57,-1476,13,99,583
0,14061.9,141314,-4882,47,316,5745
3,5903.71,4007.79,-348.79,14,100,294
4,6922.31,6987.67,-1254.9,19,118,426
0,12823.3,28831,-4290,25,208,1313
4,10717,47142.6,397121,66,190,2118
0,15379.6,129045,-6456,65,335,4818
5,4569.09,2332.39,-632.26,3,61,184
1,3966.41,1563,-386.38,11,61,134
2,10312.3,35611.6,-4250.71,119,208,1691
0,6573.69,7530.17,-1317.73,67,90,405
4,15112.5,162351,17703.4,49,287,6171
2,4598.75,6357.14,-606.75,18,68,481
1,8071.09,13995.3,-3249.73,34,170,771
3,11877.3,69636.2,-2342.42,196,247,3373
4,4322.37,1668.27,-376.87,12,61,134
5,4390.71,6782.33,134.52,22,68,481
3,13468.8,141507,95.7745,174,308,6057
1,5879.16,4330.2,-1705.4,17,90,317
3,17599.6,161204,-3882.49,243,352,6744
2,6118.41,5148.88,-521.42,8,105,371
0,20594.5,234763,-11250,86,468,8473
1,6894.85,7813.55,-2739.3,10,117,427
2,4437.09,1080.38,-618.71,28,62,102
0,17447.6,113186,-12061,106,440,4637
2,7340.33,9289.35,8.41658,15,138,554
4,9187.39,26794.5,-1872.67,99,158,1403
2,5294.18,3477.88,-777.554,136,51,132
3,8627.78,14754,-1438.72,18,140,845
3,6657.31,10353.5,-1733.26,23,109,689
3,5532.22,3305.93,-594.12,156,71,249
5,4825.05,2344.18,-828.74,2,61,184
3,4303.41,2615.97,-690.48,31,65,202
5,12560.4,60014.8,-290.373,190,223,2822
5,3696.22,463.026,-751.41,3,36,35
4,9428.36,13624.8,-962.067,106,148,729
3,9794.16,41357.8,-2171.24,225,159,2181
1,8429.74,15698,-3230.9,30,141,932
1,3802.99,647.156,-600.96,24,50,42
5,5165.16,4267.58,-617.031,23,72,340
5,4348.84,2798.35,-1422.8,17,65,202
4,3447.42,714.33,452.62,7,31,53
0,15257.9,127483,-10062,46,326,5417
3,12242.1,71698.9,-5648.19,191,262,3211
0,15286,163537,-7323,65,331,6405
0,8425.42,15149,-4270,123,166,850
5,10534.7,27672.7,-195.872,65,194,1521
5,3299.42,645.593,373.2,4,31,53
0,8045.43,7298,-2565,185,136,458
4,3702.9,439.908,-822.48,2,36,35
5,4762.16,535.075,144.46,22,65,35
2,5609.78,7002.95,-555.076,17,95,549
2,3860.23,2043.39,-1843.4,4,63,184
0,14741.2,84575,-8999,70,332,3545
0,7434.62,17098.7,2857.42,121,150,978
0,8292.36,19094,-3691,58,162,1206
3,13236.3,61528.8,-1560.84,24,247,2754
4,9907.5,14487.2,-15.9469,87,143,771
5,3368.48,672.582,225.24,6,31,53
4,20220.6,414472,-10163.8,95,467,14125
5,8630.42,4687.46,-1644.7,96,131,271
4,3471.68,723.823,160.18,5,31,53
5,6225.98,1122.7,-2095.1,7,57,76
3,6548.21,7248.81,1036.5,26,109,432
5,6980.38,7018.15,95248900000,51,90,405
2,15150,102383,-3669.87,43,283,3965
5,4358.94,1201.77,-1167.2,11,59,101
1,6217.07,7772.14,-2123.4,24,102,517
5,13255.6,60740.1,522.741,203,214,2600
0,11972.9,38705.3,-4528.45,193,198,1521
3,4462.06,2681.56,-1054.9,10,65,202
5,3778.63,441.845,-933.89,3,36,35
0,8524.9,18113,-3508,9,127,888
5,8853.66,9396.09,961.136,234,154,557
3,6500.62,5126.52,-756.958,100,96,347
0,10285.8,19381,-3283,74,124,622
0,11738.8,55357,-7532,163,231,2327
2,9239.47,20192.4,-3294.87,80,163,1162
5,5663.88,2565.52,902.91,8,81,169
4,9833.88,45234.6,792.474,226,159,2181
2,5096.46,2110.36,-475.77,11,75,165
3,8799.73,28842.4,-3163.56,25,156,1364
0,14231.2,87504.9,-6981.97,220,296,3464
1,7686.51,13271,-2939.5,2,125,694
3,9603.56,30504.8,-1787.57,34,171,1747
4,22605.1,410715,-2343.95,63,473,14125
5,16243.8,91426.3,6066.5,84,289,3710
3,5686.79,3964.88,-1744.83,120,85,269
3,15398,60046.8,-1803.05,134,215,2188
0,6933.31,4436,-1684,20,101,186
3,13412.5,46970.3,548.199,188,273,2061
1,6189.19,4284.6,-943.41,16,106,318
5,4586.6,2343.62,-861.46,5,61,184
4,6636.34,9716.41,2150.25,19,104,652
0,14427.1,57684,-6588,47,302,2537
2,6309.34,3478.25,883.74,19,101,206
4,4926.04,2179.33,-1132.7,6,75,165
2,6098.03,7996.91,-3538.2,10,106,549
5,10073.4,20284.9,-1526.17,211,157,1113
1,3915.95,1523.99,-1199.5,6,56,114
0,7107.36,13767.8,-3858.4,21,118,762
2,12065.9,48795.4,-3030.81,167,262,2394
5,6772.78,9685.37,736.82,17,115,547
3,15456.7,59759.2,-1451.24,137,215,2188
2,6095.56,8129.98,-2766.8,11,106,549
0,8806.48,19341,-4829,39,163,979
2,3639.82,1950.97,-428.812,5,43,161
0,9551.54,24249,-3618,53,165,1209
0,11122.7,61048,-6282,12,214,2325
0,15345.2,125831,-9607,36,336,5220
5,3639.44,346.15,1187.8,11,54,28
3,9783.58,29200.3,-2352.51,90,166,1414
2,11743.8,69250.4,-2067.64,47,247,3373
1,5726.35,4307.35,-1315.8,17,90,317
2,15842.3,135918,14937000,160,279,5626
4,5820.25,7124.17,-567.05,71,93,545
2,5066.07,3643.75,-811.016,123,85,269
3,5727.82,4333.84,-817.101,21,88,292
4,12808,55884.8,-781.28,47,220,2461
0,15228.2,150313,-7045,64,318,6060
5,4395.92,6220.83,10.54,18,67,481
2,4588.24,2760,-1086.7,13,65,202
5,4649.05,4825.49,31102,22,61,365
3,6340.38,4810.17,-1436.56,51,79,292
0,11628.3,85672,-4267,16,235,3217
1,11016.2,41716,-2606.15,159,227,2059
1,5773.2,5287.1,-1414.8,17,99,372
5,8970.22,11087.7,-2539.98,105,156,654
2,14483.6,136650,-2577.85,191,279,5626
0,11676.8,56515,-5334,160,251,2539
5,3785.45,403.513,1338.3,11,54,28
0,13373.7,78356.1,-8060.19,306,320,3466
2,10670.8,37693.8,-1850.29,29,205,1751
1,5650.83,4574.81,-1192.9,15,98,294
2,4147.38,1905.19,-622.092,199,63,166
2,4949.2,2725.75,29404.2,27,77,244
5,10018.1,52757.4,40744,111,224,2192
5,3692.77,447.607,-901.65,3,36,35
4,16410.1,155712,3840.65,226,359,6068
4,4861.2,1595.79,-1140,6,70,131
5,9604.72,11044.4,-2720.41,248,154,557
5,4242.92,2841.72,-1006.6,40,65,202
3,8291.22,14669.9,-622.105,19,140,845
1,3935.68,2042.54,-1873.1,3,63,184
3,3840.3,2141.09,-460.851,6,43,161
3,11860.5,32081.5,-1788.83,162,203,1580
0,3936.3,2750.49,-1645.3,6,59,243
5,10286.4,33484.6,239.874,225,171,1747
0,15265.3,74487,-5292,45,313,3212
1,6879.1,7812.92,-3115.3,11,117,427
2,12973.6,41007.3,-1005.71,115,234,1581
5,13338.6,81430.3,1056.64,67,272,3539
3,19731.8,251716,-1184.34,298,540,8870
5,9213.08,18204.6,225882000,201,133,890
2,7873.68,9504.08,-2456.96,200,130,490
5,11809.3,60703.9,98.1969,196,214,2600
4,3585.13,557.574,-550.08,5,43,52
0,17072.6,226416,-14333,230,429,8483
0,16752.7,117406,-9155,66,332,4632
4,7096.5,7106.81,58.039,30,109,432
1,3847.36,1215.23,-707.87,9,55,88
5,3707.32,466.968,-781.76,2,36,35
2,7755.53,33114.1,594.202,97,148,1919
2,8237.86,9611.71,-2824.82,203,130,490
5,7882.92,8247.12,-1617.38,60,109,486
3,4141.05,6397.05,-162.31,15,68,481
2,5769.91,7669.3,-696.606,102,104,457
0,13361.8,108334,-7988,161,319,4624
5,8913.96,12277.9,-137.13,31,152,693
4,13325.9,41605.7,15332.8,48,278,1938
2,7241.11,34112.7,-2859.02,80,148,1919
3,7626.26,14235.1,44.906,19,127,802
4,10598.1,39800.8,-1272.78,26,193,2118
0,20812.9,263204,-13170,351,556,8611
3,13309.7,42583.7,20248.8,58,278,1938
0,8990.25,31478,-3793,33,179,1638
5,5452.88,2712.95,-361.77,13,65,202
5,3915.87,6020.22,-105.25,32,68,481
4,9766.26,19313,-793.372,32,157,1113
5,12442.4,29458.2,-3862.83,51,214,1469
3,3703.35,2150.99,-410.542,4,43,161
5,5788.98,7995.31,-1600.5,32,99,583
1,4428.69,976.822,-1349.7,14,66,101
4,9275.98,25912.3,-3376.97,41,174,1415
1,4022.74,2176.59,117846,179,54,165
4,4352.67,6300.39,222.8,36,68,481
5,3550.48,688.616,183.79,7,31,53
4,24606.1,258737,140000,283,540,8870
3,13523.4,90940.7,-1770.21,211,254,3885
2,8485.01,18218.1,-5023.2,15,146,891
2,14973.2,135802,6236750,199,279,5626
1,6917.34,4492.75,-1836.3,11,110,294
2,4115.69,2703.11,-1189.7,10,65,202
2,13664.7,90982.8,-2590.14,221,254,3973
0,21641.2,515106,-12234,334,540,18067
3,6421.68,3446.13,164.08,22,101,206
0,14401.3,133781,-5512,51,291,5842
3,4402.26,1031.52,-694.04,28,62,102
3,6446.19,5281.94,-640.259,66,96,347
4,5727.93,7135.37,1709.96,52,93,545
1,4871.36,1982.62,-56.722,20,75,165
1,6374.22,8158.15,-1650.8,15,108,549
3,4168.32,2001.59,29803.1,197,63,166
2,8697.78,30322.8,-468.021,111,132,1513
3,12315.8,77688.8,1650.01,44,252,3882
0,7129.66,13621,-3598,11,131,845
2,12990.7,75372,-292.327,177,262,3211
5,4380.9,2913.52,-356.27,26,65,202
3,15927.9,217520,725.135,55,336,8195
2,4167.89,6268.97,-590.56,21,68,481
4,3696.4,552.479,-752.86,5,43,52
0,13245.3,89249,-7661,51,267,3889
1,5495.97,4052.95,-881.69,12,85,267
4,8319.88,13655.6,-790.332,271,170,771
3,6529.57,10450.7,-382.39,24,109,689
0,20427,320484,-12276,295,451,11274
4,13793.7,98380.3,13897300,227,281,4061
3,6485.48,10282.6,-1340.91,24,109,689
5,17541.4,85964.5,4032.4,71,340,3632
5,7592.01,4409.83,303211,10,101,249
5,11269.2,51221.6,4901830,144,209,2534
2,7224.32,10304.5,-1370.83,220,101,584
2,8936,10558.3,13874.8,17,139,587
5,3482.92,672.357,423.61,4,31,53
2,8848.06,10456.7,8433.44,140,139,587
3,3686.07,756.108,14.139,6,31,53
2,6568.72,11994.5,-747.229,8,105,765
4,7443.35,14427.6,-526.952,89,120,809
0,11264.1,82588.5,-4982.1,230,231,3457
5,10697.9,61948.7,147.612,189,214,2600
4,11332.7,39330.7,-1042.04,100,166,1414
3,4526.81,2775.1,-748.87,31,65,202
3,7425.65,8679.1,1325,26,130,515
4,10975.3,23004.5,2195.44,121,182,1212
3,5095.51,4456.73,17613900,20,88,292
0,13328.2,61568,-7150,4,211,1752
0,15450.4,167580,-5752,77,294,6059
3,3428.26,679.67,98.433,3,31,53
5,12005.5,53567.4,-3235.03,122,209,2534
3,4304.04,1665.74,-1109.4,6,61,134
2,6950.29,4965.39,731692,181,107,346
0,8265.77,27837,-3169,35,166,1579
0,13239.3,51962,-6367,129,272,2468
2,4607.93,1091.57,-563.91,28,62,102
3,8091.89,8688.22,1377.7,34,144,553
1,7913.34,12871.1,-1937.11,16,132,806
4,6882.23,11630.5,-1011.03,151,111,651
4,5452.3,2626.63,204.61,2,81,169
4,10398.1,37471.9,-3386.73,32,196,1997
5,3554.83,554.964,-191.28,13,43,52
3,3481.84,1325.32,-610.2,3,40,100
0,7264.29,16290,-3626,30,139,1017
4,4082.14,2543.9,-1045,12,65,202
5,8630.04,27294.6,-2330.49,133,156,1521
5,7585.72,12782.8,56631600,144,123,726
3,4681.78,1106.1,-691.14,28,62,102
5,12650,36391,-2263.06,193,225,1755
3,8631.64,16120.4,-952.161,48,160,976
5,8447.59,4948.86,-1417.47,22,131,271
5,6943.47,9716.73,1373.2,24,115,547
0,4842.05,4213.83,-1389.78,93,72,340
3,5074.67,2764.24,-438.25,9,72,205
4,4266.17,2514.74,-280.19,23,63,184
0,7516.36,17907,-2209,45,158,977
0,9495.69,19397,-3532,69,137,975
5,9774.82,29516.3,-4362.81,57,194,1521
0,12038,32889,-6870,134,235,1421
3,5981.93,5059.22,-928.79,109,96,347
0,12374.5,97867,-4862,40,272,4428
4,4971.11,1989.8,-610.33,14,75,165
5,4736.79,1824.49,53.797,9,61,116
0,13427.1,23730,-3935,28,169,1021
0,12565,58077,-6112,38,231,2606
3,7520.37,15792.7,-873.715,94,134,970
3,11355.7,38052.6,-1522.8,155,235,1818
3,3334.17,675.449,237.95,4,31,53
3,10866.6,35986.7,3367220,106,166,1111
0,9060.63,24894,-4596,4,147,1160
2,15362.5,165783,2427.02,42,320,6391
5,13861.8,96066.6,-5135.4,238,294,4249
0,10110.6,57185,-5228,19,219,2901
3,11298.6,27046.4,3949480,95,172,1412
4,4853.3,2467.98,-772.63,19,63,184
5,9063.3,10236,-302.774,250,154,557
5,10505.2,47495.1,1010.87,65,190,2118
0,12647.7,29072,-5773,44,235,1420
3,3437.46,677.033,-179.24,5,31,53
2,15519.9,100487,-4023.86,44,281,3974
4,6021.68,2764.75,358.29,14,81,169
4,8846.38,13900.3,-1628.53,272,170,771
3,4525.76,2685.32,-1093.6,17,65,202
5,17907.7,193466,-1659.32,164,390,7459
5,16549,82127.3,-7541.06,245,336,3302
3,4639.05,1031.63,-544.21,28,62,102
1,3769.31,1221.06,-1019.2,10,55,88
3,8114.37,8825.36,887.91,37,144,553
3,4579.67,2802.47,-794.31,24,65,202
4,3583.39,532.028,-845.84,3,36,35
1,3831.7,1194.5,-868.35,9,55,88
2,7997.83,9398.52,-1895.2,16,135,587
0,20533.1,288372,-13643,308,491,10392
5,13984.8,100456,-5020.39,174,281,4061
0,5503.45,3225,-1465,8,94,224
1,18116.6,143758,83181900,320,449,5537
5,11868.9,81424.4,-3638.33,77,272,3539
3,4342.02,998.47,-595.96,28,62,102
0,10787.3,43054,-5552,45,215,2060
5,11076.9,51367.4,-1213.5,138,209,2534
5,3979.86,2537.73,-1088.3,13,63,184
4,3691.73,542.815,-425.77,7,43,52
0,9173.53,41268,-5112,41,197,2122
5,3932.88,637.99,-182.67,19,58,43
3,3371.8,710.313,400.42,5,31,53
1,11572.9,68841,-2713.95,196,247,3373
5,4183.69,438.839,917.58,11,54,28
1,5964.01,5194.53,-708.43,8,105,371
4,3747.97,480.963,-955.98,1,36,35
3,6311.59,3489.42,823.54,17,101,206
1,5348.11,3357.5,-1647.1,21,70,205
1,3931.73,1210.84,-796.67,8,55,88
4,3676.24,572.914,-848.77,5,43,52
2,8894.64,12177.1,-1677.53,66,128,693
0,13306.8,63367,-6542,54,286,2830
0,7685.07,12010,-4346,39,150,655
2,6207.7,5225.01,-492.75,7,105,371
2,4460.88,1010.29,-465.16,30,62,102
2,13114.5,48675.1,695651,192,262,2394
3,14696.7,87462.2,-1590.5,57,291,3799
4,8235.22,9694.39,-1028.95,23,138,554
4,4437.66,2494.52,-441.98,17,63,184
2,4150.09,2383.59,-1158.7,21,63,184
5,3809.9,2404.29,-1036.1,13,63,184
5,6176.53,2644.98,310.21,14,81,169
2,15214,102674,-3798.99,39,283,3965
5,15959.8,89331.6,4949,79,289,3710
2,5969.6,5248.57,-1166.1,7,105,371
5,9538.35,22332.5,272823,83,139,1108
3,11651.5,38293.8,-1282.23,28,235,1818
2,21943.2,350228,2837370,256,440,10967
3,12975.3,36364.7,-1385.62,150,225,1755
5,9910.77,35132.1,-3709.45,110,176,1922
3,9764.33,27292.7,-1813.77,33,156,1364
4,16516.2,195641,-7910.17,163,390,7459
0,4980.96,6129,-1645,4,81,454
0,6781.34,11760.5,-1725.33,137,95,645
4,10663.3,50974.9,646.103,192,209,2534
2,12628.4,46083.8,66.8845,153,223,2059
3,24489.5,254534,234953,268,537,8350
4,7776.23,15081.3,-247.46,26,127,802
4,4531.71,2695,-786.7,35,65,202
4,3944.56,2417.49,-712.25,13,63,184
0,7156.96,15336.6,-2888.74,23,133,847
0,14971.1,117128,-8660,147,324,4916
2,6988.97,5315.49,-9.4752,49,79,292
0,18016.3,53246,-9667,58,338,2004
5,3612.17,539.077,-424.1,14,43,52
4,13554.5,52188.2,229.614,55,288,2334
4,3375.61,707.225,-297.57,6,31,53
4,5851.78,7222.69,-738.705,18,104,457
0,14870.6,140037,-12013,59,386,5637
0,27622.6,437696,-12120,34,376,6518
1,10998,41730.8,-2720.45,141,227,2059
4,5678.51,7082.35,-850.235,78,93,545
1,7707.54,11223.7,-2436.6,21,121,622
5,4541.05,2219.13,180.71,17,75,165
0,6813.95,4089.3,-2473.72,89,101,249
0,14838.1,53790,-7487,56,300,2200
5,5541.51,4951.2,-1229,13,85,346
2,11540.2,73773.7,-4956.2,23,249,3630
3,8263.85,16622.7,293.37,24,142,844
0,10693.7,52755,-5704,44,233,2901
4,3472.49,671.963,233.77,6,31,53
5,3776.71,569.589,63.813,13,43,52
0,5196.24,5755.62,-1427.1,24,98,371
2,5633.5,3651.31,41247.2,8,85,269
5,4616.89,1050.71,-275.01,12,62,100
4,11320.7,38216.8,-3886.21,38,196,1997
4,7128.52,7375.68,936.32,26,109,432
5,14980.1,193641,-2806.79,43,286,7322
5,4351.55,370.704,1686.1,11,54,28
1,8265.22,13091.5,-1346.65,78,132,806
4,6111.94,5042.23,-22.6351,14,96,347
3,15053.6,86695.5,-1654.7,93,301,3369
4,12649.5,45871.5,23.2089,153,273,2061
2,4280.47,2532.97,-978.29,16,65,202
0,12645.7,67593,-4839,59,207,1585
0,21613,307180,-13905,99,565,10123
0,7261.38,13103,-3057,19,144,768
5,6498.17,6793.4,-702.023,21,107,431
4,10038.8,22843.9,388388,44,176,1313
2,20611.7,411237,-9636.5,60,473,14125
5,8027.86,21968.1,373.929,78,139,1108
4,8492.9,30261.3,-1946.23,56,132,1513
2,22727.3,517269,-12134.4,321,540,18067
2,3812.26,759.041,-1810.8,13,54,64
0,10738.6,48380,-6093,18,220,2325
2,15186.5,99726.2,-3371.27,41,281,3974
3,5130.97,3017.19,-2038.5,5,65,202
5,20533,275949,1205740,58,420,9137
1,6221.55,1612.59,15492.6,36,71,103
3,19659.1,409670,-10264.1,61,473,14125
1,3977.82,1184.99,-587.72,8,55,88
5,11137.4,23310.5,-1243.74,36,176,1313
0,14156.9,135304,-9469,206,312,5731
3,15751.9,166954,-1124.41,41,320,6391
0,9139.11,32439,-2902,64,175,1688
0,13184.9,181069,-6692,40,277,7201
4,3428.98,675.844,118.19,5,31,53
1,3942.66,1224.13,-978.61,9,55,88
3,7375.65,15028.3,30420.2,126,134,970
2,9203.73,9853.46,-2080.53,101,154,587
0,12768.1,62152,-6806,213,274,2760
2,5723.72,3742.56,-922.591,64,85,269
2,11975.2,49405.5,-3366.38,223,262,2394
2,6192.24,12970.2,-1237.3,16,103,883
5,6940.2,9799.44,687.92,24,115,547
3,9206.29,37729,-3780.19,38,180,2054
3,5989.83,7385.73,-774.849,79,93,545
0,8015.72,19271,-2942,26,151,1156
1,11432,69023.6,-3010.92,49,247,3373
2,7287.89,8851.5,-1190.34,135,95,543
0,9768.74,22293,-4782,31,190,1163
5,3353.05,657.125,248.2,6,31,53
2,5990.01,5361.21,-1319.7,8,105,371
5,12506.8,61336.1,-370.091,214,214,2600
5,8826.14,26925.8,106.404,24,153,1313
1,5730.09,5212.62,-1741.4,17,99,372
0,8579.15,30651,-5610,36,179,1526
2,3868.34,1451.23,-717.077,162,52,133
0,8247.6,12894,-4927,47,164,768
2,3944.57,2197.17,-597.77,14,63,184
5,15818.3,81013.9,6132.23,74,320,3466
4,7493.61,11422.8,-1237.45,58,114,689
0,13781.9,110774,-7023,33,278,4812
0,5055.57,4112,-2146,46,81,293
0,17640.1,278992,-11426,70,454,11127
5,4932.49,2953.64,-744.91,36,65,202
5,3483.36,673.032,-264.47,4,31,53
0,24750.6,840317,-16753,99,646,26239
0,11434.9,40505,-5947,90,190,1754
0,5981.05,5907,-2220,16,92,370
2,5123.46,3615,-1011.62,123,85,269
5,7016.97,7310.03,-685.028,20,118,426
4,3765.18,466.854,-827.65,2,36,35
2,3836.8,1444.76,-753.319,159,52,133
3,15459.4,88053,-5667.12,96,301,3369
4,13290.1,41981.6,-1560.43,243,278,1938
3,11644.9,38605.1,-993.231,165,235,1818
5,7629.08,12413.9,-419.17,33,130,694
0,10098.7,43197,-4534,46,190,2318
2,4023.57,1472.27,-660.683,159,52,133
0,12916.4,47101,-4623,55,247,1998
5,11906.3,45156.9,1666.59,149,273,2061
1,5426.4,5623.77,-1371.3,5,89,425
5,6091.01,1065.9,-1504.3,10,57,76
0,10073.5,23619,-4336,29,175,1308
5,9317.56,12770.4,-1789.34,12,117,519
0,11297.5,81023,-6669,31,280,3713
4,4260.13,6230.05,-49.612,23,68,481
3,9073.67,25008.5,-1846.21,31,157,1519
1,4882.62,2868.82,-1136.48,21,77,244
1,10654.7,41856.2,-3603.12,162,227,2059
5,4198.95,2597.05,-43.469,29,65,202
0,14471.5,137907,-8858,56,360,5743
0,20858.6,346846,-11607,173,465,11123
1,3836.43,2081.36,-1620.3,4,63,184
2,7169.78,8875.1,-1186.64,136,95,543
1,11171.7,41742.1,81185,161,227,2059
4,13731.1,97387.4,4038.95,232,281,4061
5,5625.1,5419.18,631780000,29,104,368
2,7148.17,4151.96,-2405.52,70,101,249
0,10551,56038,-5468,83,240,2751
3,13694,87696.6,-850.182,54,291,3799
4,9283.62,26786.1,-518.484,146,158,1403
2,9019.35,17100.7,-2612.8,20,142,844
4,3908.43,706.528,-436.69,17,58,43
4,3701.43,539.799,-306.24,15,43,52
0,19320.5,345736,-8463.37,265,440,10967
2,6454.82,4947.75,-1489.6,15,87,322
4,7868.5,7877.05,786828,48,107,431
3,9077.5,12782.5,-2612.35,81,136,619
5,9644.53,12608.1,440.43,32,152,693
3,6005.79,5283.91,-1182.06,9,99,321
4,13468.2,96020.7,-90.4225,192,273,4429
1,6788.34,7794.01,-2711.8,13,117,427
5,7246.77,6387.57,12531.3,37,104,368
0,11608.7,57005,-6770,50,251,2677
5,4554.69,6651.8,-322.03,14,67,481
0,4874.71,1397,-2042,31,73,115
2,12233.2,49224.7,-3521.75,37,262,2394
3,3688.59,378.577,1321,11,54,28
0,7882.96,11532,-2832,117,139,696
0,5092.13,3079.15,-1897.5,2,65,202
4,4313.83,440.988,-213.63,26,65,35
2,4028.1,2238.96,-1624.7,10,63,184
3,7618.63,5241.91,-1028.53,44,86,205
2,3879.08,808.011,-1505.8,13,54,64
5,11162.9,39451.8,-4031.22,141,219,1875
0,32347.7,855945,-17463,163,711,20648
1,4433.28,976.981,-1296.5,14,66,101
5,3793.97,683.382,-1032.1,4,58,43
3,3339.56,696.537,52.557,7,31,53
2,7095.5,12559.4,9399.52,141,123,726
3,9665.06,27591.9,-3099.91,103,166,1414
0,7633.13,13361,-2629,24,132,694
2,7247.74,12680.3,-936.132,9,123,726
0,13692.9,149213,-11081,68,367,6073
2,4086.97,5894.92,1661.2,18,68,481
4,3704.81,517.514,-763.64,7,43,52
4,4934.29,6386.74,-431.69,23,68,481
4,12986,62801.8,6913.3,45,279,2979
5,8015.87,4808.23,-1131.2,16,110,294
4,12472.3,54197.2,-3785.21,155,218,2391
4,9656.86,25682.7,-746.43,36,174,1415
5,4233.46,6342.78,187.09,27,68,481
1,6047.77,5225.3,-965.46,11,105,371
1,6159.56,5183.04,-1126.7,7,105,371
5,3752.67,597.396,-213.74,14,43,52
3,6267.3,5004.65,83957.7,91,96,347
1,12091.9,49727.7,-3915.25,36,262,2394
3,9043.57,12146,-990.852,10,117,519
0,9523.32,60081,-3507,26,197,3201
3,8681.87,4806.98,-1260.01,34,131,271
4,3725.69,466.235,-952.21,1,36,35
0,7855.94,16821,-1851,29,127,896
2,8718.44,18428.8,-4944.2,15,146,891
4,5795.88,2382.13,370.01,4,81,169
2,10429.9,37678.6,-3639.82,28,235,1818
4,8860.67,28107.4,-3447.84,107,166,1414
3,13584.6,92442.1,-1084.04,202,254,3885
3,8653.82,25158.1,-649.462,34,157,1519
2,12000.7,73949.5,14166,25,249,3630
0,3872.86,1754,-1530,8,58,130
2,12630.4,75387,-1466.87,26,249,3630
3,4222.73,2770.87,-9.9776,26,65,202
4,18575.1,201322,-7278.02,160,390,7459
4,4604.09,2414.36,-645.565,175,54,165
4,8281.05,26399.9,-3821.98,127,172,1412
3,7635.82,15173.6,-2627.74,117,134,970
5,13849.1,96236.7,-327.346,43,294,4249
4,13425.3,98176.2,3892.38,187,281,4061
0,11015.5,37702,-3601,64,229,1756
0,8438,26292,-1957,17,159,1573
0,10832.4,47380,-5304,60,201,2316
0,9716.36,42871,-4349,26,196,2128
5,7618.9,9020.02,-696.168,208,107,517
4,4239.68,1065.13,-1144.6,19,66,101
4,4482.6,2794.39,-915.6,22,65,202
5,10206.2,28652.2,1041.59,79,194,1521
3,11914.4,36665.1,42176.6,150,225,1755
5,4679.64,1074.5,-329.24,10,62,100
5,20102.8,272359,14690.2,49,420,9137
0,11371.4,45777,-3979,16,201,2323
4,3990.84,577.612,-438.22,10,43,52
2,6952.05,13199.8,199936,183,96,804
2,11927.7,33827.2,133303,122,234,1581
5,4100.69,715.645,-208.55,20,58,43
2,8147.22,9476.5,-2184.83,198,130,490
5,4387.37,2719.44,-498.73,30,65,202
0,19120.3,175863,-10090,66,405,6185
0,10171.7,24594.1,-3866.1,20,186,1264
4,10354.6,17273.9,32926,154,172,973
3,7696.32,13800.8,-610.98,11,127,802
3,3772.18,490.306,-827.49,2,36,35
5,4207.64,6159.71,-224.3,31,68,481
3,5392.72,3467.84,-720.316,137,51,132
3,12622.8,79552.2,2377.75,38,272,3539
1,11330.9,69093.3,-3197.91,45,247,3373
5,5438.02,1051.02,-980.41,7,57,76
4,3731.28,528.087,-568.17,10,43,52
4,14708.7,143928,309.064,303,308,6057
4,5994.85,7352.19,-855.775,104,104,457
5,8577.6,26682.8,-3073.45,44,156,1364
3,4886.54,548.603,194.34,22,65,35
3,11510.4,26369.1,-1945.52,118,166,1111
1,4446.96,1776.77,-657.78,8,66,164
2,16115.4,166295,54527.4,155,320,6391
5,10152.4,14755.1,761.38,94,143,771
3,12038.1,32943.7,2536.3,51,210,1213
3,13671.6,43156.1,-2174.37,119,234,1581
5,3996.78,664.004,259.17,23,58,43
0,15706.9,76086,-7846,47,306,3062
4,9644.27,29051.4,3157.58,23,156,1364
5,3484.68,681.72,164.52,5,31,53
5,14243.1,97681,3293.37,262,294,4249
4,8630.42,20379.7,-3458.88,172,163,1162
0,6109.88,5929.68,-1798.74,97,95,372
1,12317.1,49625.8,88525.5,228,262,2394
5,9153.93,20500.1,-1577.64,161,163,1162
3,12571.2,54030.7,-4107.84,156,218,2391
3,4575.49,2061.93,-366.758,6,63,166
4,3884.85,445.267,-615.34,1,36,35
3,5650.67,2543.68,147.72,12,81,169
0,8143.47,11692,-3968,20,157,691
0,9830.91,39579,-3987,38,182,1993
4,9348.37,26558.3,67820.1,138,158,1403
0,12527.9,129817,-7535,118,258,5414
5,7843.9,25202.2,-3865.17,125,172,1412
3,12050.1,61203.4,-5279.69,29,247,2754
4,16699.8,144925,632966,74,362,5847
2,12850.1,38460.9,-4511.21,111,234,1581
5,4536.42,6768.46,-30.514,24,68,481
0,23070.7,455591,-10850.4,126,515,13971
4,13750.8,42080.4,-2772.98,37,278,1938
4,5927.59,10546.7,235285000,22,102,764
4,10749.7,38398.8,5884590,36,205,1751
4,4210.5,785.372,-1764.2,13,54,64
0,10896.1,34052,-4550,35,196,1580
0,23908.7,843725,-14353,62,533,20414
3,11202,37896.9,-1417.24,126,205,1751
5,4364.29,622.406,-410.61,16,58,43
3,6976.7,6864.88,-1384.92,10,118,426
3,4073.44,1930.39,-676.803,198,63,166
0,8253.66,22740,-1810,23,138,1206
2,5889.3,12739.1,-1222.5,19,103,883
5,8689.7,25552.4,-832.609,42,156,1364
5,7021.22,6780.59,574.08,27,108,428
2,4613.81,4243.34,-1679.08,21,79,317
5,14111.7,68929.4,-1708.52,65,325,3143
2,16488.7,166518,-1825.89,57,320,6391
3,12406.2,71106.5,112841,187,262,3211
1,4458.42,976.43,-1497.7,14,66,101
4,9849.25,10227.6,3689020,209,130,490
2,7375.33,4157.36,-1264.2,11,101,249
4,9544.2,34331.3,1062.45,118,176,1922
2,6526,4943.6,-2032.5,14,87,322
3,23086.2,265646,4500.77,296,537,8350
3,6645.6,10330.6,-1963.8,21,109,689
2,3940.57,1448.03,-816.983,159,52,133
5,4359.2,539.597,223.4,26,65,35
5,12516.2,78866.1,-550.725,158,252,3882
2,3878.01,2174.98,-807.364,20,54,165
3,12442.9,36767.3,2832.71,200,225,1755
2,5240.83,4189.72,-450.15,17,79,317
4,3688.74,2251.4,-870.2,17,63,184
5,4139.33,2557.95,152.87,32,65,202
4,7220.87,9278.52,-179.36,88,138,554
0,20026,591959,-14770,191,457,16028
3,9496.74,16918.7,-2710.28,26,172,973
3,4112.79,2614.86,-93.845,21,65,202
5,6424.46,3774.03,1146.9,27,101,206
1,6893.38,7820.09,-2655.4,11,117,427
5,12922.6,59578.6,-1284.91,158,209,2967
5,8227.16,4649.97,60239.2,98,131,271
2,4816,2135.33,-66.691,16,75,165
2,6377.24,5345.78,10031.9,6,99,321
5,9625.52,25719.4,-2640.87,234,154,1252
2,9973.72,10022.7,2604080,81,154,587
4,14510.6,143018,358031,57,308,6057
0,5925.06,7643,-3609,11,108,487
4,17738.4,160101,1296.4,202,359,6068
3,9958.3,10525.3,-3417.43,91,154,587
0,9590.08,22703,-5147,98,178,1113
1,3977.11,768.61,-1725.6,9,54,64
0,27244.7,408580,-13376,117,649,12837
2,16327.7,165033,-3128.49,254,352,6744
3,7737.01,9572.21,324195,82,138,554
0,7846.66,16384,-1691,20,127,973
1,6153.5,8031.53,-2978.8,4,106,549
2,4479.75,2586.74,-201.11,15,65,202
3,8897.24,12429.1,-1655.07,10,117,519
2,5113.5,4162.98,-896.452,16,79,317
5,6696.55,22347.1,188591,86,128,1255
1,5645.18,3113.07,-984.92,10,94,224
3,6885.61,8773.17,-1277.76,4,95,543
5,4759.77,2570.98,-864.05,33,63,184
3,6424.64,5064.79,-1180.22,113,96,347
5,13576.5,82812.2,-4450.12,88,272,3539
4,3634.89,541.733,-685.28,5,43,52
0,13836,88776,-2782,44,160,1692
3,16274.2,167358,-1996.77,49,320,6391
2,10245.1,35077.7,48931.9,199,208,1691
5,9058.77,12024.6,-1540.41,211,117,519
3,7342.23,9580.74,-2021.64,26,123,621
0,19296.1,299262,-9385,262,401,9540
5,5947.7,4802.19,-1674.37,20,88,292
3,9576.1,26308,-3298.78,42,174,1415
4,3756.49,489.522,-766.46,1,36,35
0,6878.88,6703.62,-2557.97,100,121,429
0,4367.08,5227,-1321,34,74,395
0,9953.64,30654,-5657,13,174,1470
4,4312.04,2390.99,-613.99,22,63,184
2,5159.07,2227.65,-161.75,13,75,165
4,9735.13,11520.6,1561.46,120,156,654
1,8118.42,9433.42,-1109.91,184,135,587
1,5631.33,3117.81,-1385.3,10,94,224
3,7288.96,15829.1,-618.553,102,134,970
0,12825.8,29651,-7068,16,260,1416
2,5202.42,4216.29,-1054.46,17,79,317
4,10025.1,12459.9,100.86,21,152,693
2,5800.54,11126.8,946.251,28,102,764
3,4069.24,6315.85,-499.94,36,68,481
3,13503.9,67884.5,-2257.26,101,224,2192
5,4131.24,697.457,-840.76,17,58,43
0,10608.5,70117,-7184,24,212,3369
3,3841.16,2218.62,-470.547,8,43,161
1,4286.09,2125.81,-1440.2,10,71,188
2,13748,86665.9,-3688.79,45,291,3799
3,6649.77,12823.6,-962.953,174,96,804
0,9269.49,33880,-3908,72,168,1865
1,11475.3,69274.4,-4836.93,197,247,3373
5,11677.8,33150,2722.2,68,210,1213
3,9307.3,38074.3,-2906.04,45,180,2054
0,12416.7,63494,-4503,167,219,2530
3,7392.12,13967.1,609636,94,120,809
4,5714.83,1109.89,-1080.3,15,57,76
5,13149.3,65722.4,6025.4,55,279,2979
0,13979.9,68828,-4829,62,315,3138
1,7016.42,5322.79,-1274.25,49,79,292
2,5402.66,4403.06,-1032.64,18,88,292
3,6328.25,5362.6,-1166.39,15,99,321
5,3849.19,2528.46,-752.03,17,63,184
1,4091.51,2245.46,-1086.08,51,54,165
3,15628.7,166438,-626.844,60,320,6391
3,5426.49,2492.52,896.67,4,81,169
5,5563.46,9371.62,-53.0709,141,98,651
3,8086.1,11855.2,5787.08,60,128,693
3,8332.87,4694.78,64036.9,26,131,271
3,4473.24,2702.91,-1283.1,15,65,202
1,6697.3,17203.5,-2316.3,7,128,1065
4,8373.04,21169,318100,176,145,1156
3,4202.14,668.269,-967.78,17,58,43
5,3720.48,490.712,-712.14,3,36,35
5,3671.35,491.668,-568.55,2,36,35
0,15179.2,72177,-6459,143,280,2398
3,6291.49,5274.16,-443.88,11,105,371
1,5157.63,3120.31,-2238.2,4,65,202
5,9556.97,36604.2,-3976.65,44,196,1997
2,3892.75,392.718,756.49,15,54,28
1,3816.02,1214.08,-922.46,9,55,88
4,6174.05,4039.39,-900.17,16,100,294
5,8228.19,5482.6,-1413.84,34,86,205
4,14656.2,146535,-723.836,212,308,6057
5,9930.66,23442.1,-1132.68,53,176,1313
0,16960.3,179968,-11634,68,452,7230
5,9814.04,34013.6,1473.83,57,199,1696
0,13901.7,146542,-8242,50,326,5954
5,4996.28,1599.93,-1785.3,6,70,131
0,18906.7,318641,-11280,80,539,11420
2,12693.9,49634.8,61158.9,227,262,2394
4,11173.2,52682.4,-4461.51,125,224,2192
2,7899.36,12983.4,-2041.39,15,132,806
5,5422.94,2794.18,-867.38,13,65,202
5,9141.14,11386.2,-1939.2,12,140,590
4,7619.3,18249.7,-1751.7,10,128,1065
3,6150.54,11316.8,1140.58,18,102,764
2,3997.95,2079.86,-2124.2,4,63,184
3,13982.3,53367.8,-1115.59,58,288,2334
5,3650.3,567.429,-250.45,14,43,52
3,5032.7,2888.96,-773.909,109,67,224
4,9556.9,19728.8,1316.53,23,157,1113
0,15614.5,178927,-8576,60,345,7214
4,12678.2,46045.9,40035.3,172,273,2061
1,4186.12,1531.49,-1036.4,4,55,133
4,15897.8,90361.1,-3720.37,101,301,3369
3,4224.01,781.147,-1681.7,12,54,64
5,12849.2,60227.7,-3644.43,35,247,2754
4,13514.6,46846.2,347.836,147,273,2061
5,4574.22,2889.66,-576.75,36,65,202
0,8065.52,3699,-2157,36,123,152
1,4096.5,1559.23,-983.33,4,55,133
5,3566.65,473.54,-588.63,1,36,35
3,3738.98,492.056,-492.44,0,36,35
5,4617.26,6512.17,555.75,11,67,481
5,4158.35,405.557,1009.4,11,54,28
3,9554.22,38746.9,8810.79,75,196,1885
4,7595.18,4175.55,3175.42,34,86,205
4,17977.4,158701,13139.2,215,359,6068
4,10702.7,36594,-3261.06,165,225,1755
4,3627.58,554.893,-566.85,6,43,52
5,4347.15,810.124,-1495.2,13,54,64
0,15144.3,132377,-8608,114,310,5218
3,11075.3,48483,18306.5,94,190,2118
4,5772.24,1112.79,-1595.9,7,57,76
3,9094.12,26834.1,-1566.28,32,156,1364
1,3996.9,1191.88,86.121,2,59,101
5,8907.69,17436.7,447.89,82,133,890
0,7297.08,9230,-2616,21,116,522
5,11221.8,51441.5,-2826.56,138,209,2534
4,3727.55,462.188,-729.98,1,36,35
5,4036.92,2330.36,-654.85,18,63,184
5,3979.1,2314.68,-545.29,25,63,184
4,17038.2,158398,1209.2,199,359,6068
0,8752.9,33996,-3043,23,170,1869
0,16057.4,93268,-6625,149,339,3552
0,8862.25,35392,-1897,87,181,2054
4,10347.1,28286,-1428.67,52,194,1521
0,3995.06,785.499,-2547.7,8,54,64
4,13322.4,96007.7,-109.29,182,273,4429
3,12134,60640.1,-5447.72,34,247,2754
0,8332.77,30412,-4810,29,159,1518
2,11757.6,74588.2,-4994.5,38,249,3630
0,9799.01,23292,-4518,19,157,1211
4,10130.6,28282,-1717.57,95,166,1414
1,12318.4,49601.2,-3595.95,221,262,2394
5,8060.74,14481.3,466.78,33,127,802
3,4766.94,2339.24,-451.27,20,63,184
5,4252.47,2733.44,-1046,27,65,202
2,4050.75,2096.55,-1729.1,4,63,184
0,7667.69,27218,-3295,21,157,1635
4,22854.2,281623,-1211.71,310,468,9276
3,20404.9,249306,-12530.9,291,537,8350
0,14863.1,57918,-6009,34,246,2067
1,3211.82,578.195,216.36,3,51,45
4,4209.93,6552.09,-380.31,14,68,481
4,12871.5,60080.4,-3817.65,196,223,2822
5,13031.5,58895.2,-877.07,47,220,2461
1,5075.18,3036.36,-2000.8,4,65,202
3,15618.5,87972,-294.344,89,301,3369
4,5990.05,4946.45,540000,105,96,347
3,4926.91,2875.17,31653.3,110,67,224
4,16081.4,212690,-85.0912,42,336,8195
3,4903.13,2022.4,-616.44,14,75,165
4,3687.29,463.352,-829.61,2,36,35
4,8052.38,9881.98,-1871.85,25,123,621
1,4823.82,1907.92,-619.05,10,75,165
5,4518.77,2828.24,-425.52,33,65,202
5,8295.75,18917,-1621.2,17,128,1065
3,5048.42,2998.93,-2356.9,4,65,202
5,9588.33,36711.3,-4030.49,27,196,1997
5,4604.43,2713.56,-1190.7,25,65,202
0,19362.4,430144,-12026,340,494,14646
1,6002.79,15037.3,-2444.3,16,125,1014
3,14959.7,216249,-4121.48,295,336,8195
3,5100.29,3067.15,-750.73,105,67,224
3,11948.9,48448.3,632395,90,166,1414
0,17707.8,111708,-4366,26,280,2398
5,15695.8,82407.9,-1131.02,278,320,3466
1,6055.6,5264.14,-1995.1,21,88,370
4,6495.09,8049.69,31.237,25,99,583
1,3776.68,1533.78,-1301.1,6,56,114
4,7467.2,9077.73,377.23,30,130,515
4,3999.19,2146.33,-1340.9,4,63,184
3,4508.14,6422.46,-723.4,40,68,481
0,17394.8,204870,-7639,129,381,6198
5,4987.67,2387.3,6966.1,16,76,165
3,15246,137104,-30.4234,207,279,5626
4,8285.7,4739.64,314115,26,131,271
2,7301.18,12612.1,-1697.6,15,123,726
5,8379.57,20938.2,573.77,52,143,1203
1,6655.65,7824.02,-3114.9,11,117,427
2,22191.4,516130,-254.874,336,540,18067
0,16308.7,255421,-9490,232,353,9804
0,8699.69,4617,-3001,45,106,184
0,4669.66,3552,-2274,44,75,271
2,5413.82,2503.63,59.717,3,81,169
4,3691.2,568.638,-268.86,15,43,52
4,5781.94,2225.74,-755.641,29,82,185
2,15211.1,251756,24033.2,101,346,7851
4,13734.2,66410,-1611.47,164,223,2822
3,7235.03,12726.9,-880.685,141,123,726
4,4271.87,1667.2,-564.41,8,61,134
4,5461.97,3556.34,-645.162,135,51,132
0,11524.9,61322,-4701,80,203,2671
5,14292.3,101215,345435,242,281,4061
0,6406.74,5590,-2658,12,108,318
1,4281.88,1332.33,-829.92,1,57,129
4,17667.3,219815,-1116.07,260,336,8195
0,8629.68,29452,-4554,99,183,1633
5,20371.9,275506,9504590000,277,420,9137
5,8716.44,16485.8,-1115.3,68,160,976
5,8200.57,27185.3,-3519.91,89,166,1414
3,7332.47,10814.1,-343.047,218,101,584
0,5436.99,5279.97,-2737.5,22,88,370
3,5175,2844.16,151.955,106,67,224
0,4688.96,2333,-1756,34,70,185
0,5575.68,3529,-2491,6,62,182
0,34514.9,1242860,-17047,156,721,28833
5,15429.8,90832,2552.1,83,289,3710
4,6101.43,13481.3,-1276.1,13,103,883
3,5764.83,3744.06,-1034.87,15,85,269
0,11626.1,54237,-2280,97,193,2257
5,4501.75,2036.01,427.28,37,75,165
1,11461.2,41671.2,24435.6,211,227,2059
5,4898.08,1396.64,423.82,30,64,116
2,7014.27,28003.1,-2538.4,11,131,1686
0,7062.15,17573,-3700,23,152,1107
4,4862.83,2908.8,-244.18,38,65,202
4,5725.41,6072.01,-1361.9,9,89,425
3,9854.8,30085.3,-719.469,40,171,1747
3,10730,38118.1,2627690,27,193,2118
0,9075.43,34571,-4805,30,211,1632
2,6117.2,8171.17,-3508.2,11,106,549
5,7949.19,15075.5,398.91,23,127,802
0,12263.8,63476,-3788,141,232,3132
2,15335,251639,141538,102,346,7851
0,4730.32,4498,1413.5,9,79,342
2,10565.6,10500.6,-3045.88,101,154,587
5,10037.1,39412.1,-923.615,130,207,1995
4,10747.6,44414.3,-1458.27,32,197,2257
0,45110.2,1088800,-21376,259,889,23591
1,5385.67,1045.6,-860.613,38,65,76
3,8377.4,20879.2,433.46,47,143,1203
3,5950.97,7818.7,-633.85,10,99,583
0,13453.8,83677,-8253,37,275,3455
0,6948.7,17150,-2828,26,141,1068
5,5613.6,1795.39,-1325.74,178,76,147
1,5628.25,4601.71,-1157.9,16,98,294
3,3600.15,727.055,226.91,4,31,53
3,3958.91,2040.85,466223,24,43,161
3,7081.95,8973.88,-928.585,122,95,543
5,11206.3,31387.7,1026.75,120,204,1692
0,5312.42,9205,-1973,9,91,548
4,12594.2,78460,-585.479,172,252,3882
3,6362.63,6990.25,-1581.28,73,118,426
5,3910.94,6107.46,-263.72,35,68,481
4,5458.84,4699.94,732.966,65,86,367
0,16013.5,158878,-9898,50,347,5642
0,8764.12,35280,-5615,51,180,1992
2,14903,59906.8,-2010.35,78,305,2610
4,4379.6,522.172,560.81,26,65,35
1,5179.15,3683.27,-688.86,21,82,289
1,3948.07,1202.46,-958.45,9,55,88
3,5683.66,1813.68,-1331.51,73,84,136
4,5314.74,1149.88,-1575.7,3,57,76
4,4566.84,2366.71,-974.57,21,63,184
0,7679.52,16995,-388,7,116,886
4,8939.82,28951.2,-516.726,147,179,1626
5,3584.12,540.67,-322.04,15,43,52
0,16885.1,157540,-8072,85,355,5537
3,10091.2,42301.8,4868.01,230,159,2181
2,20475.3,348346,-3057.87,262,440,10967
5,3758.82,381.688,1485.8,5,54,28
5,12901.9,63797.9,4469.4,61,279,2979
5,17042.6,215919,-1110.95,258,336,8195
0,10241.5,34794,-4704,151,205,1637
4,5592.92,6026.89,-1394.2,10,89,425
4,9908.15,26127.4,186.126,28,174,1415
0,9185,16015,-2907,71,132,971
5,5411.9,1111.71,-1416.7,4,57,76
2,10377.9,34841.2,1149.99,28,208,1691
4,8861.06,27344.7,-2496.49,32,156,1364
5,9287.12,12471.7,866.35,34,152,693
0,13497,104812,-7817,238,305,4343
4,5887.9,7679.27,-159.66,52,99,583
5,11371.9,53676,-4079.11,130,209,2534
5,4805.3,2599.2,-1030.7,33,63,184
5,3525.49,557.313,-60.336,13,43,52
1,7864.39,13730.2,-3258.94,114,170,771
5,3476.55,709.585,129.01,4,31,53
0,7892.31,14376,-3533,18,134,808
0,10909.3,102718,-5939,43,233,4712
3,4801.14,2652.33,-842.12,16,72,205
0,11100.7,74089,-5664,129,230,3288
2,8676.28,9918.52,-3502.34,105,154,587
4,17747.5,146447,14403300000,102,362,5847
3,4306.12,1668.96,-570.42,8,61,134
5,10051,20698.9,-1148.53,24,157,1113
0,15265.6,146678,-5339,236,309,5850
4,3623.38,512.373,-614.86,3,36,35
0,12644.9,67357,-5205,95,243,3058
1,3923.4,1200.24,-827.17,10,55,88
4,8847.25,21595.5,15302300,122,139,1108
3,12953.9,60657.5,-1266.49,29,247,2754
4,5604.04,1803.61,-1384.01,178,76,147
0,8977.38,14822.6,-3060.7,151,143,771
2,23790.2,521716,624410,371,540,18067
3,4731.98,1927.12,-751.99,3,66,164
0,12202.2,41137,-6143,36,216,1754
3,8105.83,21194.6,-161.93,37,143,1203
5,5248.58,2253.11,293.45,22,75,165
3,5088.79,3015.19,-2062.9,4,65,202
2,11865.5,73532.7,-2573.55,25,249,3630
0,11500.7,46807,-756,31,229,2463
5,9661.43,36137.4,-2234.11,32,196,1997
1,11124.1,41457,-3248.32,145,227,2059
4,9264.53,11244,29642.4,127,156,654
0,14834.5,57384,-6187,20,180,1167
1,4088.57,2198.79,4946.59,183,54,165
5,3913.12,362.194,1695.6,11,54,28
4,4347,653.794,-5.8675,24,58,43
4,10605.2,40295.2,-1477.98,41,207,1995
0,6496.26,8463,-1578,11,117,553
5,19450.7,205913,1380.14,152,390,7459
4,16155.8,176822,14857800,234,367,7087
0,6363.7,6822,-2320,14,105,427
2,4424.6,2508.89,-1232.8,10,65,202
4,3565.72,567.583,-396.11,14,43,52
4,3363.62,653.263,-189.77,4,31,53
4,4196.7,1644.82,-509.03,10,61,134
4,7577.44,11137.3,-1497.73,88,114,689
0,9593.41,27348,-5422,86,191,1522
4,11714.2,71604,6877.07,157,262,3211
3,9963.93,22923.2,-8.10595,114,166,1111
2,12048.9,49468.5,-3759.14,221,262,2394
2,5567.45,3455.89,-696.848,1,51,132
3,15196.9,59344.3,-888.276,148,305,2610
4,5098,2219.07,270.23,17,75,165
5,22517.2,270298,134757,321,468,9276
0,11931.8,30767.8,-4642.99,166,235,1525
4,5103.33,2849.35,-665.354,99,67,224
3,4482.41,1010.35,-218.57,28,62,102
1,6242.55,5261,-1138.4,7,105,371
0,9645.6,33493,-2914,41,184,1807
4,4237.59,2487.29,-1540.2,20,63,184
4,7750.3,15519.3,-198.506,92,131,971
3,12941.6,60079.5,-1602.61,27,247,2754
5,4593.3,516.556,341.96,24,65,35
2,5309.47,4285.67,-1156.55,18,79,317
5,3788.39,562.345,-363.72,15,43,52
4,4692.83,2956.33,-999.55,21,65,202
5,3643.82,508.539,-743.92,4,36,35
1,5007.73,2849.48,-1385.27,21,77,244
5,3717.77,551.984,-266.77,4,43,52
3,4965.82,519.055,520.45,22,65,35
0,12005.7,74442,-5532,28,252,3455
1,6067.9,15173.1,-2697.9,16,125,1014
4,8994.74,20211,-2844.75,83,163,1162
2,7636.31,33884.2,58297.1,68,148,1919
4,5103.33,2849.35,-665.354,104,67,224
4,4364.24,6614.09,-119.72,16,68,481
0,7655.41,10205,-3969,17,137,621
2,22537.7,350783,62203,248,440,10967
0,11686.3,91434,-4859,56,258,3713
0,7134.62,12862,-2386,15,132,807
5,4310.85,554.234,137.62,22,65,35
3,5803.89,2538.27,233.61,6,81,169
0,9161.81,17378,-3864,28,155,932
4,13287.9,79938.5,-4704.66,45,272,3539
4,12715.8,81125.1,-4125.93,75,272,3539
3,3643.29,489.465,-888.25,2,36,35
3,3471.95,1308.09,-650.485,1,40,100
4,3341.62,651.548,-109.19,3,31,53
0,5662.5,6699,-2874,30,92,456
0,14505.4,185774,-7643,59,335,7099
3,8917.87,28886.9,-3640.85,150,179,1626
2,8032.19,9425.23,-2333.24,203,130,490
5,11881.4,60684.7,1011770,25,214,2600
5,7655.62,19616.4,2069.8,52,143,1203
4,4252.77,2415.2,-1067.4,16,63,184
3,3740.83,2199.71,14.2324,12,43,161
2,14835.5,101726,-3381.71,38,283,3965
5,3675.3,531.64,-567.86,3,36,35
4,4267.53,1702.64,-600.46,5,61,134
1,3837.72,649.055,-387.28,24,50,42
5,8427.75,26482.7,-396.609,123,156,1521
2,5905.88,13080.9,-1664.6,15,103,883
4,9540.47,25560.7,-251.464,157,174,1415
2,4358.75,1009.6,-1236.7,22,66,101
0,16281.5,165928,-8677,61,374,5435
4,17902.7,154432,28920400,135,359,6068
4,11488.2,58615.2,50902.2,326,217,2904
4,3446.89,676.211,97.763,2,31,53
0,8417.11,12249,-2200,25,140,656
3,15709.9,157144,3204.2,101,310,6737
3,7030.33,9201.49,209.952,196,138,554
1,4576.89,1036.27,-461.78,28,62,102
5,11217.7,45490,-868.419,123,197,2257
4,6327.9,1676.16,-970.168,30,70,103
4,11985.9,52697.9,-987.439,130,224,2192
0,9293.49,29443,-3155,14,164,1579
0,11287.4,12939,-1870,44,101,457
2,12571.6,73705.1,-931.442,30,248,3630
5,9735.74,20719.9,-813.577,207,157,1113
5,4772.91,1852.51,-168.78,6,61,116
2,6554.51,5058.73,208425,81,96,347
5,10066.5,37230.3,-710.497,34,196,1997
3,24701.1,281528,154969,293,540,8870
5,4180.54,676.822,238.46,18,58,43
5,10679.4,22970.9,-1353.87,45,176,1313
0,18459.9,161519,-8388,65,318,4732
5,5010.98,3199.93,-2132.6,16,70,205
4,3651.58,575.93,-882.45,5,43,52
1,8447.94,13900.2,-2930.06,121,170,771
5,9791.16,33986.7,-308.216,118,176,1922
4,3519.29,386.269,1281.3,11,54,28
2,4513.59,2070.15,344.4,14,75,165
3,15551.7,156668,992.34,97,310,6737
4,12778.4,55820.4,480.466,142,218,2391
2,17309.6,136997,460252,318,449,5537
0,7264.19,13372,-3638,47,111,726
3,5087.59,4478.07,-566.35,12,85,346
5,14988.3,80865.7,2090.78,258,336,3302
5,7980.65,7686.05,124813,56,109,486
0,10415.5,14721,-2855,17,188,587
5,15155.6,78520.8,1023370,262,336,3302
3,4319.04,2470.33,-739.66,25,63,184
3,11514.9,30299.3,-2987.12,119,166,1111
3,13886.9,141961,-1011.99,260,308,6057
4,14758.5,87689.4,5119.8,83,289,3710
0,8109.12,25831,-2893,18,116,1110
5,3891.06,645.679,-514.63,11,43,52
2,4063.32,2239.72,-1149.1,9,63,184
2,12288.7,74334.5,1647620,23,249,3630
3,4202.83,2726.07,-847.16,27,65,202
5,5100.56,2563.42,-804.54,15,65,202
3,13192.4,90509.7,-4721.84,212,254,3885
5,15526.4,177443,-1251.02,217,367,7087
5,6694.1,15977.3,-1966.6,20,125,1014
4,9380.48,25748.4,-975.037,29,174,1415
5,3260.45,655.911,231.47,6,31,53
5,4368.85,2729.77,-190.12,39,65,202
0,11284.9,32743,-3238,27,210,1635
5,13841.6,98430.3,231928,201,281,4061
4,15143.3,94779.5,29098.4,201,283,4064
3,4109.52,2235.19,-973.64,13,63,184
0,10878,25961,-4002,28,178,1208
3,9897.12,17428.3,-2483.86,28,172,973
2,7415.81,9277.63,-1353.21,21,138,554
3,10541,31521.2,-2680.2,129,203,1580
1,5772.67,4309.06,-1755.6,17,90,317
0,13504.2,155549,-6647,249,302,5946
3,15734.7,75770,26146.8,271,336,3302
5,9785.9,14726.5,223647,55,143,771
1,3794.48,1222.56,-969.53,9,55,88
0,22239.4,434123,-11925,103,507,14148
2,4285.69,1023.04,-631.53,28,62,102
1,5091.62,4044.26,-1019.4,10,85,346
3,8801.87,27497.3,506639,47,156,1364
2,12001.8,73904.7,102077,23,249,3630
0,8731.22,47679,-3458,48,181,2321
2,8786.99,12064.1,-1148.68,59,128,693
5,3771.11,466.32,-847.4,3,36,35
3,8565.86,20898.1,-146.81,41,143,1203
4,16989.9,158236,1630.95,193,359,6068
2,3837.74,768.999,-2444.6,12,54,64
4,4664.85,557.634,1105.1,26,65,35
5,5338.8,4553.08,401250,11,79,342
2,9156.18,30629.2,-1432.58,64,132,1513
3,4990.86,1741.87,-1215.4,2,70,131
2,5861.4,11250,-1403.11,251,102,764
5,4371.09,2363.66,-210.97,37,63,184
3,4392.43,1130.72,-662.23,28,62,102
3,4131.52,652.894,481.04,21,58,43
2,4086.21,385.934,3884.1,11,54,28
0,7966.06,9360,-3263,18,139,553
1,3800.92,1190.79,-1145.3,9,55,88
5,4869.96,2214.06,60.375,30,75,165
5,11567.3,29217.8,-729.88,43,178,1410
4,3227.08,662.416,19.834,2,31,53
3,12938.6,75295,5351.79,167,262,3211
3,9620.82,38760.1,542.76,69,196,1885
1,4288.16,2559.26,-1266.4,9,72,205
2,5959.68,11043.6,-857.158,259,102,764
0,18599.1,178407,-7651,73,438,7216
2,13766.3,86648.3,-3719.03,46,291,3799
5,8311.81,0,1050930,28,140,590
0,13866.4,45883,-7281,128,279,2061
5,3450.26,648.64,11.842,4,31,53
3,7629.11,14047.3,-546.39,11,127,802
0,36025.1,1352090,-19150,506,943,29097
3,6156.98,8120.55,-3098.2,9,106,549
0,16321.1,100742,-8039,62,328,3980
0,12194.5,78899,-6759,204,276,3876
2,4413.96,5902.27,-209.16,22,68,481
0,16020,84493,-7059,56,320,3380
0,14998.5,118362,-9850,287,353,4722
0,3288.58,485.812,13583,3,36,35
1,9833.2,17183.8,25233.2,95,183,931
3,4512.76,1722.03,-699.36,7,61,134
5,3305.37,390.523,717.55,11,54,28
5,7680.44,4460.18,14450500000,10,101,249
2,8067.69,32891.7,-848.143,22,148,1919
3,8364.23,9652.62,7876830,182,135,587
3,4047.94,5975.82,-678.25,7,68,481
2,8909.82,8575.89,-2324.34,99,145,520
0,28169.2,530984,-11004,74,537,14320
4,20253.7,412580,-9850.95,103,458,14125
5,4163.37,564.437,-94.571,26,65,35
4,12906.8,56686.4,1556.7,50,220,2461
4,5815.74,3973.64,739.03,15,100,294
2,15339.5,100120,-2773.33,44,281,3974
2,4625.15,2706.52,-993.54,14,65,202
5,3688.96,564.476,-305.23,15,43,52
5,6188.39,1082.74,-1349.2,7,57,76
0,10426.5,59471,-5078,52,256,3052
3,13551.9,52667.6,515.046,178,288,2334
1,5618.36,4606.95,-696.994,18,85,343
3,8899.12,26610.1,-1721.95,32,156,1364
4,11870.8,75348.3,-5452.99,171,264,3217
4,20385.3,276193,11642.7,53,420,9137
0,7074.11,3092.34,-1502.83,110,85,204
1,4699.84,1060.11,-568.05,28,62,102
0,14456.3,114047,-8734,251,333,4622
5,10364.7,37420.5,-2573.25,181,219,1875
4,10237.7,37007.9,-3220.29,29,196,1997
5,9124.6,18615.4,-5384.4,14,146,891
3,6634.34,12347.5,-1775.4,215,105,765
4,12199.5,40490.2,3022.32,64,278,1938
3,11565.6,56000.3,-59.6028,179,209,2967
0,22172.7,410403,-14424,382,546,13966
1,6000.64,5173.04,-1211,8,105,371
3,7034.42,13415.3,-561.17,18,96,804
4,3649.11,727.266,233.55,7,58,43
4,9503.19,30629.4,523842,141,179,1626
0,4901.94,4359.5,-1571.77,17,88,291
0,8740.97,24768,-3954,72,154,1363
3,12197.7,45319.4,-4332.99,156,223,2059
3,8459.06,34333.8,40300.6,44,148,1919
1,3949.34,1557.3,-850.54,9,61,134
4,5276.88,2617.73,566.94,13,81,169
2,5402.39,2473.96,486.96,3,81,169
4,15210.7,88863.8,4895.8,81,289,3710
5,3953.17,635.078,-234.79,16,58,43
0,8126.36,9666,-3569,24,142,554
3,12507.6,54348.7,-1359.6,43,220,2461
4,8700.82,15311.6,-520.91,25,127,802
4,6794.45,3375.91,880.91,20,101,206
2,4926.18,2910.62,-2447.8,4,65,202
0,9408.57,29721,-3886,14,154,1160
4,17884.2,160592,-1563.44,97,359,6068
0,12349.7,56572,-4804,29,253,2468
3,15348.9,86934.4,1654.82,87,301,3369
3,10853.6,27412.3,-1353.78,133,172,1412
3,3932.17,850.022,-1797.9,9,54,64
1,6739.86,7725.93,-3348.3,11,117,427
4,11421.3,27060,-2778.87,120,166,1111
5,9510.1,12372,-207.55,34,152,693
0,7879.05,22367.8,-3120.52,39,148,1165
0,10522.4,15294,-2893,32,187,732
1,4410.21,978.079,-1457.2,14,66,101
4,4909.78,1667.91,-1267.4,5,70,131
0,6285.1,12580,-2693,15,118,842
3,11802.3,54361.6,-900.4,47,220,2461
1,5024.28,1842.96,-1496.2,3,70,131
3,9449.69,28680.7,-1438.92,144,179,1626
4,20267.5,275687,3911.57,45,420,9137
0,13435.8,88831,-4810,58,250,3051
1,7012.53,7825.28,-2382.1,11,117,427
0,10657.9,18689,-4779,54,197,932
0,12703.8,86774,-7466,244,295,3978
4,13943.7,41846.9,1489800000,115,278,1938
3,6188.44,5032.61,-624.048,113,96,347
5,5634.47,2898.7,-538.8,4,65,202
4,3535.07,447.691,-793.5,3,36,35
2,4333.53,6143.88,-147.67,18,68,481
0,10226.4,54590,-5932,15,193,2388
3,6433.15,10254.6,211.203,24,109,689
0,6443.27,6333,-1889,9,104,397
0,9845.98,19421,-3208,26,150,1066
0,13462.4,92534,-5812,50,271,3224
5,11943.9,68173.3,953.14,52,201,3289
5,4079.53,496.565,262.13,23,65,35
3,9676.5,12447.7,-319.751,125,136,619
0,10424.9,62920,-7004,36,207,2748
2,3920.59,682.194,-620.59,9,58,43
1,6057.1,1858.55,-812.637,34,71,103
5,13054.1,66147,3732.1,36,279,2979
5,4692,6681.56,-570.46,20,68,481
0,7719.38,5614.66,-2169.17,23,114,296
4,9155.64,25906.7,-182.179,156,174,1415
5,4538.97,2092.11,-614.947,194,63,166
1,5528.18,4356.07,-986.27,16,88,292
0,15775,272396,-11567,218,386,10522
3,7731.1,13995.6,-544.47,14,127,802
4,3757.02,547.978,-825.41,5,43,52
0,13013,123693,-8405,58,281,4915
0,7428.73,17005,-3563,73,132,1063
0,25895.3,345730,-16247,189,588,10404
3,10992,36421.5,-1693.3,95,166,1414
0,37483.9,1332080,-21065,161,954,35169
0,25836.5,496778,-16870,136,640,16053
3,8326.85,14275.8,-985.383,92,140,845
4,9481.97,25713.8,-1467.98,29,174,1415
5,6353.48,6954.28,-704.426,101,80,395
4,12386.6,95360.9,12012.1,185,273,4429
2,4964.91,0,-128.532,101,67,224
5,4745.11,4118.66,-1460.43,98,72,340
0,7229.51,14921,-3195,43,145,807
5,4435.13,2710.32,-483.24,38,65,202
0,13959.9,71364.4,-8014.41,184,325,3143
3,11988,34962.4,-2986.9,133,234,1581
3,4949.7,4490.34,-1062.9,13,85,346
3,3764.44,478.837,-876.46,2,36,35
0,5453.61,5224,-2312,51,89,321
4,12605.5,55748.1,-843.35,57,220,2461
1,6284.12,1953.67,-1369.25,40,71,103
4,5966.04,7125.23,-1081.96,53,93,545
0,8452.41,19915,-4480,38,130,1153
4,18927.1,178766,-7969.07,223,403,6746
3,4923.05,2080.49,-536.21,20,75,165
4,12614.2,71174.6,2858830,158,262,3211
4,5270.03,1077.18,-1540.1,2,57,76
2,6685.34,13417.1,-1167.47,179,96,804
2,12523.1,45842.1,21278.4,139,223,2059
5,6396.83,3717.01,820.85,25,101,206
3,4619.79,2219.99,-1051.5,5,61,184
1,8061.47,9403.77,-1658.25,183,135,587
2,4985.86,2959.33,16725.2,110,67,224
0,5335.93,3432,-2875,9,76,266
3,7471.71,17385.4,-1450.9,10,128,1065
5,4055.84,2060.83,790110000,24,43,161
1,7702.83,13270.2,-3181.9,2,125,694
3,6802.47,13940.7,941.32,87,120,809
0,22228.3,150185,-9432,74,387,4254
4,5684.92,1071.33,-1360.5,6,57,76
0,10482.4,56658,-6180,55,187,2596
5,6149.05,1991.95,-24.6835,20,84,136
0,8971.75,26548,-4953,69,187,1519
0,9800.2,21348,-4167,23,170,1071
4,15392.6,156046,1904.1,107,310,6737
4,14262,94973.5,747.689,47,294,4249
3,10317.3,37407.3,-4104.96,28,205,1751
4,6436.02,5055.84,28268,12,96,347
0,11316,84042,-4844,52,267,3971
4,9761.3,33157.5,357.078,91,176,1922
0,8082.96,12868,-3989,28,151,767
3,4119.03,1684.38,-580.14,4,61,134
1,4409.31,1775.32,-516.67,7,66,164
4,16718.4,221894,-1735.48,60,336,8195
3,9448.61,26548.7,-266.766,147,174,1415
3,7388.33,14056.4,333374,95,120,809
5,4674.61,2080.81,195.22,25,75,165
5,4778.2,6543.63,202.68,21,67,481
0,17506.3,63952,-6749,68,292,2756
0,12134,39778,-3428,43,216,1877
5,4272.76,535.102,535.65,30,65,35
2,15882.3,159468,369189,245,352,6744
0,10822,23584,-2223,13,157,1162
5,8702.51,16399.8,-1376.51,112,160,976
2,12998.6,138685,-5435.48,142,279,5626
4,4618.39,2175,-806.72,5,61,184
5,3564.2,579.345,-168.91,15,43,52
3,4515.21,2282,-1382.8,3,61,184
2,3993.04,2365.13,-1365.5,11,63,184
5,9065.45,22684.3,-216.16,59,143,1203
3,5217.71,2754.31,-996.15,12,72,205
1,3962.92,1573.4,-1051.9,9,61,134
3,5752.78,7594.21,-295.2,11,99,583
5,6285.99,6798.98,-741.04,106,95,427
4,4805.76,1560.23,-1003.8,6,70,131
4,7434.39,11142.4,60750300,93,114,689
3,13447.3,81984.7,-6123.38,43,272,3539
0,10537.2,25980,-5326,29,195,1213
1,5693.69,5208.72,-1380.9,17,99,372
3,9930.45,30163.9,4126.89,234,171,1747
4,8574.22,26612.4,-2464.46,37,156,1364
0,5652.44,8801,-2067,15,100,653
5,9500.17,11760.1,-2316.66,229,139,587
4,7798.42,25230.3,-3434.36,82,166,1414
5,8009.72,11461,-1016.28,83,114,689
4,9082.08,13720.8,-1458.39,277,170,771
5,6412.53,3754.05,958.64,29,101,206
1,5363.55,3800.3,-1082.87,120,85,269
4,12781.1,58192.2,-1392.73,129,224,2192
1,10989.5,41819.4,-2970.74,143,227,2059
0,11029.7,92328,-5937,31,228,3706
0,7314.27,9436,-2997,11,140,554
3,9005.18,29189.2,2814.77,36,179,1626
5,6582.84,3836.71,1814.9,28,101,206
4,9092.55,12364.6,-1742.98,9,117,519
5,3618.02,540.761,-238.89,16,43,52
4,8074.7,9266.05,290.4,21,130,515
4,10077.3,31409.6,663891,115,176,1922
5,3622.53,489.697,-1109,3,36,35
5,4291.41,682.788,-479.5,18,58,43
5,8399.28,9004.17,-382.728,44,154,557
3,5775.21,2667.58,574.75,12,81,169
4,10954.7,27047.9,-2254.22,55,214,1469
0,9201.75,23910,-2424,54,173,1255
3,9117.37,13575.8,-1881.14,116,148,729
4,4627.85,2655.27,-571.8,20,65,202
5,14108.3,82846.9,798.794,64,272,3539
5,7363.41,8763.79,54924.8,208,107,517
4,4397.73,6437.67,-321.97,24,68,481
1,3964.27,2043.64,-1725.2,3,63,184
2,3909.75,766.089,-1791,13,54,64
2,15111.8,103301,-2851.09,40,283,3965
2,22456.9,350437,69273.9,262,440,10967
2,7090.92,4070.7,-936.677,8,101,249
4,14531.2,88337.6,-6014.78,90,301,3369
4,11614.3,60486,-4992.63,198,223,2822
3,9155.07,26530.1,-1709.84,34,156,1364
3,10440,27265.8,289754,21,172,1412
5,9729.58,10538.8,53006.1,37,154,557
2,20294.6,151831,-7449.03,343,449,5537
3,15865.3,156012,1401.5,98,310,6737
4,3291.57,690.908,298.52,6,31,53
5,10357.4,23418.3,-207.29,53,176,1313
4,7461.05,17578.7,-1186.9,14,128,1065
0,13716.3,52042,-9051,47,306,2255
2,4716.42,2119.02,321.41,12,75,165
0,9776.61,40945,-5056,29,222,2125
0,20398.5,327394,-11656,97,458,11268
5,8985.44,10975.5,-512.817,36,156,654
4,3817.55,519.919,-543.75,7,43,52
5,3442.59,668.588,-324.63,6,31,53
0,9228.58,40678,-5025,61,183,2000
2,8997.49,33352.9,667235,36,148,1919
2,15579.9,100365,-2757.5,42,281,3974
0,10600.3,105701,-7005,48,244,5208
4,3480.25,542.905,-336.01,14,43,52
3,8214.93,14346.5,-1478.69,116,140,845
3,11962.7,32474.4,10930500,49,203,1580
5,25803,253419,985.368,269,537,8350
3,7099.97,5270.31,-1035.48,193,107,346
4,8350.27,9466.27,-3005.63,200,138,554
2,6370.27,11113.6,9655.49,252,102,764
1,3705.84,1197.28,-656.51,9,55,88
1,7574.41,11211.4,-1871.2,21,121,622
5,5032.13,2235.84,534.93,22,75,165
4,14388.7,67810.7,-1274.84,110,224,2192
2,3634.7,1316.17,7305.52,4,40,100
5,11559,36283.2,90520,45,205,1751
3,9802.43,29657.4,-411.804,34,179,1626
5,5115.43,2880.71,-2157.5,4,65,202
2,12048.2,49184.8,-6322.51,171,262,2394
2,3867.25,798.34,-2117.4,13,54,64
4,14892.7,184652,1488.81,46,286,7322
2,4484.54,6123.98,138.68,17,68,481
3,4904.61,3040.86,-674.871,106,67,224
2,8485.24,33549.2,218.557,100,148,1919
3,3728.3,571.724,-566.15,5,43,52
4,9270.48,20529,-1344.6,128,145,1156
0,9918.68,37540,-4179,33,183,1932
5,3720.34,586.944,-351.56,14,43,52
0,12315.4,108070,-5844,35,299,4521
3,4175.67,2836.9,-698.8,29,65,202
5,11466.6,52805.1,-203.171,265,215,2394
1,4934.1,1902.38,-1091.9,9,75,165
4,17314.7,158607,1909.16,195,359,6068
4,4858.77,2793.84,-344.66,11,65,202
5,19718.5,273800,4477.98,300,420,9137
4,3661.95,721.525,110,6,31,53
3,4206.67,2340.84,-1176.1,16,63,184
1,5294.17,4225.36,-1372.83,14,88,292
0,18002.5,186672,-7909,241,354,6511
2,16850.7,166118,-6703.18,199,352,6744
0,12503.8,58412,-5915,47,261,2465
4,3395.39,650.543,-235.08,3,31,53
4,9072.7,11279,-1132.71,121,156,654
0,8092.19,12422,-3513,24,145,733
0,25338.5,461216,-15909,119,597,14476
3,5985.01,13000.2,-1454.3,11,103,883
1,10368,67843.8,-3838.6,195,247,3373
4,9606.05,27063.9,-923.591,46,157,1519
2,4418.56,2740.49,-1047,20,65,202
3,9655.11,38049.9,-2541.18,45,180,2054
3,10692.9,27045.9,288894,131,172,1412
0,6002.82,12453,-1883,42,102,881
4,12660.6,79920.2,-4862.58,52,272,3539
5,4486.05,2349.61,-592.27,6,61,184
4,10122.4,26777.3,-1516.44,30,174,1415
4,4734.14,1983.92,-1060.36,8,66,166
4,10241.3,27186.4,-649.779,152,158,1403
0,8807.04,9267,-1800,279,152,429
5,8373.2,17980.8,6422430,207,133,890
0,13862,71391,-5831,264,255,2751
3,8501.74,16866.5,1876030,23,142,844
4,3564.44,719.939,262.76,7,31,53
3,11135.1,26875.2,576.865,152,172,1412
2,7405.55,9286.47,-1838.05,16,138,554
0,22302.8,539834,-14014,86,582,17882
3,7756.67,14031.6,124.9,9,127,802
2,6764.72,5356.74,96.9371,51,79,292
3,13215.5,61318.6,-3543.51,29,247,2754
5,13472.6,62530,-4386.57,175,237,2672
4,5913.98,4958.31,-623.071,75,86,367
4,3810.83,544.35,-216.14,5,43,52
4,15309.3,74531.2,89602800,198,336,3302
2,8388.35,9600.75,-2121.75,199,130,490
4,7136.18,8753.81,81434.8,129,95,543
3,14922.1,66609,-3424.19,130,223,2059
0,9263.5,22821,-4929,55,228,1168
3,5764.88,3839.74,-571.616,58,85,269
2,4389.17,2548,-1143.3,15,65,202
3,4384.18,6280.57,30.403,32,68,481
0,7788.48,8841,-2687,56,127,550
4,3731.76,409.642,547.1,15,54,28
0,23453.1,267384,-10294,275,497,6864
3,8630.3,19705.6,-1329.43,27,142,1025
2,4035.75,1473.02,-721.349,159,52,133
3,7603.62,8922.63,-17.926,21,130,515
0,8503.38,14053,-2715,49,153,767
5,8151.32,12886.2,9195.05,36,130,694
5,4579.05,6138.15,100.13,18,67,481
4,6209.94,4095.08,-885.83,12,100,294
4,9663.99,36639,-4025.42,27,196,1997
2,5330.16,4412.01,-1699.61,19,88,292
5,8318.72,12386.5,-1454.92,208,117,519
2,14150.4,50313.5,4705200,77,262,2394
0,16582.5,161885,-9175,74,384,6403
2,5998.85,5172.86,-1461.8,8,105,371
5,5997.49,1171.31,-996.78,7,57,76
5,13006.1,62002.5,-1355.48,150,214,2600
4,18396.8,157328,1026750,133,359,6068
0,10138.9,37821,-5426,66,205,2124
0,11121.9,115764,-6009,47,246,5727
1,3829.75,1187.38,-624.56,10,55,88
4,12555,74235.8,1228.52,55,270,3373
0,19078.9,115932,-8056,63,405,4071
2,7388.5,4160.78,-990.983,85,101,249
1,4872.2,2849.72,-1260.03,21,77,244
2,15619.8,102313,26111300,43,283,3965
4,7485.55,19541.2,-2091.07,34,119,973
5,7053.49,17218.9,-2297.9,19,125,1014
5,21190.5,409934,479.025,90,471,14125
3,9659.15,30056.3,22630.4,240,171,1747
4,3829.27,570.498,-435.71,14,43,52
2,7560.01,9576.26,49995.9,16,123,621
1,11958.3,68947.6,4359.27,199,247,3373
4,3366.2,662.656,266.83,6,31,53
1,3919.45,1568.47,-996.32,9,61,134
3,15432.8,86123.8,31001700,89,301,3369
2,12494.2,85396.4,-3868.63,56,291,3799
4,4538.86,2472.25,-440.02,25,63,184
3,5161.75,3005.09,-2180.3,3,65,202
3,8777.57,25502.5,3114,22,157,1519
2,13544.9,85877.3,15113.4,53,291,3799
0,6697.88,7771,-2869,55,92,369
5,3612.04,565.441,-71.661,15,43,52
4,3947.42,2230.27,-1438.6,16,63,184
2,3691.56,2018.94,-419.117,7,43,161
0,6508.53,6383,-1795,26,91,426
5,6122.17,4947.31,316.897,63,86,367
4,8815.07,12175.5,-1752.51,9,117,519
3,7501.54,9309.47,124.934,23,138,554
4,4493.79,2503.81,-876.7,29,63,184
1,4975.77,2859.43,-1135.4,119,77,244
3,4600.68,1030.37,-1184.3,21,66,101
2,4005.03,2182.14,-968.919,183,54,165
4,10685.2,45638.5,-1198.53,129,197,2257
3,9203.68,27274.7,-1171.77,24,156,1364
0,9473.81,29054,-4160,22,166,1631
0,6344.76,7699,-2881,14,118,551
2,3961.96,1455.09,-668.353,159,52,133
5,5695.48,8022.71,103.4,24,99,583
4,4808.71,4417.42,-1495.29,23,79,317
3,4492.79,6525.4,-320.53,21,68,481
2,5716.74,7661.08,-1117.54,101,104,457
3,11746.2,34576.3,1122.2,48,210,1213
2,3711.78,2182.17,-526.938,183,54,165
0,23240.6,579178,-15238,443,549,16588
0,7264.28,8810,-2463,11,107,399
5,9735.02,39462.4,9585.27,219,159,2181
0,5909.72,6042,-913,26,104,396
0,11849,26594,-6014,37,192,1208
3,4433.86,531.355,-80.478,22,65,35
4,9788.71,25824,-1117.96,21,174,1415
5,3802,683.295,-219.81,24,58,43
4,10195,26867.2,-1516.85,33,174,1415
2,5237.46,4292.31,-645.381,17,79,317
1,5483.4,3685.49,-1043.22,64,85,269
3,12174,36456.7,141087,13,225,1755
2,15002.2,100047,-4066.5,45,281,3974
4,4921.97,2000.67,-736.38,10,75,165
1,7245.23,12530.8,-1638.74,8,123,726
0,3844.86,1506.74,-1118.8,6,56,114
2,7165.64,4042.96,-2296.91,86,101,249
3,24268.8,265246,1311.9,285,540,8870
2,6983.75,11459.5,-904.701,159,111,651
3,3754.88,480.396,-750.45,2,36,35
4,4665.03,2339.85,-1439.6,23,63,184
3,11495.6,41065.5,-1833.2,83,166,1414
0,6494.84,8552,-1956,37,105,514
1,4524.65,985.673,-1458.2,14,66,101
3,6057.63,5024.83,152.767,113,96,347
5,6333.28,5383.91,-465.059,78,86,367
2,6852.51,5179.66,-2117.09,202,107,346
5,17721.4,215958,-3083.83,91,336,8195
4,5441.03,1117.47,-1647.9,3,57,76
1,5617.14,3107.2,-1190.5,10,94,224
2,13355.1,86322.3,-5037.69,62,291,3799
5,14185.1,75897.9,-288.986,251,336,3302
3,11807.8,54139.1,-723.25,46,220,2461
4,10787.7,39822,-589.224,199,193,2118
5,8015.95,9060.37,79864.9,206,107,517
5,4737.03,2688.51,-616.07,18,65,202
1,6934.78,7813.38,-2234.9,10,117,427
4,6368.15,5079.66,-1162.48,113,96,347
2,7631.11,8944.14,469.24,15,130,515
0,10508.8,24043,-5652,59,140,1061
5,4979.91,1818.5,78.141,12,61,116
4,11681.2,32448.3,-1377.26,155,203,1580
0,4404.16,1222,-1337,24,64,101
4,7445.45,11353.5,-1402.49,208,114,689
1,6355.07,8348.72,-1937,11,100,551
2,14651.6,101891,-3428.47,42,283,3965
5,3457.88,663.522,90.237,5,31,53
4,8759.63,11000.9,-1447.31,119,156,654
3,13748.5,92062.8,-4178.83,196,254,3885
1,5845.27,4331.2,-1657,17,90,317
1,6124.72,15174,-1857.1,17,125,1014
2,5592.29,7611.03,-1475.51,50,104,457
3,12868.4,74783.5,551.307,40,270,3373
4,6192.73,13384.6,-960.61,8,103,883
4,3583.35,398.575,654.8,11,54,28
3,8166.55,20212.6,952.86,38,143,1203
2,11608,55927.5,-1599.94,172,209,2967
1,5463.43,3798.25,-1014.51,20,81,293
2,7214.8,4488.39,-1013.38,41,78,268
4,4337.53,6374.79,42.973,31,68,481
4,5102.7,2171.41,305.79,14,75,165
4,5773.05,7186.74,12439.1,72,93,545
0,13924.8,180839,-10393,150,384,7221
4,14713.3,95455.7,260773000,169,273,4429
4,4215.36,384.999,815.37,11,54,28
2,7043.9,12060.1,-456.236,8,105,765
2,4363.33,6052.89,-47.558,20,68,481
3,12680.7,38065.6,15641300,149,235,1818
0,13686.1,88139,-7833,76,301,3715
0,5920.95,4079,-1215,8,97,293
5,6161.54,1012.14,-1732.3,12,57,76
0,10802.7,57365,-7111,180,259,2828
2,5501.04,2581.84,412.1,2,81,169
2,4212.58,2207.02,-769.89,17,63,184
0,4588.25,993,-1056,15,67,66
5,6396.46,6030.86,-1262.75,86,95,372
5,7139.45,11301.8,451.389,218,114,689
0,12481.9,47231,-6258,45,270,1999
3,7197.35,8066.41,-2956.9,13,117,427
3,6985.92,11451.4,-1032.6,16,111,651
4,16726.4,143687,7334390000,303,362,5847
0,16563.8,171353,-9968,227,386,6756
0,11830.7,52024,-5818,138,276,2755
0,17291.4,111363,-7625,217,358,4338
5,9203.73,28023.9,-769.213,30,156,1364
4,13134.4,78529.5,150072,49,272,3539
0,18962.5,256628,-10289,154,447,7595
1,6197.29,4288.67,-814.07,14,106,318
5,7861.86,14377.3,-1390.15,114,140,845
5,6119.61,1078.93,-1982.6,8,57,76
5,10077.1,14797.3,-1352.9,136,143,771
2,3885.39,2048.43,-1626.2,3,63,184
3,18299.7,202098,-6708.8,159,390,7459
4,5632.02,3380.62,-1829.03,51,86,205
0,14233.3,222720,-7509,56,347,9121
2,10994.8,43513.4,-82.3067,123,197,2257
4,15517.3,89245.9,3839.3,81,289,3710
4,4565.06,1033.15,-1316.3,26,66,101
0,14261.2,68363,-1143,45,284,2901
5,3539.18,544.577,-381.64,14,43,52
2,8746.27,10403.1,3698.07,133,139,587
0,7058.96,18564,-4310,23,149,1109
4,14925.8,88183.5,3174.6,89,289,3710
3,8415.27,9861.57,-2199.94,93,123,621
2,4432.52,2704.74,-534.18,24,65,202
3,14873.6,250016,692.595,94,346,7851
2,10524.9,33117.8,-5413.7,140,234,1581
0,22937.9,441558,-12300,120,565,13977
3,14669.6,143278,-933.179,313,308,6057
0,15548.5,122927,-5317,65,315,3893
0,9518.19,42777,-4746,15,199,1990
0,12731,77451,-7762,24,316,3216
0,18691.3,375614,-15484,296,492,12664
5,6074.99,4157.79,4149.44,79,72,340
0,18144.6,218780,-12032,88,447,7233
4,22726.1,186768,689.775,227,403,6746
5,6253.78,12755.1,1734.94,34,119,931
0,11098.9,64611,-5063,46,231,3053
3,4184.75,1946.04,3637.7,6,63,166
2,4253.06,6006.58,-500.09,13,68,481
0,4938.58,3302,-1980,16,85,205
5,14570.6,86945.6,180.198,75,298,3369
4,11228.1,39556.8,-935.024,205,193,2118
4,4315.51,542.989,268.27,26,65,35
1,7538.77,11089.9,-2642.7,20,121,622
4,16616.4,176609,93120.9,128,367,7087
3,4435.74,991.19,-850.08,20,66,101
5,3735.99,381.853,633.97,11,54,28
2,7068.04,8774.83,-774.577,8,95,543
0,13913.3,60103,-7561,82,320,2198
5,6473.46,3664.68,735.42,27,101,206
3,22272.8,414308,-374.069,69,473,14125
4,4679.6,1676.83,-1483.6,5,70,131
1,5721.67,5214.9,-1685.5,17,99,372
1,8295.08,15614.8,-2683.1,31,141,932
3,11690.6,70908.9,-6115.25,159,262,3211
5,4416.63,6008.51,516.2,14,67,481
5,3578.12,586.154,-496.22,15,43,52
3,11148.9,56174.2,-876.171,23,209,2967
1,5622,4576.07,-1242.8,17,98,294
3,8212.2,12369.5,-1057.07,202,117,519
0,5342.4,5367,-1317,17,89,372
4,4836.66,2773.67,-951.12,12,72,205
3,13800.6,140599,1759.71,169,308,6057
5,10206.3,28060,75.9132,53,194,1521
5,8959.47,18891.6,-4805.1,9,146,891
0,17395.6,162232,-8272,42,313,4343
5,4414.46,2852.47,-293.61,32,65,202
4,7010.99,13025.7,564479,22,96,804
0,23255.4,279106,-13915,284,521,9407
3,21599.6,280284,1890.66,68,468,9276
3,5636.43,2488.66,-113.9,8,81,169
2,7072.64,5328.79,-1380.22,42,79,292
3,13500.6,42658.8,-2102.19,125,234,1581
1,11280.2,41702.5,-2818.75,160,227,2059
0,35896.3,1442220,-22980,422,870,35966
2,6260.33,5178.71,-1227.4,11,105,371
0,10514.7,32425,-5082,17,210,1525
3,12544.2,55520.9,-2958.8,56,220,2461
3,3871.12,360.623,938.98,11,54,28
0,5772.69,4598,-1821,109,85,342
4,12781.5,60073.2,330795000000000,162,223,2822
2,7861.66,9454.41,-2937.04,202,130,490
2,11907.2,70867.3,-4114.06,161,247,3373
4,16654.3,143215,1436.7,307,362,5847
5,6914.95,9962.62,804.91,15,115,547
5,9004.28,29024.5,-503.607,135,179,1626
4,6923.46,11599.2,-1128.53,156,111,651
0,10591.9,60385,-5359,219,238,2823
3,7897.77,4695,33451.6,103,131,271
4,8257.5,9189.33,1635,40,144,553
3,9225.06,38163.9,-2778.39,37,180,2054
2,7736.07,9107.95,361.19,13,130,515
3,3796.06,2044.98,-339.857,7,43,161
2,17369.3,164645,-3617.99,207,352,6744
5,14678.8,96482.7,142502,212,294,4249
4,3867.68,2246.15,-1158,18,63,184
5,7972.48,5566.35,-1097.59,91,108,318
5,14068.3,82134.1,-39.301,162,223,2822
5,19957.5,273141,7734.65,252,420,9137
3,10533.8,43593.2,-934.561,127,197,2257
5,7962.56,14556.8,115.34,33,127,802
5,8379.79,20942.9,1002.5,55,143,1203
0,15869.6,65937,-4913,132,270,2198
1,5198.79,3686.78,-417.85,21,82,289
3,4108.72,2248.3,-1556.3,4,63,184
0,25814.7,613420,-13770,112,585,18847
4,5965.92,7145.25,0.561152,13,93,545
2,4439.5,1009.48,-800.6,28,62,102
1,9365.9,17239.7,-3406.89,69,183,931
1,9623.74,17043.4,42586.7,35,183,931
5,10328.4,28207.4,-2579.78,162,158,1403
3,11925.5,54558.7,-1504.3,45,220,2461
3,8542.98,12417.2,-1297.94,10,117,519
0,7498.31,20808,-5834,13,147,1263
4,7927.31,9248.03,-1363.88,21,138,554
5,5772.27,2920.62,-807.19,5,65,202
5,4947.76,1134.65,-795.31,14,62,100
5,3879.51,480.902,-701.53,2,36,35
3,4433.28,536.693,413.18,23,65,35
0,19999.5,298364,-13328,346,526,10686
4,4540.05,2562.58,-1125.5,35,65,202
1,6146.01,5215.56,-1091,7,105,371
2,6837.15,4067.96,-765.247,87,101,249
4,5528.27,4595.4,42677,14,79,342
4,13598.8,61629.4,25699.7,298,233,2897
5,10523.7,22625.8,-983.474,27,157,1113
4,7009.17,4381.07,-961.72,17,100,294
1,3935.91,2176.63,-1154.05,51,54,165
2,3884.19,2125.3,-585.079,23,54,165
1,3912.98,2199.51,476.7,51,54,165
0,13805.7,132816,-8170,38,296,5424
5,3527.62,488.851,-759.71,3,36,35
5,15466.3,87993.7,3386,87,289,3710
0,6145.48,9138,-2117,7,105,581
3,9334.85,38069.1,-2096.14,37,180,2054
3,19068,248329,-12286,289,540,8870
5,6694.78,6791.19,-951.975,86,95,427
0,9857.7,12319,-4130,84,170,659
1,6337.58,4331.21,-1036.2,14,106,318
3,4184.29,2532.09,-1322.4,8,65,202
2,6839.73,12088.5,-201.475,9,105,765
2,12043.7,37899.4,4416.13,27,235,1818
0,4099.93,2485.37,-471.01,5,65,202
0,6781.49,9161,-1260,19,122,620
1,6129.43,6281.78,-2232.4,16,108,424
4,7689.42,4784.35,-2670.72,33,131,271
5,10407.2,38932.9,3097.78,84,193,2118
3,8537.63,12208.9,-1499.37,61,128,693
4,14738.8,96787.5,236801,56,294,4249
4,10599,28167.8,-108.418,63,194,1521
4,6754.44,10254.8,2875.77,33,101,584
0,12077.7,103272,-6803,204,300,4619
0,13169.7,107906,-11311,180,312,4717
0,10803.6,63974,-4460,90,230,3205
3,6582.85,8052.88,-2844.4,9,106,549
0,8056.15,10228,-4708,277,142,620
3,4512.48,2704.75,-1161.8,31,65,202
2,8475.65,9674.52,-1504.37,185,135,587
3,8741.77,16420.1,115859,25,142,844
4,4691.13,2673.78,-139.52,19,72,205
0,10379.4,39071,-4039,24,193,1995
2,7950.39,13486.8,-1757.13,116,170,771
2,5014.3,4265.34,-1392.45,19,79,317
5,6909.62,3800.92,976.2,35,101,206
5,3746.27,2389.25,-683.61,36,63,184
1,3259.34,584.807,86.713,3,51,45
3,8545.64,12426,329.632,117,136,619
4,4954.03,1204.06,38.369,11,59,101
3,9593.07,39499.8,-805.669,69,196,1885
2,14891.3,91022.7,10962.4,278,254,3973
1,11634.7,69325.3,-3071.18,195,247,3373
4,10211.9,26877.1,10904.6,138,172,1412
2,3700.07,2180.19,-446.337,7,43,161
4,8358.92,8793.2,1598,35,144,553
3,12209.4,36602.7,-1806.7,201,225,1755
0,12963.9,94943,-5778,126,284,3803
3,10999.1,44148.6,-4805.58,169,223,2059
2,11083.6,56225.3,1335.3,163,209,2967
4,15718.1,88468.6,-5259.14,89,301,3369
4,7847.23,8785.33,1611.6,30,130,515
4,3545.4,707.734,22.051,4,31,53
0,16699.9,184386,-12726,59,405,7096
1,4897.45,4327.24,-415.054,23,85,343
4,11980.3,70319.7,861.167,171,262,3211
1,6115.95,8008.77,-3460.7,9,106,549
0,13968.3,95197,-5120,43,294,4063
0,10625.4,54894,-5631,69,222,2672
4,12946,41774.2,-2452.4,240,278,1938
4,3508.71,666.28,53.708,2,31,53
3,4522.79,991.61,-1089,21,66,101
3,7574.29,13794.8,-410.15,16,127,802
2,4862.47,2778.76,-793.411,51,67,224
5,3498.86,680.619,113.17,5,31,53
0,10858.2,41126,-5569,26,189,1994
0,9177.95,16353.4,-2869.06,87,154,889
2,12109.2,49402.6,-3632.04,34,262,2394
5,10459.2,33487.9,233.301,225,171,1747
2,6781.29,7341.33,8166.89,13,93,545
4,5798.8,1109.94,-1442.4,7,57,76
5,7842.67,27214.8,-985.958,129,156,1521
2,14977,166804,-2237.49,48,320,6391
2,7550.41,4171.36,-1441.35,87,101,249
0,9330.41,22280,-3289,16,178,1356
1,3892.77,1208.98,-880.88,9,55,88
3,12551.6,36713.7,-2404.64,198,225,1755
2,14638.7,136405,-2922.19,185,279,5626
0,14518.2,56037.8,-6514.26,175,286,2394
0,10780.5,36199,-5038,106,192,1691
1,4345.96,964.577,-1114.5,4,55,88
0,15411.5,163988,-10272,48,385,6516
5,7909.24,15118.7,-264.49,23,127,802
5,17383.1,85787.3,3472.3,85,340,3632
4,5339.71,1085.42,-1812.7,4,57,76
5,15360.8,160561,3762.9,112,310,6737
2,8931.58,30699.1,4668.68,31,132,1513
5,7747.1,11991.8,-1057.05,245,102,764
3,4740.97,3076.41,-529.551,160,71,249
3,11763.4,0,180772,29,203,1580
1,5227.47,3340.84,-2246.2,21,70,205
2,3935.57,657.504,-477.63,14,58,43
2,3928.26,2201.96,-1093.22,35,54,165
0,8872.01,20199,-2388,31,157,1158
0,12674.2,99065,-6710,203,263,4248
0,8211.88,29685,-3146,93,158,1745
4,15068.2,95715.7,171.906,231,294,4249
0,7333.47,8785,-3057,15,106,552
5,9602.51,21828.5,1647.42,100,182,1212
3,7031.82,17468.9,-2453.6,18,128,1065
3,4131.81,2465.1,-1254.4,17,63,184
0,6715.2,10124,-1819,7,103,582
4,3461.07,611.446,-174.11,17,51,45
4,15463.3,155701,2611.4,105,310,6737
0,17662.6,220185,-6346,46,367,7344
5,4597.1,2881.07,-487.52,35,65,202
3,4232.53,1680.76,-625.09,7,61,134
0,15922.9,143345,-9268,51,360,5745
2,4313.81,2729.56,-1432.6,8,65,202
2,9838.78,34433.1,-2661.37,195,208,1691
3,12541,74894,-1883.24,29,249,3630
5,15954.3,77586.2,1954.04,125,336,3302
4,6735.1,7092.06,-394.937,74,118,426
5,4236.18,6246.71,-117.6,23,68,481
0,11895.2,92624,-5161,50,263,4520
0,18189.4,195838,-7043,52,380,6871
1,6324.16,4778.76,-1827.4,15,107,319
0,14980.3,81441,-7988,59,284,3058
4,4694.45,2408.51,-232.56,29,63,184
3,10763.3,35145.4,-1458.99,33,208,1691
3,20596,143224,-852.235,282,449,5537
5,22975.3,281179,-725.069,303,468,9276
3,22801.4,240508,-4657.01,295,537,8350
3,3207.59,1871.14,54347.5,8,43,161
5,3780.11,544.908,-646.24,4,36,35
5,12469.8,81400.5,-5280.29,159,252,3882
4,20371.5,185478,-1171.16,228,403,6746
0,8130.8,9670,-3916,188,126,519
2,4334.11,564.193,-90.891,18,65,35
5,3475.56,692.717,-5.5378,7,31,53
2,14773.2,102127,-3047.92,39,283,3965
3,7291.13,9048.55,-1306.57,8,95,543
1,4316.31,2111.11,-1106.7,10,71,188
0,9770.75,26850,-4780,22,233,1373
5,8076.67,20382.7,1721.2,49,143,1203
0,6749.24,10426,-1457,24,114,690
4,9172.48,20653.7,-2994.45,164,163,1162
0,7292.61,12627,-2266,10,129,693
3,7774.13,9258.34,201.94,18,130,515
5,5658.4,1070.51,-1328,7,57,76
3,9216.04,25361.9,-3502.08,112,166,1111
4,23464.9,278467,592783,307,468,9276
0,10508.4,34578,-4823,166,197,1697
5,11573.7,52861.3,-804.438,113,209,2534
4,14577.5,144068,-536.648,313,308,6057
2,3989.67,756.139,-2046.3,13,54,64
4,8471.98,22109,-170.718,135,145,1156
3,14154.9,67058.4,-269.655,102,224,2192
0,15970.8,186170,-8294,47,340,7696
4,8418.37,20768.2,551.73,32,143,1203
4,13224,80382.7,1208.92,47,272,3539
0,6793.89,6846,-2313,10,107,483
0,18631,161918,-10829,106,494,6084
1,4113.11,1532.9,-1006.5,4,55,133
4,12051.5,80062,-4202.59,129,252,3882
1,6195.22,1874,-1163.77,40,71,103
4,13484.3,60697.7,-2331.96,29,247,2754
2,11513.6,73446,-4440.25,28,249,3630
0,5032.52,4044.41,-1255.8,10,85,346
5,3703.45,556.354,-291.95,16,43,52
3,7448.99,13844.1,566.07,22,127,802
3,11886.2,38736.1,993.49,27,235,1818
1,5448.51,3693.57,-1004.98,64,85,269
0,6782.67,5102.2,-2118.9,13,87,322
1,10855.4,68264.8,-5200.65,199,247,3373
5,4107.56,6302.46,-162.2,18,68,481
0,4979.66,5284,-1162,22,72,365
0,12022.1,93624,-6505,84,247,4241
2,16959,162707,-3268.2,250,352,6744
0,10629.2,23181,-5603,14,185,1118
3,3881.51,2092.88,488820,24,43,161
2,17485.7,168466,2122700000,58,352,6744
4,10811.2,46750.7,-2395.96,28,197,2257
2,9961.24,42763,-2112.3,225,159,2181
4,15173.6,154911,3458.2,119,310,6737
5,4176.66,1567.42,-505.774,9,40,100
3,11085.1,26777.4,16628600,96,172,1412
4,7844.36,18095.4,-1899.1,12,128,1065
5,3485.02,652.776,418.45,5,31,53
2,15427.2,101873,7473.38,39,283,3965
0,6213.99,6715,-1333,44,95,484
2,6857.96,5029.31,13863.9,219,107,346
4,3717.88,472.203,-921.78,2,36,35
5,3695.7,463.488,-928.59,3,36,35
5,3587.98,547.096,-220.85,14,43,52
3,9384.25,24920.5,-3661.02,112,166,1111
4,4014.22,1521.39,-183.185,38,41,100
1,6157.8,15109.6,-2439.8,17,125,1014
2,14026.8,90449.2,-2264.38,288,254,3973
3,3722.7,475.008,-922.11,2,36,35
0,4808.28,6920,-1776,6,83,484
0,13783.8,105073,-7044,65,321,4812
0,19663.3,312346,-8441,174,431,9271
2,4146.93,363.761,1002.6,5,54,28
0,13565.4,87069,-6351,48,293,4245
4,6469.44,7274.08,-1331.69,9,93,545
5,5448.4,4480.57,-879.25,81,72,340
0,13336.6,169793,-10572,46,314,6628
1,6015.24,5218.69,-1029.6,8,105,371
2,13400,139912,909.825,181,279,5626
0,19465.8,148891,-11212,184,362,4930
4,10353.7,27928,-1052.84,147,158,1403
0,5810.9,5459,-1129,16,90,395
4,8126.65,15489.9,-616.32,32,127,802
3,13898,142183,56975.9,312,308,6057
3,10159.1,37627.3,-2647.88,28,196,1997
0,10359.9,50973,-2882,60,196,2462
3,10625.8,40607.2,-1972.2,45,180,2054
1,6880.94,7795.29,-2764.3,10,117,427
2,6214.23,8154.86,-3027.3,10,106,549
0,9974,49758,-5555,19,179,2246
3,15742.3,156154,3159.7,96,310,6737
0,18626.5,205686,-10037,93,462,6527
4,13128.9,63104.2,5751.7,44,279,2979
5,9518.26,28346.8,-4216.32,67,194,1521
3,11040.4,31874.4,-3651.87,46,203,1580
4,6178.26,5810.7,-1090.77,9,95,372
5,3919.75,2367.89,-714.94,17,63,184
0,8292.75,19296,-2650,261,153,979
3,4847.12,2200.43,-1118.3,11,71,188
0,21132.4,318839,-9824,97,440,10248
5,3408.67,585.26,-391.1,16,43,52
4,8407.73,4725.64,-834.903,29,131,271
0,3947.94,5891.39,-769.89,15,67,481
5,5298.81,9500.88,1109.12,139,98,651
0,7565.93,14268,-1795,28,128,806
0,8811.51,11583,-2341,7,113,518
5,9126.37,11290.7,-795.561,131,156,654
0,3771.15,668,-1399,8,53,53
0,10599.9,23368,-2046,12,160,1020
5,5613.57,2548.71,440.95,15,81,169
0,17487.3,190459,-12995,213,385,7096
2,3905.15,2175.37,-883.907,183,54,165
0,5676.19,4656,-1784,5,61,184
3,4734.33,2778,-519.99,21,65,202
5,3583.67,596.563,-415.56,14,43,52
3,14270.6,52876.8,7699360,61,288,2334
3,8939.43,26219.7,-1117.44,32,156,1364
0,11071,32766,-5960,29,193,1637
4,9515.15,36232.8,421212,89,148,1919
4,3293.36,673.964,302.97,6,31,53
5,4543.98,7016.32,-299.86,21,68,481
0,5498,7006,-2708,11,89,485
3,14806.2,85666.5,530.978,95,301,3369
0,10419.4,43469,-3843,71,172,1869
1,4289.95,2099.55,-1582.6,10,71,188
4,10938.9,57399.9,-5038.14,202,223,2822
0,20686.9,294959,-2944,232,456,10389
2,13060.2,76422.7,-2671.61,182,262,3211
3,7539.77,14413.6,-1327.23,95,120,809
0,11298.6,52237,-6681,29,244,2601
3,3676.71,430.145,-655.99,2,36,35
3,9816.08,43470.5,-1221.14,125,197,2257
0,13921,67788,-9270,161,292,2539
1,6195.99,15164.6,-2495.2,17,125,1014
4,4510.74,6859.64,84.173,25,68,481
3,4573.99,2212.51,-1452.7,14,71,188
5,7358.33,12531.8,8681.94,118,130,694
2,6671.43,5218.64,11905.4,48,79,292
0,13269.4,54048,-5043,44,247,2463
4,20245.4,274253,6769.45,43,420,9137
0,14898.3,168945,-7783,49,345,6635
5,5836,4274.55,187.3,20,100,294
4,4441.55,2002.87,-1058.95,113,66,166
3,8588.01,25237.6,-2453.46,27,157,1519
4,3884.03,567.67,-540.18,5,43,52
2,6770.32,11996.9,-1656.83,5,105,765
2,15539.8,167760,297449,59,320,6391
2,3890.79,2064.28,-1967.3,4,63,184
4,5902.43,3597.76,-637.278,130,51,132
1,4460.53,1051.64,-496,28,62,102
1,5514.86,1559.17,-1278.01,35,71,103
2,13364.2,51992.1,42659.1,119,223,2059
1,3984.51,1189.94,-60.756,2,59,101
4,8836.71,27054.1,-2068.9,40,156,1364
5,6437.46,3979.31,5574680,43,101,270
0,14445.9,124944,-11838,237,354,4919
2,15249.8,100508,-4972.95,37,281,3974
4,7422.43,11288.3,-918.263,90,114,689
2,4703.47,576.395,176.13,20,65,35
4,10292.5,14933.8,-1793.03,87,143,771
2,7207.52,4058.72,-914.688,85,101,249
2,10189.7,35571.8,-1407.11,25,208,1691
5,6376.53,8588.87,-2053.3,12,100,551
0,5092.22,4613,-1623,8,94,313
4,5473.38,1056.66,-1874.5,6,57,76
5,8005.28,9822.46,-1540.59,210,107,517
4,3640.84,525.858,-486.81,12,43,52
0,6331.28,10292,-2925,15,116,726
3,12491.5,70942.4,909175,175,262,3211
5,9848.6,11459.5,-2995.78,252,154,557
2,7343.68,4829.14,-1669.99,53,86,205
2,15509.2,99855.7,-3283.66,40,281,3974
3,10337,35810.3,-321.945,31,208,1691
4,14974.5,75903.7,426.09,253,336,3302
3,7328.6,17992.1,-1486.5,10,128,1065
2,4572.92,1026.28,-880.51,28,62,102
4,5588.29,3787.32,654.52,18,100,294
5,9611.73,36536.1,43887,31,196,1997
1,6032.74,5314.12,-1272.6,6,105,371
2,22218.1,352367,-5032.53,269,440,10967
0,9712.26,13467,-4275,30,179,768
3,11845.1,53957.4,-1975.9,44,220,2461
0,11933.1,85997,-7075,251,269,3623
3,8141.24,12092.5,-281.308,126,136,619
5,10371.5,22588.9,-764.574,52,176,1313
4,7029.65,7133.3,-952.683,13,118,426
0,35616.2,1385700,-21268,114,728,33059
3,8344.06,14278.1,26285.6,11,140,845
0,14951.1,103447,-10049,37,315,3975
4,5142.6,6211.88,-396.47,25,68,481
0,4920.28,1714.04,-1512.86,17,76,147
5,9900.53,24315.6,-3449.46,123,166,1111
1,6405.38,5017.45,-1539.3,16,87,322
3,8657.43,14563.7,-1534.15,14,140,845
3,3424.76,682.819,98.244,4,31,53
2,6403.72,5283.58,-890.534,7,99,321
1,6209.79,4332.58,-727.42,14,106,318
3,3506.69,687.44,-217.4,3,31,53
3,8714.45,37866.6,-3477.47,43,180,2054
4,4138.71,6236.25,97.103,25,68,481
4,15181.1,145017,-930.524,255,308,6057
5,3601.76,479.143,-722.06,3,36,35
0,14868.9,107516,-8033,53,306,4717
5,3500.03,677.915,214.01,5,31,53
2,8247.45,33490.8,-391.37,97,148,1919
5,9010.91,10106.8,-562.142,234,154,557
0,6626.21,4743,-3357,19,105,295
5,4981.65,2844.69,-829.72,14,72,205
2,3863.11,1519.86,-473.141,41,40,100
0,8017.54,20866,-4007,105,151,1260
0,9363.55,25343,-3869,39,175,1364
1,4321.4,3061.1,-1258.5,9,62,245
2,6838.03,4037.72,-1417.75,9,101,249
3,7767.93,11829.1,1410.03,108,128,693
4,6157.41,4949.71,-787.957,76,86,367
2,6079.03,5313.21,-974.6,13,105,371
0,9836.53,31619,-5651,47,201,1641
2,7112.27,8827.56,69760.9,137,95,543
2,5932.89,7610.86,4417.44,11,104,457
5,3427.61,476.134,-496,5,43,52
2,16318.3,137623,-10812.6,338,449,5537
0,7181.09,5179.73,-1229.62,28,83,226
4,15797.6,215938,-181.106,265,336,8195
3,13421,85903.2,-972.629,59,291,3799
3,9474.22,25740,1577980,25,174,1415
0,15739.5,165709,-5863,211,330,6177
4,3734.34,589.395,-624.48,2,43,52
5,4523.67,475.053,192.61,22,65,35
5,4314.01,2705.55,-539.64,22,65,202
2,6128.7,8175.03,-3692.1,11,106,549
4,9509.83,32587.4,2096.73,111,176,1922
3,5546.69,7567.11,-90.661,14,99,583
0,12882.2,48123,-5813,9,180,1471
2,6626.05,8875.67,49187.5,5,95,543
4,9020.04,28025.4,645594000,120,166,1414
2,21275.9,408503,-7878.74,59,473,14125
5,20191.9,278416,4912.24,67,420,9137
5,7766.25,7630.01,2904.52,97,95,427
0,7913.37,14574,-2953,19,136,804
5,14336,77476.1,-2668.17,239,336,3302
0,3677.42,1967.22,-638.706,3,43,161
2,3964.12,1445.58,-691.59,159,52,133
5,14376.1,101476,614.807,233,281,4061
1,3932.92,1209.02,-916.41,9,55,88
0,9249.89,24662.4,-2808.06,102,143,1017
5,7649.5,10612.3,2392.8,47,101,584
5,8138.45,16391.1,-1087.8,52,134,970
0,22269.7,462388,-9009,89,450,12658
4,9790.44,14205.4,-1086.68,116,148,729
3,4676.55,2175.23,-1388.4,13,71,188
0,5120.91,2415.91,-880.63,3,81,169
2,5741.81,3621.55,-811.241,8,85,269
3,10047.2,24546.6,184.114,45,177,1313
1,6301.5,8210.35,-728.31,15,108,549
1,6428.64,5012.71,-1644.9,15,87,322
0,21859.2,316179,-11335,102,467,10104
3,6181.63,6863.81,34580.9,64,118,426
1,4336.28,2111.76,-1298.4,10,71,188
5,4722.71,2946.96,-350.49,31,65,202
5,15598.8,88146.5,4856.3,85,289,3710
5,4591.31,6753.04,-315.27,18,68,481
0,9676.93,19306,-2681,28,137,890
2,6150.92,11019.3,568.402,24,102,764
1,5403.09,4038.14,-1340.5,11,85,267
0,14965.2,117525,-7860,36,308,4721
5,9082.94,28181.4,-4169.46,55,194,1521
0,13342.4,143207,-7120,32,258,5830
0,11364.7,151931,-7002,144,266,6967
4,4461.56,1926.66,1004.8,13,75,165
4,8760.8,22212.9,360.06,40,143,1203
3,7685.98,14097.6,-1168.4,14,127,802
0,8240.24,17310,-4802,100,141,970
1,15331.3,102357,-1835.85,128,283,3965
3,5976.36,13364,-1407.8,11,103,883
5,4555.78,2681.56,-974.69,24,65,202
3,4372.1,2718.28,-388.95,21,65,202
4,4562.94,2876.13,-728.36,20,65,202
5,3761.95,2505.54,-745.16,18,63,184
3,9337.36,29178.7,-3338.85,129,179,1626
0,8495.3,15634,-4086,45,169,932
0,9469.83,26534,-3281,47,181,1362
0,12195,43604,-5947,42,265,1933
3,15277.2,78903.4,1025550,142,320,3466
3,9678.42,24397.7,3270.07,43,177,1313
0,8065.45,15963,-3401,26,140,974
3,8929.79,38617.5,-2706.41,52,180,2054
0,18551.6,236433,-11996,235,439,8735
4,9339.12,28969.9,-784.118,30,156,1364
2,5315.44,4213.57,-1200.1,17,88,292
0,16412.9,166044,-10104,53,370,6400
2,4162.21,2496.94,-549.68,12,65,202
4,3505.16,684.656,234.87,7,31,53
3,3307.91,671.793,-236.67,6,31,53
3,3431.22,669.9,92.559,4,31,53
0,27093,1005950,-20576,198,715,30042
2,20911.2,411278,76523.4,57,473,14125
4,6340.27,5542.88,-1317.71,21,85,343
3,4606.17,1011.33,-1002.9,28,62,102
1,3875.1,1233.12,-889.53,8,55,88
2,8806.99,12194.8,-1669.35,57,128,693
5,8827.98,9437.74,1097.92,233,154,557
3,3505.96,525.025,-440.73,4,43,52
3,4450.45,569.873,326.08,21,65,35
1,6753.36,7706.87,-3678.7,11,117,427
0,14371.9,125012,-8123,36,315,5115
0,5859.93,2130,-1869,9,93,147
0,13880.1,185099,-7718,149,285,7086
5,8695.47,22386.8,616.31,49,143,1203
5,3757.54,601.747,-576.54,7,43,52
5,4116.65,545.153,-998.54,9,43,52
2,4915.08,2167.61,157.24,16,75,165
2,5031.68,2181.53,-358.66,6,75,165
1,5639.6,3137.11,-1261.8,11,94,224
2,5607.81,3574.45,-105.996,62,85,269
2,5374.43,4231.72,-850.025,17,79,317
2,3922.56,2152.57,-898.589,20,54,165
5,12066.9,80464.3,-5962.69,63,272,3539
5,4849.91,2889.76,-271.66,37,65,202
3,12769.5,91025.2,-4700.17,216,254,3885
3,5353.77,3157.56,353.564,154,71,249
4,6680.67,10275.2,4991800,33,101,584
3,6357.38,3426.49,490.09,17,101,206
0,8515.84,20911,-4048,50,159,1206
3,8205.47,38906.3,-4585.61,69,196,1885
4,6018.57,12983.6,-1480,13,103,883
4,13240.2,38563.2,-1458.13,182,225,1755
3,9041.4,12250.8,3804.95,92,136,619
4,5543.87,2548.96,-103.89,7,81,169
3,11989.5,46667.6,-4430.48,121,215,2188
3,3473.29,678.249,-269.69,6,31,53
0,9955.62,30178.1,-3001.39,242,171,1747
4,13306.8,63195.5,5371.7,44,279,2979
1,4183.22,1323.82,-1243.8,1,57,129
5,5111.35,3108.7,-767.07,38,65,202
1,5293.42,3343.07,-2332.6,21,70,205
4,3296.25,566.717,-71.235,12,51,45
5,4221.95,527.155,892.25,22,65,35
0,11964.3,54731,-7620,50,278,2607
2,6183.95,7336.92,10289.4,176,93,545
4,3362.85,641.801,9.0678,5,31,53
3,3325.17,666.4,105.48,2,31,53
3,4371.85,2749.28,-1110.2,15,65,202
0,18974,186253,-12443,60,425,6080
4,4563.45,6509.58,-466.01,24,68,481
4,6978.49,2673.07,292940,13,99,167
0,18192,296485,-14178,373,512,10113
3,6526.93,6806.54,-1555.77,24,118,426
4,7865.17,13387.6,-929.456,280,170,771
0,12696,49791,-6624,53,288,2258
3,8598.09,26340.6,-1101.14,34,156,1364
4,5391.67,1031.03,-1630.1,5,57,76
0,12285.7,73178,-4880,159,244,3213
0,9026.36,20893,-4983,113,173,1158
2,11523.9,56702,573783,32,209,2967
3,8478.33,25087.7,-1924.05,23,157,1519
4,16091.4,215876,-431.666,266,336,8195
2,7436.07,33746.7,-2857.13,16,148,1919
4,5982.77,4058.46,1022.2,24,100,294
2,8246.28,12064.5,430560,58,128,693
3,7264.07,14282.2,-2337.9,95,120,809
2,6198.28,5226.61,-1345.69,49,79,292
4,12309,78261,360.131,56,272,3539
4,7944.56,8763.92,1136.3,39,144,553
1,3224.22,573.418,-384.31,3,51,45
0,18363.6,213573,-10076,247,388,7708
5,4601.19,2783.76,135.84,36,65,202
5,6762.03,3744.1,1140.5,21,101,206
4,3719.81,588.793,-665.32,2,43,52
4,4453.47,1296.8,-855.32,13,59,101
1,6210.12,5244.54,-864.03,21,85,343
4,9749.38,29934.8,-1765.4,132,156,1521
3,13889.5,87642.6,-1164.3,58,291,3799
0,14027,127454,-8141,34,296,5313
4,10071,26129.7,27319.3,140,172,1412
5,8363.93,9132.52,812.91,39,144,553
3,4597.04,2744.62,-724.5,28,65,202
1,8063.86,12833.3,108912,31,132,806
2,8671.01,20219.8,-2262.75,28,163,1162
0,11172.1,48737,-5984,176,233,2325
2,14893.2,102337,-3833.58,44,283,3965
4,3702.66,565.721,-350.07,5,43,52
2,10117.5,34311.9,-1915.14,192,208,1691
0,18255.9,149420,-10334,62,368,5545
2,16594.6,160170,-2821.49,239,352,6744
2,4714.22,2089.46,71.589,17,75,165
0,23472.5,435761,-15950,107,504,13638
5,4096.23,2411.94,-463.7,21,63,184
3,6211.7,1874.89,213.522,71,84,136
2,17740,164801,659399,219,352,6744
0,15865.9,160387,-10815,299,381,6749
3,6503.07,5055.86,-708.975,17,99,321
4,5429.1,4877.94,174250,5,79,342
1,5362.89,4014.36,-1174.1,11,85,267
4,5061.4,3752.38,-1623.44,41,79,292
2,6013.42,10976,-758.41,22,102,764
5,8708.85,21603.5,-1008.27,184,145,1156
0,10043.5,27591,-3517,53,176,1310
5,15735.8,78375.9,1710.9,255,336,3302
0,18563.1,274133,-7405,58,458,9003
3,11322.7,38121.9,-663.22,30,235,1818
5,3605.57,457.804,-731.71,1,36,35
2,16153.9,167646,-7300.08,197,352,6744
3,4156.35,738.129,-217.06,28,58,43
1,5591.37,1520.08,-1374.54,42,71,103
5,4219.95,2799.14,-106.37,21,65,202
5,4775.17,6360.42,585.08,20,67,481
4,3723.67,558.35,-704.8,6,43,52
4,19573,274623,3083.03,287,420,9137
4,4336.44,833.843,-1651.9,13,54,64
2,13537.7,85876.8,-1657.77,50,291,3799
0,12384.1,71084,-6070,36,266,3045
3,8693.41,15914.1,486342,42,160,976
0,21581.5,434951,-14541,77,495,14641
4,8338.23,8679.52,1021.5,34,144,553
5,4429.05,2552.18,-799.14,22,63,184
4,6760,5629.73,-963.584,16,99,321
4,7550.08,10015.6,2586.57,203,118,621
3,8994.93,12144.2,5818.05,11,117,519
0,4582.77,3137,-543,7,66,245
3,12055,31929.9,49123.5,113,203,1580
5,4594.17,2773.97,-634.54,33,63,184
4,15544.5,85537.2,3179.4,85,289,3710
2,14250,135040,-5198.93,210,279,5626
5,6024.71,2753.32,843.92,9,81,169
5,4707.03,787.292,-1613.4,8,54,64
0,3851.99,677.769,-1311.7,3,58,43
0,24786.3,540841,-9864,88,508,10409
4,8832.15,26455.9,-1097.2,30,156,1364
4,17109.9,159410,-170.456,203,352,6744
5,9157.93,17111.8,9301.46,31,142,844
3,6714.36,10330.6,-1476.89,24,109,689
2,12044.9,49263.2,-4494.2,223,262,2394
0,8633.56,31455,-5057,108,201,1696
4,4807.53,2884.19,-1325.2,10,72,205
5,5511.18,4804.95,205980,8,79,342
1,6150.42,6357.78,-2175.4,17,108,424
3,13790.9,86104,501.366,57,291,3799
1,4076.91,1191.96,-462.86,2,59,101
2,4164.06,2326.64,-1029.6,14,63,184
2,6821.37,13313.1,-991.605,18,96,804
3,11660.4,49219,-4217.47,149,215,2188
4,5385.37,2771.55,522.73,5,81,169
3,3451.51,661.749,18.375,3,31,53
4,9600.33,33279.2,-333.189,117,176,1922
0,6751.22,8436,-2977,27,124,491
2,3759.28,1953.51,-387.763,7,43,161
3,10803.8,37959.2,844865,42,205,1751
3,12306.9,54337,-1634.7,47,220,2461
4,9239.41,28311,-4117.3,61,194,1521
5,3686.01,484.103,-860.58,4,36,35
2,5618.42,7474.44,-1370.37,103,104,457
5,3962.05,690.447,-600.47,16,58,43
1,6437.76,1887.13,-1089.43,34,71,103
3,4722.47,2225.3,-1402.5,11,71,188
3,14540.2,143003,-5823.87,310,308,6057
0,11778.5,79710,-5560,64,241,3623
3,22006.1,412627,-947.024,66,473,14125
5,9805.09,39035.7,593956,99,207,1995
2,11344,68906.4,-2571.89,46,247,3373
3,4163.48,6098.13,-590.27,13,68,481
4,7892.19,27383.8,-1582.67,131,156,1521
1,5418.97,1441.22,-1427.76,42,71,103
5,4063.23,416.463,850.66,11,54,28
4,9037.86,12338.4,-1159.38,206,117,519
4,13163.9,63216.7,4964.2,46,279,2979
5,4117.99,2847.95,-414.97,40,62,222
0,9105.88,18313,-4139,35,155,774
5,16314.1,177958,83.1993,257,367,7087
5,3697.65,493.766,-562.42,3,36,35
1,6811.1,7799.59,-2747.9,11,117,427
5,5335.82,4953.97,78346,17,79,342
5,14676.3,87982.7,1390.07,71,298,3369
4,3685.58,560.824,-445.45,4,43,52
0,8226.27,15783,-3709,23,143,927
0,12215.3,84966,-10054,105,263,3463
4,18022.1,161314,-2466.87,92,359,6068
5,3465.23,579.516,-817.1,13,43,52
0,21841.7,375981,-12748,71,507,13152
0,12066.1,70389.6,-6313.31,138,272,3295
1,6306.32,8176.64,-1365.7,16,108,549
0,7341.5,7802.25,-1984.34,56,98,429
3,10891,37108.2,-5246.54,196,225,1755
4,6886.39,6638.43,-917.901,5,95,372
3,8631.57,24941.5,70521.9,37,157,1519
5,3862.23,6144.27,-263.08,33,68,481
3,11821.3,77567.6,71459.9,155,252,3882
5,7021.51,6268.72,-1066.96,83,95,372
2,16777.9,163826,90.2013,222,352,6744
1,4711.82,2878.5,-1457.36,117,77,244
3,6552.75,8171.92,-3327.8,2,106,549
2,4020.12,2085.2,-2081.2,5,63,184
2,8157.67,9523.39,-2824.52,198,130,490
3,3488.98,738.677,213.15,7,31,53
2,13252.2,62708,376060,121,224,2192
3,13898.4,51907,20814.1,146,288,2334
1,6086.5,8073.18,-3426.6,4,106,549
4,6943.52,9727.18,772.53,17,115,547
0,12648.5,175608,-6053,86,296,7449
0,10318.5,47948,-3626,35,192,2123
4,9136.61,11637.9,-63.3013,30,156,654
3,13170.5,93576.1,328.671,149,273,4429
2,4365.07,2156,1116.52,20,54,165
2,7950.85,11619.3,36891.7,63,128,693
0,8032.43,16319,-4250,22,163,980
4,16647,145039,-1934.55,225,362,5847
3,24081.4,268803,-4384.07,296,540,8870
2,5441.52,4244.9,-1139.81,17,88,292
4,3549.03,519.05,-700.56,5,43,52
0,7983.2,14093.4,70116.1,100,140,845
5,3633.1,575.188,-597.13,14,43,52
2,7167.17,5395.72,-827.446,42,79,292
3,22796.8,278528,-10397.6,285,537,8350
3,9623.99,29961.8,-20.9533,234,171,1747
0,9003.72,10504,-2947,69,181,591
1,6833.26,17187,-2446.3,7,128,1065
4,3632.42,562.027,-863.65,5,43,52
5,3543.45,572.834,-400.81,15,43,52
2,3947.78,1723.46,-384.61,95,58,133
0,14043.2,91950,-6274,81,283,3719
0,9892.62,37903.3,-4402.67,204,193,2118
2,11582.9,56271.7,3664.92,179,209,2967
5,17162.9,143935,399735,242,362,5847
4,5317.85,1700.35,-1358.29,70,84,136
3,13911.5,43495,-3289.26,61,278,1938
5,5016.92,2146.92,-836.42,4,75,165
3,6700.81,5170.2,-415.745,17,96,347
3,20039.1,251922,-11711.2,296,537,8350
1,4379.08,951.054,-927.41,4,55,88
0,10712.8,57843,-6038,37,251,2977
0,12105.1,33368,-3394,52,192,1415
1,4219.26,1323.16,-966.79,1,57,129
4,4736.36,1630.63,-1043.4,5,70,131
3,14095.2,165040,1022.7,49,320,6391
0,12981.8,77840,-4997,40,280,3296
5,4962.43,3003.75,947.934,99,67,224
2,10903.1,35117,-1110.32,210,208,1691
4,5034.54,2740.88,-777.23,13,72,205
0,7107.44,6872,-2936,46,120,400
5,3787.18,458.519,-697.38,3,36,35
0,8545.19,18603.3,-4640,19,143,891
3,4412.64,2580.85,-1203.7,21,65,202
5,15860.4,166590,6472730,147,287,6171
0,18985.8,148625,-7334,68,377,4929
0,15745.8,99426,-6255,56,321,3630
4,10744.1,24244,-2320.27,115,166,1111
3,9296.44,37769.1,-1237.61,39,180,2054
0,11511.7,64862,-5411,200,249,2983
5,4165.12,408.777,848.48,11,54,28
3,11953.1,54320.9,-1944.3,45,220,2461
0,8672.28,29463,-4007,32,182,1633
0,33130.7,745484,-17674,120,750,21046
4,23524.2,280239,14755000,62,468,9276
4,7924.27,4795.08,-2648.18,33,131,271
3,9366.24,38941.5,43882.2,74,196,1885
5,16466.1,212894,1923160,64,336,8195
2,4129.66,1449.16,-664.519,41,52,133
3,17043.6,135235,133910,295,449,5537
4,13566.3,81217.4,-5863.22,36,272,3539
2,7354.56,12238.2,-1118.29,10,123,726
2,18898.8,147771,-6446,323,449,5537
1,9153.18,17485.2,-2961.59,260,183,931
0,4808.96,4806,-1494,15,75,367
5,15446.6,79636.4,122916,260,336,3302
3,8387.72,16781.6,243021,21,142,844
0,13942.8,130000,-7850,263,367,5532
5,8954.47,12552.2,-1262.89,10,117,519
5,4053.52,674.583,-622.31,13,58,43
0,10859.4,31987.6,-4317.54,39,204,1692
3,4160.88,2575.07,-693.16,20,65,202
0,18042.4,122935,-7823,74,383,4349
3,11998.2,32940.9,3182.8,49,210,1213
0,7330.76,6635,-3036,67,100,366
0,13651.7,62921,-5474,46,258,2679
0,5564.39,3326,-1675,13,89,248
5,9464.08,18941.3,-356.022,206,133,890
1,4816.49,2844.22,-1118.03,20,77,244
5,5501.9,1972.04,-1186.1,9,77,165
1,5076.61,2988.9,-742.618,27,77,244
1,6168.92,5151.25,-2459.4,13,109,317
5,5507.34,1758.25,-1236.25,11,76,147
3,6767.29,12039.4,-824.407,223,105,765
2,7081.64,8916.71,-837.801,8,95,543
2,8395.13,10645.4,-1602.46,230,139,587
0,19286.7,310361,-11226,270,426,10681
5,3456.7,2185.74,-571.504,11,43,161
4,4376.75,4011.06,-794.552,87,72,340
0,13322.1,104448,-8537,198,279,4334
2,4123.4,678.745,-610.97,19,58,43
0,13563.2,99358,-8477,17,217,2322
3,6259.41,3578.26,699.53,23,101,206
2,5788.74,7495.05,-625.18,103,104,457
0,11542,54205,-3909,38,190,2180
3,8088.8,14070,-1060.5,20,127,802
1,3834.85,638.285,-516.32,24,50,42
3,4261.66,1701.74,-911.39,6,61,134
4,8991.89,11432.2,-973.582,47,156,654
4,12479.3,79980.8,-6168.45,35,272,3539
1,3825.58,1209.7,-840.52,9,55,88
2,3621.08,1338.95,129838,1,40,100
3,11331.7,27356.6,-1300.11,110,214,1469
4,9936.15,27584.2,-925.194,35,174,1415
4,8087.45,14436.1,227.64,37,127,802
5,3618.13,480.934,-787.82,3,36,35
1,3857.5,1191.1,-374.73,10,55,88
2,8821.15,13954.7,-2100.72,118,170,771
3,4581.77,1953.43,-1010.72,77,63,166
2,6172.85,5201.75,-1476.63,51,79,292
1,6320.93,5148.95,-1866.6,13,109,317
5,5800.5,1124.31,-1383.1,10,57,76
4,8136.93,17134.7,-1594.57,18,142,844
0,11396.5,90104,-6823,43,268,4063
2,13905.4,90409.6,-2327.56,285,254,3973
0,4554.31,921,-670,7,53,72
4,3824.44,5892.3,-168.88,20,68,481
1,7804.3,13305,-3365.5,2,125,694
3,8635.41,25187.2,-744.302,121,157,1519
0,18013.1,162383,-11310,283,387,5744
0,28232.1,536954,-13816,67,532,10980
4,3167.2,623.665,45.292,5,31,53
4,3351.89,646.774,-78.065,6,31,53
5,14917.5,69920.7,-224.775,162,325,3143
0,8930.44,26787,-5331,45,171,1521
1,5065.33,2831.87,-1105.97,117,77,244
3,4199.14,2372.06,-873.66,13,63,184
0,8231.27,16360,-4554,24,120,803
0,14214,84367,-9093,56,318,3630
5,6056.18,13204.4,-975.75,11,103,883
0,9541.14,47593,-5322,285,191,2527
0,11222.9,37643,-5392,41,214,1695
5,16289.5,82002.9,2382.34,244,336,3302
0,9995.13,35350,-2737,28,216,1809
5,4291.55,648.607,-690.33,16,58,43
4,8084.9,9083.28,1114.8,36,144,553
0,6632.62,11381,-3968,20,135,656
4,13573.5,93502.1,-1440.41,185,273,4429
3,7569.23,14682.1,172259,83,131,971
4,10524.4,32549.1,-4394.23,132,203,1580
3,10518.1,26472.9,-1739.63,118,214,1469
5,10568.3,23740.2,-215.518,35,176,1313
4,3302.19,688.899,124.41,3,31,53
0,4237.13,2484,-719,19,77,186
4,8973.34,12170,-1742.62,9,117,519
4,15062.9,59253.5,-1552.2,127,215,2188
1,8072.64,13714.8,-1720.95,117,170,771
0,5010.7,1955.76,-1020.2,12,75,165
3,4213.14,2012.1,-622.316,73,63,166
0,8730.35,30605,-3693,67,186,1806
5,3524.99,604.235,-86.39,15,43,52
4,4603.22,6679.65,-225.92,18,68,481
3,7568.27,9280.98,-1277.73,96,138,554
3,13159.4,90520.9,-4699.55,213,254,3885
3,6088.14,7529.48,-992.022,80,93,545
1,6265.09,4805.47,-2121.7,15,107,319
5,4349,6141.64,125.26,22,67,481
4,7806.97,5563.73,292816,27,96,347
5,12590.6,53198.6,134934,52,209,2534
5,8702.44,21244.9,3021.1,37,143,1203
1,3246.46,584.782,-403.72,3,51,45
0,13383.5,98688,-8539,60,262,3544
0,10118.1,18473,-6085,26,195,1070
5,17851.5,163036,1124.19,217,352,6744
3,5853.92,7687.37,-1357.8,9,99,583
2,20124.1,146034,-5113.58,331,449,5537
0,7925.77,17130,-2729,25,132,1021
5,3617.83,463.284,-667.88,1,36,35
4,6458.46,5699.43,-690.65,19,99,372
5,15738.1,89527.5,4712,78,289,3710
2,22097.8,350528,-2255.05,246,440,10967
3,15269.6,156369,2990.9,97,310,6737
4,11707.6,32740.5,-90.8725,154,203,1580
3,8356.71,20866,19.403,36,143,1203
4,3800.49,567.446,-311.12,2,43,52
2,6248.04,5274.16,-210.71,6,105,371
3,6657.51,10487.3,-1877.88,25,109,689
4,9490.63,11590.6,-204.448,120,156,654
3,15804.5,156044,3217.2,101,310,6737
0,7712.93,27308,-2427,38,166,1522
4,5738.98,1052.58,-1265.8,7,57,76
3,5017.03,2696.91,-750.01,12,72,205
3,8560.03,28562.1,-1269.55,21,156,1521
2,4171.93,2158.09,16779,20,54,165
4,5268.82,1113.61,-1564.4,8,57,76
4,10031.1,19832.2,6.89813,26,157,1113
3,13357.9,52395.3,-727.564,169,288,2334
3,15191.8,165193,-1751.46,37,320,6391
5,3634.88,509.446,-386.72,2,43,52
5,8859.84,19326.5,-5528.5,8,146,891
4,7894.69,4711.47,-696.358,114,131,271
1,5586.12,1991.28,-1343.9,8,77,165
0,13606.1,77230,-5515,47,311,2838
4,22239.2,411705,-776.069,65,473,14125
4,14923.5,88181.7,-3941.83,102,301,3369
5,9103.26,22433.7,75.879,32,143,1203
4,9272.4,20536.6,-2929.35,112,163,1162
1,6859.93,13727.7,-3238.6,18,118,762
0,11342.5,14557,-1407,225,170,732
1,3872.58,1225.7,-737.56,9,55,88
3,4368.83,1979.17,-1090.81,76,63,166
2,3351.16,1341.6,-505.632,1,40,100
2,4962.97,2792.52,-476.111,102,67,224
5,15326.2,84615.2,-5763.43,45,272,3539
0,6090.68,5415,-2677,12,100,371
1,4948.04,2838.57,-1267,20,77,244
4,4619.82,2887.3,-1363.9,15,65,202
4,12807.8,63439.2,4816.9,43,279,2979
4,4622.22,6502.14,-598.61,32,68,481
5,4099.91,548.122,651.92,26,65,35
3,4171.24,2243.22,-1895.5,5,63,184
3,6447.4,5207.36,-574.568,105,96,347
4,13437.3,142469,-6087.14,292,308,6057
3,3320.86,612.258,17.944,17,51,45
2,4733.95,3979.56,-1687.02,16,79,317
4,14239.5,99843.5,-5558.74,241,281,4061
2,5959.73,8060.32,-3206,9,106,549
2,6027.62,5230.53,-1012.4,8,105,371
3,21029.2,239293,648454000,277,537,8350
4,5086.15,2092.47,-909.16,8,75,165
3,11487,42681.2,-1648.04,95,166,1414
0,13570.3,61823,-4751,64,242,2466
4,8878.25,12283.4,1250.3,22,152,693
0,10760.4,39499,-5090,195,253,2061
3,13467.6,75642.5,-5238.75,182,264,3217
4,6626.2,13527,-1043.8,17,103,883
5,10828.4,23949.8,-1606.49,33,176,1313
1,5958.8,1643.57,5710.35,37,71,103
4,9526.94,30635.9,-807.215,211,171,1747
0,20780.1,203310,-11490,202,471,6077
3,9183.62,37880.4,-2274.88,38,180,2054
4,7981.4,8990.71,2112.4,39,144,553
3,12733.7,78258.3,83887600,56,252,3882
4,3785.54,561.956,-309.57,5,43,52
3,10405.7,58812,828.827,302,217,2904
0,12155.8,70301,-5731,31,266,3132
5,13593.2,61452.2,-438.202,204,214,2600
5,9034.11,16160.9,90421500,30,172,973
0,12619.2,49005,-6398,59,233,2133
4,12473.1,56657.2,-494.17,45,220,2461
4,4971.98,1583.81,-1090.1,6,70,131
4,4735.82,1043.86,-1020.6,21,66,101
3,4592.96,2194.52,-1485.6,12,71,188
2,3899.22,2113.89,-1745.4,5,63,184
2,4564.68,2602.5,-739.52,12,65,202
2,5336.33,4391.7,-966.607,19,88,292
1,6330.01,7811.05,-2165.1,23,102,517
1,4921.78,1892.32,-735.57,11,75,165
3,10917.5,38059.7,-3828.42,31,205,1751
0,6016.71,5795,-312,17,93,396
3,11573.6,56791.1,-1678.05,19,209,2967
3,9209.94,12798.6,64236.3,123,136,619
4,5950.58,7553.67,11192.4,56,90,405
5,4728.32,6155.18,374.91,13,67,481
2,6255.22,11141.6,-674.263,249,102,764
3,8739.03,25322.2,-230.934,36,157,1519
0,11827,69474,-4997,39,237,3127
0,11807.3,63817,-6632,19,240,2894
0,16263,95259,-5671,159,299,3628
3,12681.5,41313.6,321.665,227,278,1938
0,8723.38,32780,-2672,30,185,1868
1,11881.6,49227.5,-4448.89,224,262,2394
4,3741.38,453.476,-640.34,2,36,35
3,11830.8,33295.3,1904.4,54,210,1213
4,4377.86,6689.91,-98.315,18,68,481
4,20940.8,250994,-11558.1,275,540,8870
4,5828.13,1094.39,-1374.9,7,57,76
0,8733.22,15143,-3349,82,152,804
0,7078.13,10408,-2050,19,122,517
4,23018.5,279140,28633200,78,468,9276
0,30143.4,876210,-19987,134,775,23367
0,11690.3,95094,-4200,55,245,4709
0,8740.91,23549,-2230,26,170,1259
4,8486.58,26606.1,555.024,24,156,1521
1,4996.71,4269.01,-1753.26,15,88,292
2,6091.3,10985,567.457,24,102,764
1,4808.27,1892.16,-986.33,12,75,165
0,16313.7,69042,-7691,97,309,2468
1,6261.41,4813.83,-2198.8,15,107,319
4,14341.4,103575,-4866.39,224,281,4061
4,9778.68,25805,-287.037,27,174,1415
3,11957.7,53948.8,-859.41,51,220,2461
5,9056.8,20655.5,3001380,133,152,1165
1,11650.7,68943.4,-2812.87,198,247,3373
2,4325.19,2693.37,-999.69,21,65,202
2,4089.78,794.961,-1545.7,13,54,64
5,14444.4,80698.9,5067.16,82,320,3466
5,9982.57,20530.7,-1237.46,28,157,1113
2,5843.74,4098.5,-1266.72,86,88,318
4,10170.8,39037.6,-528.573,208,193,2118
4,3696.79,561.863,-593.75,4,43,52
3,7202.24,5274.66,-1105.61,193,107,346
3,11625.9,36455.6,-2044.34,25,225,1755
0,8999.55,18926,-3351,22,156,1068
4,6640.2,13600.3,-986.918,14,96,804
4,6881.28,7201.14,352294,19,118,426
0,11563.2,18955,-3677,8,183,895
0,20708.8,184847,-9631,153,408,6182
1,4048.77,2093.54,-2028.1,4,63,184
5,6733.64,5954.3,-1087.4,48,95,372
4,6331.28,11469,-279.937,267,102,764
3,6293.38,3474.05,1043.1,26,101,206
0,6463.77,3017,-1753,18,99,207
4,11437.2,48160.6,74561.3,81,190,2118
2,4267.25,2670.47,-754.74,21,65,202
0,13340,90678.4,-5072.93,209,254,3973
0,13474.6,76926,-8611,179,284,2907
4,4053.34,700.663,-944.48,16,58,43
1,3874.28,2238.34,-1082.07,182,54,165
4,3830.49,556.305,-504.81,5,43,52
3,6510.35,11796.8,-1666.4,15,105,765
4,11266.3,53382.3,1872270,38,215,2394
0,8272.92,24648,-3056,34,166,1463
0,12933.1,66370,-7527,52,293,2980
0,8238.39,13806.2,-3574.55,118,170,771
5,4173.14,6322.37,203.26,33,68,481
2,6649,5238.04,-1077.42,50,79,292
0,13346.2,49372,-3259,53,274,1813
4,9766.04,34465.4,37599.7,110,176,1922
2,4883,3874.01,-1642.58,24,79,317
2,3668.18,2156.32,-475.708,7,43,161
2,4327.21,2597.97,-1317.8,15,65,202
3,5901.37,2598.39,388.61,11,81,169
3,4592.5,1044.65,-76.268,28,62,102
5,23085.7,281355,633.387,308,468,9276
4,8251.97,27451.5,1998.92,19,156,1521
5,6702.51,8128.52,-2071.63,83,109,486
2,7779.6,9125.14,358.4,18,130,515
3,3325.99,685.637,125.7,5,31,53
4,6267.63,7215.07,-906.496,79,93,545
4,8719.83,14141,-3068.26,104,143,771
2,6157.1,8106.28,-2945.4,11,106,549
5,9842.68,22500.9,1010610,115,182,1212
2,7334.49,12538,1162.54,151,123,726
4,11318.3,49365.9,401.81,15,190,2118
1,6392.3,4295.74,-1199.1,14,106,318
2,15356.6,99991.1,-4233.02,41,281,3974
2,6628.25,11368,-1444.84,150,111,651
2,5880.88,12951.7,-1900.5,21,103,883
3,9129.88,25326.5,-3529.51,115,166,1111
5,6689.1,2281.07,-584,10,76,165
0,7195.76,6616,-1917,28,106,344
3,9533.86,25747.5,22988.6,153,174,1415
2,4059.89,2309.76,-1516,12,63,184
3,22872.9,245417,-9687.49,294,537,8350
4,10151.2,34028.9,2845900,113,176,1922
3,8978.68,26642,-1383.53,33,155,1364
0,6615.61,6168,-3333,23,132,397
4,3700.48,528.757,-734.55,2,36,35
5,3575.97,565.977,-410.72,14,43,52
0,9051.53,23420,-3110,27,179,1312
2,5246.75,2780.5,435.323,22,77,244
3,8878.92,12584.4,25224.3,124,136,619
2,14184.9,91490.9,678.138,291,254,3973
3,8894.25,21286.9,-32.049,38,143,1203
0,18335.7,174336,-8879,84,446,5542
0,9966.12,19698,-4183,55,193,982
3,11757.9,52387.6,-962.681,150,218,2391
0,6557.18,6092,-1570,33,105,371
5,4554.02,2619.14,-788.99,28,63,184
4,9611.58,12257.9,1000.6,21,152,693
2,3995.97,2100.7,-1457.2,4,63,184
4,10423.5,17739.9,-2488.13,28,172,973
5,4036.85,686.494,-469.76,16,58,43
2,16215.5,137806,1211400000,70,279,5626
5,9253.38,19809.7,1859.52,26,157,1113
3,11127.5,37999.9,-413.835,31,205,1751
0,9644.81,27813,-3546,23,183,1367
5,9290.32,17583.9,-731.269,193,133,890
0,13733.8,115406,-5886,43,298,4809
2,11083.9,57462.6,85153000,134,217,2904
5,16092.9,87834.5,5113.1,81,289,3710
0,9177.8,32665,-3343,48,179,1693
0,6352.67,8991,-2161,11,121,616
2,7249.25,4136.89,6096.18,11,101,249
5,4373.19,6409.78,203.35,20,68,481
2,6387.06,5559.56,657.729,9,99,321
3,15127.7,86491.8,-981.848,101,301,3369
3,6843.81,5138.49,106023,19,107,346
0,8693.59,40405,-4870,327,198,2318
4,13044.6,79949.3,760.862,64,272,3539
1,5534.44,1383.6,-1192.78,37,71,103
3,6822.96,9323.23,-938.777,123,95,543
3,3838,408.919,666.87,11,54,28
0,7175.52,5550,-3369,10,122,321
0,7881.38,18966,-3255,35,152,1108
2,7923.7,33153.7,76.8985,94,148,1919
5,12598.7,46085.4,678.794,177,273,2061
4,8540.54,9605.1,-1084.94,91,138,554
2,9165.81,34778.5,513782,63,148,1919
5,15337.4,158005,4169.4,127,310,6737
3,5130.02,2999.72,-1962.1,3,65,202
0,12969.5,144165,-6278,28,305,5735
3,4890.68,996.581,-564,25,62,102
0,9832.53,26728,-1704,15,157,1116
4,17253,158876,-7529.11,198,359,6068
2,15517.7,165589,-3932.99,39,320,6391
4,14930.5,77055,3667.33,74,336,3302
0,10742.7,84631,-6001,39,254,4333
2,4644.19,2046.15,-495.23,10,75,165
0,10031.4,39405,-4657,21,192,1934
5,5830.95,1779.41,-960.743,14,76,147
5,3700.14,560.582,-686.55,5,43,52
0,13115.4,132299,-6448,49,311,5320
1,6365.12,4274.34,-595.37,14,106,318
0,6363.45,7116.35,-1880.86,15,95,427
0,12103.1,41856,-5536,90,236,1878
4,8971.69,20511,-2160.93,106,163,1162
4,4842.4,1572.04,-1256,5,70,131
1,8359.68,15561.4,-2396.5,30,141,932
0,9063.3,23613,-3635,24,158,1258
2,12264.2,36780.6,-2850.17,201,225,1755
1,5111.72,2859.97,-930.777,119,77,244
2,9383.41,34788.2,5300870,36,148,1919
5,5034.41,2637.38,-1054.1,16,65,202
5,5400.68,2173.77,410.23,23,75,165
4,10021.4,37824.9,-4008.52,38,196,1997
4,6670.08,7160.02,-2210.87,66,109,486
4,10906.5,38794.8,-1418.75,34,196,1997
2,3912.55,751.528,-1928.1,9,54,64
5,3548.32,446.715,-626.52,3,36,35
2,23038.9,516634,-81.1635,361,540,18067
5,4615.43,6420.94,-85.02,13,67,481
2,13156.5,40266.8,-3266.56,114,234,1581
4,5401.62,4414.09,-939.7,14,85,346
0,4731.27,1890,-1300,13,74,135
0,11123,60015,-6162,138,268,2899
2,4172.23,2195.09,2624330,29,54,165
5,7775.65,14815.4,427.204,18,119,931
0,16218.2,165186,-7454,147,376,6283
2,10484,37995.3,-1515.53,163,205,1751
2,5501.88,4296.31,-1081.77,21,88,292
2,11232.2,56130,-2669.9,36,209,2967
0,17795.4,197314,-8360,68,360,6752
3,6279.68,4049.77,274.67,14,100,294
3,9270.5,39513.1,-4427.4,67,196,1885
2,7933.39,32985,1554.48,19,148,1919
4,9598.17,39723.8,287744,127,207,1995
0,8713.94,38005,-4203,57,209,1993
0,6708.93,15223,-2617,23,115,806
1,7227.12,28389.8,-2742,13,131,1686
5,3453.57,1339.96,-531.478,28,40,100
1,6784.97,7759.39,-2809.6,12,117,427
3,10472.6,37594.8,-1407.01,34,196,1997
3,14461.5,89055.6,289.152,54,291,3799
0,6522.05,8153,-680,18,90,454
3,9539.64,33213.9,-433.857,113,176,1922
0,8995.32,22450.3,-2850.43,67,152,1165
4,5542.35,3545.23,-472.143,164,71,249
3,15363.1,85729.8,-609.697,86,301,3369
2,17700.5,163926,20573.7,205,352,6744
4,6157.24,2412.16,-523.214,18,82,185
3,4471.75,1027.05,-760.42,26,66,101
2,7007.84,4111.28,-1354.93,11,101,249
3,8241.88,20790.4,1100.4,37,143,1203
4,10509,36124.4,-4666.78,188,208,1691
2,6571.94,13109.5,-925.687,192,96,804
4,13048.6,61037.5,-4972.76,34,247,2754
5,10044.1,27012.6,523.519,143,172,1412
4,12682.7,63287.3,3815.9,50,279,2979
0,5824.29,4249,-2686,14,85,316
4,10425.1,22165,5114350,112,182,1212
5,5482.26,4464.14,-931.6,15,85,346
2,5378.54,3777.92,-1073.01,10,85,269
4,10797.2,38859.4,10688100,38,193,2118
2,15454.7,99858,-1586.15,130,281,3974
0,13757.3,83841,-7462,27,261,3454
1,6068.47,5701.17,-1335.4,18,85,343
5,3814.46,302.66,1170.7,11,54,28
3,4214.41,1687.32,-254.72,4,61,134
5,3756.75,675.337,-434.75,11,58,43
0,9292.5,20645,-3057,24,154,1063
0,16431.1,98686,-6111,34,306,3631
5,14796.5,53600.6,-427.026,52,288,2334
1,7554.07,11201.5,-2937.6,14,121,622
2,13444,135332,-2524.49,50,279,5626
4,8297.11,10076.3,-511.611,144,139,587
4,2782.91,1280.02,1299.5,2,40,100
4,3396.6,681.055,74.744,4,31,53
1,11665.1,49324.9,-4668.91,224,262,2394
3,5600.54,7567.46,-956.06,11,99,583
4,3401.49,672.189,124.99,8,31,53
5,6570.75,6264.94,-1387.9,36,99,372
2,14974.2,136637,-2304.4,194,279,5626
4,7327.9,17581.6,-2498.7,19,125,1014
5,6804.13,5779.35,-1102.16,48,95,372
0,12767.1,62532,-5142,43,214,2460
1,9206.23,17186.2,-3300.81,35,183,931
4,9595.79,12571.3,1198.1,30,152,693
5,11577.2,39500.2,-1813.24,159,205,1751
1,11332.2,41591,-3043.62,135,227,2059
3,12258.3,78527.8,734678,46,272,3539
0,9625.67,29224,-3403,24,170,1467
5,8320.75,12318.2,30324.6,35,130,694
0,13178.4,96392,-6243,99,266,3891
4,8431.64,9182.6,2336.4,38,144,553
4,9624.83,27605,-1199.74,157,158,1403
3,3387.4,670.27,40.818,4,31,53
5,4968.02,2762.18,-845.623,104,67,224
4,12508.3,54297.7,27006.8,154,218,2391
1,5466.21,3667.16,21123.1,63,85,269
3,14395.9,142370,660.164,49,308,6057
3,3414.08,688.431,309.54,7,31,53
4,19861.4,251162,-12318.9,281,540,8870
4,3682.6,542.067,-690.47,5,43,52
2,4098.82,2215.49,-1169.5,10,63,184
5,21730.3,414180,337.872,91,470,14125
0,11104.7,64963,-6135,45,238,3293
4,17597.2,218053,653613,59,336,8195
5,6245.71,3329.68,2620.4,21,101,206
5,5683.09,4927.78,15129,9,79,342
5,3588.57,567.569,-368.08,16,43,52
5,12863.2,92595.6,27215.3,201,273,4429
0,11150.9,74953,-5116,55,229,3534
5,4294.85,2074.88,244.64,36,75,165
1,5018.45,4043.81,-983.71,11,85,346
5,5345.07,4405.63,-955.7,15,85,346
0,7350.56,8845,-3512,21,120,552
4,11968,29999.3,-2803.45,118,166,1111
1,5193.95,3126.69,-2398.4,4,65,202
4,11847.6,70098.9,206.751,137,262,3211
5,15797.3,90009.5,5245.8,80,289,3710
4,12485.8,71645.2,219.05,185,262,3211
4,4253.84,6148.85,92.12,15,67,481
3,9676.13,37541.1,140746,51,180,2054
3,12583.2,80714.9,-1304.05,164,252,3882
5,4574.98,1117.24,-1004.4,10,62,100
5,3661.3,389.982,1121.4,11,54,28
2,10773.2,41426.5,-2840.2,134,227,2059
0,11855.9,104601,-5846,34,262,4623
2,7038.58,28045.5,-2801.9,12,131,1686
4,15275.2,86403.3,-1212.76,96,301,3369
3,4838.37,2193.64,-1076.6,12,71,188
4,4624.04,1236.25,-1492.4,33,71,103
4,13961.8,97675.7,4200.4,188,281,4061
5,4193.79,512.81,397.35,26,65,35
3,14780.9,58569.7,-71.2959,141,215,2188
1,12152.5,49519.1,-3951.16,227,262,2394
3,11264.6,55620,-1041.41,173,209,2967
5,3781.81,461.775,-616.01,3,36,35
1,5303.36,3693.12,-1045.7,9,89,249
0,7378.54,10077,-1937,10,112,585
5,11233.9,23151,-132.3,46,176,1313
5,13025,64938.1,7930.2,40,279,2979
4,3750.2,1966.68,-412.992,7,43,161
5,3626.14,469.906,-1039,3,36,35
5,9938.14,14648.2,499536,43,143,771
2,5090.88,4427.37,-1366.38,15,88,292
4,15681.1,195825,-4100.54,82,286,7322
2,6258.13,7950.65,-3413.1,4,106,549
2,10104.6,10510.1,-2123.32,103,154,587
0,8226.14,21719,-2917,79,157,1258
5,3630.9,2161.5,1148.1,11,55,167
0,7830.49,17284,-4920,11,132,850
2,16431.9,160109,-3582.85,216,352,6744
3,6461.85,10317.7,-1820.71,23,109,689
0,4878.32,3457,-1726,6,72,243
1,5173.13,3688.94,-415.3,21,82,289
5,10036.8,24215.7,-3449.07,124,166,1111
0,20613,223537,-10256,127,437,7103
1,4193.38,2494.94,-1389.9,13,65,202
4,9259.84,20417,1561.47,99,163,1162
2,22668.1,516317,-268.723,347,540,18067
3,11792.9,32243.6,1337.89,36,203,1580
4,4326.69,1688.22,-800.42,10,61,134
3,3365.38,652.484,133.41,3,31,53
2,8250.81,33028.1,-818.556,98,148,1919
2,5614.57,3785.75,-855.71,120,85,269
0,6922.14,11061,-3037,18,120,691
2,6592.54,5569.98,-776.14,11,105,371
0,14478.8,160104,-9461,97,355,5958
5,4620.28,1472.15,419.383,171,76,147
3,7877.27,14104.6,-300.07,10,127,802
0,9200.26,35157,-2650,26,136,1626
3,4070.74,2563.99,177.07,32,65,202
2,21552.7,350587,55963.5,92,440,10967
0,7943.07,11931,-2090,31,131,805
0,12196.2,47005,-5110,34,216,2324
3,12149.7,52397.9,698178,148,218,2391
4,9268.43,12309.1,-1285.83,214,117,519
2,8291.12,33518.2,279.623,92,148,1919
4,12524.8,53025,-2506.78,146,218,2391
4,22746,277561,2051.26,312,468,9276
0,8826.31,15087,-4600,35,157,889
0,10727.5,60535,-4729,26,241,2744
4,15425.2,156019,1104.5,107,310,6737
2,12444.5,85210.3,-3807.14,50,291,3799
5,6490.44,1128.72,-1453.1,7,57,76
3,13483.5,55617.3,3873840,109,224,2192
2,14768.9,80786.9,833130,125,223,2059
1,4375.9,959.045,-609.53,4,55,88
2,8814.15,12171.2,-1405.4,11,117,519
0,21136.5,332035,-9141,98,478,12027
3,12208.3,54046.4,-2010.7,48,220,2461
5,6700.43,4225.18,-881.433,137,101,270
1,6983.42,13629.4,-3042.4,17,118,762
1,5678.86,5254.81,-1505.2,17,99,372
4,12121.5,91699.4,-4828.34,217,254,3885
4,11766,30892.7,-2766.27,113,166,1111
3,4074.81,1939.26,-13.5669,197,63,166
4,8548.27,8895.11,1580.2,39,144,553
3,12501.8,38127.2,-535.766,32,235,1818
2,11536.8,73455,-4385.29,28,249,3630
4,9222.65,12254.2,1379.1,19,152,693
3,12067.5,78717.1,-5856.34,39,272,3539
0,8035.22,15173,-3176,73,130,888
1,8258.69,12969.9,21373.9,22,132,806
0,16062.3,188174,-9328,54,321,7328
3,11630.4,52652.9,-2017.81,139,218,2391
1,4880.61,1417.65,-1473.95,42,71,103
4,6458.98,1905.51,-1116.95,11,84,136
5,8217.81,9172,1716,39,144,553
5,3434.72,693.809,167.78,8,31,53
5,11470.4,31982.8,4883630,147,203,1580
0,7386.03,14188,-2902,32,156,845
2,3991.83,2108.42,-2019.1,4,63,184
5,4397.49,2343.71,-125.584,94,77,205
0,9756.25,38530,-2126,34,209,1524
2,7773.55,9036.02,84.087,11,130,515
5,3642.55,556.108,-412.8,16,43,52
0,8662.92,14532,-3487,7,131,732
2,16119.8,166266,20335.6,48,320,6391
2,5426.89,4443.48,-1682.71,28,88,292
2,6550.35,11900.6,-495.232,8,105,765
2,6207.43,8089.49,-2799.3,10,106,549
5,3653.73,533.94,-289.09,13,43,52
0,11448,103044,-6929,66,249,4907
2,10031.9,34641.8,6861.73,209,208,1691
2,3940.04,2087.78,-1188.6,4,63,184
4,8065.18,20388.8,-1880.85,34,119,973
3,12926.2,79902.6,489.863,35,272,3539
2,10011.9,10342.1,-3047.53,99,154,587
1,9328.34,17320.3,-3470.18,37,183,931
3,3564.24,707.809,198.51,5,31,53
5,3648.98,491.646,-657.68,3,36,35
2,21298,174771,3082590,309,449,5537
2,4679.35,3573.47,-31.325,23,78,292
4,14720.5,79825.9,810.469,283,320,3466
0,12180.9,27407,-4994,53,216,1316
3,4283.22,1942.64,-705.714,195,63,166
5,6632.85,4792.76,-1835.3,30,110,294
3,15608.9,155555,1811.9,96,310,6737
2,6164.49,8051.26,-3612,10,106,549
5,4761.32,1636.93,-1661.6,6,70,131
1,3823.4,1197.23,-796.87,9,55,88
1,23455.7,516202,885372,312,540,18067
2,5942.64,4245.07,-1315.54,82,88,318
1,5773.7,12729.7,-2073.2,20,103,883
5,3673.8,575.344,-118.5,13,43,52
5,7776.29,12491.6,-711.115,257,102,764
4,8956.84,12276.4,-1364.38,124,136,619
0,19805.9,193607,-5891,56,390,5427
3,8504.11,25151.4,430.242,81,157,1519
3,4701.76,1023.62,-1151.5,23,66,101
5,4354.12,2273.1,-635.14,3,61,184
2,12536.2,39284.5,2327000,125,234,1581
0,5130.03,2707,-2512,9,82,206
4,9623.19,24501.2,-1222.79,89,154,1252
2,5558.61,2427.14,395.12,5,81,169
4,8079.99,14512.4,-139.55,34,127,802
3,9245.81,26146,-662.833,35,157,1519
4,7131.26,5818.22,-560.41,18,105,371
3,3832.89,2178.3,-809.29,2,63,184
5,11775.6,67116.3,4971.9,58,201,3289
1,5438.05,5584.86,-1437.9,5,89,425
5,8142.31,21112.4,284.32,49,143,1203
1,10698.5,41336.6,-3503.19,143,227,2059
0,19771.9,383953,-8130,379,480,13299
0,5417.24,5279,-2695,23,88,370
4,4014.39,2315.26,-886.03,23,63,184
4,26058.7,260411,21354,287,537,8350
3,15419,85397.6,107082,95,301,3369
0,4194.33,3356,-925,10,68,270
1,3800.45,1205.5,-650.34,9,55,88
1,4077.17,770.794,-2377.4,9,54,64
4,6785.25,6589.12,1958.54,85,95,372
0,4840.31,6880,-2819,16,80,515
5,6124.7,2503.39,493.18,8,81,169
3,6261.79,3466.59,111.28,17,101,206
3,8772.22,16045.9,134098,40,160,976
5,14528.6,69197.6,15911500,156,325,3143
3,9509.87,39254.3,47487,73,196,1885
1,5757.99,4584.53,-1450.2,15,98,294
1,5094.29,1832.7,-1468.6,3,70,131
2,11731.8,68668,-4506.67,182,247,3373
1,11260.7,41702.5,-4005.9,47,227,2059
2,5119.04,2768.6,-994.856,22,77,244
4,4378.99,2731.5,-861.91,19,65,202
2,5641.87,7619.97,-790.419,12,104,457
4,20152.4,408308,-1046.03,89,459,14125
1,5224.65,4231.68,-1449.14,14,88,292
3,6161.54,4021.72,-123.03,14,100,294
0,6967.49,9009,-2253,45,105,369
5,4291.8,6162.73,-16.57,19,68,481
3,9178.53,38928.4,-975.62,75,196,1885
0,14688,108935,-7495,29,338,4347
3,4431.62,2243.17,-1295.6,3,61,184
3,7374.82,13859.7,29999.7,89,120,809
2,13642.4,135749,-2126.9,203,279,5626
0,23099.1,280276,-13215,264,465,8741
1,6068.66,1889.3,-728.996,41,71,103
2,5714.94,3797.1,-847.907,9,85,269
4,5706.27,4469.09,-967.003,23,88,292
3,9306.28,37955,8904.43,50,180,2054
1,5090.31,3035.69,-2038.1,4,65,202
5,8253.98,9043.33,824.64,28,130,515
2,11057.4,41431,-2154.93,151,227,2059
5,3533.85,598.699,-529.77,14,43,52
5,8157.47,20894.3,929.48,56,143,1203
5,14678.7,79237.1,2931.27,40,249,3630
1,12590.9,49856.9,-3909.87,34,262,2394
1,5935.96,4830.26,-750.28,21,85,343
4,9471.1,12357.1,547.42,18,152,693
2,5590.62,5136.48,335.392,52,79,292
3,4201.37,1957.18,-778.193,73,63,166
5,7857.62,9038.33,-858.888,209,107,517
1,5706.31,5244.04,-1348,17,99,372
2,7443.94,9013.3,-201.18,23,130,515
3,13093,73230.5,-580.168,195,262,3211
0,13232.2,41662,-3124,100,157,1415
0,5045.6,3799,-1854,9,75,268
4,11933.6,34396.1,2369.2,48,210,1213
2,7200.15,12525.7,-1491.4,143,123,726
4,7794.28,12069.8,255004,119,130,694
3,6749.03,17275.6,-1602.2,14,128,1065
3,4442.32,2167.88,-1805.7,11,71,188
1,6345.44,8380.49,-1864.7,11,100,551
0,9846.8,20922,-4356,28,166,1068
5,7873.06,9304.32,-1231.11,182,107,517
3,5972.9,1757.02,14578.3,69,84,136
4,7059.6,6533.79,127244,97,95,427
2,11617.8,49107.6,-3212.96,223,262,2394
5,4969.66,2438.06,-664.06,4,61,184
5,12210.8,45629.1,3328.21,156,273,2061
3,9686.21,12121.7,-2285.3,124,136,619
0,4964.78,1302,-1887,20,79,104
1,5260.89,3685.03,-1235.1,6,89,249
0,9469.36,40414,-3854,37,196,1997
3,4845.32,2065.01,-470.47,8,75,165
3,11252.1,38078.5,217.885,151,235,1818
0,8132.33,19106,-3582,13,149,1022
5,4196.18,6963.66,-351.06,22,68,481
3,8004.04,16673.7,1139700,30,142,844
2,3980.53,2191.8,-1473.7,4,63,184
0,18108.7,246750,-13905,297,424,9398
2,4578.38,2189.86,-1750.8,9,71,188
0,24738.1,404324,-10599,133,523,11432
1,3796.68,1194.94,-736.34,9,55,88
4,6585.98,7046.89,-154.982,16,118,426
4,5890.73,4549.72,-878.385,84,72,340
2,4216.06,5955.66,-365.32,18,68,481
4,6570.73,16914.3,-2633.1,13,128,1065
3,11671.3,78130.2,-442.375,170,252,3882
2,5954.64,11188.6,79096.8,22,102,764
3,14429.2,78801,4416150,279,320,3466
3,14794.3,79489.9,20275.6,190,320,3466
1,5115.46,3129.34,-2368.6,4,65,202
4,10884.6,41889.5,-1446.48,51,180,2054
4,11898.7,59469.8,-1973.46,188,223,2822
3,4395.55,1962.4,-957.02,6,63,166
2,5239.08,2214.05,12.023,8,75,165
4,5045.62,2068.08,3117630,113,66,166
0,10647.6,53526,-5328,24,184,2320
4,9562.83,16796.6,-3696.76,32,172,973
1,6963.98,13587.8,-3264.4,15,118,762
0,19868.9,223617,-12726,278,464,8220
5,4584.57,6304.71,152.38,14,67,481
0,18840.3,249151,-8689,79,419,9684
4,9207.45,13700.9,-642.119,105,148,729
4,14243.2,92503.3,2113.08,228,254,3885
1,12566.7,49954.4,-5508.53,221,262,2394
3,12843.1,60525,67971.9,28,247,2754
1,4127.85,5699.09,-474.43,20,68,481
3,17824.3,174016,719.343,227,403,6746
1,5374.03,4039.61,-1109.1,11,85,267
2,4154.33,415.616,1138.8,7,54,28
1,4147.84,1541.24,-812.56,4,55,133
4,16193.4,143432,1104.54,303,362,5847
1,5268.17,4043.46,-1225.5,11,85,267
3,9921.86,24555.1,6517.8,44,177,1313
3,4014.36,628.773,-445.97,11,58,43
5,4679.52,2306.14,950,25,75,165
0,9421.45,29264,-5887,79,169,1310
0,10845.9,49735,-5527,80,207,2386
4,8281.01,9036.61,2460.3,43,144,553
3,4299.04,1716.24,-870.94,6,61,134
3,7022.09,11448.3,11228,136,111,651
1,8412.04,15725.5,-3256.5,31,141,932
0,8220.02,15102,-2932,20,122,810
4,10485.3,28076.8,-3584.52,78,214,1469
4,17916.3,217284,334753,67,336,8195
1,11159.2,41613,5294.44,143,227,2059
4,4446.9,2266.26,-582.36,6,61,184
4,22764,413811,1240.96,75,473,14125
5,11099.3,23131.7,345476,54,176,1313
3,9621.18,39337.6,243540,69,196,1885
3,4449.97,508.818,-71.118,23,65,35
5,5495.33,1088.08,-1860.3,2,57,76
3,8812.8,16786.7,-493.316,26,142,844
4,6616.55,1947.35,-600.576,21,84,136
5,3664.26,511.221,-414.33,6,43,52
2,17365.7,158994,263790000,208,352,6744
4,9629.5,12184.4,299.07,21,152,693
5,4344.46,2432.01,-603.82,27,63,184
1,4465.61,978.108,-1402.3,14,66,101
2,5360.17,3495.31,-849.92,137,51,132
3,7004.03,5255.17,-916.394,194,107,346
3,4004.37,811.731,-2056.5,13,54,64
0,13916.3,115655,-7036,58,292,5213
4,5138.51,2901.16,-669.31,19,72,205
3,6886.27,12570.1,-1839.18,47,105,765
1,5665.97,2593.48,-3563,13,87,166
4,5922.31,1128.57,-1608.6,7,57,76
0,15715.5,168482,-7908,59,390,6294
0,17310.3,162885,-9381,187,391,6183
0,6067.51,6505,-2640,19,112,460
0,15436.3,105045,-6346,46,332,3805
1,10829.2,68219.7,-5117.42,195,247,3373
5,4391.02,2084.33,471.3,24,75,165
0,8772.78,4070,-1446,25,137,119
0,12929.6,63168,-4662,31,235,2528
1,4185.99,1314.59,-1161.8,1,57,129
4,3787.14,550.882,-854.33,5,43,52
0,14036.1,167774,-6902,43,307,7203
2,15094.5,251710,8618.98,101,346,7851
5,10131.4,28546,-2231.65,47,194,1521
0,9942.84,58710,-6646,15,193,2673
5,13470.7,63269.2,3969.8,47,279,2979
0,7853.09,7527,-2901,28,124,371
2,6999.92,28185.8,-2519.2,14,131,1686
2,7373.28,9229.25,-403.029,19,138,554
0,14712.5,209828,-8922,82,366,8468
2,4539.11,1036.1,-951.54,28,62,102
3,19745.1,411425,-9750.6,60,473,14125
2,6513.41,13085.6,-1664.1,184,96,804
3,5727.36,7663.07,-1539.1,14,99,583
5,6358.4,5395.3,-520.39,78,86,367
2,7971.04,9144.2,645201,19,138,554
0,13243.3,131868,-7651,37,316,5521
3,9137.84,28767.4,70899.8,131,179,1626
0,8939.27,25457,-3798,28,154,1409
0,7936.34,7034,-1892,23,130,401
4,9679.59,26252.8,-133.571,150,174,1415
2,8694.8,29998.4,-1337.13,26,132,1513
5,15514.5,82263.9,6100.34,66,320,3466
5,14941.3,94688.2,-2133.79,233,254,3885
2,10523.1,33041.4,-5380.65,126,234,1581
3,6403.4,7042.5,1678.3,76,118,426
4,10436.7,26980.9,4176.13,30,174,1415
3,12833.8,75368.4,-423.959,178,262,3211
5,10828.2,23468.2,1260400,40,176,1313
3,12634,90676.4,6706.08,219,254,3885
5,9814.68,19785.5,-1197.54,33,157,1113
0,6675.48,13386,-2213,197,118,729
4,4043.84,1634.82,-619.66,8,61,134
4,3784.75,545.652,-732.97,5,43,52
3,10236.5,37727.2,7966270,191,193,2118
0,12324.6,143889,-6949,322,298,6285
4,3698.72,558.824,-582.98,6,43,52
5,4689.26,2358.91,-336.65,7,61,184
4,6252.5,5668.57,-325.14,85,95,372
2,7807.25,9423.2,-1962.61,199,130,490
2,4512.85,6362.43,-763.83,17,68,481
0,3276.41,2108.07,-514.75,8,55,167
0,9900.49,48780,-4061,36,200,2533
4,3504.26,722.646,291.22,7,31,53
5,6123.87,2104.08,-885.267,15,82,185
5,9242.65,14274.1,-974.992,112,148,729
0,8320.92,23160,-4905,54,166,1309
4,8799.3,8941.56,2104.5,36,144,553
5,4289.74,6097.8,-685.37,18,67,481
2,10007.4,34540.1,6434.11,26,208,1691
4,9645.19,21778.1,-1238.62,34,163,1162
3,10975.6,27642.5,746662,36,214,1469
5,6731.22,5529.54,-953.957,84,95,372
2,4594.5,6306.25,-339.39,29,68,481
0,6600.06,6047,-3461,6,109,399
0,14406.8,115072,-6199,55,310,4817
3,3735.57,467.715,-727.85,1,36,35
1,4890.35,2859.79,-1267.61,116,77,244
0,16976.1,151956,-7745,57,288,3975
5,7868.81,22361.6,924.105,75,139,1108
4,3572.85,555.533,-480.32,6,43,52
0,18327.5,175790,-12389,45,430,6635
5,5032.96,2434.03,-907.62,4,61,184
2,15659.9,160208,-600.471,253,352,6744
3,13642.5,141175,229.029,315,308,6057
0,13583.2,14562,-4579,148,231,697
0,18747.4,251499,-12190,69,470,9008
3,4288.17,705.215,-518.49,17,58,43
0,15956.3,164469,-8362,15,308,5115
4,17030.5,158991,1907.3,81,359,6068
5,3709.48,572.515,-403.79,15,43,52
2,3844.53,1445.74,-862.152,160,52,133
0,9800.25,74190,-5107,38,218,3534
0,11571.2,66692,-5682,47,257,3132
5,5650.22,1147.87,-1425.4,4,57,76
4,14624.4,53310.2,126.68,46,288,2334
2,6931.23,12602.7,-2126.58,150,123,726
0,9600.17,16150,-3493,63,168,855
4,13296,41984.5,-3738.88,241,278,1938
3,12427.1,52731.6,-506.063,151,218,2391
3,15615.2,155517,2549.8,98,310,6737
1,4212.39,1320.36,-1171.8,1,57,129
1,3806.18,1191.03,-921.04,8,55,88
5,8063.98,14985.9,-38.918,20,127,802
0,5068.86,4579,-2693,11,88,321
3,9740.36,39939.2,-3474.47,84,196,1885
2,5974.79,8101.32,-3880,10,106,549
3,4543.64,1013.95,-752.56,28,62,102
3,12425.7,38428.3,140236000,124,234,1581
4,20225.9,276098,2565.9,37,420,9137
5,5023.15,1943.53,-215.26,11,61,116
3,15224.6,166551,-2673.89,52,320,6391
4,6112.88,2587.61,925.74,15,81,169
4,9938.05,27002.6,-1538.86,45,158,1403
0,16561,270663,-7965,65,374,9816
3,3931.84,794.655,-2154.4,13,54,64
0,14369.7,126702,-4821,102,291,4915
4,11948.6,79856.6,14101200,43,252,3882
2,7125.87,12630,-922.372,18,123,726
5,3704.13,563.869,-456.79,5,43,52
3,4051.16,2719.73,-1255.1,23,65,202
5,14916.1,78019.9,3412.69,253,336,3302
2,3959.21,2070.61,-1956,4,63,184
0,9828.56,46654,-6641,83,200,2457
3,9237.73,10029.9,-1308.78,102,154,587
0,16977.7,405596,-11372,94,439,14806
4,4715.16,6568.31,-99.615,13,67,481
3,4374.42,1024.47,-762.71,28,62,102
2,3823.42,2162.45,-926.686,51,54,165
5,4686.58,5915.65,-392.49,17,68,481
5,13191.9,59591.7,-873.679,181,223,2822
4,3680.32,534.82,-556.1,4,43,52
5,3982.38,6621.67,500.21,15,68,481
4,5977.23,7308.62,-1080.99,37,104,457
3,6832.67,9038.78,-1224.46,6,95,543
2,12415.6,38300.5,-2354.53,36,235,1818
5,12576.8,71399,869.28,53,201,3289
5,4574.39,2923.12,197.69,38,65,202
0,16384.7,148271,-6125,27,325,5643
0,11069.1,50373,-5704,7,150,1467
0,18617.7,500511,-9292,67,396,14634
4,7184.42,16800.1,-2045.2,17,125,1014
3,9366.25,12949.4,-2731.83,122,136,619
4,5657.9,1044.09,-1769.9,6,57,76
4,13258.5,60732.9,19915.7,32,247,2754
5,4668.48,2560.96,-398.23,6,61,184
4,4910.65,1982.96,-386.26,6,66,164
1,5801.36,5212.36,-1522.1,18,99,372
3,10123,10390.1,-2499.32,97,154,587
5,5750.7,1059.13,-1331.6,3,57,76
2,12137.9,49962.5,-4795.52,226,262,2394
3,7503.69,9423.3,1685.42,175,135,587
1,4844.38,2860.81,-1121.71,18,77,244
3,6241.74,13838.4,-1235,11,103,883
0,9134.73,18311,-4736,29,170,1026
4,4774.46,6418.93,-82.595,15,67,481
2,6415.64,7403.93,-1308.37,80,93,545
1,11710.1,49336.4,-4308.25,106,262,2394
4,5767.46,5953.76,-452.627,102,85,423
2,12384.7,73323.1,-1589.87,28,249,3630
0,4550.36,3051.46,-1288.14,157,71,249
4,3843.69,561.553,-483.38,5,43,52
3,3616.42,417.33,1221.9,11,54,28
2,5539.62,4347.54,3658.93,20,85,343
1,6344.14,5323.61,-1457.89,51,79,292
4,5278.81,1028.54,-1141.6,7,57,76
3,17329.7,172124,104189,256,403,6746
0,24658.2,346679,-13573,105,636,10694
3,24401.5,271238,-376.643,282,537,8350
2,4120,671.877,-634.98,9,58,43
5,9364.39,20335.1,-2542.96,125,151,1023
5,8835.86,12478.4,-1148.99,67,128,693
1,3833.96,1198.16,-594.26,9,55,88
5,10412.2,15017.2,-1419.06,81,143,771
4,19868.2,275920,11817.6,51,420,9137
1,4565.47,1040.55,-663.32,28,62,102
4,10673.9,41530.4,-4357.5,131,207,1995
4,5865.52,7147.05,-954.202,16,93,545
4,4299.54,559.986,449.49,23,65,35
0,7117.68,15298,-3834,51,121,931
2,4644.47,2058.39,216.46,11,75,165
5,11065.7,49174.9,-1705.66,90,190,2118
1,8308.88,15557.7,-2283.6,31,141,932
1,6279.65,4798.77,-1976.1,15,107,319
2,6009.72,7520.27,-723.094,101,104,457
4,15422.8,77664.1,2238050,86,320,3466
2,3824.69,2186.23,117.917,183,54,165
4,6044.05,1129.25,-1423.6,6,57,76
1,7015.14,7977.66,-2590.6,11,117,427
5,4838,1541.96,-1871.2,6,70,131
3,11356.5,57098.1,-1098.11,25,209,2967
0,8372.08,34714,-2669,32,178,1928
4,3666.19,542.671,-662.01,6,43,52
1,3742.41,1509.35,-1116.1,6,56,114
5,14829.4,88404.6,550.875,67,298,3369
0,18480.3,122999,-9476,190,439,4443
4,9519.32,12124.5,213.78,21,152,693
4,4668.99,2375.42,-889.92,7,61,184
0,14931.4,96727,-6876,30,258,3293
5,7775.34,4672.72,-876.25,32,86,205
5,12502,57237.2,-4100.6,62,220,2461
2,6280.18,5378.63,-740.73,9,105,371
5,5557.04,1744.91,1209.2,12,76,147
1,5064.75,3039.15,-2176.3,4,65,202
0,5921.16,5460,-1488,5,67,339
1,6817.46,17129.7,-2557.6,7,128,1065
0,5000.05,4037.07,-1286.7,11,85,346
2,3902.99,2102.21,-1656.3,4,63,184
2,5539.2,2478.35,211.18,2,81,169
3,6318.89,5122.95,-1164.66,14,96,347
5,4968.43,2454.68,-972.67,17,65,202
1,5313.91,3728.09,-964.12,7,89,249
5,4545.92,2021.82,770,28,75,165
2,4228.94,6118.83,-302.06,11,68,481
1,6278.2,5145.35,-3171.8,12,109,317
5,11609.3,32839.4,3986.6,58,210,1213
4,14969.2,87838.9,-3830.53,101,301,3369
4,13696.8,59988.2,-3624.44,133,215,2188
2,7122.13,8946.55,-1772.95,78,95,543
4,5988.43,4012.44,-327.3,16,100,294
2,10655.8,35879.3,-476.365,208,208,1691
5,4846.41,1865.46,-81.748,10,61,116
4,19534,275131,156215,281,420,9137
2,14945.1,88533.6,664.826,104,299,3369
2,6072.91,8020,-4366.4,9,106,549
5,4320.15,1982.51,179.06,16,75,165
3,3447.72,682.744,-307.37,4,31,53
5,8211.76,20405.1,1692.4,46,143,1203
2,7087.46,4120.7,-1149.67,10,101,249
5,3946.58,509.804,137.9,25,65,35
0,13655.9,112364,-7775,56,314,4531
0,11166.3,66594,-3740,20,193,2822
5,6234.61,1132.26,-1313.8,7,57,76
0,5983.72,3483,-1448,11,93,275
0,21332.6,480762,-17236,90,553,15691
4,4630.46,2946.53,-919.87,40,65,202
3,5071.51,2786.95,-663.839,82,67,224
3,6661.22,5306.08,58267.4,16,99,321
3,6583.61,17018.7,-2672,12,128,1065
1,10909.6,41738.9,-4990.95,141,227,2059
5,3814.48,563.055,-611.66,5,43,52
2,16855.1,161428,-7072.02,224,352,6744
2,13486.2,52662.9,15069.5,231,288,2334
4,9489.14,29610.4,-1177.82,134,179,1626
3,9977.52,24465,228.167,32,177,1313
3,7245.95,14338.2,15267.9,36,120,809
3,4686.53,1975.37,-1154.43,106,66,166
0,4133.51,2485,-1233,4,65,202
4,7983.47,14389.2,-298.48,17,127,802
0,12930.3,61062,-6880,94,247,2600
0,7824.71,6349,-4205,41,125,399
5,5536.8,3125.02,-1667.5,19,70,205
5,9798.73,16144.5,15608400,49,160,976
0,6847.7,7074,-1933,18,110,455
5,4676.86,2856.38,-192.48,36,65,202
4,7340.04,11172.7,14133.4,98,114,689
1,6097.18,15132.3,-2530.4,16,125,1014
3,14389.6,86694.6,-1058.73,56,291,3799
3,4555.59,1929.63,-563.86,3,66,164
2,10663.4,34451.5,-5237.62,146,234,1581
5,3832.29,2577.3,-1757.9,17,63,184
3,10643.2,37859.4,-3047.12,35,235,1818
0,4686.57,3881.47,-1492.23,19,76,317
0,6715.77,9432,-2770,44,116,524
0,14919.1,154154,-9347,42,374,6081
3,9702.52,24448.9,3677540,44,177,1313
2,4737.34,3853.97,-1662.39,23,79,317
5,3792.84,656.619,-767.71,24,58,43
0,8457.6,11464,-4114,61,127,653
5,3336.49,675.143,258.52,6,31,53
0,8877.61,6679,-3192,22,123,398
4,15279.3,61674.1,-6114.85,148,305,2610
0,11214.7,81200,-7183,140,253,3970
3,13188.3,142133,197.662,203,308,6057
2,17161.6,161412,-4040.59,221,352,6744
5,11579.5,51613.1,1260.96,104,209,2534
5,8629.04,27741.6,-1804.76,127,156,1521
3,5629.02,2441.55,482.49,3,81,169
0,14720.9,97567,-7000,206,316,3977
2,11295.7,56015.8,-1192.09,29,209,2967
3,3345.44,723.335,140.13,6,31,53
0,20881.5,332512,-2730700,91,499,12195
0,15961.1,94609,-6559,64,342,3633
2,3845.11,2169.95,345652,20,54,165
0,9928.82,49921,-3879,30,216,2601
3,12284,79279.3,-4387.2,43,272,3539
5,20447.8,274429,1985.87,332,420,9137
1,6049.44,15096.6,-2235.2,16,125,1014
1,10952.2,41893.8,-3474.78,143,227,2059
4,12340.6,36718.5,-1249.67,138,225,1755
4,4097.73,1629.19,-593.87,8,61,134
1,4942.39,2845.75,63817.7,22,77,244
0,25092.1,638393,-18966,95,683,18857
2,11560.6,56370.1,-1239.79,180,209,2967
1,8074.57,12864.2,-1915.2,77,132,806
2,14518.4,166033,-3858.81,39,320,6391
3,8939.62,12312.3,5256.07,126,136,619
2,3879.41,2168.59,-871.076,51,54,165
0,6709.43,8021,-1961,18,112,484
0,9641.03,18590,-4292,16,189,978
5,6256.41,5516.2,-1908.38,18,99,321
0,13220.9,85382,-6764,185,275,3887
5,10429.6,28561.9,-2590.75,162,158,1403
5,9122.52,14117.2,381.524,67,132,806
4,4531,2211.43,-822.2,6,61,184
4,23086.6,281132,407674,312,468,9276
3,9576.34,37831,711391,52,180,2054
5,21062.5,202330,-139.612,168,390,7459
0,3597.05,793,-1597,3,46,64
2,8619.04,10418.2,438558,145,139,587
3,14094.5,165040,-146.477,49,320,6391
1,7631.31,13275.4,-3068.1,2,125,694
5,10026.8,17481.1,-2453.29,31,172,973
5,3876.74,1091.22,362402000,66,51,102
4,13170.7,96571.1,-1242.63,60,273,4429
1,10649.2,68491.6,-5290.75,198,247,3373
4,10267.4,26404.5,-1144.37,27,174,1415
0,12232,83120,-7431,41,332,3638
0,12601.5,70843,-4933,38,248,3296
2,22161.7,409583,-1119.52,58,473,14125
0,17907,164425,-12973,323,422,5539
5,4137.06,1443.72,-948.62,157,52,133
0,7234.93,11152,-3760,59,132,657
0,14325,185051,-6699,44,335,7581
3,10872.4,58676.4,-4286.81,309,217,2904
4,3765.01,401.685,1072.9,7,54,28
3,4805.43,2025.33,-837.81,3,75,165
1,5110.08,3131.66,-2697.3,4,65,202
2,12915.6,74356.6,-617.134,26,249,3630
2,4348.59,2117.59,-1454.1,13,71,188
1,5166.63,3684.55,-560.11,19,82,289
0,7214.29,8242,-2144,16,117,457
2,22375.1,515668,-3965.96,339,540,18067
5,4624.11,2169.96,-46.547,11,75,165
4,4765.54,532.597,10.526,22,65,35
5,10682.2,37570.2,-2443.15,179,219,1875
3,12323.8,71635.2,26057.4,190,262,3211
4,6770.51,7452.04,877.95,29,109,432
0,13087.2,66617,-5922,176,259,3057
4,3727.26,447.371,-1043.1,0,36,35
3,15335.3,88731.7,-3162.32,102,301,3369
4,4425.24,2160.85,503.88,20,75,165
0,9603.37,25126.5,-3988.14,131,186,1261
0,8914.8,26478,-3501,49,177,1471
1,4429.26,2558.7,-1238.7,9,72,205
1,23170.7,516883,459549,370,540,18067
0,17483.1,206184,-6482,97,390,7575
4,6101.84,5157.33,-1323.91,110,96,347
1,3788.2,1186.33,-1229.3,9,55,88
3,4553.4,2665.27,-1055.1,31,65,202
2,9133.45,12343.2,131082,67,128,693
1,12109,69292,-127.359,197,247,3373
3,9004.63,29197.2,3081.31,36,179,1626
4,8933.71,11405.5,1938.75,40,156,654
3,6000.84,4115.23,-83.298,12,100,294
4,7106.58,13959,-1330.45,31,120,809
0,16817.4,156763,-9068,183,357,6171
0,6981.92,6896,-2751,25,124,430
2,5095.1,4092.88,-1066.36,26,79,317
3,3816.91,1364.82,-528.648,4,40,100
5,5437.55,1052.98,-1347.1,3,57,76
5,8038.99,14898.7,609.35,34,127,802
4,10273.3,19376.9,-1450.05,29,157,1113
3,8734.96,12236.9,-630.093,30,136,619
4,13751.3,145439,-6116.3,305,308,6057
5,3597.76,375.024,1196.4,16,54,28
2,5275.03,3688.54,-588.159,110,85,269
2,4361.44,2615.83,-1213.5,18,65,202
0,6888.95,10446,-2584,46,112,689
2,14714.9,86242.4,1385900,84,291,3799
3,6841,6795.3,317.755,14,118,426
4,10166.9,39034.9,-540.632,208,193,2118
2,7419.79,9284.09,-1957.31,92,138,554
4,7955.56,8819.44,1605.2,37,144,553
5,3555.48,523.007,-253.1,14,43,52
1,11607.2,68854.1,7686.8,47,247,3373
0,10199.6,47695,-5340,28,210,2458
5,15760.8,88977.2,2676.5,81,289,3710
5,16739.9,179276,-940.838,69,367,7087
4,8237.85,15518.6,-620.93,26,127,802
5,3738.1,548.724,-427.68,5,43,52
1,6789.48,7681.64,-2559.4,12,117,427
2,6035.15,10845.4,199541,90,102,764
0,5390.37,5694.49,-1759.49,66,97,427
0,10835.4,41783,-7339,146,249,2067
1,6914.76,7843.88,-2537.3,11,117,427
0,14119.4,120748,-8282,26,304,4917
0,13214.8,38484,-5019,42,232,1474
0,15256.8,138485,-7998,64,317,5630
0,17237.8,195335,-10008,78,403,7345
5,8751.25,15066.6,314028,22,140,845
3,4323.52,2642.76,-850.69,13,65,202
4,4260.7,737.554,-418.81,17,58,43
3,15041.7,59723.3,2612.63,65,305,2610
2,13415.9,42299,-2485.45,115,234,1581
0,11135.8,25976,-4762,24,195,1467
3,3539.78,523.158,-695.4,5,43,52
0,15230.1,94747,-6792,80,322,3889
4,10015.3,10738.4,-964.848,241,154,557
3,3500.98,1909.66,-474.032,8,43,161
1,5403.69,4357.4,-1173.85,19,88,292
1,6988.29,7795.85,-2827.3,12,117,427
3,3690.37,2038.75,-482.612,9,43,161
2,5445.92,4376.88,-698.883,17,88,292
1,5876.21,6892.26,-3374,23,92,485
5,5581.32,1009.14,-1677.9,6,57,76
0,12495.6,138724,-4750,55,271,6161
4,12980.5,63271.3,10313,42,279,2979
0,10887.1,86516,-6323,38,232,3883
0,8785.26,33363,-4393,55,154,1572
0,16394.2,61243,-6390,61,315,2536
1,4309.22,2519.68,-1466.9,5,65,202
3,14633.1,58137.8,-3000.22,141,223,2059
2,18223.9,138947,188020,322,449,5537
2,3973.46,762.466,-1665.2,13,54,64
3,3425.72,1385.56,-616.75,1,40,100
4,13815.8,47320,-1389.32,148,273,2061
4,4485.22,2140.57,876.09,23,75,165
4,7665.98,18531.2,-1293.7,8,128,1065
4,9743.4,32887.1,-914.89,117,176,1922
3,8736.52,27646.8,-2751.05,24,156,1364
5,4903.95,2147.91,703.72,28,75,165
3,8148.18,10162.3,-1022.72,204,130,490
1,5204.15,3678.76,-198.15,21,82,289
5,15801,158064,2348.7,125,310,6737
0,7056.68,11808,-4137,27,115,803
5,7045.29,17192.4,-2061.6,19,125,1014
4,4901.01,1641.67,-1176.2,6,70,131
5,6893.12,5461.73,-1746.77,17,99,321
0,7020.67,17731,-3764,43,153,979
0,24286.7,364373,-13287,93,600,11747
5,3342.8,347.053,2120.2,11,54,28
5,5807.84,1074.04,-1493.1,8,57,76
0,7138.47,10286,-1392,22,109,654
4,9414.01,12100.9,132.63,26,152,693
3,11545.7,32268.3,410.419,38,203,1580
2,4388.25,522.815,506.29,24,65,35
0,7837.59,23576,-4362,31,138,1309
0,10599.9,38298,-4760,39,204,1874
3,5887.66,11022.7,226148,59,102,764
5,17331,84756.3,2569.3,75,340,3632
0,18802.9,215501,-10383,345,430,7959
2,14739.3,59547.6,-3788.04,77,305,2610
2,6978.69,5561.84,-903.37,15,99,321
4,10863.2,32305.8,-4331.03,130,203,1580
3,9768.02,30344.4,-1600.2,221,171,1747
4,8994.03,12336,30116.9,206,117,519
5,4231.85,6559.23,12.587,20,68,481
0,21491.5,115017,-10443,65,447,3813
2,12962.5,73896.8,-668.434,28,249,3630
1,3761.46,1201.96,-890.1,9,55,88
5,14699.2,81188,2415.21,147,320,3466
0,12045.1,98298,-7848,61,309,4910
2,11855,33411.1,-2957.25,131,234,1581
3,6283.1,12966.8,-1079.9,9,103,883
0,10834,32899,-3485,10,142,1308
2,4205.36,459.619,1020,11,54,28
5,15405.4,95640.4,-5986.55,49,283,4064
0,16031.2,200576,-9010,74,386,7345
2,4479.35,509.623,422.95,23,65,35
3,8698.49,14479.7,-628.252,97,140,845
5,3701.94,415.491,1099.5,15,54,28
0,20999.2,394272,-13253,104,469,12347
5,3799.01,571.893,-207.33,13,43,52
3,5247.27,2752.86,-857.11,11,72,205
4,9243.91,38701.5,-1357.96,73,196,1885
0,11366.8,55567,-6302,122,237,2679
3,5749.12,2519.3,720.45,13,81,169
0,12469.1,91964,-5394,33,275,4062
2,21946.5,515236,-7217.6,367,540,18067
4,7656.9,15816.3,-760.564,89,134,970
4,10073.4,31856.3,163465,125,176,1922
4,4851.46,2744.08,-1648,34,63,184
3,7566.13,13744.3,7.2694,20,127,802
2,4452.3,1011.98,-796.7,28,62,102
5,5672.7,3073.16,527.511,55,75,166
5,5825.5,1712.17,-1133.99,179,76,147
3,9985.93,20398.8,-915.261,25,157,1113
2,5036.56,4248.36,-1138.59,20,79,317
4,8955.07,20590.9,-1868.62,103,163,1162
0,6652.08,6442,-2737,54,104,429
0,19646.7,221048,-10685,67,437,7577
5,4871.5,5961.15,-29.977,23,68,481
3,4926.5,3179.71,-753.022,157,71,249
0,10247.7,16793,-3006,21,138,555
3,9866.44,16951.7,-2745.52,156,172,973
5,5934.2,4361.63,-941.35,23,72,340
0,12630,52820,-5926,88,237,2068
3,8771.86,30464.8,-2135.18,228,171,1747
1,11677.3,68767.7,-3001.81,49,247,3373
5,6797.58,5196.35,-258.37,20,100,346
2,13732.4,69085.2,41493000,60,247,3373
3,8278.32,14548.2,-1513.68,18,140,845
2,13820.4,96933.2,-3635.24,40,281,3974
2,7385.36,12947.6,-1703.23,18,132,806
0,17509,113266,-8194,81,388,4344
1,6902.78,7723.48,-3203.3,11,117,427
3,13425.7,87120,-2031.53,57,291,3799
0,16800.1,226662,-11505,259,377,8469
4,4592.01,2858.07,-454.22,21,65,202
4,7938.42,4845.02,-1484.23,95,131,271
5,4919.01,1661.69,-872.15,5,70,131
2,5677.09,7633.45,-1483.29,103,104,457
5,4891.24,2138.2,435.84,32,75,165
2,3838.08,1400.73,-762.169,163,52,133
3,4213.56,1947.5,-852.912,74,63,166
3,5074.53,2773.88,-1163.2,11,72,205
2,14420.8,135954,-1227.92,194,279,5626
0,15206.2,95961,-9006,183,368,4075
2,15057.5,252989,-8099.18,101,346,7851
3,12183.8,89290.7,-5282.11,224,254,3885
4,4992.87,2982.14,-390.94,38,65,202
5,7052.37,6453.29,-460.932,162,108,428
4,4406.76,2662.36,-699.59,24,65,202
5,6298.54,1149.94,-1514.2,7,57,76
4,9366.34,25547,-407.297,36,156,1364
4,19712.3,411457,-9711.76,60,473,14125
0,20562,401413,-14289,281,453,12978
5,3820.77,615.355,-410.6,15,43,52
4,23889,278894,11481.9,266,468,9276
4,3829.77,2124.48,-349.96,12,43,161
4,6039.92,1863.31,-1221.54,10,84,136
1,11040.2,69867.2,-5207.25,178,247,3373
2,11771.6,44695.9,-4649.75,140,223,2059
0,15103.8,57782,-5193,20,233,2062
3,3357.56,569.459,43.082,12,51,45
2,4648.77,2201.94,-1551,11,71,188
4,3843.77,555.981,-426.03,5,43,52
3,14809.3,90117.7,-1955.23,157,254,3973
4,4485.54,2698.95,-949.45,29,65,202
3,7729.97,8930.41,167.61,10,130,515
4,4659.88,6529.64,-450.75,18,68,481
5,15202.6,164138,104002,214,287,6171
4,4028.33,1671.97,-1061.9,8,61,134
3,16799.5,175455,-8594.47,233,403,6746
3,5329.22,5941.3,-923.95,6,89,425
5,8219.28,22403.1,-400.681,113,139,1108
2,6338.94,8135.47,-3208.2,4,106,549
5,4234.58,1097.34,-677.2,8,59,101
5,3784.27,2508.44,-607.73,24,63,184
2,5531.4,4348.81,5289.95,16,88,292
5,22141.5,282051,-3702.3,274,468,9276
0,6249.44,6366,-1366,56,104,429
3,3313.56,688.732,144.72,5,31,53
4,9465.34,29071.2,-651.91,31,156,1364
4,7785.33,13902.1,306.31,27,127,802
0,22650.6,414002,-15714,124,580,13153
0,7680,25458,-3902,43,142,1622
4,9712.39,20458.5,149166,105,163,1162
4,5944.87,7875.36,132.28,37,99,583
5,11067.6,23100.3,36.3497,51,176,1313
0,29028,681375,-17886,131,700,19440
5,10135.6,20656.5,-929.645,220,157,1113
0,10319.9,38337.9,-4740.54,205,219,1875
5,4084.72,513.554,481.2,23,65,35
2,3889.28,2099.8,-1247.7,4,63,184
3,3432.28,682.15,253.59,6,31,53
3,13061.1,60135.8,-2107.84,28,247,2754
2,5632.59,3712.38,79996.6,9,85,269
1,3766.36,1515.41,-1137.9,6,56,114
3,15608.6,88584.7,-799.472,95,301,3369
4,3875.67,691.597,-322.77,17,58,43
5,10136.8,37160.1,-187.175,33,196,1997
1,3845.99,2176.51,-890.977,183,54,165
3,8695.14,26406.6,-1604.73,27,156,1364
3,7189.14,13897,203749,31,120,809
4,9155.81,26925.4,-2848.71,180,158,1403
0,8309.51,22656,-4459,47,163,1207
4,7412.41,9956.03,-827.931,214,101,0
3,6176.6,10458.6,-2231.32,27,109,689
4,5038.23,2852.38,-857.36,11,72,205
3,4093.17,2462.12,-942.18,16,63,184
2,17195.1,162091,15671.2,217,352,6744
0,7026.44,5992,-2218,11,110,315
1,6086.83,15151.7,-2306.2,16,125,1014
3,5865.16,13161.7,-1590.2,15,103,883
5,12480.2,55679,-4280.63,135,218,2391
0,5098.88,5895,-3193,27,85,401
5,8883.37,24757.3,-1648.13,30,177,1313
4,4448.39,2880.2,-899.18,36,65,202
1,5484.07,1998.51,-1665.4,8,77,165
5,4548.82,4079.21,-643.81,6,72,340
2,10853.9,69622.4,-5411,53,247,3373
2,8551.22,20262.6,-1218.86,113,163,1162
2,6970.93,4129.54,-1310.66,87,101,249
5,4660.1,1549.5,-1128.3,6,70,131
0,7404.95,10491,-2692,19,125,485
2,3920.03,2164.91,-983.664,183,54,165
3,5630.07,2512.9,535.05,5,81,169
5,8742.6,11188.1,108183,220,139,587
4,9922.53,26618,-1721.41,32,174,1415
0,17446.8,117724,-8942,60,371,4347
5,5315.6,2738.07,-845.22,5,65,202
4,12258.2,93103,1175.39,185,273,4429
2,5745.73,4424.91,-1614.39,16,88,292
2,4106.45,514.923,785.73,22,65,35
1,5193.8,3680.7,-445.65,21,82,289
3,4368.21,1056.7,-823.29,4,55,88
5,8120.65,8830.27,2587.3,45,144,553
5,5881.05,1093.32,-1480.5,6,57,76
5,4597.44,1601.17,-1487.7,5,70,131
3,11732.1,57055.8,-1043.78,157,209,2967
0,12725.5,84829,-5735,344,302,3889
4,3733.74,596.595,-537.62,5,43,52
1,6376.21,7757.92,-2519.1,16,102,517
4,9641.72,34330.5,-838.283,119,176,1922
3,5427.57,3456.15,26.7686,118,51,132
0,15477.1,78491,-9026,46,361,3065
5,11300,23219,-951.491,49,176,1313
0,17503.1,193829,-8563,79,336,6868
5,5901.07,1066.19,-1586.6,6,57,76
3,3356.43,662.142,159.42,3,31,53
2,14147.5,164866,-3807.06,53,320,6391
4,4401.36,524.811,551.72,22,65,35
2,13887.7,136328,-609.698,211,279,5626
2,20455.5,409780,-10240.5,55,473,14125
0,14628.8,161688,-7827.22,66,362,6628
0,6483.61,5029,-1907,26,104,298
5,9261.52,19670.6,19984.8,138,151,1023
2,5200.28,4174.46,-1264.52,19,79,317
1,5574.66,4313.75,-1279.84,14,88,292
5,3609.52,578.362,-354.7,14,43,52
4,4328.14,1115.96,-1322.3,4,55,88
5,5452.75,1090.08,-1629.7,3,57,76
0,8590.52,6355.81,-2192.13,79,109,346
2,21595.6,411712,4668780,96,473,14125
4,4661.29,2230.95,-1442.3,13,71,188
5,17176,86083.5,3880.6,72,340,3632
5,8263.98,22128.7,-363.622,195,145,1156
1,4456.04,1919.84,194.25,16,75,165
5,6707.38,3743.88,917.5,34,101,206
4,17197.5,135838,4569.91,289,449,5537
0,12912.2,66890,-8255,58,320,2976
2,4084.91,6223.98,-537.73,16,68,481
4,7947.4,13826.5,-2286.87,37,170,771
2,11023.9,41133.8,-4479.57,140,227,2059
3,7726.96,14344.3,-246.75,23,127,802
3,5097.09,2998.25,-1860.7,3,65,202
1,4137.48,1527.69,-1076.1,4,55,133
0,30773.3,784738,-16603,159,710,23788
4,12740,62790.3,-4603,44,245,2754
5,13375,94773.9,-640.572,149,273,4429
4,4671.21,3049.52,-234.51,39,65,202
1,8068.33,12852.8,-1982.33,15,132,806
4,3473.46,670.731,195.76,3,31,53
0,8164.92,10384,-2820,52,132,658
2,3879.3,2176.36,1205.47,51,54,165
0,25488.7,674161,-23313,92,725,20240
5,9674.35,20600.4,440.353,204,157,1113
1,5121,3133.3,-2406.2,4,65,202
5,15321.5,87990.7,4957.6,72,289,3710
1,7785.09,13304.9,-2897.6,2,125,694
2,20910.5,156003,-9791.69,339,449,5537
4,5981.81,1759.59,229705,16,84,136
5,10129,14688.6,1433350,53,143,771
0,7418.88,6417.41,-2307.91,211,109,400
0,8797.36,13861.7,-2357.39,280,170,771
0,19870.4,190729,-14345,304,437,6411
3,7582.51,14157.8,-270.13,15,127,802
2,4639.53,2213.48,-826.18,11,71,188
4,6183.83,5105.5,-963.16,14,96,347
3,4142.51,2343.44,1789.6,29,63,184
4,4273.46,6463.42,241.19,16,68,481
4,13633.8,51912.6,79210800,217,288,2334
5,17795.5,159030,217670000,190,359,6068
2,3872.95,2206.69,-452.976,5,43,161
4,4913.83,6897.09,-428.87,15,68,481
3,12748.9,46877.9,6197560,119,215,2188
2,4355.45,529.828,-451.33,22,65,35
2,12225,38509.4,61132,52,235,1818
4,13082.1,63387.5,5089.1,44,279,2979
4,13226.3,63867.5,3676.6,41,279,2979
0,6455.64,5667,-3759,85,126,398
5,3615.27,386.858,1034.8,17,54,28
0,10492.9,36874,-5079,61,209,1874
2,7184.81,4115.86,-945.393,86,101,249
4,4186.24,2423.72,-1135.8,19,63,184
0,10560.7,41701,-3996,47,202,1994
0,9581.91,56722,-4688,31,215,2893
1,6314,5166.39,-2646.5,13,109,317
1,5800.22,4617.41,-1037.9,17,98,294
0,11132.2,53303,-7279,88,242,2462
3,5751.89,7801.49,-1649,14,99,583
0,10469.3,71968,-9358,26,241,3453
0,9772.83,42819,-3069,30,199,2057
5,5271.02,1710.13,-1508.8,11,77,165
4,10563.4,26639.2,18942.4,27,174,1415
1,8293.32,9471.49,-2835.73,16,135,587
0,8772.02,23674.2,-3090.4,133,154,1252
2,5557.72,4289.09,-1315.43,14,88,292
5,4347.71,6977.02,-171.38,22,68,481
3,6769.33,12373.4,-1775.04,213,105,765
5,3739.5,573.868,104.18,14,43,52
5,6986.03,2441.1,87.771,8,76,165
4,4542.42,2936.85,-551.19,28,65,202
5,22711.3,278552,-796.681,302,468,9276
0,12370.1,33326,-5327,37,227,1420
2,6392.6,8088.43,-3213.4,10,106,549
5,3795.81,586.495,-271.02,14,43,52
4,11671.2,37320.8,-1410.54,27,208,1691
4,4610.7,2532.45,-1409.7,23,63,184
1,6944.51,13554.9,-3956.7,19,118,762
4,4273.54,2640.19,-844.25,27,65,202
0,28401.9,684566,-14690,368,607,18478
3,7158.94,11097.4,-1308,42,114,689
5,6193.63,1907.38,-379.774,8,84,136
3,23183.9,284657,-12831.5,313,540,8870
5,3825.15,393.514,1451.3,11,54,28
1,3924.34,2103.6,-2016.1,4,63,184
4,4972.75,1155.33,-808.729,32,64,87
4,5708.7,4706.6,8220900,10,79,342
4,4934.3,3051.68,-605.26,36,65,202
0,31189.4,1063600,-9678,468,725,26724
5,4486.32,2780.5,-544.48,32,65,202
4,13192.6,62920.7,6265,44,279,2979
4,13643.4,72357.1,41814300,146,262,3211
0,9452.47,50759,-6298,48,213,2604
4,10865.1,26665.6,129987000,127,158,1403
2,6090.58,7351.58,-1328.42,80,93,545
4,11337.5,47700.9,-1268.94,61,190,2118
3,5799.08,4878.6,67264.3,182,86,367
4,11475.5,59667,-5041.08,192,223,2822
4,12160.7,57185.3,-1917.4,51,220,2461
4,4700.4,2237.5,-234.99,11,75,165
2,20343.8,410877,221.43,64,460,14125
3,4461.04,988.078,-1165.6,19,66,101
3,15010.9,83220,-2879.54,111,223,2059
4,3711.69,549.549,-570.61,7,43,52
0,15232.1,75385,-8580,168,351,3061
5,11192.7,51998.5,-840.645,132,209,2534
2,12128.4,73494.6,-2676.61,33,249,3630
3,12154.8,71392.2,-418.666,159,262,3211
0,21865.4,294118,-13525,69,507,9960
1,4935.43,2823.49,-1079.5,20,77,244
3,12634.5,78931.4,-1142.89,36,272,3539
5,4835.54,2218.02,1015.6,38,75,165
4,3800.81,479.869,-879.9,2,36,35
5,4302.68,6791.77,-75.82,17,68,481
3,12370.3,33740.1,1633.1,56,210,1213
2,8287.98,9648.65,-1891.33,178,135,587
4,3654.11,464.326,-782.7,3,36,35
2,7797.91,9402.02,-2395.58,200,130,490
4,10179.4,26707.9,2690.55,27,174,1415
5,8348.72,25515.5,-795.224,45,156,1364
3,5762.86,7847.71,-1424.2,13,99,583
2,11577,37767.7,38576.8,30,235,1818
0,10327.7,22985,-3972,57,163,1113
5,8385.31,8451.74,2321.1,44,144,553
5,7336.7,7955.4,-2061.42,58,109,486
3,8384.06,8704.22,1720.2,34,144,553
1,4057.27,2243.87,-1112.17,51,54,165
0,10312.7,41455,-5077,67,204,1991
1,6083.69,1670.75,-955.59,40,71,103
0,9040.58,27938,-3209,35,149,1254
5,6880.26,5603.88,-431.582,98,96,347
0,20073.7,368507,-11947,348,492,12985
2,10253.1,10464.3,-3031.17,101,154,587
2,6834.39,5439.32,-1002.67,51,79,292
3,17828.8,195418,-2183.86,156,390,7459
2,14871.2,59379.5,-2440.5,160,305,2610
1,5680.03,4599.64,-1374.1,15,98,294
0,11276.7,57250,-6695,148,229,2604
5,4131.69,6355.87,173.22,26,68,481
3,21623.9,204857,9410.98,236,403,6746
0,9797.19,15412,-2835,247,154,811
3,5610.37,4160.77,-1362.57,85,88,318
5,4625.49,2305.72,-991.96,5,61,184
3,10162.7,26433.1,3985.12,151,172,1412
5,9820.26,12516.1,43649700,40,136,619
5,4120.09,548.217,122.82,26,65,35
3,5022.17,2707.09,-553.47,9,72,205
4,4478,2219.97,192.9,13,75,165
3,6391.26,3636.06,876.76,16,101,206
0,8802.37,15243,-3376,68,152,812
4,14677.1,87377.7,3764.3,87,289,3710
0,7487.74,13312,-347,11,129,772
4,3819.48,542.743,-627.1,5,43,52
2,4344.84,2242.52,120885,51,54,165
4,13703.1,52110.4,545.884,186,288,2334
1,4411.77,1052.18,-547.31,28,62,102
2,6012.29,11174.5,392952,18,102,764
1,9900.54,17432.2,794896,95,183,931
3,8911.92,28625,-1334.05,150,179,1626
1,5389.66,5070.06,-1555.71,23,85,343
4,9332.32,11782.6,-659.575,132,156,654
3,6685.4,3826.82,-1654.19,7,101,249
0,26182.1,659751,-20749,108,715,20635
5,9737.55,21965.5,-1163.18,220,145,1156
0,29335.6,657611,-16818,122,688,17715
1,4426.51,1762.31,-754.25,8,66,164
3,15462.6,170902,-8338.14,224,403,6746
3,6022.92,3890.14,-646.16,16,100,294
0,4240.58,2524.36,-982.526,183,59,165
0,15072.6,90583,-5689,18,258,3295
3,3369.49,702.9,-353.54,7,31,53
2,11938,37985.5,19347,156,235,1818
3,4222.7,5805.61,-422.05,5,68,481
3,11535.2,54040.5,12441,47,220,2461
5,4825.19,5866.36,3363.82,85,92,459
2,5715.69,4149.42,-1385.47,10,88,318
2,11248.1,55871.9,-1583.12,175,209,2967
4,7521.89,10941.8,-572.003,84,114,689
2,7240.07,4040.21,-1118.02,86,101,249
5,5029.08,1105.84,-754.42,12,62,100
3,6297.01,3470.38,747.22,23,101,206
2,4027.37,1451.08,-755.849,159,52,133
4,15600.8,156969,2845.3,115,310,6737
4,8895.79,12073.7,876.37,10,117,519
4,3705.66,456.083,-856.95,1,36,35
4,14863.3,139408,1383760000,85,279,5626
0,10167.5,65616,-5438,14,217,2976
2,7706.44,9671.7,-2905.2,182,135,587
3,14310,78902.7,-171.445,156,320,3466
1,8708.01,18324.3,-4622.7,15,146,891
2,10005.9,34615.5,-1388.96,22,208,1691
0,12714,84900.1,-3850.7,71,289,3710
0,20782.5,378608,-10140,71,465,13465
5,14022.9,83509,-4536.32,37,252,3882
3,10747.7,57783.5,-795.518,170,217,2904
0,20736.1,213371,-14032,333,471,7968
5,10626.8,33599,-1497.25,142,199,1696
3,7673.75,10752.9,-2179.44,122,156,654
5,13417,44425.3,-5940.65,86,278,1938
5,6477.1,7274.51,-1332.98,48,90,405
5,4691.36,2511.71,-1026.7,4,61,184
2,9509.03,10205.9,-2238.5,108,154,587
3,6991.73,8668.17,-760.064,134,95,543
5,4738.93,2881.28,-663.274,105,67,224
1,4831.03,2828.84,-1048.66,120,77,244
4,8411.71,21093.2,1163.5,49,143,1203
3,5605.33,7581.55,-1629.5,11,99,583
2,4037.76,648.742,-601.11,17,58,43
5,4163.68,2289.28,-678.2,24,63,184
0,7291.1,6481,-2528,10,119,372
0,20947.7,291308,-12816,82,605,9833
0,10896.5,15385,-5280,66,207,812
5,14954.7,88254.7,5276.4,78,289,3710
4,8064.44,9015.01,-1015.58,90,138,554
0,11442.9,72659.9,-4710.46,25,223,3131
5,5659.98,4896.78,5047.19,17,88,292
3,3296.7,583.61,-452.78,15,51,45
2,12403.5,49209.1,62496.4,225,262,2394
4,6310.7,7822.57,509.515,105,104,457
4,13404.4,42968.3,-5891.99,212,278,1938
4,9169.84,27663.3,464.4,32,156,1364
2,6132.96,8127.33,-3333.7,10,106,549
2,5614.59,3514.05,22458.6,62,85,269
5,4107.92,702.539,-813.45,24,58,43
3,11578.8,31802.4,-1873.86,46,203,1580
0,9618.57,32579,-4902,46,170,1689
3,7732.04,9536.42,-1391.28,100,123,621
3,11139.4,52064,-3024.13,112,224,2192
3,5377.17,2533.41,569.16,5,81,169
4,8709.35,13503.1,1435.87,71,132,806
3,9989.78,39007.2,-2021.7,57,180,2054
0,8554.43,15243.4,-2987.29,166,152,812
2,4573.16,2227.73,-917.87,12,71,188
2,8766.37,12220,10590300,120,128,693
0,11389.6,26771,-3052,56,163,770
0,6094.49,8143,-2117,12,87,485
1,7860.02,12846.8,-2562.4,77,132,806
5,3576.18,594.14,-339.16,17,51,45
1,7069.68,28342.6,-2396.6,12,131,1686
4,14224.3,101294,-2996.6,55,283,3965
0,5343.76,4108,-2091,11,85,267
5,4347.06,822.238,-1232.6,13,54,64
0,26944.9,623527,-19657,167,779,18103
2,13714.3,43291.8,47384600,110,227,2059
4,4767.73,1573.99,-1192.5,5,70,131
1,23371.1,516465,423709,312,540,18067
3,15822.3,166009,-1234.09,40,320,6391
4,12487.2,79271.6,400643000,152,252,3882
4,7795.4,9537.15,932.167,38,138,554
5,14514.9,77777,2289.77,77,336,3302
4,5771.81,3686.33,-757.129,7,51,132
3,4322.61,384.254,666.99,11,54,28
4,10596.9,33859.4,11033.8,104,176,1922
1,4347.73,2119.58,-1524.7,10,71,188
0,19139.2,130542,-8637,223,326,4163
4,6538.9,7269.42,-1210.31,9,93,545
0,13526.9,104073,-4535,49,274,4249
4,9446.17,32883.7,419.47,112,176,1922
5,4853.61,1692.94,-528.31,7,61,116
0,14408.7,154148,-9426,243,353,6402
4,3503.19,1399.41,-370.927,11,40,100
4,4132.18,1172.87,-345.97,8,55,88
0,6708.79,8175,-2738,12,120,520
0,13588.9,78886,-8101,194,349,3625
1,5036.97,3126.63,-2562.8,4,65,202
2,4755.1,4228.86,-1662.07,18,79,317
0,15358.8,136881,-6509,52,329,4725
0,9861.15,55495,-5279,170,212,2674
0,16273.9,158074,-7742,40,365,6176
2,7419.98,4017.06,-2314.62,93,101,249
2,4663.85,1917.23,-465.47,15,75,165
3,3891.02,503.046,-475.53,1,36,35
3,7969.25,12336,-2980.78,22,136,619
3,4727.81,552.752,180.54,16,65,35
0,13477.5,59666,-5929,48,243,2538
4,16075.2,192851,-8006.99,149,390,7459
0,15562.8,90020,-7767.1,225,327,3888
4,11832.2,62477.3,-4958.63,198,223,2822
0,9735.62,41540,-4397,40,199,1870
4,8623.62,30495.2,-1048.5,104,132,1513
2,14069.9,135035,-5404.27,52,279,5626
1,7028.27,4509.58,-1783.9,10,110,294
4,9301.86,12145.9,706.91,23,152,693
3,7021.08,8961.04,-1106.58,131,95,543
1,4260.58,1316.75,-1061,1,57,129
5,9399.11,36062.8,8447.71,32,196,1997
5,3585.36,479.273,-1021.7,3,36,35
0,9517.86,30940,-3518,138,195,1633
1,6759.26,17179.7,-2151,7,128,1065
2,12622.6,50195.9,-4614.65,33,262,2394
5,6539.9,5652.81,-969.768,6,95,372
0,6019.84,4356.55,-1642.67,23,88,270
3,22897.2,257305,2737.98,283,537,8350
3,6103.07,13272.9,-1060.8,22,103,883
5,4569.66,1440.82,-1023.9,17,57,129
2,10440,37842.3,4175.91,34,205,1751
4,4199.6,2842.69,-690.27,35,65,202
5,6478.01,4162.98,-996.631,141,101,270
2,8050.82,33093.9,-2650.02,19,148,1919
3,16397.4,168294,-1444.38,53,320,6391
0,13434.5,171069,-5772,43,357,7577
0,5197.06,3842,-1612,22,86,268
4,3536.37,743.998,-258.22,6,31,53
2,4453.21,966.673,-733.2,4,55,88
2,4500.89,2239,-1232.6,9,71,188
3,9877.51,38441.8,-1866.52,15,193,2118
4,7533.7,4748.25,-1316.45,112,131,271
2,20796.8,346759,-3086.59,295,440,10967
3,4817.76,1929.01,-782.04,5,66,164
3,16295.1,165976,-1633.75,47,320,6391
0,7489.6,12231,-2556,18,126,689
0,13221.9,105660,-5544,25,263,4808
0,6248.29,10725,-1529,22,110,617
3,10021.9,30119.8,-801.791,224,171,1747
4,9607.06,13236,-1338.1,29,136,619
0,5393.05,3829.04,-992.21,12,92,248
3,5151.21,3275.74,-2396.2,21,70,205
2,10253.1,35610.3,-4267.96,118,208,1691
4,12972.9,92504.3,12357.5,203,273,4429
4,6165.31,13134.6,-543.81,22,103,883
0,15920.5,93662,-8739,40,336,3550
3,14026,59278.1,-1945.12,143,305,2610
0,14111.6,82659,-7633,47,352,3803
4,15460.3,156349,1501.5,104,310,6737
4,7683.9,26211.7,-1178.34,135,156,1521
5,9907.7,39685.5,479699,203,159,2181
2,12513,49856.4,-4120.23,227,262,2394
0,11646.5,31612,-5147,49,220,1527
5,4705.15,2930.84,-88.567,33,65,202
2,12442.4,49758,-4386.71,33,262,2394
0,9785.83,38084,-5647,22,212,2122
0,24689.5,279650,-12608,64,463,7842
3,9013.46,16421.5,-566.71,26,142,844
3,3285.32,567.07,162.31,13,51,45
4,12925.8,42063.3,-5624.89,233,278,1938
2,5064.78,2830.44,-1193.6,19,77,244
5,4131.75,511.644,276.37,26,65,35
5,11747.9,33060.6,2161.3,59,210,1213
1,4312.05,957.363,-447.03,4,55,88
4,4101.26,2186.17,-1868.1,3,63,184
3,14598.9,87695,-6127.66,97,301,3369
5,3867.99,497.226,429.63,18,65,35
1,8590.6,13821.9,3393.84,122,170,771
3,5889.74,2592.43,-12.217,15,81,169
0,6268.3,6034,-1882,65,90,420
2,4147.57,2177.29,1444.57,183,54,165
3,11913,38824.3,-270.096,142,235,1818
5,9534.97,18693.8,-69.2105,204,133,890
3,8963.93,35051,-700.291,95,148,1919
2,5204.65,2877.48,158667,26,77,244
5,4823.56,529.619,202.09,22,65,35
0,8608.06,9743,-3558,96,152,523
1,5882.9,1810.73,-1323.73,45,71,103
4,12812.2,63063.9,3116.8,43,279,2979
4,10280.4,43675.8,-1218.93,126,197,2257
2,6213.99,7290.48,-1297.98,80,93,545
0,14785.6,174109,-6684,116,349,7338
4,5245.03,4334.44,-769.47,13,85,346
5,4478.54,2730.92,-9.9701,30,65,202
4,15461.4,158076,826.58,125,310,6737
3,4561.81,2259.35,-1139.4,12,71,188
5,4701.28,541.837,588.66,26,65,35
1,4051.91,2199.28,-270.856,51,54,165
0,14245.4,138775,-4967,72,298,5838
0,21029.2,239655,-10845,218,414,8085
0,21305.9,192496,-10669,93,471,6527
5,4877.07,3112.28,-2037.4,16,70,205
0,31805.6,298088,-5023,117,322,4160
0,18637,298645,-14203,88,499,10980
0,12138.7,64057,-2971,40,229,2750
3,20609.4,254676,-12161.2,307,540,8870
4,8809,20354.8,-1896.91,175,163,1162
3,4122.23,667.659,-451.86,6,58,43
1,5464.19,1992.17,-1259.7,8,77,165
4,10878.2,39382.8,-1029.54,159,205,1751
0,6448.42,6740,-2464,51,120,426
0,24751.7,365104,-8691,105,520,11735
5,9652.64,40231.5,2625.39,224,159,2181
0,14674.9,150748,-8748,73,398,6070
4,14245,98936.3,418653,198,281,4061
3,4091.99,638.306,-522.5,12,58,43
3,4650.66,2243.19,-1798.1,11,71,188
2,21988,414544,-8978.72,64,473,14125
0,7326.44,5925,-3035,4,88,294
4,8633.34,4766.93,-924.103,23,131,271
5,4656.99,6290.5,333.51,18,67,481
5,3536.83,660.503,285.99,4,31,53
3,7656.83,9534.94,-1643.63,106,123,621
4,8408.8,20210.9,587.96,32,143,1203
2,4446.93,541.674,81.929,14,65,35
4,4889.9,1579.77,-1436.7,5,70,131
3,3858.37,1433.37,-454.103,2,40,100
3,4599.29,2089.55,716.71,28,75,165
1,5757.19,12727.4,-1891.3,20,103,883
5,6715.9,6713.55,20522.6,101,95,427
0,15333.5,104447,-10892,75,404,4442
5,4991.92,1121.64,-327.88,13,62,100
0,11061.6,35080,-4237,23,215,1750
3,8295.27,21199.4,488.75,38,143,1203
3,8055.58,8743.53,2187.2,35,144,553
4,7173.37,11013.5,-815.47,89,114,689
0,3661.27,2339,-1937,18,67,168
3,4167.57,777.901,-1867.5,13,54,64
3,6352.65,4962.12,-1908.1,17,87,322
0,11567,65527,-5329,136,225,2900
4,3487.16,555.883,-192.96,14,43,52
2,20787.3,411163,-2238.57,63,460,14125
4,4557.88,3986.35,-929.715,110,72,340
0,9257.93,14916.1,-4604.05,156,184,844
0,12989.2,59808,-6158,191,262,2973
5,3953.91,656.447,-231.97,24,58,43
3,4207.41,1665.56,-699.28,4,61,134
5,6486.89,4234.12,-867.725,140,101,270
3,3736.24,494.04,-766.71,1,36,35
2,6383.29,4919.88,-1588.7,15,87,322
0,22721.3,501633,-14574,111,603,16774
0,9432.26,25734,-4786,24,165,1411
3,3759.43,420.095,629.47,11,54,28
3,9033.96,15942.3,-1828.62,48,160,976
3,15968.4,167230,-937.984,40,320,6391
2,15484.8,99907.5,-1322.93,134,281,3974
0,16269.7,90378,-8843,49,340,3803
4,4347.56,1663.69,-820.75,10,61,134
0,14423.9,160026,-6986,34,315,6401
2,4028.42,1460.87,-544.361,160,52,133
0,7002.28,11216,-2109,26,136,728
0,14333.8,81063,-6370,226,257,3371
5,12979.5,84866,1351590000,0,252,3882
4,3563.81,473.132,-888.85,3,36,35
1,6407.92,5343.76,-1486.6,51,79,292
0,10533.6,39399,-5331,125,234,1998
2,11012,57806.8,-1453.2,315,217,2904
3,8005.57,20840.5,985.85,42,143,1203
3,8473.88,14385.1,-674.177,93,140,845
5,3883.1,530,-863.01,9,43,52
0,12836.4,107307,-8927,126,252,4807
0,15401.1,29033,-1936,59,152,978
3,9233.53,29079,-826.959,106,179,1626
4,3820.67,387.668,993.91,11,54,28
3,4258.97,1041.01,-1674.7,22,66,101
3,9919.39,24688.8,-374.11,31,177,1313
3,9945.92,35192.4,-4727.97,185,208,1691
2,5481.34,10894.2,-1163.19,254,102,764
5,17100.8,222015,-948.954,269,336,8195
5,14746.7,48351.2,6494280,130,298,2196
2,6286.18,5335.24,9978.47,7,99,321
4,9491.07,13639.6,225369,112,148,729
5,6456.67,9625.77,624.048,217,101,584
0,6863.11,12506,-4202,22,144,811
3,4655.56,493.158,73.123,22,65,35
4,11237.4,31868,-1556.82,126,203,1580
3,4482.85,1704,-728.58,7,61,134
5,7961.65,20239.2,1102,42,143,1203
2,15224.4,87040.2,-286.525,92,301,3369
0,10186.6,23976,-3942,9,140,1161
0,7274.36,10166,-3758,33,131,588
2,20251.2,171099,-4181.16,340,449,5537
3,4050.01,1932.78,-652.925,197,63,166
3,5428.08,2911.07,-1369.8,11,67,186
4,15323.4,80714.7,-118.898,73,320,3466
5,8365.97,24631.5,-1670.19,59,154,1252
5,8014.3,13393,-157.775,20,132,806
3,10292.7,43011.9,-825.763,114,197,2257
5,13711.7,77560,-5732.45,243,336,3302
4,3555.69,555.647,-788.8,6,43,52
1,6038.97,5204.3,-1352.6,8,105,371
5,5375.19,3158.97,-693.604,88,67,224
0,7313.35,11330.1,-2977.3,18,121,622
3,11980.2,78922.1,-545.287,36,252,3882
4,13747.8,92395.8,-5055.39,208,254,3885
0,24214.4,489428,-12775,350,587,14495
5,4029.23,394.675,1203.2,11,54,28
3,8768.74,16483.3,18396.7,16,142,844
4,4389.68,1034.8,-1013.1,4,55,88
0,11944.1,82419,-6162,41,298,3716
5,3891.89,492.809,1310,11,54,28
5,6159.58,1131.24,-1776.7,8,57,76
2,6666.03,1724.25,-837.98,31,71,103
4,8310.46,8814.37,2671.8,37,144,553
1,3799.84,640.668,-769.26,24,50,42
3,5487.97,2498.05,732.9,4,81,169
2,4700.82,2286.57,-1207.9,13,71,188
1,8527.17,9390.89,80794.8,12,135,587
4,4283.58,782.373,-1835.9,13,54,64
0,6766.37,7326,-2343,57,108,517
3,6946.07,11479.8,119429,156,111,651
0,10007.1,34715,-4931,46,188,1522
4,12142.6,35285.8,1161.2,58,210,1213
3,11552.6,43605.4,99378.2,92,166,1414
5,4476.07,6287.42,6.0883,19,67,481
0,8377.87,18759,-3778,61,146,979
2,8223.73,13052.3,-1901.22,16,132,806
1,6885.17,7731.26,-2899.3,11,117,427
4,13120,60608.3,-2934.58,39,247,2754
0,24567.6,433271,-14367,165,610,13977
4,9866.45,25190.3,10397.1,122,166,1111
3,5386.68,4296.01,-1439.77,24,79,317
4,6643.81,6798.78,-1383.13,106,95,427
1,6090.3,5254.76,-932.03,7,105,371
2,6955.01,9017.57,-943.827,6,95,543
0,9654.12,37288,-4180,14,178,1694
2,8839.27,19942.3,-1538,164,163,1162
5,14218.5,47385.3,11181700,128,298,2196
5,8716.51,17212.4,-761.715,26,142,844
4,10224.7,34274.1,14152500,118,176,1922
4,9916.12,27700.3,-1401.65,158,158,1403
4,11181.4,38920,-1449.07,91,166,1414
2,3853.35,804.292,-1906.1,13,54,64
3,6680.95,16438.8,-2033.8,17,125,1014
5,3554.34,597.066,-574.21,15,43,52
3,3422.58,668.784,-265.46,6,31,53
3,14422.5,89353.8,608.809,53,291,3799
2,18541.6,147401,-6082.55,327,449,5537
3,9731.06,16948.4,-2784.78,157,172,973
4,4070.8,1619.1,-913.48,10,61,134
4,6079.12,7355.35,-889.053,11,93,545
3,11111.8,45152.5,-4348.18,158,223,2059
3,7565.84,13854.7,-161.81,21,127,802
1,5954.33,5143.11,-268.02,7,105,371
3,5167.56,2193.77,-661.46,8,75,165
3,4414.2,1065.04,-727.98,14,55,88
0,12966.9,73230,-6851,179,283,3459
4,14328.2,80743.3,592.479,175,320,3466
5,9490.41,19596.9,268651,34,157,1113
4,24088.1,262192,-786.156,285,540,8870
0,21731.2,449537,-11569,64,449,12507
0,9011.15,20828,-3285,48,179,1162
5,8134.61,9339.57,-1062.44,168,107,517
5,9673.83,55039.6,61757.3,50,247,2754
4,3673.19,460.806,-920.39,2,36,35
4,5488.93,2671.12,660.7,13,81,169
0,15970,103653,-3689,128,277,3463
3,14663.7,91533.4,-1810.25,213,254,3973
4,3736.51,507.946,-416.88,7,43,52
1,8376.1,15636.5,-2958.1,31,141,932
5,9800.75,26527,117506000,97,172,1412
2,7121.3,4042.03,-1138.81,10,101,249
4,3644.76,448.722,-1023.8,1,36,35
1,7854.13,9395.96,-1990.77,183,135,587
4,3449.13,677.479,236.93,6,31,53
2,5563.41,7577.92,-947.37,103,104,457
5,6497.73,9108.9,-953.258,199,98,520
2,5850.5,4147.41,-1364.96,8,88,318
1,3852.46,1226.25,-648.92,9,55,88
2,3751.96,373.968,895.26,11,54,28
2,3654.76,408.853,760.47,11,54,28
2,3963.45,2050.43,-1714.3,4,63,184
0,7057.27,4460.09,-2378.2,10,110,294
4,6212.37,1898.27,-1456.18,7,84,136
0,11654.6,131493,-5116,71,297,5734
1,4442.25,1791.75,-348.89,7,66,164
4,24017,267863,56126,288,540,8870
3,9543.6,24499.6,-227.719,31,177,1313
4,4320.48,6028.67,84.199,18,68,481
4,13032.4,52033.6,-2710.56,239,288,2334
2,4351.23,2666.5,-936.47,18,65,202
2,6045.26,8033.05,-3065.8,10,106,549
0,14905.6,122455,-5752,55,330,4534
3,10301.8,22519.6,-911.626,115,150,1019
4,9722.95,29529.3,-1850.65,83,166,1414
0,6479.81,8759,-2797,23,114,584
1,23205.4,516725,519117,146,540,18067
5,4960.71,6762.66,-3.8797,16,67,481
2,10399.1,34850.3,53275.5,28,208,1691
0,10384,62945,-6996,132,225,2892
1,7970.76,12972.2,-2306.51,14,132,806
5,3883.55,496.342,-913.6,3,36,35
0,9021.98,10808.9,-3329.28,150,160,555
1,3810.43,1194.91,-1024.8,9,55,88
5,3799.41,432.621,-580.91,1,36,35
5,7033.93,5133.83,-1295.44,77,93,248
2,5353.77,3371.59,-2209.7,21,70,205
0,12710,88837,-6240,52,302,3891
1,3816.82,1227.24,-723.47,9,55,88
